incident_id,source_file,date,lat,lon,temp_max,temp_min,rh_max,rh_min,precip_sum,rain_sum,precip_hours,wind_max,gust_max,wind_dir,radiation,sunshine,et0
2022_01_0006195,2022.csv,2022-01-21,40.9794444444444,-8.11666666666667,7.9,1.3,84,55,0.0,0.0,0.0,17.3,54.7,105,10.48,31132.24,1.4
2022_01_0006195,2022.csv,2022-01-22,40.9794444444444,-8.11666666666667,8.4,-1.3,77,53,0.0,0.0,0.0,13.7,54.7,101,10.83,31263.72,1.36
2022_01_0008319,2022.csv,2022-01-28,40.8145780001746,-8.27305800014072,12.7,4.5,57,34,0.0,0.0,0.0,20.7,60.5,91,11.82,32188.27,2.36
2022_01_0008319,2022.csv,2022-01-29,40.8145780001746,-8.27305800014072,14.5,5.6,53,37,0.0,0.0,0.0,17.3,49.3,90,11.95,32372.44,2.62
2022_01_0011155,2022.csv,2022-02-06,40.9883333333333,-8.10777777777778,11.1,0.2,83,46,0.0,0.0,0.0,11.6,38.2,104,12.83,33625.16,1.71
2022_01_0011659,2022.csv,2022-02-08,41.0141666666667,-8.00722222222222,12.8,0.6,92,47,0.0,0.0,0.0,13.4,53.3,97,13.06,33932.05,1.86
2022_01_0017883,2022.csv,2022-02-28,40.8721240001255,-8.29395499971178,13.7,2.3,100,57,0.0,0.0,0.0,11.5,33.5,158,15.12,34630.68,2.08
2022_01_0028549,2022.csv,2022-04-04,40.9768050003052,-8.15765000025431,11.9,0.1,63,31,0.0,0.0,0.0,18.0,46.8,82,24.25,42125.71,3.39
2022_01_0060403,2022.csv,2022-07-07,40.6440270000034,-8.33496900002162,33.2,20.9,75,27,0.0,0.0,0.0,35.1,63.4,63,29.74,49600.64,8.16
2022_01_0060403,2022.csv,2022-07-08,40.6440270000034,-8.33496900002162,34.0,21.6,72,23,0.0,0.0,0.0,32.5,58.3,63,30.25,49574.92,8.43
2022_01_0060403,2022.csv,2022-07-09,40.6440270000034,-8.33496900002162,35.1,20.7,63,25,0.0,0.0,0.0,21.8,41.0,30,29.91,49546.7,7.7
2022_01_0060450,2022.csv,2022-07-07,40.7439329995049,-8.47766400019328,33.3,21.8,74,28,0.0,0.0,0.0,33.6,60.8,67,29.75,49616.48,8.3
2022_01_0061252,2022.csv,2022-07-09,41.0458333333333,-8.45944444444445,35.0,21.2,71,31,0.0,0.0,0.0,13.9,30.2,353,30.02,49625.94,7.45
2022_01_0062374,2022.csv,2022-07-12,40.7917359998491,-8.45065999997987,39.7,27.0,49,19,0.0,0.0,0.0,23.6,45.0,81,26.92,42891.78,9.29
2022_01_0062745,2022.csv,2022-07-13,40.7664019997915,-8.50894499990675,39.2,23.3,52,24,0.0,0.0,0.0,26.0,46.8,20,23.99,45333.31,8.06
2022_01_0062745,2022.csv,2022-07-14,40.7664019997915,-8.50894499990675,35.2,22.1,68,27,0.0,0.0,0.0,17.4,38.9,351,21.72,32809.07,6.32
2022_01_0062745,2022.csv,2022-07-15,40.7664019997915,-8.50894499990675,28.7,17.8,90,52,0.0,0.0,0.0,15.5,33.5,299,26.77,48976.11,5.3
2022_01_0067400,2022.csv,2022-07-25,40.8617929999034,-8.42658699989319,29.0,13.8,96,40,0.0,0.0,0.0,16.8,43.9,358,28.22,48004.96,5.72
2022_01_0078608,2022.csv,2022-08-28,40.5770030000475,-8.57600900014242,26.5,14.8,100,49,0.0,0.0,0.0,15.2,34.9,295,22.2,43601.3,4.35
2022_02_0016962,2022.csv,2022-07-07,38.0152777777778,-7.54444444444444,38.3,19.6,85,15,0.0,0.0,0.0,13.6,24.8,299,29.69,47927.54,6.98
2022_02_0017430,2022.csv,2022-07-12,37.9897222222222,-7.34111111111111,40.3,23.6,35,8,0.0,0.0,0.0,19.0,40.7,142,21.61,38512.35,7.92
2022_02_0017430,2022.csv,2022-07-13,37.9897222222222,-7.34111111111111,42.6,23.6,44,8,0.0,0.0,0.0,16.8,40.0,161,28.35,47386.34,8.88
2022_02_0019270,2022.csv,2022-07-31,37.9927777777778,-7.53638888888889,40.4,23.3,56,16,0.0,0.0,0.0,14.9,27.7,259,27.67,46800.0,6.98
2022_02_0019270,2022.csv,2022-08-01,37.9927777777778,-7.53638888888889,40.2,23.8,51,16,0.0,0.0,0.0,19.9,41.0,276,27.71,46784.84,7.74
2022_03_0005006,2022.csv,2022-01-18,41.6676980000072,-8.23325700018141,13.0,3.2,85,58,0.0,0.0,0.0,9.1,22.7,89,9.66,30804.78,1.34
2022_03_0005006,2022.csv,2022-01-19,41.6676980000072,-8.23325700018141,14.0,3.4,84,49,0.0,0.0,0.0,8.3,17.6,80,10.05,30843.52,1.36
2022_03_0005285,2022.csv,2022-01-19,41.4655555555556,-8.07611111111111,11.2,-1.7,78,41,0.0,0.0,0.0,8.6,20.5,87,10.34,30959.82,1.37
2022_03_0005488,2022.csv,2022-01-20,41.5491666666667,-8.12611111111111,10.1,2.2,69,49,0.0,0.0,0.0,15.1,37.1,65,10.22,30939.17,1.63
2022_03_0006060,2022.csv,2022-01-22,41.4994830004374,-8.51146700011359,11.7,3.5,67,48,0.0,0.0,0.0,21.6,41.0,95,10.29,31000.15,2.04
2022_03_0006242,2022.csv,2022-01-22,41.5074770000246,-8.13585999992159,7.7,-0.8,75,50,0.0,0.0,0.0,22.8,54.0,67,10.58,31106.78,1.57
2022_03_0006312,2022.csv,2022-01-22,41.6462909995185,-8.14633399963379,9.9,2.0,63,47,0.0,0.0,0.0,22.7,53.3,88,10.46,31044.55,1.93
2022_03_0006312,2022.csv,2022-01-23,41.6462909995185,-8.14633399963379,11.6,2.6,80,47,0.0,0.0,0.0,12.0,31.3,94,10.62,31103.0,1.66
2022_03_0006366,2022.csv,2022-01-23,41.5802530002594,-8.01563300026788,8.2,-2.4,78,48,0.0,0.0,0.0,12.4,32.0,47,10.84,31209.33,1.32
2022_03_0006479,2022.csv,2022-01-23,41.5803249994914,-8.01470499992371,8.3,-2.4,78,48,0.0,0.0,0.0,12.4,32.0,47,10.84,31209.33,1.32
2022_03_0007219,2022.csv,2022-01-25,41.6734619998932,-8.09320199966431,9.0,1.1,81,54,0.0,0.0,0.0,12.3,33.8,77,10.8,31351.62,1.37
2022_03_0007548,2022.csv,2022-01-26,41.5813888888889,-8.07,11.0,5.3,74,50,0.0,0.0,0.0,19.1,44.3,83,10.9,31479.31,1.78
2022_03_0007548,2022.csv,2022-01-27,41.5813888888889,-8.07,14.3,5.8,68,44,0.0,0.0,0.0,17.7,43.6,76,10.86,31624.34,2.18
2022_03_0008042,2022.csv,2022-01-28,41.5130555555556,-8.10388888888889,12.1,0.7,68,35,0.0,0.0,0.0,15.6,45.4,62,11.78,31907.2,2.08
2022_03_0008095,2022.csv,2022-01-28,41.6757830005222,-8.08316800011529,11.9,4.5,51,31,0.0,0.0,0.0,18.4,56.2,75,11.72,31921.82,2.75
2022_03_0008114,2022.csv,2022-01-28,41.5761111111111,-7.96277777777778,11.1,-1.5,77,32,0.0,0.0,0.0,15.1,43.6,54,11.82,31904.08,1.9
2022_03_0008168,2022.csv,2022-01-28,41.6768199994829,-8.30226500007841,14.1,6.1,54,32,0.0,0.0,0.0,18.2,45.4,78,11.62,31907.03,2.87
2022_03_0008168,2022.csv,2022-01-29,41.6768199994829,-8.30226500007841,15.6,6.6,48,30,0.0,0.0,0.0,16.8,40.7,82,11.73,32085.89,2.93
2022_03_0008180,2022.csv,2022-01-28,41.6278219996558,-8.25243299987581,13.2,5.2,54,32,0.0,0.0,0.0,18.2,45.4,78,11.62,31907.03,2.78
2022_03_0008180,2022.csv,2022-01-29,41.6278219996558,-8.25243299987581,14.7,5.7,48,29,0.0,0.0,0.0,16.8,40.7,82,11.73,32085.89,2.84
2022_03_0008182,2022.csv,2022-01-28,41.7733333333333,-8.24916666666667,10.9,-1.0,67,23,0.0,0.0,0.0,12.7,53.3,67,11.78,31881.39,1.96
2022_03_0008253,2022.csv,2022-01-29,41.5808299997118,-8.35111000001431,16.0,5.5,56,32,0.0,0.0,0.0,17.3,41.4,90,11.66,32091.08,2.75
2022_03_0008389,2022.csv,2022-01-29,41.5191969998678,-8.26109699991014,14.8,4.8,53,35,0.0,0.0,0.0,19.8,40.7,78,11.75,32125.31,2.79
2022_03_0008391,2022.csv,2022-01-29,41.7387869999144,-8.32344199975332,16.6,0.6,70,41,0.0,0.0,0.0,10.8,29.9,54,11.69,32051.73,1.93
2022_03_0008417,2022.csv,2022-01-29,41.6909380001492,-8.04327299965752,16.8,4.5,58,28,0.0,0.0,0.0,14.2,40.3,74,11.75,32066.03,2.44
2022_03_0008441,2022.csv,2022-01-29,41.7343300000164,-8.30211000005404,16.9,0.9,70,42,0.0,0.0,0.0,10.8,29.9,54,11.69,32051.73,1.95
2022_03_0008444,2022.csv,2022-01-29,41.43,-8.14083333333333,14.0,-1.3,74,38,0.0,0.0,0.0,13.7,35.3,74,11.84,32159.22,1.89
2022_03_0008446,2022.csv,2022-01-29,41.5436111111111,-8.03805555555556,13.0,-1.7,70,35,0.0,0.0,0.0,13.9,37.4,63,11.92,32153.29,1.89
2022_03_0008615,2022.csv,2022-01-30,41.631454000473,-8.09951800028483,15.6,4.6,66,33,0.0,0.0,0.0,11.9,30.6,87,11.53,32190.72,2.23
2022_03_0008771,2022.csv,2022-01-30,41.5691666666667,-7.83722222222222,13.6,-1.5,67,21,0.0,0.0,0.0,12.2,29.2,50,11.78,32254.6,1.95
2022_03_0008793,2022.csv,2022-01-30,41.5283333333333,-8.03111111111111,13.3,-1.4,70,33,0.0,0.0,0.0,11.8,30.2,59,11.73,32259.31,1.85
2022_03_0008817,2022.csv,2022-01-30,41.5372222222222,-8.09805555555556,12.3,-2.5,69,33,0.0,0.0,0.0,11.8,30.2,59,11.73,32259.31,1.79
2022_03_0008936,2022.csv,2022-01-31,41.5450820000966,-8.31461499955919,15.9,0.3,81,40,0.0,0.0,0.0,11.6,27.4,83,11.76,32497.25,1.73
2022_03_0009236,2022.csv,2022-01-31,41.6477820004357,-8.10941299968296,15.7,2.1,77,35,0.0,0.0,0.0,12.8,33.1,63,11.81,32382.94,1.89
2022_03_0009236,2022.csv,2022-02-01,41.6477820004357,-8.10941299968296,14.7,5.5,69,44,0.0,0.0,0.0,20.2,51.1,81,11.44,32489.58,2.27
2022_03_0009417,2022.csv,2022-02-01,41.7238169998593,-8.24011800024245,12.6,2.7,73,50,0.0,0.0,0.0,14.4,62.3,73,11.57,32578.91,1.82
2022_03_0009514,2022.csv,2022-02-01,41.6825,-8.24222222222222,12.4,3.8,67,50,0.0,0.0,0.0,21.4,66.2,76,11.53,32505.48,2.05
2022_03_0009514,2022.csv,2022-02-02,41.6825,-8.24222222222222,14.3,5.5,83,53,0.0,0.0,0.0,25.8,77.8,85,11.86,32805.97,2.1
2022_03_0011768,2022.csv,2022-02-09,41.5166666666667,-8.22361111111111,16.5,4.9,87,52,0.0,0.0,0.0,12.8,24.1,70,12.69,33949.47,2.01
2022_03_0012199,2022.csv,2022-02-10,41.6738888888889,-7.98916666666667,13.5,5.3,92,62,0.5,0.5,2.0,14.2,33.5,275,12.03,32004.33,1.65
2022_03_0012339,2022.csv,2022-02-10,41.7530555555556,-8.30916666666667,14.9,5.3,92,51,0.3,0.3,1.0,11.8,34.2,178,11.91,34048.83,1.77
2022_03_0016535,2022.csv,2022-02-24,41.7349549999502,-8.22598999977112,13.3,5.3,75,58,0.0,0.0,0.0,16.5,49.0,55,14.11,33847.58,2.13
2022_03_0016535,2022.csv,2022-02-25,41.7349549999502,-8.22598999977112,14.8,5.5,68,42,0.0,0.0,0.0,17.5,53.3,71,15.4,34575.68,2.64
2022_03_0016847,2022.csv,2022-02-25,41.7305599996779,-8.33443999999099,17.3,4.1,82,40,0.0,0.0,0.0,11.4,33.1,48,15.45,35471.67,2.52
2022_03_0017024,2022.csv,2022-02-26,41.5955555555556,-8.19388888888889,13.3,5.4,93,52,0.0,0.0,0.0,20.5,51.5,92,13.01,34242.29,2.41
2022_03_0017654,2022.csv,2022-02-28,41.4194444444444,-8.22027777777778,17.1,4.7,96,53,0.0,0.0,0.0,10.8,24.1,115,14.01,33202.64,2.2
2022_03_0023239,2022.csv,2022-03-19,41.6281529998779,-8.17542800002628,16.2,8.5,76,48,0.0,0.0,0.0,16.9,41.8,112,17.59,39319.97,2.97
2022_03_0025044,2022.csv,2022-03-25,41.53,-8.03888888888889,15.6,7.2,89,52,1.9,1.9,3.0,18.1,46.1,69,14.1,35654.0,2.28
2022_03_0026164,2022.csv,2022-03-28,41.4730555555556,-8.09944444444444,17.4,8.1,84,52,0.0,0.0,0.0,10.1,27.4,73,16.97,31888.73,2.79
2022_03_0026218,2022.csv,2022-03-29,41.4933333333333,-8.09555555555556,16.6,7.5,88,55,5.5,5.5,5.0,11.6,33.5,39,17.13,40583.73,2.62
2022_03_0026753,2022.csv,2022-03-30,41.415,-8.1575,14.8,3.4,98,49,0.0,0.0,0.0,17.1,37.4,319,18.94,41313.16,2.72
2022_03_0028274,2022.csv,2022-04-04,41.4122222222222,-8.00916666666667,13.5,1.5,63,30,0.0,0.0,0.0,23.1,61.2,67,24.26,42258.77,3.71
2022_03_0028491,2022.csv,2022-04-05,41.7362920000818,-8.29715499983893,15.3,0.4,81,35,0.0,0.0,0.0,13.6,30.6,46,18.41,35468.91,2.8
2022_03_0031981,2022.csv,2022-04-17,41.5311111111111,-8.03,22.0,9.4,100,37,0.0,0.0,0.0,11.0,26.6,4,22.05,42436.85,3.84
2022_03_0032419,2022.csv,2022-04-19,41.6915400001738,-8.21466000027127,11.5,3.9,88,53,1.2,1.2,5.0,24.5,72.4,4,23.0,45352.51,2.84
2022_03_0032928,2022.csv,2022-04-20,41.4526019999716,-8.39110500017802,15.3,4.6,87,41,0.0,0.0,0.0,23.3,49.3,343,22.5,45465.95,3.6
2022_03_0032928,2022.csv,2022-04-21,41.4526019999716,-8.39110500017802,13.6,3.8,95,59,8.8,8.8,13.0,22.5,53.6,206,14.57,30807.93,2.2
2022_03_0037525,2022.csv,2022-05-06,41.4208333333333,-8.01166666666667,23.8,10.0,91,36,0.0,0.0,0.0,12.1,30.2,69,28.08,46800.0,4.95
2022_03_0037839,2022.csv,2022-05-07,41.7350920000341,-8.44436999956767,23.8,10.2,82,39,0.0,0.0,0.0,9.1,23.4,25,25.52,45888.21,4.76
2022_03_0038066,2022.csv,2022-05-07,41.4588888888889,-8.04666666666667,23.5,9.0,84,28,0.0,0.0,0.0,12.0,30.6,87,27.42,46840.61,4.98
2022_03_0038066,2022.csv,2022-05-08,41.4588888888889,-8.04666666666667,24.4,11.4,79,35,0.0,0.0,0.0,8.7,23.4,57,27.14,43796.34,5.08
2022_03_0038131,2022.csv,2022-05-07,41.7388469998042,-8.31063799964057,24.6,11.0,82,39,0.0,0.0,0.0,9.1,23.4,25,25.52,45888.21,4.85
2022_03_0038131,2022.csv,2022-05-08,41.7388469998042,-8.31063799964057,25.6,11.9,86,41,0.0,0.0,0.0,10.0,23.8,357,26.86,43240.65,5.12
2022_03_0038335,2022.csv,2022-05-08,41.5616666666667,-8.12305555555556,24.4,11.2,91,42,0.0,0.0,0.0,11.7,26.3,32,27.03,42513.52,5.19
2022_03_0038411,2022.csv,2022-05-08,41.4719444444444,-8.10277777777778,25.1,11.2,90,35,0.0,0.0,0.0,10.0,25.9,25,27.14,43211.87,5.13
2022_03_0038411,2022.csv,2022-05-09,41.4719444444444,-8.10277777777778,25.7,11.6,90,40,0.0,0.0,0.0,11.8,29.5,352,28.25,46836.59,5.34
2022_03_0039398,2022.csv,2022-05-11,41.3558333333333,-8.11972222222222,22.9,8.8,100,44,0.0,0.0,0.0,12.4,28.4,262,27.86,43179.6,4.73
2022_03_0055988,2022.csv,2022-06-30,41.5561580000983,-8.25062700000074,23.1,11.7,92,46,0.0,0.0,0.0,21.4,48.2,329,26.92,46952.11,4.67
2022_03_0057668,2022.csv,2022-07-05,41.6142700004578,-8.52621200031704,28.9,16.5,100,49,0.0,0.0,0.0,11.2,27.0,33,27.55,44914.83,5.36
2022_03_0058579,2022.csv,2022-07-08,41.5779709996118,-8.26783999999364,33.3,20.9,76,27,0.0,0.0,0.0,19.5,45.4,75,30.46,50048.7,7.68
2022_03_0058972,2022.csv,2022-07-09,41.4527000000742,-8.43658300002416,34.9,19.6,75,23,0.0,0.0,0.0,20.5,42.1,96,30.19,49876.75,7.62
2022_03_0059012,2022.csv,2022-07-09,41.434439999991,-8.51166700045268,36.7,20.5,75,22,0.0,0.0,0.0,20.8,40.0,98,30.06,49821.38,7.91
2022_03_0059019,2022.csv,2022-07-09,41.5069444444444,-8.14555555555556,32.7,17.9,67,23,0.0,0.0,0.0,17.3,39.2,59,30.48,50061.71,7.09
2022_03_0059043,2022.csv,2022-07-09,41.4322222222222,-8.09805555555556,32.2,15.8,62,22,0.0,0.0,0.0,14.1,34.9,66,30.4,50044.07,6.76
2022_03_0060142,2022.csv,2022-07-12,41.4194444444444,-8.16888888888889,37.2,22.7,77,21,0.0,0.0,0.0,16.7,37.1,63,28.18,49150.72,7.85
2022_03_0060337,2022.csv,2022-07-13,41.4255555555556,-8.155,36.1,23.7,62,30,0.0,0.0,0.0,14.7,31.0,42,25.83,47467.48,7.14
2022_03_0060372,2022.csv,2022-07-13,41.5238888888889,-8.19055555555556,35.3,22.1,68,32,0.0,0.0,0.0,16.7,37.4,51,26.41,49142.48,7.18
2022_03_0060372,2022.csv,2022-07-14,41.5238888888889,-8.19055555555556,36.9,24.6,53,26,0.1,0.1,1.0,16.6,45.7,51,25.07,40208.2,7.33
2022_03_0060429,2022.csv,2022-07-13,41.3525,-8.02611111111111,35.5,21.7,61,31,0.0,0.0,0.0,10.1,23.4,53,25.45,48900.62,6.4
2022_03_0060589,2022.csv,2022-07-13,41.4419444444444,-8.03333333333333,35.4,21.4,63,31,0.0,0.0,0.0,11.0,29.5,34,26.09,48914.12,6.56
2022_03_0060975,2022.csv,2022-07-14,41.5505555555556,-7.94416666666667,36.0,19.0,62,20,0.1,0.1,1.0,16.6,51.1,31,24.13,38801.94,6.35
2022_03_0060994,2022.csv,2022-07-14,41.6254679997762,-8.26752800001039,36.1,25.2,54,30,0.0,0.0,0.0,16.3,45.0,54,26.17,43572.94,7.36
2022_03_0060994,2022.csv,2022-07-15,41.6254679997762,-8.26752800001039,32.1,21.0,88,27,0.0,0.0,0.0,19.2,52.9,114,27.68,49382.65,6.71
2022_03_0061435,2022.csv,2022-07-15,41.4705555555556,-8.01555555555556,35.0,22.7,57,24,0.0,0.0,0.0,15.7,42.1,285,27.26,49136.27,6.58
2022_03_0061435,2022.csv,2022-07-16,41.4705555555556,-8.01555555555556,32.5,18.6,81,41,0.0,0.0,0.0,14.9,34.9,297,26.75,48157.2,5.96
2022_03_0061659,2022.csv,2022-07-16,41.4708333333333,-8.00388888888889,32.7,18.8,81,41,0.0,0.0,0.0,14.9,34.9,297,26.75,48157.2,5.98
2022_03_0061659,2022.csv,2022-07-17,41.4708333333333,-8.00388888888889,32.9,18.8,85,43,0.0,0.0,0.0,15.6,40.0,279,28.25,49052.79,6.14
2022_03_0061784,2022.csv,2022-07-16,41.4702777777778,-8.00944444444444,31.9,18.0,81,41,0.0,0.0,0.0,14.9,34.9,297,26.75,48157.2,5.89
2022_03_0061784,2022.csv,2022-07-17,41.4702777777778,-8.00944444444444,32.0,17.9,85,43,0.0,0.0,0.0,15.6,40.0,279,28.25,49052.79,6.04
2022_03_0061939,2022.csv,2022-07-17,41.4152777777778,-8.18083333333333,32.0,18.7,84,41,0.0,0.0,0.0,16.3,33.5,281,28.54,48997.47,6.17
2022_03_0065051,2022.csv,2022-07-26,41.7146079995897,-8.35979200045268,26.5,15.7,88,42,0.0,0.0,0.0,12.8,31.0,324,28.54,48275.72,5.48
2022_03_0065577,2022.csv,2022-07-27,41.7224280002382,-8.40398499992159,26.9,13.7,89,40,0.0,0.0,0.0,15.8,38.2,322,28.3,47894.98,5.35
2022_03_0066364,2022.csv,2022-07-30,41.4555555555556,-8.10611111111111,33.5,19.1,62,24,0.0,0.0,0.0,17.1,43.6,49,28.02,47700.87,6.94
2022_03_0067054,2022.csv,2022-07-31,41.7488299994999,-8.37937099986606,33.9,21.1,64,28,0.0,0.0,0.0,12.0,31.7,54,27.85,47706.68,6.75
2022_03_0067054,2022.csv,2022-08-01,41.7488299994999,-8.37937099986606,34.1,21.5,67,35,0.0,0.0,0.0,11.0,29.5,15,26.75,47584.37,6.28
2022_03_0067219,2022.csv,2022-08-01,41.4230555555556,-8.04416666666667,35.5,20.8,66,24,0.0,0.0,0.0,13.7,33.5,35,27.34,47263.48,6.63
2022_03_0067416,2022.csv,2022-08-01,41.4275,-8.01472222222222,36.6,21.8,67,24,0.0,0.0,0.0,13.9,34.9,1,27.06,47365.48,6.76
2022_03_0067416,2022.csv,2022-08-02,41.4275,-8.01472222222222,33.2,21.0,84,34,0.0,0.0,0.0,14.6,37.1,273,26.71,47353.35,6.05
2022_03_0067977,2022.csv,2022-08-03,41.4658333333333,-8.06138888888889,28.5,15.7,96,46,0.0,0.0,0.0,13.8,35.3,270,27.54,47243.91,5.48
2022_03_0067977,2022.csv,2022-08-04,41.4658333333333,-8.06138888888889,28.8,15.4,96,44,0.1,0.1,1.0,14.3,37.4,270,26.24,47146.96,5.41
2022_03_0067999,2022.csv,2022-08-03,41.53,-8.11972222222222,27.1,14.3,100,47,0.0,0.0,0.0,13.7,32.8,258,27.48,47250.75,5.33
2022_03_0068208,2022.csv,2022-08-04,41.5266666666667,-8.10972222222222,27.8,14.6,98,43,0.0,0.0,0.0,13.7,32.4,267,26.37,47152.1,5.34
2022_03_0068483,2022.csv,2022-08-05,41.5263888888889,-8.12472222222222,29.9,16.4,87,34,0.0,0.0,0.0,18.2,43.2,1,26.98,46977.06,5.65
2022_03_0068788,2022.csv,2022-08-06,41.5222222222222,-8.13888888888889,30.0,18.3,84,32,0.0,0.0,0.0,15.9,36.0,33,26.87,46951.92,5.96
2022_03_0068861,2022.csv,2022-08-06,41.3609119998084,-8.58224999957615,27.7,17.3,100,55,0.0,0.0,0.0,13.9,33.8,259,26.11,46818.74,4.87
2022_03_0068919,2022.csv,2022-08-06,41.4661111111111,-8.04555555555556,31.5,17.9,83,30,0.0,0.0,0.0,14.9,38.5,235,26.85,46974.32,5.73
2022_03_0068919,2022.csv,2022-08-07,41.4661111111111,-8.04555555555556,29.8,17.2,92,45,0.2,0.2,2.0,15.2,38.5,263,24.62,46846.07,5.14
2022_03_0069584,2022.csv,2022-08-08,41.4727777777778,-7.99833333333333,29.4,16.3,95,49,0.0,0.0,0.0,14.6,33.5,277,25.98,46657.21,5.32
2022_03_0069783,2022.csv,2022-08-09,41.5030555555556,-8.13944444444444,30.5,16.4,89,36,0.0,0.0,0.0,18.8,44.6,284,26.6,46643.0,5.74
2022_03_0070038,2022.csv,2022-08-09,41.4694444444444,-8.0825,32.1,17.4,84,24,0.0,0.0,0.0,19.1,46.1,215,26.61,46671.86,5.68
2022_03_0070038,2022.csv,2022-08-10,41.4694444444444,-8.0825,33.4,17.9,81,28,2.2,2.2,3.0,13.6,43.6,136,23.13,46578.17,5.09
2022_03_0070257,2022.csv,2022-08-10,41.5503860000107,-8.24329399956597,31.0,19.5,90,47,0.0,0.0,0.0,16.3,38.5,260,24.24,46493.07,5.16
2022_03_0071764,2022.csv,2022-08-15,41.5091666666667,-8.08555555555555,22.8,11.1,100,42,0.1,0.1,1.0,17.7,46.8,244,25.79,46299.77,4.56
2022_03_0072853,2022.csv,2022-08-19,41.4186111111111,-8.00111111111111,32.3,17.4,68,23,0.0,0.0,0.0,16.5,35.3,63,25.43,45924.32,6.15
2022_03_0072943,2022.csv,2022-08-19,41.4391930002636,-8.43792800002628,31.6,17.8,68,22,0.0,0.0,0.0,17.6,36.4,71,25.3,45924.32,6.39
2022_03_0073015,2022.csv,2022-08-19,41.4788888888889,-8.08972222222222,29.8,13.6,76,24,0.0,0.0,0.0,14.0,36.4,57,25.77,45934.92,5.45
2022_03_0074032,2022.csv,2022-08-22,41.6972630002764,-8.51410499996609,32.7,16.9,90,36,0.0,0.0,0.0,12.6,31.3,3,23.99,45524.55,5.55
2022_03_0074032,2022.csv,2022-08-23,41.6972630002764,-8.51410499996609,33.4,20.0,69,32,0.6,0.6,1.0,10.0,24.8,6,22.38,43930.94,5.24
2022_03_0074212,2022.csv,2022-08-23,41.7117020003001,-8.40351300001144,34.0,19.5,79,32,0.1,0.1,1.0,10.9,26.6,352,22.88,44580.98,5.29
2022_03_0074241,2022.csv,2022-08-23,41.4108333333333,-8.01166666666667,34.4,21.4,65,25,0.0,0.0,0.0,15.0,37.1,48,22.84,45338.68,5.87
2022_03_0074257,2022.csv,2022-08-23,41.7121570004357,-8.3810749997033,33.3,20.0,69,32,0.6,0.6,1.0,10.0,24.8,6,22.38,43930.94,5.24
2022_03_0074257,2022.csv,2022-08-24,41.7121570004357,-8.3810749997033,27.2,17.5,99,59,0.0,0.0,0.0,10.7,28.8,237,23.37,45225.17,4.43
2022_03_0074258,2022.csv,2022-08-23,41.7131900003221,-8.43010999997457,33.4,20.0,69,32,0.6,0.6,1.0,10.0,24.8,6,22.38,43930.94,5.24
2022_03_0074258,2022.csv,2022-08-24,41.7131900003221,-8.43010999997457,27.3,17.6,99,59,0.0,0.0,0.0,10.7,28.8,237,23.37,45225.17,4.43
2022_03_0074269,2022.csv,2022-08-23,41.4945180002848,-8.22986799981859,33.9,22.3,64,25,0.0,0.0,0.0,20.7,44.3,73,22.91,45347.79,6.4
2022_03_0074269,2022.csv,2022-08-24,41.4945180002848,-8.22986799981859,26.7,17.3,93,56,0.0,0.0,0.0,13.8,33.8,235,23.6,45198.85,4.53
2022_03_0074354,2022.csv,2022-08-23,41.7240750000212,-8.40170799997118,32.9,19.5,69,32,0.6,0.6,1.0,10.0,24.8,6,22.38,43930.94,5.2
2022_03_0074354,2022.csv,2022-08-24,41.7240750000212,-8.40170799997118,26.8,17.1,99,59,0.0,0.0,0.0,10.7,28.8,237,23.37,45225.17,4.38
2022_03_0075115,2022.csv,2022-08-26,41.5425449996524,-8.07401700019836,29.7,17.4,71,30,0.0,0.0,0.0,16.9,44.3,60,22.91,44899.12,5.14
2022_03_0075241,2022.csv,2022-08-26,41.4389970000585,-8.44280700047811,32.5,21.1,70,31,0.0,0.0,0.0,16.2,34.6,90,23.08,44891.14,5.74
2022_03_0075271,2022.csv,2022-08-26,41.5328679996067,-8.11380700005425,29.2,17.7,66,29,0.0,0.0,0.0,20.7,46.8,65,22.86,44899.12,5.41
2022_03_0075546,2022.csv,2022-08-27,41.5368120000097,-8.11137800004747,28.1,17.1,73,32,0.0,0.0,0.0,15.2,35.3,29,22.31,44748.53,5.1
2022_03_0075606,2022.csv,2022-08-27,41.5147222222222,-8.02361111111111,30.5,19.5,73,33,0.0,0.0,0.0,15.2,35.3,29,22.31,44748.53,5.36
2022_03_0075606,2022.csv,2022-08-28,41.5147222222222,-8.02361111111111,29.6,17.1,85,37,0.0,0.0,0.0,16.2,37.8,289,22.42,44597.6,4.95
2022_03_0075708,2022.csv,2022-08-27,41.615998000039,-8.24491200023227,29.4,18.8,82,37,0.0,0.0,0.0,14.5,35.6,79,22.82,44756.16,5.38
2022_03_0075708,2022.csv,2022-08-28,41.615998000039,-8.24491200023227,28.4,17.4,83,44,0.0,0.0,0.0,13.3,32.0,284,23.47,44604.84,4.85
2022_03_0076505,2022.csv,2022-08-30,41.5388888888889,-8.03472222222222,23.6,11.6,100,42,0.0,0.0,0.0,14.5,36.4,247,23.53,42912.16,4.23
2022_03_0076745,2022.csv,2022-08-31,41.6872229999966,-8.39879799948798,27.0,14.2,93,42,0.0,0.0,0.0,15.6,40.3,307,19.4,43230.01,3.75
2022_03_0076748,2022.csv,2022-08-31,41.6984179994795,-8.38736299991608,26.5,14.6,84,41,0.0,0.0,0.0,14.2,35.6,304,21.17,44011.27,3.96
2022_03_0076748,2022.csv,2022-09-01,41.6984179994795,-8.38736299991608,22.6,14.0,97,62,0.3,0.3,3.0,10.8,27.0,264,13.86,35067.2,2.6
2022_03_0077086,2022.csv,2022-09-01,41.6711650000678,-8.34597599983215,21.9,12.9,99,60,0.6,0.6,6.0,12.6,29.5,266,14.66,35499.36,2.71
2022_03_0077086,2022.csv,2022-09-02,41.6711650000678,-8.34597599983215,24.3,14.2,100,43,0.0,0.0,0.0,17.1,40.0,307,16.79,38130.61,3.29
2022_03_0077833,2022.csv,2022-09-04,41.7500230000003,-8.30450300004747,19.3,12.7,99,61,8.2,8.2,18.0,21.0,57.2,205,13.15,27575.23,2.3
2022_04_0001699,2022.csv,2022-01-18,41.9138989999559,-7.03480499996079,9.2,-1.7,79,39,0.0,0.0,0.0,7.8,17.3,82,9.93,30693.27,1.21
2022_04_0002704,2022.csv,2022-01-28,41.9819300005171,-6.79621900028653,7.5,1.4,38,28,0.0,0.0,0.0,19.8,56.5,52,11.78,31724.67,2.63
2022_04_0002704,2022.csv,2022-01-29,41.9819300005171,-6.79621900028653,9.9,2.2,44,25,0.0,0.0,0.0,15.1,45.4,42,11.81,31714.73,2.35
2022_04_0002768,2022.csv,2022-01-28,41.9255249998305,-7.00474199983809,9.9,3.3,37,25,0.0,0.0,0.0,22.8,54.0,72,11.75,31764.96,3.11
2022_04_0002806,2022.csv,2022-01-28,41.8816579998864,-6.84529200024075,11.3,2.4,45,27,0.0,0.0,0.0,21.5,42.5,58,11.73,31760.68,2.82
2022_04_0002806,2022.csv,2022-01-29,41.8816579998864,-6.84529200024075,12.6,-0.7,54,32,0.0,0.0,0.0,14.7,30.2,60,11.77,31845.16,2.26
2022_04_0002830,2022.csv,2022-01-29,41.928740000195,-6.74624800046285,12.5,0.9,46,22,0.0,0.0,0.0,14.8,34.9,49,11.76,31779.16,2.51
2022_04_0002896,2022.csv,2022-01-29,41.8861420000924,-7.0960149998135,14.4,-1.5,56,24,0.0,0.0,0.0,15.8,34.6,82,11.78,31907.71,2.39
2022_04_0002901,2022.csv,2022-01-29,41.8931480005052,-6.99567600038317,12.6,1.4,44,23,0.0,0.0,0.0,16.2,38.2,78,11.79,31874.04,2.74
2022_04_0002901,2022.csv,2022-01-30,41.8931480005052,-6.99567600038317,12.7,1.2,66,24,0.0,0.0,0.0,14.2,31.7,80,11.66,32022.1,2.18
2022_04_0002973,2022.csv,2022-01-30,41.9050150002374,-7.10874900023143,13.7,-0.7,80,18,0.0,0.0,0.0,9.2,22.0,356,11.58,31964.22,1.79
2022_04_0003115,2022.csv,2022-01-31,41.9106800005171,-7.13878999974993,12.1,-2.7,81,24,0.0,0.0,0.0,12.9,25.9,16,11.7,32126.29,1.79
2022_04_0003135,2022.csv,2022-01-31,41.9340330000056,-7.16891299989488,12.6,-2.2,81,24,0.0,0.0,0.0,12.9,25.9,16,11.7,32126.29,1.82
2022_04_0003484,2022.csv,2022-02-03,41.940501999855,-7.03560500012504,11.3,2.4,87,53,0.0,0.0,0.0,8.4,21.6,345,9.88,26863.42,1.4
2022_04_0004349,2022.csv,2022-02-11,41.2242530001534,-6.72072000000212,15.6,4.3,92,43,0.6,0.6,2.0,9.5,23.8,112,12.13,33751.39,1.82
2022_04_0005950,2022.csv,2022-02-27,41.9591579998864,-7.09570199966431,12.8,3.1,91,50,0.0,0.0,0.0,9.9,25.2,283,13.71,36707.37,1.9
2022_04_0009335,2022.csv,2022-04-02,41.9129399998983,-7.0704150001208,7.7,-4.3,81,41,0.0,0.0,0.0,14.7,31.7,49,16.07,32086.9,2.13
2022_04_0009392,2022.csv,2022-04-03,41.4532870001263,-6.38105299949646,9.2,-2.3,86,35,0.1,0.1,1.0,23.4,47.2,64,22.75,42748.64,3.04
2022_04_0009530,2022.csv,2022-04-04,41.6657750002543,-6.98519199993875,12.4,-0.1,68,23,0.0,0.0,0.0,31.3,61.9,72,23.92,42411.74,3.83
2022_04_0009803,2022.csv,2022-04-06,41.8600250000424,-6.97602499961853,14.5,0.3,92,41,0.0,0.0,0.0,18.4,40.7,285,23.95,43331.21,3.4
2022_04_0011310,2022.csv,2022-04-20,41.7890610000822,-7.12984199947781,13.8,4.2,76,31,0.0,0.0,0.0,28.8,57.6,342,21.12,37779.61,3.68
2022_04_0011310,2022.csv,2022-04-21,41.7890610000822,-7.12984199947781,13.6,0.4,92,40,4.9,4.9,8.0,18.2,34.9,251,19.37,39186.77,2.96
2022_04_0012812,2022.csv,2022-05-04,41.6542449998856,-6.50608500003815,21.8,7.5,83,23,0.0,0.0,0.0,19.0,36.4,57,25.8,46819.5,5.04
2022_04_0015479,2022.csv,2022-05-27,41.4313900004493,-6.75527999983894,32.3,13.7,65,12,0.0,0.0,0.0,15.9,39.6,64,30.27,49261.06,7.97
2022_04_0017916,2022.csv,2022-06-15,41.6318699995677,-6.61585199991862,37.6,17.3,57,11,0.1,0.1,1.0,30.1,60.8,188,25.72,41845.63,7.32
2022_04_0018170,2022.csv,2022-06-17,41.7230555555556,-7.17638888888889,37.3,20.2,45,14,0.2,0.2,1.0,31.2,59.0,106,20.44,35683.75,8.03
2022_04_0020546,2022.csv,2022-07-07,41.1995949999491,-7.32546700000763,31.5,15.3,62,10,0.0,0.0,0.0,14.1,37.4,69,30.54,50069.56,7.29
2022_04_0020546,2022.csv,2022-07-08,41.1995949999491,-7.32546700000763,33.8,14.5,62,11,0.0,0.0,0.0,11.8,32.8,68,30.64,50152.42,7.37
2022_04_0020546,2022.csv,2022-07-09,41.1995949999491,-7.32546700000763,35.0,15.9,66,13,0.0,0.0,0.0,14.8,36.0,30,30.31,50002.21,7.42
2022_04_0020546,2022.csv,2022-07-10,41.1995949999491,-7.32546700000763,36.0,19.7,62,14,0.0,0.0,0.0,19.9,49.7,311,29.43,49853.22,7.48
2022_04_0020546,2022.csv,2022-07-11,41.1995949999491,-7.32546700000763,36.9,16.6,80,14,0.0,0.0,0.0,17.8,45.0,258,26.51,44903.62,6.31
2022_04_0020836,2022.csv,2022-07-09,41.513595000373,-7.13410300003158,38.3,19.7,56,11,0.0,0.0,0.0,12.1,30.2,295,30.47,50267.22,7.4
2022_04_0021316,2022.csv,2022-07-12,41.1548999998305,-7.33959799978468,41.4,25.5,58,8,0.0,0.0,0.0,12.0,32.8,38,27.94,45202.68,7.31
2022_04_0021762,2022.csv,2022-07-15,41.8686560000314,-6.52758499993218,38.4,24.3,38,13,0.0,0.0,0.0,26.3,51.1,66,27.8,47997.59,9.51
2022_04_0021762,2022.csv,2022-07-16,41.8686560000314,-6.52758499993218,36.7,22.9,36,17,0.0,0.0,0.0,20.1,43.6,78,20.94,39768.39,7.46
2022_04_0021762,2022.csv,2022-07-17,41.8686560000314,-6.52758499993218,38.8,24.5,37,11,0.0,0.0,0.0,19.8,42.1,114,28.44,49354.76,9.37
2022_04_0021855,2022.csv,2022-07-15,41.4192670000924,-6.4009120000071,38.5,23.5,47,14,0.0,0.0,0.0,24.9,51.5,77,28.15,48136.0,8.58
2022_04_0021896,2022.csv,2022-07-15,41.1013230000602,-7.05152000003391,41.4,24.5,60,11,0.0,0.0,0.0,17.1,40.7,135,27.66,47849.26,8.31
2022_04_0021896,2022.csv,2022-07-16,41.1013230000602,-7.05152000003391,39.5,21.1,76,13,0.0,0.0,0.0,14.7,36.7,160,24.24,43881.82,6.54
2022_04_0021954,2022.csv,2022-07-16,41.1962269994948,-7.31848500000106,40.6,21.1,68,12,0.0,0.0,0.0,17.3,43.9,208,26.51,47367.76,7.16
2022_04_0022043,2022.csv,2022-07-16,41.1888230000602,-7.29955499966939,40.0,21.2,71,12,0.0,0.0,0.0,17.3,42.5,210,26.64,47365.82,7.31
2022_04_0023927,2022.csv,2022-07-27,41.7391949998008,-6.56014799965753,31.8,16.7,73,19,0.0,0.0,0.0,18.2,38.2,324,28.64,47648.79,6.9
2022_04_0024045,2022.csv,2022-07-28,41.7047270001305,-7.17134300020006,31.1,17.4,71,26,0.0,0.0,0.0,26.0,52.6,319,26.36,46902.39,6.85
2022_04_0024045,2022.csv,2022-07-29,41.7047270001305,-7.17134300020006,32.9,17.2,77,26,0.0,0.0,0.0,19.5,36.4,323,28.07,47509.85,6.87
2022_04_0024099,2022.csv,2022-07-28,41.4076920000712,-6.36070000012716,32.1,16.5,74,20,0.0,0.0,0.0,25.9,53.3,265,27.64,47335.1,6.5
2022_04_0024522,2022.csv,2022-07-31,41.8188020000193,-6.68296499994066,36.4,19.6,61,17,0.0,0.0,0.0,15.1,32.4,28,28.31,47251.54,7.32
2022_04_0025397,2022.csv,2022-08-05,41.7338650000095,-6.61710499998596,33.0,18.8,70,20,0.0,0.0,0.0,18.3,41.4,55,27.1,46838.06,6.52
2022_04_0026824,2022.csv,2022-08-13,41.8947469997406,-7.15377700010936,30.2,15.8,94,17,0.0,0.0,0.0,21.4,46.4,254,26.34,46620.18,6.25
2022_04_0028165,2022.csv,2022-08-21,41.2087970002492,-7.27396200021108,31.0,15.1,85,21,0.0,0.0,0.0,17.5,43.2,281,24.72,45603.95,5.93
2022_04_0028165,2022.csv,2022-08-22,41.2087970002492,-7.27396200021108,32.8,16.3,69,23,0.0,0.0,0.0,11.1,31.0,31,24.42,45458.11,5.85
2022_04_0028737,2022.csv,2022-08-24,41.2125,-7.25922000037299,33.1,18.3,81,20,0.0,0.0,0.0,17.1,45.0,252,21.01,44394.84,5.34
2022_04_0028737,2022.csv,2022-08-25,41.2125,-7.25922000037299,31.2,15.3,98,25,0.0,0.0,0.0,9.4,26.6,316,23.44,45015.89,4.96
2022_04_0031129,2022.csv,2022-09-11,41.2148620001475,-7.29922300020854,31.7,14.2,93,20,0.0,0.0,0.0,15.0,38.9,201,21.39,40942.57,4.97
2022_04_0031179,2022.csv,2022-09-11,41.4623900000254,-6.37902199957106,31.6,15.7,92,20,0.0,0.0,0.0,16.1,36.4,184,21.73,41651.22,5.46
2022_05_0002032,2022.csv,2022-01-23,40.3922222222222,-7.26083333333333,10.1,-0.7,86,51,0.0,0.0,0.0,10.8,24.5,111,11.3,31610.48,1.35
2022_05_0002609,2022.csv,2022-01-29,40.3145979997847,-7.60489299986098,5.0,-2.1,50,27,0.0,0.0,0.0,18.9,78.1,91,12.75,32657.98,2.07
2022_05_0015557,2022.csv,2022-06-07,40.0733333333333,-7.62416666666667,24.0,12.6,99,35,0.0,0.0,0.0,23.2,51.8,312,29.55,48536.43,5.71
2022_05_0015557,2022.csv,2022-06-08,40.0733333333333,-7.62416666666667,20.8,13.2,91,60,0.2,0.2,2.0,25.0,61.2,312,19.44,31906.99,3.53
2022_05_0018816,2022.csv,2022-07-08,39.7370370001263,-7.31710999998781,37.2,20.7,43,10,0.0,0.0,0.0,13.5,31.7,40,30.36,49116.75,7.69
2022_05_0019606,2022.csv,2022-07-14,40.2934219996134,-7.48638299994998,41.1,26.9,34,11,0.0,0.0,0.0,20.2,40.3,33,27.37,48226.02,8.79
2022_05_0019966,2022.csv,2022-07-17,40.1579140000873,-7.43709000004662,39.2,23.3,57,13,0.0,0.0,0.0,19.8,43.9,201,28.02,48519.67,7.83
2022_05_0019966,2022.csv,2022-07-18,40.1579140000873,-7.43709000004662,32.0,19.6,69,23,0.0,0.0,0.0,22.1,43.2,230,29.46,48501.04,7.16
2022_05_0019966,2022.csv,2022-07-19,40.1579140000873,-7.43709000004662,30.3,16.4,79,29,0.0,0.0,0.0,15.0,32.0,277,29.48,48326.92,6.14
2022_05_0019966,2022.csv,2022-07-20,40.1579140000873,-7.43709000004662,36.1,18.6,67,12,0.0,0.0,0.0,13.3,29.2,14,29.79,48269.59,6.65
2022_05_0021065,2022.csv,2022-07-26,39.8573819997576,-7.45852000024584,34.2,19.9,66,22,0.0,0.0,0.0,22.8,47.2,313,28.36,47363.85,7.73
2022_05_0021065,2022.csv,2022-07-27,39.8573819997576,-7.45852000024584,34.4,17.5,57,19,0.0,0.0,0.0,25.3,50.0,313,28.41,47258.57,7.75
2022_05_0022298,2022.csv,2022-08-06,40.3121770000458,-7.49690500047472,30.9,18.3,61,19,0.0,0.0,0.0,13.9,35.6,174,28.22,46883.66,6.38
2022_05_0022298,2022.csv,2022-08-07,40.3121770000458,-7.49690500047472,30.4,19.2,60,23,0.0,0.0,0.0,13.1,37.8,182,27.81,46772.69,6.35
2022_05_0022298,2022.csv,2022-08-08,40.3121770000458,-7.49690500047472,31.1,20.9,57,20,0.0,0.0,0.0,14.7,38.5,145,27.49,46679.38,6.41
2022_05_0022298,2022.csv,2022-08-09,40.3121770000458,-7.49690500047472,30.9,19.4,59,23,0.0,0.0,0.0,14.3,40.3,178,27.56,46625.89,6.24
2022_05_0022298,2022.csv,2022-08-10,40.3121770000458,-7.49690500047472,31.2,20.8,53,29,0.0,0.0,0.0,16.0,45.0,169,24.0,46572.52,5.68
2022_05_0022298,2022.csv,2022-08-11,40.3121770000458,-7.49690500047472,28.9,18.2,78,29,0.0,0.0,0.0,14.8,40.7,181,27.29,46519.28,5.66
2022_05_0022298,2022.csv,2022-08-12,40.3121770000458,-7.49690500047472,30.1,17.8,73,20,0.0,0.0,0.0,15.1,41.0,195,27.21,46465.89,5.91
2022_05_0022298,2022.csv,2022-08-13,40.3121770000458,-7.49690500047472,29.7,15.9,62,17,0.0,0.0,0.0,17.5,50.4,231,25.96,46412.23,6.08
2022_05_0022298,2022.csv,2022-08-14,40.3121770000458,-7.49690500047472,26.0,12.2,75,25,0.0,0.0,0.0,15.3,42.8,320,27.48,46358.35,5.51
2022_05_0023003,2022.csv,2022-08-12,40.1337199999889,-7.44536199993557,33.1,18.1,80,16,0.0,0.0,0.0,14.0,33.8,234,26.58,46454.3,6.31
2022_05_0023285,2022.csv,2022-08-15,40.0375279998779,-7.34329799969991,31.8,17.3,66,19,0.0,0.0,0.0,21.3,45.7,303,26.21,46254.57,6.6
2022_05_0023620,2022.csv,2022-08-18,39.7011520000299,-8.21150700039334,32.7,15.5,81,19,0.0,0.0,0.0,25.1,46.1,356,25.74,45800.09,6.51
2022_05_0025105,2022.csv,2022-08-31,39.8458299997118,-7.4754270002577,30.8,13.0,87,22,0.0,0.0,0.0,19.6,39.6,302,24.08,43999.46,5.48
2022_06_0017316,2022.csv,2022-04-18,40.1950269995795,-8.27991299947103,18.6,10.3,99,67,0.0,0.0,0.0,20.6,41.4,309,17.4,34965.84,2.75
2022_06_0030743,2022.csv,2022-06-29,40.0453399997287,-8.65573799981011,22.6,15.0,97,41,0.2,0.2,2.0,29.0,54.4,340,23.63,35521.86,4.56
2022_06_0035297,2022.csv,2022-07-21,40.4784159999424,-7.83475699994299,32.3,17.1,91,32,0.0,0.0,0.0,22.2,41.8,236,29.2,47993.24,6.73
2022_06_0035500,2022.csv,2022-07-22,40.1645339997609,-8.2674139999681,31.1,16.9,98,38,0.0,0.0,0.0,16.4,36.4,313,27.99,45967.62,5.85
2022_06_0036046,2022.csv,2022-07-25,40.3048940001594,-8.28250500043233,32.2,15.3,98,34,0.0,0.0,0.0,24.8,48.2,289,27.91,47741.95,6.14
2022_06_0036046,2022.csv,2022-07-26,40.3048940001594,-8.28250500043233,31.3,17.2,95,35,0.0,0.0,0.0,25.8,52.2,297,27.95,47729.32,6.36
2022_06_0037010,2022.csv,2022-07-30,40.0391699997584,-8.12582999971178,34.8,18.7,74,23,0.0,0.0,0.0,17.2,41.4,343,25.3,47259.99,6.53
2022_06_0037010,2022.csv,2022-07-31,40.0391699997584,-8.12582999971178,36.0,20.6,66,23,0.0,0.0,0.0,20.5,46.8,340,24.51,47158.59,6.43
2022_06_0038586,2022.csv,2022-08-07,40.1512139999867,-8.52862600008647,27.4,13.8,100,47,0.0,0.0,0.0,16.4,35.6,299,25.59,42747.34,4.95
2022_06_0039193,2022.csv,2022-08-10,40.4047200001611,-7.84,35.2,20.3,75,26,0.2,0.2,2.0,20.4,44.3,190,23.45,46485.45,6.08
2022_06_0039193,2022.csv,2022-08-11,40.4047200001611,-7.84,30.3,17.5,91,39,0.0,0.0,0.0,21.0,43.2,262,26.19,46432.05,5.55
2022_06_0040952,2022.csv,2022-08-19,40.3894399997923,-7.91222000016107,33.3,16.3,55,18,0.0,0.0,0.0,9.4,23.8,84,25.63,45767.54,5.84
2022_06_0043817,2022.csv,2022-09-03,40.4480450005002,-8.62113099998898,23.5,12.8,96,43,0.0,0.0,0.0,17.2,36.7,302,22.83,42884.92,4.13
2022_07_0011658,2022.csv,2022-05-26,38.5561111111111,-7.56277777777778,30.5,16.4,46,15,0.0,0.0,0.0,16.4,37.8,65,29.62,47258.21,7.84
2022_07_0013178,2022.csv,2022-06-12,38.54,-8.52416666666667,38.7,19.1,87,20,0.0,0.0,0.0,24.0,42.5,317,28.46,48417.16,7.5
2022_07_0013646,2022.csv,2022-06-17,38.2647222222222,-7.17777777777778,35.0,17.6,77,25,1.8,1.8,4.0,16.6,35.3,221,27.67,47544.57,6.9
2022_07_0015933,2022.csv,2022-07-13,38.5986111111111,-8.49583333333333,43.8,23.7,63,9,0.0,0.0,0.0,20.4,43.9,152,22.81,42875.3,8.48
2022_07_0015933,2022.csv,2022-07-14,38.5986111111111,-8.49583333333333,40.0,22.6,59,10,0.0,0.0,0.0,21.0,43.6,225,21.98,40358.18,6.85
2022_07_0015941,2022.csv,2022-07-13,38.7116666666667,-8.03444444444444,42.8,24.6,42,8,0.0,0.0,0.0,21.7,44.3,166,25.9,47774.69,9.07
2022_07_0016000,2022.csv,2022-07-14,38.7166666666667,-8.03638888888889,42.1,26.1,41,9,0.0,0.0,0.0,24.2,47.2,197,27.04,48133.39,9.53
2022_08_0035308,2022.csv,2022-07-12,37.0408333333333,-7.97305555555556,31.1,24.3,64,31,0.0,0.0,0.0,32.9,59.0,101,20.45,35997.93,7.22
2022_08_0035308,2022.csv,2022-07-13,37.0408333333333,-7.97305555555556,32.7,24.6,58,26,0.0,0.0,0.0,27.6,51.8,105,27.66,47379.89,8.3
2022_08_0035308,2022.csv,2022-07-14,37.0408333333333,-7.97305555555556,33.2,24.8,68,29,0.0,0.0,0.0,24.9,44.3,102,28.27,47161.22,7.78
2022_08_0035441,2022.csv,2022-07-13,37.0811111111111,-8.09861111111111,34.2,25.3,55,23,0.0,0.0,0.0,31.6,58.3,116,27.49,47383.52,9.05
2022_08_0038271,2022.csv,2022-07-25,37.4208333333333,-8.32222222222222,38.6,20.9,56,11,0.0,0.0,0.0,20.6,42.1,334,28.84,47153.38,9.08
2022_08_0038271,2022.csv,2022-07-26,37.4208333333333,-8.32222222222222,33.4,19.5,75,27,0.0,0.0,0.0,27.9,55.4,323,28.41,47044.64,7.62
2022_08_0038271,2022.csv,2022-07-27,37.4208333333333,-8.32222222222222,28.7,16.5,89,42,0.0,0.0,0.0,26.7,52.2,319,27.9,46999.27,5.99
2022_09_0002661,2022.csv,2022-01-20,40.9758333333333,-7.31388888888889,9.7,-1.8,88,49,0.0,0.0,0.0,11.6,26.3,24,10.52,31239.44,1.3
2022_09_0004081,2022.csv,2022-01-30,40.3333333333333,-6.92111111111111,12.9,0.6,57,25,0.0,0.0,0.0,10.6,27.4,79,11.99,32526.04,2.26
2022_09_0004284,2022.csv,2022-02-01,40.3288888888889,-6.91833333333333,9.6,0.6,92,47,0.0,0.0,0.0,33.7,73.1,31,12.16,32878.48,1.81
2022_09_0005524,2022.csv,2022-02-11,40.3308333333333,-7.6725,12.9,7.2,87,58,0.3,0.3,2.0,9.7,24.5,336,11.47,32482.69,1.68
2022_09_0006334,2022.csv,2022-02-17,40.7219444444444,-7.37388888888889,15.4,7.2,100,57,0.1,0.1,1.0,15.0,28.4,242,12.9,31283.01,1.89
2022_09_0006855,2022.csv,2022-02-21,40.715,-7.16361111111111,16.8,0.1,99,38,0.0,0.0,0.0,14.7,34.2,41,15.44,35691.77,2.43
2022_09_0007191,2022.csv,2022-02-23,40.4116666666667,-7.23666666666667,17.7,5.0,57,24,0.0,0.0,0.0,15.3,25.6,92,12.2,29471.63,2.76
2022_09_0007191,2022.csv,2022-02-24,40.4116666666667,-7.23666666666667,18.0,6.0,61,27,0.0,0.0,0.0,20.7,36.4,74,12.79,27387.15,2.69
2022_09_0007854,2022.csv,2022-02-28,40.3386111111111,-7.66111111111111,9.5,5.1,80,57,0.0,0.0,0.0,8.7,29.9,185,15.71,37291.95,2.0
2022_09_0008133,2022.csv,2022-03-02,40.5355555555556,-6.97416666666667,12.7,3.7,99,53,0.0,0.0,0.0,15.6,34.6,307,12.16,32527.35,1.76
2022_09_0012981,2022.csv,2022-04-07,40.9844444444444,-7.15944444444444,18.7,5.8,90,32,0.0,0.0,0.0,17.6,40.0,251,19.58,42280.13,3.6
2022_09_0014786,2022.csv,2022-04-21,40.5380555555556,-7.36055555555556,10.7,0.7,93,56,4.9,4.9,8.0,16.2,40.7,272,19.93,38485.16,2.55
2022_09_0015201,2022.csv,2022-04-24,40.805,-7.2425,15.6,6.0,99,49,0.3,0.3,3.0,13.2,27.0,253,14.6,30783.39,2.46
2022_09_0015308,2022.csv,2022-04-25,40.8027777777778,-7.24388888888889,17.5,5.7,93,44,0.1,0.1,1.0,18.7,39.6,213,17.82,34132.27,3.17
2022_09_0015912,2022.csv,2022-04-29,40.7972222222222,-6.99361111111111,23.6,6.8,93,35,0.0,0.0,0.0,10.8,27.7,6,26.37,46470.32,4.68
2022_09_0016194,2022.csv,2022-05-01,40.9166666666667,-7.32583333333333,21.2,9.4,87,27,0.0,0.0,0.0,20.0,41.8,291,27.89,46666.43,5.1
2022_09_0021851,2022.csv,2022-06-17,40.57,-7.02444444444444,33.5,21.8,56,24,1.0,1.0,2.0,25.5,56.9,156,24.87,42119.89,8.28
2022_09_0023593,2022.csv,2022-07-02,40.5736111111111,-7.2025,31.6,15.2,83,23,0.0,0.0,0.0,17.0,37.4,272,28.72,46375.16,6.56
2022_09_0023593,2022.csv,2022-07-03,40.5736111111111,-7.2025,27.0,18.5,69,31,0.4,0.4,1.0,13.1,32.8,287,25.65,49164.53,5.54
2022_09_0024139,2022.csv,2022-07-07,40.4191666666667,-7.28583333333333,33.7,17.8,67,12,0.0,0.0,0.0,25.0,47.9,36,30.38,49638.82,8.43
2022_09_0024139,2022.csv,2022-07-08,40.4191666666667,-7.28583333333333,35.3,17.8,55,14,0.0,0.0,0.0,20.7,43.9,25,30.75,49719.85,8.22
2022_09_0024514,2022.csv,2022-07-10,40.7038888888889,-7.29055555555556,39.2,19.2,53,12,0.0,0.0,0.0,21.6,53.6,296,29.16,49714.67,8.0
2022_09_0024594,2022.csv,2022-07-11,40.9872222222222,-6.92111111111111,40.0,20.1,71,12,0.6,0.6,1.0,16.3,58.0,261,26.18,42222.19,6.08
2022_09_0024643,2022.csv,2022-07-11,40.9944444444444,-7.01722222222222,40.3,20.7,70,11,0.3,0.3,1.0,13.8,55.1,290,26.44,41959.16,6.34
2022_09_0024657,2022.csv,2022-07-11,41.0805555555556,-7.11055555555556,40.5,21.6,74,12,0.1,0.1,1.0,19.4,51.8,279,26.5,41666.55,6.38
2022_09_0024951,2022.csv,2022-07-13,40.415,-7.80361111111111,39.9,25.6,33,14,0.0,0.0,0.0,16.1,32.0,141,24.76,47870.62,7.49
2022_09_0024951,2022.csv,2022-07-14,40.415,-7.80361111111111,39.8,24.0,58,16,0.0,0.0,0.0,16.9,39.2,221,24.19,43690.31,7.2
2022_09_0024951,2022.csv,2022-07-15,40.415,-7.80361111111111,37.6,21.7,68,19,0.0,0.0,0.0,18.7,42.8,237,27.18,48836.95,7.02
2022_09_0025248,2022.csv,2022-07-15,40.6366666666667,-7.24722222222222,38.9,23.0,51,12,0.0,0.0,0.0,22.4,44.6,193,28.72,48766.21,9.01
2022_09_0025248,2022.csv,2022-07-16,40.6366666666667,-7.24722222222222,38.0,21.3,63,14,0.0,0.0,0.0,19.1,40.3,194,27.12,47166.24,7.77
2022_09_0025480,2022.csv,2022-07-16,40.7033333333333,-7.10083333333333,39.0,20.7,67,13,0.0,0.0,0.0,19.7,40.3,189,26.5,46763.19,7.76
2022_09_0025688,2022.csv,2022-07-18,40.7688888888889,-7.04083333333333,32.2,17.6,78,20,0.0,0.0,0.0,25.1,53.6,213,29.14,48604.86,7.91
2022_09_0025706,2022.csv,2022-07-18,40.5536111111111,-7.27555555555556,29.0,15.5,82,22,0.0,0.0,0.0,28.9,55.8,206,29.58,48547.52,7.23
2022_09_0025706,2022.csv,2022-07-19,40.5536111111111,-7.27555555555556,25.5,13.5,91,35,0.0,0.0,0.0,19.6,38.9,309,29.15,48231.57,5.87
2022_09_0026145,2022.csv,2022-07-21,40.3008333333333,-7.16027777777778,34.3,20.6,46,15,0.0,0.0,0.0,20.7,41.8,146,29.43,47870.16,8.84
2022_09_0026168,2022.csv,2022-07-21,40.8883333333333,-7.14416666666667,37.0,19.8,62,13,0.0,0.0,0.0,20.9,45.0,264,29.35,48326.85,7.77
2022_09_0026754,2022.csv,2022-07-26,40.4013888888889,-7.25,31.0,19.2,59,27,0.0,0.0,0.0,22.0,41.0,347,28.75,47506.25,8.07
2022_09_0026754,2022.csv,2022-07-27,40.4013888888889,-7.25,31.1,17.1,66,22,0.0,0.0,0.0,22.7,44.3,345,28.83,47398.9,7.85
2022_09_0027522,2022.csv,2022-08-01,40.5649099996355,-7.29832699987623,38.2,22.5,53,15,0.0,0.0,0.0,22.2,46.1,227,26.93,46892.91,7.3
2022_09_0027522,2022.csv,2022-08-02,40.5649099996355,-7.29832699987623,36.5,23.6,58,12,0.0,0.0,0.0,18.2,38.5,225,28.16,47053.82,7.49
2022_09_0028010,2022.csv,2022-08-05,40.4775,-7.16138888888889,31.4,18.6,73,18,0.0,0.0,0.0,18.8,41.0,190,28.27,46837.8,7.14
2022_09_0028156,2022.csv,2022-08-06,40.6016666666667,-7.19472222222222,32.3,17.7,83,13,0.0,0.0,0.0,21.3,46.4,198,27.95,46838.54,6.92
2022_09_0028752,2022.csv,2022-08-10,40.6158333333333,-7.2775,34.3,22.1,65,24,0.1,0.1,1.0,18.7,44.6,159,22.4,46619.9,6.17
2022_09_0028752,2022.csv,2022-08-11,40.6158333333333,-7.2775,32.0,19.4,85,23,0.0,0.0,0.0,17.9,38.9,218,26.69,46566.01,6.18
2022_09_0028812,2022.csv,2022-08-11,40.5519444444444,-7.14611111111111,30.9,18.8,79,25,0.0,0.0,0.0,20.5,41.8,199,26.96,46622.94,6.61
2022_09_0028875,2022.csv,2022-08-11,40.6666666666667,-7.16972222222222,32.8,19.5,80,22,0.0,0.0,0.0,20.0,41.4,210,26.97,46631.29,6.92
2022_09_0028875,2022.csv,2022-08-12,40.6666666666667,-7.16972222222222,32.8,16.7,86,16,0.0,0.0,0.0,16.5,37.1,218,26.88,46577.07,6.92
2022_09_0029128,2022.csv,2022-08-13,40.5672222222222,-7.34694444444444,28.2,14.1,75,17,0.0,0.0,0.0,25.9,54.0,256,25.32,46488.19,6.13
2022_09_0029128,2022.csv,2022-08-14,40.5672222222222,-7.34694444444444,24.6,10.4,99,28,0.0,0.0,0.0,19.7,42.1,299,26.9,46433.63,5.42
2022_09_0029298,2022.csv,2022-08-14,40.6797222222222,-7.07805555555556,27.4,12.0,99,26,0.0,0.0,0.0,18.1,37.4,295,26.87,46467.87,5.76
2022_09_0029298,2022.csv,2022-08-15,40.6797222222222,-7.07805555555556,27.9,13.3,88,22,0.0,0.0,0.0,23.8,45.4,275,26.45,46359.88,6.14
2022_09_0029372,2022.csv,2022-08-15,40.5525,-7.14333333333333,26.8,13.4,81,24,0.0,0.0,0.0,23.1,41.8,307,26.51,46336.34,6.15
2022_09_0029798,2022.csv,2022-08-18,40.5163888888889,-7.55388888888889,28.1,14.1,68,20,0.0,0.0,0.0,18.2,39.2,65,26.31,45927.23,6.38
2022_09_0029798,2022.csv,2022-08-19,40.5163888888889,-7.55388888888889,31.6,18.6,45,18,0.0,0.0,0.0,14.3,32.8,57,25.85,45788.2,6.65
2022_09_0030100,2022.csv,2022-08-20,40.9019444444444,-6.93444444444444,34.5,16.5,63,14,0.0,0.0,0.0,17.7,39.2,276,25.59,45698.2,6.64
2022_09_0030243,2022.csv,2022-08-21,40.4563888888889,-7.70611111111111,31.4,17.2,75,27,0.0,0.0,0.0,16.3,36.4,262,25.19,45497.15,5.54
2022_09_0030810,2022.csv,2022-08-25,40.7527777777778,-7.43138888888889,32.1,14.8,96,19,0.0,0.0,0.0,15.8,30.6,280,23.99,44958.02,5.04
2022_09_0030935,2022.csv,2022-08-26,40.3161779997084,-7.22668999989827,33.2,19.9,59,22,0.0,0.0,0.0,26.0,46.8,27,22.43,43428.41,6.5
2022_09_0030935,2022.csv,2022-08-27,40.3161779997084,-7.22668999989827,31.8,20.5,54,20,0.0,0.0,0.0,14.8,31.3,185,24.67,44620.84,6.23
2022_09_0031332,2022.csv,2022-08-29,40.3319449996948,-7.66222199969821,24.1,13.3,98,29,2.0,2.0,2.0,13.4,56.5,171,24.0,44331.38,4.4
2022_09_0031332,2022.csv,2022-08-30,40.3319449996948,-7.66222199969821,23.8,12.1,89,33,0.0,0.0,0.0,11.8,43.2,267,25.0,44186.37,4.73
2022_09_0032238,2022.csv,2022-09-06,40.8813888888889,-6.83611111111111,24.2,14.9,95,33,0.0,0.0,0.0,19.2,45.4,253,20.11,41799.05,4.41
2022_09_0032828,2022.csv,2022-09-11,40.9453600003984,-6.97436700026194,33.6,17.0,84,20,0.0,0.0,0.0,17.2,40.3,188,21.12,40842.34,5.65
2022_09_0032842,2022.csv,2022-09-11,40.7846600000064,-7.58057799975077,29.7,16.2,92,30,0.0,0.0,0.0,19.6,39.6,212,21.78,40843.81,4.92
2022_10_0005411,2022.csv,2022-01-28,39.4829880004459,-8.88395200000869,13.9,7.6,57,43,0.0,0.0,0.0,25.3,50.4,76,11.78,32731.03,2.96
2022_10_0039917,2022.csv,2022-07-01,40.0169700000021,-8.67355700016022,26.0,12.1,96,39,0.0,0.0,0.0,20.8,42.5,340,29.83,49539.1,5.72
2022_10_0041094,2022.csv,2022-07-06,39.8004860000147,-8.32927199999491,32.0,17.7,98,32,0.0,0.0,0.0,20.7,41.0,342,28.43,48963.49,6.65
2022_10_0041579,2022.csv,2022-07-08,39.7106379996406,-8.91673699999849,36.9,19.1,69,14,0.0,0.0,0.0,18.1,37.8,32,30.46,49227.35,8.16
2022_10_0041579,2022.csv,2022-07-09,39.7106379996406,-8.91673699999849,35.4,18.3,81,28,0.0,0.0,0.0,15.9,35.3,326,30.06,49127.27,6.85
2022_10_0041582,2022.csv,2022-07-08,39.8740799999237,-8.51338900036282,35.4,19.9,57,16,0.0,0.0,0.0,18.5,37.1,16,30.41,49274.22,8.08
2022_10_0041582,2022.csv,2022-07-09,39.8740799999237,-8.51338900036282,37.0,19.2,67,17,0.0,0.0,0.0,20.1,42.8,319,30.01,49165.29,7.52
2022_10_0041582,2022.csv,2022-07-10,39.8740799999237,-8.51338900036282,29.7,16.5,89,34,0.0,0.0,0.0,19.5,41.0,334,29.72,49141.16,7.01
2022_10_0041582,2022.csv,2022-07-11,39.8740799999237,-8.51338900036282,29.6,14.2,94,38,0.0,0.0,0.0,24.7,49.0,344,25.59,46169.97,5.79
2022_10_0041582,2022.csv,2022-07-12,39.8740799999237,-8.51338900036282,39.9,19.2,75,14,0.0,0.0,0.0,25.7,51.5,128,27.03,42373.57,9.01
2022_10_0041582,2022.csv,2022-07-13,39.8740799999237,-8.51338900036282,40.8,23.1,46,12,0.0,0.0,0.0,28.2,55.1,102,21.58,33638.08,7.52
2022_10_0041582,2022.csv,2022-07-14,39.8740799999237,-8.51338900036282,40.1,23.1,54,14,0.0,0.0,0.0,20.4,45.7,153,23.22,40400.7,7.2
2022_10_0041582,2022.csv,2022-07-15,39.8740799999237,-8.51338900036282,35.0,20.2,69,21,0.0,0.0,0.0,17.5,36.7,311,28.61,48849.3,6.62
2022_10_0041582,2022.csv,2022-07-16,39.8740799999237,-8.51338900036282,34.5,16.1,95,26,0.0,0.0,0.0,19.9,43.2,319,28.59,48715.7,6.52
2022_10_0042647,2022.csv,2022-07-12,39.7731049998601,-8.7142550002204,41.5,16.7,92,12,0.0,0.0,0.0,28.0,52.6,136,26.15,45915.29,9.37
2022_10_0042647,2022.csv,2022-07-13,39.7731049998601,-8.7142550002204,40.5,22.8,55,15,0.0,0.0,0.0,28.9,55.8,75,21.05,32457.22,6.97
2022_10_0042647,2022.csv,2022-07-14,39.7731049998601,-8.7142550002204,38.5,22.1,69,16,0.0,0.0,0.0,22.0,51.1,259,19.66,36956.85,5.65
2022_10_0042647,2022.csv,2022-07-15,39.7731049998601,-8.7142550002204,31.3,17.9,91,39,0.0,0.0,0.0,15.8,36.0,296,28.51,48819.65,5.92
2022_10_0042647,2022.csv,2022-07-16,39.7731049998601,-8.7142550002204,33.0,15.2,100,32,0.0,0.0,0.0,18.5,41.0,306,28.62,47592.09,5.94
2022_10_0042686,2022.csv,2022-07-12,39.8003539999988,-8.83018500010173,43.4,17.3,93,11,0.0,0.0,0.0,26.1,49.0,137,26.41,45473.68,9.39
2022_10_0042686,2022.csv,2022-07-13,39.8003539999988,-8.83018500010173,41.3,22.0,62,15,0.0,0.0,0.0,27.5,51.8,38,19.97,27837.72,6.86
2022_10_0042686,2022.csv,2022-07-14,39.8003539999988,-8.83018500010173,39.6,22.3,75,16,0.0,0.0,0.0,23.9,49.0,283,19.77,38190.1,5.67
2022_10_0043001,2022.csv,2022-07-12,39.9285280005137,-8.59284699969822,40.6,19.9,75,14,0.0,0.0,0.0,25.7,51.5,128,27.03,42373.57,9.11
2022_10_0043001,2022.csv,2022-07-13,39.9285280005137,-8.59284699969822,41.5,23.8,46,12,0.0,0.0,0.0,28.2,55.1,102,21.58,33638.08,7.61
2022_10_0043001,2022.csv,2022-07-14,39.9285280005137,-8.59284699969822,40.8,23.8,54,14,0.0,0.0,0.0,20.4,45.7,153,23.22,40400.7,7.29
2022_10_0043001,2022.csv,2022-07-15,39.9285280005137,-8.59284699969822,35.7,20.9,69,21,0.0,0.0,0.0,17.5,36.7,311,28.61,48849.3,6.71
2022_10_0043001,2022.csv,2022-07-16,39.9285280005137,-8.59284699969822,35.2,16.8,95,26,0.0,0.0,0.0,19.9,43.2,319,28.59,48715.7,6.61
2022_10_0044470,2022.csv,2022-07-17,39.8619430001577,-8.719626999961,34.4,16.1,100,26,0.0,0.0,0.0,23.4,46.1,275,28.0,48464.16,6.21
2022_10_0045975,2022.csv,2022-07-23,39.912742000156,-8.48712300009198,31.1,15.4,100,40,0.0,0.0,0.0,16.4,35.6,312,28.61,48120.0,5.99
2022_10_0047739,2022.csv,2022-07-30,39.8566770002577,-8.63667699999279,34.8,15.1,100,30,0.0,0.0,0.0,20.1,41.4,291,27.27,47369.04,6.12
2022_10_0048235,2022.csv,2022-08-01,39.7637230004205,-8.68240500026279,32.0,18.0,92,40,0.0,0.0,0.0,18.2,38.5,295,27.47,47160.1,6.26
2022_10_0052133,2022.csv,2022-08-17,39.2997079997592,-8.99651000022888,23.1,16.5,85,49,0.0,0.0,0.0,37.7,62.6,340,24.19,45766.19,5.13
2022_10_0052133,2022.csv,2022-08-18,39.2997079997592,-8.99651000022888,30.0,15.2,88,26,0.0,0.0,0.0,29.6,51.1,339,25.76,45714.03,6.42
2022_10_0052563,2022.csv,2022-08-19,39.7867600001229,-8.84405600017971,34.6,15.0,86,20,0.0,0.0,0.0,21.6,43.9,25,25.41,45675.41,6.91
2022_11_0137425,2022.csv,2022-06-29,38.8407999997669,-9.32914699978299,20.4,15.3,98,53,0.3,0.3,3.0,33.6,64.8,344,23.71,43866.32,4.22
2022_11_0138869,2022.csv,2022-07-01,38.7599650001526,-9.32432799975077,23.8,14.7,92,50,0.0,0.0,0.0,28.5,57.2,348,29.94,49120.76,5.46
2022_11_0146108,2022.csv,2022-07-10,38.9527777777778,-9.18555555555556,30.3,17.4,91,26,0.0,0.0,0.0,23.8,46.4,340,29.99,48952.99,7.3
2022_11_0146138,2022.csv,2022-07-10,38.9484030003018,-9.10676799986098,31.8,17.6,81,19,0.0,0.0,0.0,26.1,50.4,327,29.9,48921.99,8.52
2022_11_0146375,2022.csv,2022-07-10,38.869239999983,-9.29713999960158,29.9,18.3,85,29,0.0,0.0,0.0,24.2,47.9,355,30.08,48916.79,7.66
2022_11_0146438,2022.csv,2022-07-10,38.8188350000646,-9.2591770002577,32.8,18.7,72,18,0.0,0.0,0.0,26.9,52.6,337,29.98,48926.91,9.06
2022_11_0162162,2022.csv,2022-07-31,38.9163888888889,-9.26722222222222,34.5,16.7,97,22,0.0,0.0,0.0,16.7,34.9,316,27.89,47078.63,6.55
2022_11_0162162,2022.csv,2022-08-01,38.9163888888889,-9.26722222222222,31.5,17.1,99,34,0.0,0.0,0.0,17.1,36.7,317,27.41,45931.31,5.81
2022_11_0162194,2022.csv,2022-07-31,39.1163299994999,-9.0180200000604,35.3,18.0,93,22,0.0,0.0,0.0,23.2,42.8,295,27.69,47051.33,6.98
2022_11_0162194,2022.csv,2022-08-01,39.1163299994999,-9.0180200000604,32.7,18.4,95,37,0.0,0.0,0.0,21.5,40.7,299,27.45,46995.09,6.27
2022_11_0163785,2022.csv,2022-08-02,38.8446719996134,-9.28837900002797,25.9,17.4,100,56,0.0,0.0,0.0,26.8,49.7,336,26.77,43269.14,4.79
2022_11_0174938,2022.csv,2022-08-19,38.8709729999966,-9.18618200010724,36.1,19.7,58,13,0.0,0.0,0.0,21.9,45.4,8,25.79,45544.77,8.12
2022_11_0175618,2022.csv,2022-08-20,38.9788619995117,-9.00893600040012,34.3,18.5,83,27,0.0,0.0,0.0,24.5,47.9,325,25.31,45432.17,6.95
2022_11_0176188,2022.csv,2022-08-21,39.1119599999322,-9.05222400003009,25.5,16.1,94,43,0.0,0.0,0.0,30.4,52.6,331,24.19,45091.35,4.81
2022_11_0176188,2022.csv,2022-08-22,39.1119599999322,-9.05222400003009,29.4,16.7,97,40,0.0,0.0,0.0,27.2,48.2,327,23.84,42912.14,5.3
2022_12_0009397,2022.csv,2022-05-10,39.0045269997915,-7.50004700000087,32.6,16.5,85,22,0.0,0.0,0.0,17.6,39.2,229,27.66,46800.0,6.34
2022_12_0009656,2022.csv,2022-05-13,39.0252979999118,-7.71966300010681,31.7,16.3,72,24,0.0,0.0,0.0,16.9,31.7,190,25.73,42037.0,5.6
2022_12_0013666,2022.csv,2022-06-28,38.9790679995219,-7.78075199974908,30.6,12.3,90,22,0.0,0.0,0.0,22.8,46.8,300,30.55,49287.86,6.72
2022_12_0015581,2022.csv,2022-07-17,39.1590420002408,-7.76844499998622,38.3,21.7,73,16,0.0,0.0,0.0,21.3,43.2,216,26.73,47872.33,7.51
2022_12_0020694,2022.csv,2022-09-11,39.5479329999288,-7.6498630004459,34.4,19.0,76,23,0.0,0.0,0.0,15.7,35.6,210,21.48,39815.91,5.74
2022_13_0009527,2022.csv,2022-01-17,41.1293050003052,-8.25495299975077,11.9,3.0,90,61,0.0,0.0,0.0,14.1,31.7,88,9.81,30888.02,1.24
2022_13_0011613,2022.csv,2022-01-20,41.3451879999373,-8.27848299980164,13.2,0.5,79,49,0.0,0.0,0.0,11.6,27.0,78,10.18,30958.96,1.49
2022_13_0017343,2022.csv,2022-01-29,41.0949819999271,-8.15738199975755,15.8,3.1,70,43,0.0,0.0,0.0,14.8,34.9,91,11.96,32310.38,2.25
2022_13_0017536,2022.csv,2022-01-29,41.0943179999457,-8.15179300003582,15.3,2.6,70,42,0.0,0.0,0.0,14.8,34.9,91,11.96,32310.38,2.22
2022_13_0017645,2022.csv,2022-01-29,41.1038400000996,-8.14490699979994,13.3,2.8,60,44,0.0,0.0,0.0,16.7,47.2,104,12.04,32323.91,2.21
2022_13_0019971,2022.csv,2022-02-02,41.3578080002467,-8.24688199996948,16.0,4.5,93,51,0.0,0.0,0.0,13.7,33.5,103,11.75,32764.24,1.79
2022_13_0020215,2022.csv,2022-02-02,41.3598399999407,-8.24910200013055,15.9,4.3,93,51,0.0,0.0,0.0,13.7,33.5,103,11.75,32764.24,1.78
2022_13_0022564,2022.csv,2022-02-06,41.2946219995287,-8.58347299999661,15.4,5.2,87,50,0.0,0.0,0.0,19.5,33.8,78,12.31,33542.28,2.12
2022_13_0022674,2022.csv,2022-02-06,41.1381520001094,-8.09622799979316,10.6,1.5,88,51,0.0,0.0,0.0,15.3,41.4,103,12.66,33583.83,1.62
2022_13_0023078,2022.csv,2022-02-07,41.2426949999068,-8.42618300014072,16.2,5.7,69,46,0.0,0.0,0.0,17.9,36.4,71,12.7,33717.45,2.61
2022_13_0023805,2022.csv,2022-02-08,41.3558080000348,-8.23471200002564,16.8,5.8,81,50,0.0,0.0,0.0,19.8,40.0,91,12.77,33832.48,2.22
2022_13_0034114,2022.csv,2022-02-25,41.1115749994914,-8.19584799978468,14.9,6.8,67,48,0.0,0.0,0.0,23.2,68.4,93,15.47,33563.3,2.88
2022_13_0055662,2022.csv,2022-04-02,41.1701239999135,-8.2968940003713,14.2,3.3,71,34,0.0,0.0,0.0,17.0,37.1,66,23.63,42239.61,3.43
2022_13_0056032,2022.csv,2022-04-03,41.0230970001221,-8.49312699953715,14.8,5.1,58,31,0.0,0.0,0.0,20.6,37.8,61,22.67,42274.49,4.06
2022_13_0057228,2022.csv,2022-04-05,41.1670570000013,-8.19784200032552,15.6,4.3,74,36,0.0,0.0,0.0,19.9,42.5,67,22.01,41834.52,3.7
2022_13_0065929,2022.csv,2022-04-20,41.3212849998474,-8.38586199998856,13.4,2.6,91,42,0.0,0.0,0.0,22.8,47.2,339,21.78,45447.13,3.2
2022_13_0070520,2022.csv,2022-04-28,41.4197320000331,-8.68644599994024,20.4,8.2,97,51,0.0,0.0,0.0,19.4,35.6,346,23.66,44819.52,3.73
2022_13_0075695,2022.csv,2022-05-06,41.4309280003442,-8.73658199999067,23.8,11.5,95,46,0.0,0.0,0.0,15.2,32.4,8,27.8,46800.0,4.74
2022_13_0076280,2022.csv,2022-05-07,41.3476869996389,-8.64259799957275,24.4,12.5,95,43,0.0,0.0,0.0,17.9,32.8,35,26.55,45214.88,4.88
2022_13_0076321,2022.csv,2022-05-07,41.3272030003866,-8.5191099998686,26.6,13.6,93,32,0.0,0.0,0.0,23.4,40.7,75,26.67,43867.05,5.44
2022_13_0080301,2022.csv,2022-05-13,41.3241149997711,-8.45265699995889,26.6,12.0,88,35,0.0,0.0,0.0,13.0,30.2,289,27.75,46654.63,5.37
2022_13_0080433,2022.csv,2022-05-13,41.3006149999963,-8.50012200000385,26.2,12.4,90,39,0.0,0.0,0.0,12.0,28.4,282,27.69,46829.68,5.19
2022_13_0084330,2022.csv,2022-05-19,41.1955219999949,-8.0269120004442,21.2,5.6,100,54,0.0,0.0,0.0,10.8,33.5,295,27.14,44838.87,4.52
2022_13_0088977,2022.csv,2022-05-26,41.2680230000284,-8.49954700046115,28.5,15.8,89,38,0.0,0.0,0.0,22.4,40.3,67,29.29,48596.55,6.45
2022_13_0089578,2022.csv,2022-05-27,41.2420620001687,-8.57802499983046,31.3,18.8,79,24,0.0,0.0,0.0,28.8,49.3,70,29.21,48950.01,7.52
2022_13_0117961,2022.csv,2022-07-09,41.1118900002374,-8.31027999983893,35.0,20.0,60,23,0.0,0.0,0.0,14.8,31.7,100,30.27,49792.89,7.24
2022_13_0117961,2022.csv,2022-07-10,41.1118900002374,-8.31027999983893,30.8,17.1,86,41,0.0,0.0,0.0,14.8,36.4,261,29.55,49659.93,6.0
2022_13_0118627,2022.csv,2022-07-10,41.0769444444444,-8.34138888888889,30.4,16.7,86,40,0.0,0.0,0.0,14.8,36.4,261,29.55,49659.93,5.94
2022_13_0118909,2022.csv,2022-07-10,41.1972350003984,-7.93762200011147,33.2,16.9,79,25,0.0,0.0,0.0,14.4,44.3,282,29.06,49829.47,6.41
2022_13_0118909,2022.csv,2022-07-11,41.1972350003984,-7.93762200011147,29.9,14.1,92,37,0.0,0.0,0.0,10.8,35.6,297,26.93,48683.2,5.44
2022_13_0118976,2022.csv,2022-07-10,41.1425449996524,-7.93204300032722,32.8,18.1,82,33,0.0,0.0,0.0,15.2,36.4,221,29.59,49652.6,6.33
2022_13_0119149,2022.csv,2022-07-10,41.2165500005086,-7.90704999976688,32.9,16.6,79,25,0.0,0.0,0.0,14.4,44.3,282,29.06,49829.47,6.38
2022_13_0119149,2022.csv,2022-07-11,41.2165500005086,-7.90704999976688,29.6,13.8,92,37,0.0,0.0,0.0,10.8,35.6,297,26.93,48683.2,5.41
2022_13_0120949,2022.csv,2022-07-13,41.3000060000002,-8.20477399984996,37.7,24.7,58,25,0.0,0.0,0.0,13.7,29.5,37,24.48,44255.64,7.22
2022_13_0121271,2022.csv,2022-07-13,41.3000060000002,-8.20477399984996,37.7,24.7,58,25,0.0,0.0,0.0,13.7,29.5,37,24.48,44255.64,7.22
2022_13_0121442,2022.csv,2022-07-13,41.3029070001178,-8.48331000010173,38.9,28.6,46,20,0.0,0.0,0.0,17.8,33.5,69,23.69,43537.73,8.14
2022_13_0121804,2022.csv,2022-07-14,41.190902999772,-7.93049400011698,36.1,23.9,55,25,0.1,0.1,1.0,16.1,50.4,113,24.45,41068.97,6.58
2022_13_0121804,2022.csv,2022-07-15,41.190902999772,-7.93049400011698,34.7,22.2,66,24,0.0,0.0,0.0,15.4,40.0,213,28.11,48982.68,6.7
2022_13_0121804,2022.csv,2022-07-16,41.190902999772,-7.93049400011698,32.4,18.4,81,35,0.0,0.0,0.0,13.2,34.6,279,26.68,47157.34,5.85
2022_13_0121804,2022.csv,2022-07-17,41.190902999772,-7.93049400011698,34.0,19.7,80,23,0.0,0.0,0.0,13.6,37.4,245,28.65,48591.26,6.26
2022_13_0121963,2022.csv,2022-07-14,41.1969444444444,-8.23583333333333,36.4,25.0,47,25,0.0,0.0,0.0,16.5,40.3,69,25.29,40330.08,7.34
2022_13_0122224,2022.csv,2022-07-14,41.2252350001865,-8.24881800015767,37.3,25.8,48,25,0.0,0.0,0.0,16.5,40.3,69,25.29,40330.08,7.44
2022_13_0122224,2022.csv,2022-07-15,41.2252350001865,-8.24881800015767,34.4,21.0,74,33,0.0,0.0,0.0,13.7,33.5,264,27.66,49115.57,6.29
2022_13_0122232,2022.csv,2022-07-14,41.1074199999703,-8.04190000004239,35.9,25.9,53,32,0.0,0.0,0.0,16.3,42.8,80,24.6,41926.49,6.65
2022_13_0122232,2022.csv,2022-07-15,41.1074199999703,-8.04190000004239,32.8,22.9,65,33,0.0,0.0,0.0,13.6,36.7,259,27.68,49087.62,6.17
2022_13_0122232,2022.csv,2022-07-16,41.1074199999703,-8.04190000004239,31.6,21.1,69,44,0.0,0.0,0.0,13.0,33.8,294,27.12,46983.0,5.81
2022_13_0122261,2022.csv,2022-07-14,41.3351499999894,-8.62122700002458,33.5,21.4,74,30,0.0,0.0,0.0,16.4,36.0,342,22.32,35313.47,6.39
2022_13_0122945,2022.csv,2022-07-15,41.3030550000403,-8.54072700023651,30.0,19.7,79,45,0.0,0.0,0.0,15.9,37.4,251,26.01,49215.93,5.56
2022_13_0123799,2022.csv,2022-07-16,41.1613669999441,-8.24449700037638,31.9,17.4,91,35,0.0,0.0,0.0,14.1,32.4,281,27.16,46899.86,5.92
2022_13_0124406,2022.csv,2022-07-17,41.2199199999703,-7.91212699996101,33.4,16.5,74,20,0.1,0.1,1.0,15.9,42.5,251,28.54,48625.52,6.33
2022_13_0124406,2022.csv,2022-07-18,41.2199199999703,-7.91212699996101,25.8,13.2,93,35,0.0,0.0,0.0,17.9,56.5,276,28.99,48786.87,5.2
2022_13_0124550,2022.csv,2022-07-17,41.1040620001157,-8.0215330002043,34.7,21.2,79,32,0.0,0.0,0.0,14.5,40.0,265,28.63,48649.3,6.2
2022_13_0124754,2022.csv,2022-07-17,41.0986469999949,-8.32079699993134,30.3,17.8,86,43,0.0,0.0,0.0,17.6,40.0,275,28.64,48775.99,5.9
2022_13_0124754,2022.csv,2022-07-18,41.0986469999949,-8.32079699993134,26.1,15.1,98,45,0.0,0.0,0.0,20.8,47.9,251,28.66,48329.36,5.3
2022_13_0124767,2022.csv,2022-07-17,41.1641319995456,-8.24430500030518,33.6,20.8,79,40,0.0,0.0,0.0,15.4,37.1,266,28.62,48654.62,6.25
2022_13_0125380,2022.csv,2022-07-18,41.1444444444444,-8.41194444444444,25.8,17.5,97,51,0.8,0.8,4.0,21.9,44.3,229,28.28,48244.54,5.24
2022_13_0125456,2022.csv,2022-07-18,41.0978229999542,-8.31975999991099,26.2,15.2,98,45,0.0,0.0,0.0,20.8,47.9,251,28.66,48329.36,5.31
2022_13_0125456,2022.csv,2022-07-19,41.0978229999542,-8.31975999991099,23.8,15.0,90,47,0.3,0.3,3.0,15.1,36.7,266,23.23,42730.41,4.34
2022_13_0128807,2022.csv,2022-07-23,41.1825019995372,-8.23174500041538,31.5,16.3,88,29,0.0,0.0,0.0,13.0,31.3,205,28.46,48443.03,6.09
2022_13_0129919,2022.csv,2022-07-25,41.2489670001136,-7.88883200009664,23.7,7.5,95,37,0.0,0.0,0.0,14.3,45.7,290,28.41,48030.7,5.25
2022_13_0129919,2022.csv,2022-07-26,41.2489670001136,-7.88883200009664,22.1,11.5,88,36,0.0,0.0,0.0,15.9,49.0,280,28.54,47972.12,5.11
2022_13_0129919,2022.csv,2022-07-27,41.2489670001136,-7.88883200009664,22.5,9.7,82,34,0.0,0.0,0.0,17.1,53.3,283,28.34,47841.76,5.07
2022_13_0130274,2022.csv,2022-07-25,41.1296119997236,-8.55541200002035,25.3,15.5,96,60,0.0,0.0,0.0,25.1,49.3,334,27.64,48162.05,4.86
2022_13_0130274,2022.csv,2022-07-26,41.1296119997236,-8.55541200002035,24.8,17.2,91,50,0.0,0.0,0.0,23.7,47.2,324,28.07,48144.66,5.07
2022_13_0130929,2022.csv,2022-07-26,41.3010450000233,-8.55700500011444,28.3,17.4,88,39,0.0,0.0,0.0,20.3,42.8,316,28.17,48144.45,5.86
2022_13_0130929,2022.csv,2022-07-27,41.3010450000233,-8.55700500011444,27.1,15.1,96,47,0.0,0.0,0.0,21.0,43.2,298,27.95,48006.46,5.4
2022_13_0131610,2022.csv,2022-07-27,41.1476180002424,-8.00723800023397,26.6,13.0,90,35,0.0,0.0,0.0,17.7,52.6,275,28.51,47837.51,5.64
2022_13_0132316,2022.csv,2022-07-28,41.256646999783,-8.13288500044081,26.2,14.0,92,47,0.0,0.0,0.0,16.5,44.3,281,26.75,47723.64,5.13
2022_13_0132513,2022.csv,2022-07-29,41.1633729998271,-7.9038700000445,30.5,14.7,97,37,0.0,0.0,0.0,11.0,33.1,277,28.03,47590.34,5.79
2022_13_0133564,2022.csv,2022-07-30,41.0774349996779,-8.50266200012631,36.5,21.6,65,27,0.0,0.0,0.0,21.4,42.8,16,27.34,47607.76,7.81
2022_13_0133564,2022.csv,2022-07-31,41.0774349996779,-8.50266200012631,36.6,22.9,70,25,0.0,0.0,0.0,17.7,37.8,346,27.14,47488.31,7.33
2022_13_0134048,2022.csv,2022-07-31,41.1080350001653,-8.1536900001102,37.4,23.2,56,23,0.0,0.0,0.0,16.1,45.7,115,26.11,47470.41,7.0
2022_13_0134243,2022.csv,2022-07-31,41.3004369999965,-8.41175800005595,36.6,22.4,62,21,0.0,0.0,0.0,18.5,38.9,65,27.53,47484.69,7.44
2022_13_0134336,2022.csv,2022-07-31,41.2744279999203,-8.01032199965583,37.9,22.6,57,21,0.0,0.0,0.0,16.1,34.2,89,27.62,47478.68,7.44
2022_13_0134336,2022.csv,2022-08-01,41.2744279999203,-8.01032199965583,37.6,22.3,63,24,0.0,0.0,0.0,15.8,35.3,19,26.81,47366.09,6.74
2022_13_0134336,2022.csv,2022-08-02,41.2744279999203,-8.01032199965583,33.4,20.9,84,35,0.0,0.0,0.0,14.9,33.5,244,27.32,47354.3,6.11
2022_13_0134336,2022.csv,2022-08-03,41.2744279999203,-8.01032199965583,29.5,17.7,97,51,0.0,0.0,0.0,13.3,32.0,255,27.46,47249.58,5.56
2022_13_0134336,2022.csv,2022-08-04,41.2744279999203,-8.01032199965583,30.8,17.5,96,42,0.0,0.0,0.0,14.8,33.5,253,26.64,47151.18,5.63
2022_13_0134336,2022.csv,2022-08-05,41.2744279999203,-8.01032199965583,31.7,17.8,93,37,0.0,0.0,0.0,17.1,38.5,277,26.74,46962.96,5.74
2022_13_0134336,2022.csv,2022-08-06,41.2744279999203,-8.01032199965583,31.9,18.5,90,35,0.0,0.0,0.0,14.5,34.2,295,26.67,46905.99,5.78
2022_13_0134336,2022.csv,2022-08-07,41.2744279999203,-8.01032199965583,29.8,17.1,93,47,0.0,0.0,0.0,15.5,34.9,276,26.13,46773.66,5.34
2022_13_0134336,2022.csv,2022-08-08,41.2744279999203,-8.01032199965583,30.3,17.7,85,45,0.0,0.0,0.0,14.1,32.4,274,25.87,46649.72,5.42
2022_13_0134336,2022.csv,2022-08-09,41.2744279999203,-8.01032199965583,32.0,16.9,94,34,0.0,0.0,0.0,15.8,36.7,262,26.28,46598.71,5.71
2022_13_0134336,2022.csv,2022-08-10,41.2744279999203,-8.01032199965583,32.5,19.6,78,38,0.1,0.1,1.0,17.1,37.8,291,23.29,46507.82,5.26
2022_13_0134336,2022.csv,2022-08-11,41.2744279999203,-8.01032199965583,28.9,17.3,94,47,0.0,0.0,0.0,16.6,36.7,256,25.7,46452.29,5.03
2022_13_0134336,2022.csv,2022-08-12,41.2744279999203,-8.01032199965583,29.2,15.7,94,42,0.0,0.0,0.0,14.1,31.3,274,26.21,46396.57,5.32
2022_13_0134336,2022.csv,2022-08-13,41.2744279999203,-8.01032199965583,25.8,14.3,93,49,0.0,0.0,0.0,15.9,35.6,260,25.9,46340.56,4.81
2022_13_0134336,2022.csv,2022-08-14,41.2744279999203,-8.01032199965583,25.3,15.1,97,43,0.0,0.0,0.0,17.7,37.1,305,21.73,43200.0,4.33
2022_13_0134336,2022.csv,2022-08-15,41.2744279999203,-8.01032199965583,25.7,14.7,99,41,0.1,0.1,1.0,17.4,38.2,264,25.18,43200.0,4.83
2022_13_0134336,2022.csv,2022-08-16,41.2744279999203,-8.01032199965583,21.4,14.5,99,61,4.8,4.8,16.0,20.6,44.3,291,19.08,36000.0,3.41
2022_13_0134336,2022.csv,2022-08-17,41.2744279999203,-8.01032199965583,24.7,13.0,98,40,0.1,0.1,1.0,18.0,38.2,331,17.37,38613.58,3.83
2022_13_0134336,2022.csv,2022-08-18,41.2744279999203,-8.01032199965583,28.0,12.5,81,28,0.0,0.0,0.0,13.1,29.2,47,25.7,46046.16,5.44
2022_13_0134336,2022.csv,2022-08-19,41.2744279999203,-8.01032199965583,31.9,15.9,74,21,0.0,0.0,0.0,15.9,34.2,68,25.49,45903.18,5.89
2022_13_0134336,2022.csv,2022-08-20,41.2744279999203,-8.01032199965583,33.1,16.8,81,24,0.0,0.0,0.0,14.1,32.0,214,25.11,45759.0,6.13
2022_13_0134336,2022.csv,2022-08-21,41.2744279999203,-8.01032199965583,29.2,16.0,96,32,0.0,0.0,0.0,16.6,36.4,274,24.28,45613.76,5.12
2022_13_0134336,2022.csv,2022-08-22,41.2744279999203,-8.01032199965583,33.8,17.0,97,30,0.0,0.0,0.0,10.8,23.0,24,24.12,45467.55,5.59
2022_13_0134336,2022.csv,2022-08-23,41.2744279999203,-8.01032199965583,35.4,22.3,66,28,0.0,0.0,0.0,17.0,35.3,90,23.34,45320.49,6.21
2022_13_0134336,2022.csv,2022-08-24,41.2744279999203,-8.01032199965583,27.3,17.4,96,56,0.0,0.0,0.0,14.8,34.6,227,23.19,45144.21,4.56
2022_13_0134336,2022.csv,2022-08-25,41.2744279999203,-8.01032199965583,31.4,17.8,92,40,0.0,0.0,0.0,8.8,23.4,258,23.84,45024.21,5.01
2022_13_0134366,2022.csv,2022-07-31,41.1463888888889,-8.41666666666667,37.4,23.4,69,24,0.0,0.0,0.0,20.8,37.4,33,27.26,47490.81,7.74
2022_13_0134424,2022.csv,2022-07-31,41.2612970002492,-8.19905000050863,38.4,24.5,57,21,0.0,0.0,0.0,18.0,40.0,64,27.33,47482.05,7.6
2022_13_0134553,2022.csv,2022-07-31,41.1911111111111,-8.28138888888889,37.6,23.4,55,22,0.0,0.0,0.0,17.7,40.3,108,26.71,47473.2,7.44
2022_13_0134553,2022.csv,2022-08-01,41.1911111111111,-8.28138888888889,36.6,22.4,62,25,0.0,0.0,0.0,14.8,34.9,151,26.64,47361.57,6.74
2022_13_0134615,2022.csv,2022-07-31,41.0912130000856,-8.13946299976773,37.3,22.6,61,22,0.0,0.0,0.0,19.1,43.2,130,26.48,47476.71,6.9
2022_13_0134615,2022.csv,2022-08-01,41.0912130000856,-8.13946299976773,35.2,21.9,69,30,0.0,0.0,0.0,15.0,37.1,261,26.72,47364.47,6.41
2022_13_0134781,2022.csv,2022-08-01,41.1287580002679,-8.25029000000821,36.8,22.5,62,25,0.0,0.0,0.0,14.8,34.9,151,26.64,47361.57,6.76
2022_13_0135038,2022.csv,2022-08-01,41.18,-8.31611111111111,35.6,22.0,71,26,0.0,0.0,0.0,16.3,37.1,293,26.96,47371.48,6.68
2022_13_0135090,2022.csv,2022-08-01,41.0771450000339,-8.49835199991862,33.4,21.0,79,36,0.0,0.0,0.0,14.3,34.9,277,26.88,47373.96,6.13
2022_13_0137164,2022.csv,2022-08-04,41.1294444444444,-8.44,27.0,17.4,94,53,0.0,0.0,0.0,13.0,31.7,231,26.06,47096.82,4.94
2022_13_0138413,2022.csv,2022-08-06,41.3060899999407,-8.45172299994363,29.4,16.9,100,43,0.0,0.0,0.0,14.8,35.6,264,26.52,46844.88,5.15
2022_13_0139614,2022.csv,2022-08-08,41.113293999566,-8.40320000012716,28.0,16.4,97,48,0.0,0.0,0.0,14.4,34.6,274,26.26,46571.84,5.18
2022_13_0141586,2022.csv,2022-08-11,41.3911100000805,-8.21118300014072,28.8,17.1,94,48,0.0,0.0,0.0,18.0,39.2,264,25.78,46456.21,5.07
2022_13_0142913,2022.csv,2022-08-13,41.1772170003255,-7.95047700001134,24.3,13.3,90,39,0.0,0.0,0.0,18.1,53.3,280,26.44,46395.19,4.89
2022_13_0142913,2022.csv,2022-08-14,41.1772170003255,-7.95047700001134,22.6,12.0,94,44,0.0,0.0,0.0,16.1,48.2,284,25.1,46339.27,4.5
2022_13_0143121,2022.csv,2022-08-14,41.1702070000437,-7.93889899995592,23.3,12.7,94,44,0.0,0.0,0.0,16.1,48.2,284,25.1,46339.27,4.58
2022_13_0143161,2022.csv,2022-08-14,41.2791280004713,-8.1432449997796,25.1,14.9,97,43,0.0,0.0,0.0,17.7,37.1,305,21.73,43200.0,4.31
2022_13_0143309,2022.csv,2022-08-14,41.2066666666667,-8.40805555555556,24.9,15.2,97,42,0.0,0.0,0.0,17.2,37.8,314,21.14,43200.0,4.22
2022_13_0143331,2022.csv,2022-08-14,41.1105555555556,-8.38638888888889,25.4,16.1,95,40,0.4,0.4,4.0,17.8,39.6,319,21.46,44493.55,4.29
2022_13_0143732,2022.csv,2022-08-15,41.2077777777778,-8.40805555555556,24.0,14.3,99,44,0.0,0.0,0.0,17.0,37.8,280,24.33,41606.16,4.49
2022_13_0143834,2022.csv,2022-08-15,41.1204329999288,-8.00691699981689,25.2,14.6,98,44,0.2,0.2,2.0,15.5,43.9,268,25.85,46218.09,4.75
2022_13_0143916,2022.csv,2022-08-15,41.1377869998084,-7.96717700001266,24.4,13.5,98,42,0.1,0.1,1.0,17.4,47.5,263,25.85,46252.22,4.75
2022_13_0146550,2022.csv,2022-08-20,41.0747222222222,-8.34388888888889,31.5,18.1,81,28,0.0,0.0,0.0,14.4,34.6,253,25.25,45728.52,5.7
2022_13_0147349,2022.csv,2022-08-21,41.1983100001017,-8.2060520002577,28.6,15.6,100,35,0.0,0.0,0.0,15.8,37.1,281,24.02,45603.95,4.92
2022_13_0148099,2022.csv,2022-08-22,41.1555555555556,-8.43,35.2,17.5,97,28,0.0,0.0,0.0,15.2,30.2,4,23.98,45448.68,6.05
2022_13_0148618,2022.csv,2022-08-23,41.3045269997915,-8.5229570002026,34.7,20.4,82,30,0.0,0.0,0.0,17.6,36.4,82,23.26,42077.13,6.3
2022_13_0148741,2022.csv,2022-08-23,41.275,-8.29746999952528,35.1,22.8,72,30,0.4,0.4,1.0,16.7,35.3,55,23.48,45320.49,6.35
2022_13_0148876,2022.csv,2022-08-23,41.0816666666667,-8.34555555555556,33.7,20.5,79,32,0.0,0.0,0.0,15.8,36.7,330,23.63,42859.4,6.11
2022_13_0148876,2022.csv,2022-08-24,41.0816666666667,-8.34555555555556,24.1,17.7,92,64,0.0,0.0,0.0,16.1,37.8,254,18.72,43969.1,3.43
2022_13_0148965,2022.csv,2022-08-23,41.175384999911,-8.22072000000212,34.6,22.7,68,31,0.0,0.0,0.0,19.2,43.2,103,23.52,45302.36,6.26
2022_13_0148965,2022.csv,2022-08-24,41.175384999911,-8.22072000000212,26.0,17.4,96,59,0.0,0.0,0.0,13.1,33.1,255,23.48,45155.29,4.35
2022_13_0149297,2022.csv,2022-08-24,41.1783100001017,-8.22108500003815,25.6,16.9,96,59,0.0,0.0,0.0,13.1,33.1,255,23.48,45155.29,4.3
2022_13_0150600,2022.csv,2022-08-26,41.1170970000161,-8.07418999989827,31.7,17.9,83,35,0.0,0.0,0.0,13.0,31.0,341,22.64,44851.4,5.02
2022_13_0152407,2022.csv,2022-08-29,41.2628700002034,-8.51955800003476,24.2,15.9,99,53,0.0,0.0,0.0,17.6,38.5,220,22.82,44419.07,4.11
2022_13_0153219,2022.csv,2022-08-30,41.1884849998686,-8.23064199977451,23.8,11.9,99,43,0.0,0.0,0.0,13.9,33.5,268,23.61,43490.88,4.21
2022_13_0153219,2022.csv,2022-08-31,41.1884849998686,-8.23064199977451,24.6,10.9,98,44,0.0,0.0,0.0,16.5,40.0,266,22.25,43389.07,3.95
2022_13_0154178,2022.csv,2022-09-01,41.2933079995049,-8.00248700009452,23.7,13.1,100,49,0.2,0.2,2.0,14.7,36.7,287,17.72,38409.94,3.41
2022_13_0155312,2022.csv,2022-09-03,41.3049220000373,-8.4085820002026,22.0,11.3,99,37,0.0,0.0,0.0,18.0,39.2,255,22.73,42980.36,3.97
2022_13_0155907,2022.csv,2022-09-04,41.3046100001865,-8.44208500014411,22.0,14.0,97,56,2.9,2.9,15.0,26.5,57.6,204,17.5,42330.34,3.19
2022_13_0160313,2022.csv,2022-09-12,41.115335000356,-8.3911420000924,25.3,19.4,88,55,6.4,6.4,13.0,16.5,47.9,142,9.6,18001.55,2.44
2022_14_0022164,2022.csv,2022-04-19,39.1825,-8.74194444444444,16.9,11.1,77,45,0.0,0.0,0.0,41.3,76.3,339,23.85,45034.29,4.4
2022_14_0032448,2022.csv,2022-06-02,39.4447222222222,-8.31,25.3,16.2,97,32,1.4,1.4,7.0,22.0,41.0,207,22.13,37216.86,4.93
2022_14_0036279,2022.csv,2022-06-18,39.57,-8.16722222222222,28.2,16.4,90,28,0.1,0.1,1.0,25.5,54.4,266,26.36,41533.96,5.64
2022_14_0038264,2022.csv,2022-06-27,39.5758333333333,-8.16361111111111,26.0,11.9,81,30,0.0,0.0,0.0,27.8,55.4,327,30.58,49556.82,6.56
2022_14_0040181,2022.csv,2022-07-05,39.6570000002119,-8.63799999978807,28.8,15.2,99,53,0.0,0.0,0.0,19.2,38.5,300,28.59,46154.02,5.36
2022_14_0040428,2022.csv,2022-07-06,39.4491666666667,-8.23972222222222,35.5,17.9,99,24,0.0,0.0,0.0,24.0,46.1,316,26.94,43836.82,6.78
2022_14_0040428,2022.csv,2022-07-07,39.4491666666667,-8.23972222222222,38.6,22.2,67,16,0.0,0.0,0.0,27.4,50.0,52,29.55,49065.07,8.97
2022_14_0040647,2022.csv,2022-07-07,39.8019444444444,-8.4875,35.5,19.0,76,25,0.0,0.0,0.0,22.5,42.8,34,29.5,49281.38,7.98
2022_14_0040647,2022.csv,2022-07-08,39.8019444444444,-8.4875,36.5,21.5,51,16,0.0,0.0,0.0,19.2,38.2,14,30.36,49259.44,8.48
2022_14_0040647,2022.csv,2022-07-09,39.8019444444444,-8.4875,38.1,20.3,64,15,0.0,0.0,0.0,21.4,44.6,317,29.98,49151.05,7.93
2022_14_0040647,2022.csv,2022-07-10,39.8019444444444,-8.4875,30.8,17.2,85,33,0.0,0.0,0.0,21.0,42.5,327,29.69,49126.92,7.47
2022_14_0040647,2022.csv,2022-07-11,39.8019444444444,-8.4875,31.1,15.0,91,35,0.0,0.0,0.0,25.6,49.0,334,25.66,45956.03,6.19
2022_14_0040647,2022.csv,2022-07-12,39.8019444444444,-8.4875,41.0,19.6,75,12,0.0,0.0,0.0,27.0,52.2,130,26.77,44079.55,9.33
2022_14_0040647,2022.csv,2022-07-13,39.8019444444444,-8.4875,42.0,22.3,51,11,0.0,0.0,0.0,29.8,55.8,86,21.95,34138.71,7.55
2022_14_0040647,2022.csv,2022-07-14,39.8019444444444,-8.4875,40.8,23.6,54,13,0.0,0.0,0.0,21.7,44.6,310,23.0,41546.23,7.4
2022_14_0040647,2022.csv,2022-07-15,39.8019444444444,-8.4875,35.5,20.4,68,22,0.0,0.0,0.0,19.9,40.0,309,28.68,48836.23,7.04
2022_14_0040647,2022.csv,2022-07-16,39.8019444444444,-8.4875,35.3,16.5,95,27,0.0,0.0,0.0,22.3,47.5,314,28.47,48702.89,6.74
2022_14_0040647,2022.csv,2022-07-17,39.8019444444444,-8.4875,36.2,16.4,95,23,0.0,0.0,0.0,22.7,50.0,281,27.61,48190.77,6.7
2022_14_0040954,2022.csv,2022-07-08,39.7163199996948,-8.64904500007629,36.6,19.3,59,16,0.0,0.0,0.0,21.0,40.7,1,30.39,49172.39,8.49
2022_14_0040954,2022.csv,2022-07-09,39.7163199996948,-8.64904500007629,37.8,20.8,66,16,0.0,0.0,0.0,23.5,47.5,303,30.05,49150.19,7.9
2022_14_0041383,2022.csv,2022-07-10,39.0488888888889,-8.66305555555556,36.8,21.7,62,16,0.0,0.0,0.0,23.4,45.0,318,29.57,48880.22,8.59
2022_14_0041838,2022.csv,2022-07-12,39.7636111111111,-8.66111111111111,40.5,17.5,88,12,0.0,0.0,0.0,26.7,52.2,139,26.42,44218.83,9.49
2022_14_0041838,2022.csv,2022-07-13,39.7636111111111,-8.66111111111111,41.6,22.9,53,11,0.0,0.0,0.0,24.7,58.0,103,21.9,34852.22,7.43
2022_14_0041838,2022.csv,2022-07-14,39.7636111111111,-8.66111111111111,38.5,22.4,69,16,0.0,0.0,0.0,26.9,53.6,271,21.16,39701.38,6.57
2022_14_0041838,2022.csv,2022-07-15,39.7636111111111,-8.66111111111111,34.7,19.3,77,25,0.0,0.0,0.0,18.7,38.2,300,28.68,48787.98,6.54
2022_14_0041838,2022.csv,2022-07-16,39.7636111111111,-8.66111111111111,34.9,15.7,99,26,0.0,0.0,0.0,22.3,46.1,307,28.61,48720.16,6.42
2022_14_0041838,2022.csv,2022-07-17,39.7636111111111,-8.66111111111111,35.0,16.3,99,25,0.0,0.0,0.0,21.7,48.6,272,27.78,48453.65,6.43
2022_14_0042155,2022.csv,2022-07-13,39.755,-8.66444444444445,41.7,23.1,53,11,0.0,0.0,0.0,24.7,58.0,103,21.9,34852.22,7.44
2022_14_0042155,2022.csv,2022-07-14,39.755,-8.66444444444445,38.6,22.6,69,16,0.0,0.0,0.0,26.9,53.6,271,21.16,39701.38,6.59
2022_14_0042155,2022.csv,2022-07-15,39.755,-8.66444444444445,34.9,19.5,77,25,0.0,0.0,0.0,18.7,38.2,300,28.68,48787.98,6.55
2022_14_0042155,2022.csv,2022-07-16,39.755,-8.66444444444445,35.0,15.9,99,26,0.0,0.0,0.0,22.3,46.1,307,28.61,48720.16,6.44
2022_14_0042155,2022.csv,2022-07-17,39.755,-8.66444444444445,35.1,16.5,99,26,0.0,0.0,0.0,21.7,48.6,272,27.78,48453.65,6.45
2022_14_0045644,2022.csv,2022-07-27,39.5588888888889,-7.85472222222222,33.8,16.9,82,22,0.0,0.0,0.0,24.7,47.5,289,28.32,47360.61,7.51
2022_14_0046480,2022.csv,2022-07-31,39.7330555555556,-8.49055555555556,39.0,21.7,71,23,0.0,0.0,0.0,25.1,49.7,304,27.02,47245.25,7.49
2022_14_0046480,2022.csv,2022-08-01,39.7330555555556,-8.49055555555556,34.8,19.7,84,36,0.0,0.0,0.0,20.5,41.4,307,27.51,47093.31,7.22
2022_14_0046727,2022.csv,2022-08-01,39.7386111111111,-8.63722222222222,31.7,17.7,92,40,0.0,0.0,0.0,18.2,38.5,295,27.47,47160.1,6.22
2022_14_0046727,2022.csv,2022-08-02,39.7386111111111,-8.63722222222222,30.2,16.8,100,46,0.0,0.0,0.0,19.1,40.0,291,27.7,46917.61,5.53
2022_14_0049021,2022.csv,2022-08-11,39.2505555555556,-8.90194444444444,30.0,17.3,91,37,0.0,0.0,0.0,19.4,35.3,259,24.67,41745.45,5.19
2022_14_0049300,2022.csv,2022-08-12,39.6432299995422,-8.26858500003815,33.0,16.1,100,20,0.0,0.0,0.0,24.0,45.7,310,26.11,46217.7,6.01
2022_14_0049300,2022.csv,2022-08-13,39.6432299995422,-8.26858500003815,30.1,15.9,91,32,0.0,0.0,0.0,23.7,45.0,312,25.59,46165.68,5.94
2022_14_0049695,2022.csv,2022-08-14,39.6367750000954,-8.26540799988641,28.3,15.6,96,33,0.0,0.0,0.0,28.2,54.0,327,26.02,46113.46,5.81
2022_14_0049908,2022.csv,2022-08-15,39.7118800004323,-8.47595399962531,28.1,16.4,98,39,0.0,0.0,0.0,24.7,42.8,322,25.25,44785.22,5.52
2022_14_0049908,2022.csv,2022-08-16,39.7118800004323,-8.47595399962531,26.0,17.2,90,39,0.1,0.1,1.0,31.0,53.6,327,20.65,44078.99,4.89
2022_14_0050816,2022.csv,2022-08-19,39.7266666666667,-8.63222222222222,34.8,16.0,77,16,0.0,0.0,0.0,25.7,49.3,27,25.47,45675.41,7.54
2022_14_0050823,2022.csv,2022-08-19,39.7770619996389,-8.6315210003323,35.2,16.4,77,16,0.0,0.0,0.0,25.7,49.3,27,25.47,45675.41,7.59
2022_14_0050823,2022.csv,2022-08-20,39.7770619996389,-8.6315210003323,32.1,15.8,94,34,0.0,0.0,0.0,20.4,42.1,307,25.37,45539.11,5.82
2022_14_0050823,2022.csv,2022-08-21,39.7770619996389,-8.6315210003323,26.2,15.1,100,40,0.0,0.0,0.0,26.1,51.5,325,23.54,39344.08,4.69
2022_14_0050823,2022.csv,2022-08-22,39.7770619996389,-8.6315210003323,32.3,16.1,99,34,0.0,0.0,0.0,24.4,47.2,315,23.62,40353.39,5.58
2022_14_0051399,2022.csv,2022-08-21,39.6909209998449,-8.55046000000503,28.5,15.5,99,33,0.0,0.0,0.0,32.4,55.8,326,24.07,44020.98,5.45
2022_14_0051399,2022.csv,2022-08-22,39.6909209998449,-8.55046000000503,34.7,16.4,99,29,0.0,0.0,0.0,29.3,50.0,318,23.91,43789.59,6.48
2022_14_0051622,2022.csv,2022-08-22,39.7238888888889,-8.65444444444444,32.1,16.0,99,34,0.0,0.0,0.0,24.4,47.2,315,23.62,40353.39,5.56
2022_14_0051626,2022.csv,2022-08-22,39.2675,-8.92527777777778,30.5,17.6,95,40,0.0,0.0,0.0,28.2,48.6,322,23.55,42467.31,5.59
2022_15_0035039,2022.csv,2022-04-20,38.6625699996948,-8.66515000025431,17.8,9.4,74,38,0.4,0.4,2.0,33.6,66.6,337,25.34,45101.3,4.75
2022_15_0053003,2022.csv,2022-06-12,38.3758930004968,-8.52789699978299,38.1,20.0,83,16,0.0,0.0,0.0,24.3,48.2,283,28.05,48178.68,7.42
2022_15_0053715,2022.csv,2022-06-14,38.5963780000475,-8.9964479997423,32.4,17.7,97,34,0.0,0.0,0.0,13.8,31.3,237,28.92,48605.65,6.1
2022_15_0063113,2022.csv,2022-07-12,38.6337099999852,-8.74138000011444,40.7,21.5,63,9,0.0,0.0,0.0,19.9,40.3,128,19.47,25230.04,7.16
2022_15_0076464,2022.csv,2022-08-20,38.6587049998177,-9.25027900000413,34.6,21.0,72,30,0.0,0.0,0.0,18.3,36.7,3,25.4,45384.19,6.43
2022_15_0076464,2022.csv,2022-08-21,38.6587049998177,-9.25027900000413,29.0,18.2,88,39,0.0,0.0,0.0,21.4,42.1,355,25.03,45252.38,5.43
2022_16_0000072,2022.csv,2022-01-01,41.9422222222222,-8.58555555555555,18.4,11.9,85,44,1.2,1.2,2.0,22.0,57.2,171,6.83,19225.31,2.75
2022_16_0000092,2022.csv,2022-01-01,41.8388888888889,-8.33416666666667,18.7,12.0,86,48,3.1,3.1,3.0,16.7,60.8,168,6.9,20698.41,2.16
2022_16_0002469,2022.csv,2022-01-27,41.9935179996491,-8.46347700013055,15.1,1.4,86,58,0.0,0.0,0.0,8.0,20.9,83,10.78,31491.31,1.47
2022_16_0002561,2022.csv,2022-01-27,42.0786111111111,-8.22555555555556,12.4,1.6,88,59,0.0,0.0,0.0,9.3,27.7,91,10.76,31492.53,1.45
2022_16_0002587,2022.csv,2022-01-28,41.9119444444444,-8.48277777777778,14.4,0.4,84,30,0.0,0.0,0.0,9.7,32.4,79,11.61,31811.66,1.77
2022_16_0002607,2022.csv,2022-01-28,41.9691669999229,-8.45229700009028,12.7,-1.1,86,46,0.0,0.0,0.0,9.8,27.4,86,11.46,31720.07,1.57
2022_16_0002650,2022.csv,2022-01-28,41.8741550000509,-8.23639500008689,15.4,1.5,85,30,0.0,0.0,0.0,10.2,31.7,59,11.62,31831.84,1.89
2022_16_0002677,2022.csv,2022-01-28,41.9613888888889,-8.52333333333333,14.1,0.0,83,30,0.0,0.0,0.0,9.7,32.4,79,11.61,31811.66,1.76
2022_16_0002693,2022.csv,2022-01-28,41.8847222222222,-8.46833333333333,15.4,0.2,77,43,0.0,0.0,0.0,10.1,33.1,53,11.51,31816.5,1.78
2022_16_0002695,2022.csv,2022-01-28,41.7586111111111,-8.46444444444444,14.9,0.5,86,29,0.0,0.0,0.0,10.7,34.9,48,11.59,31851.93,1.88
2022_16_0002696,2022.csv,2022-01-28,41.9663888888889,-8.44972222222222,14.3,0.2,83,30,0.0,0.0,0.0,9.7,32.4,79,11.61,31811.66,1.77
2022_16_0002697,2022.csv,2022-01-28,42.035,-8.25944444444444,12.8,1.1,83,29,0.0,0.0,0.0,11.5,46.4,98,11.57,31736.91,1.92
2022_16_0002698,2022.csv,2022-01-28,41.9511111111111,-8.44472222222222,14.8,0.7,84,30,0.0,0.0,0.0,9.7,32.4,79,11.61,31811.66,1.79
2022_16_0002706,2022.csv,2022-01-28,42.0212630001704,-8.58715500010385,12.4,-0.5,84,50,0.0,0.0,0.0,11.4,28.1,63,11.38,31702.75,1.47
2022_16_0002715,2022.csv,2022-01-28,41.9077777777778,-8.37611111111111,15.0,1.0,84,30,0.0,0.0,0.0,9.7,32.4,79,11.61,31811.66,1.8
2022_16_0002737,2022.csv,2022-01-29,41.7875,-8.2575,14.8,-0.4,72,16,0.0,0.0,0.0,12.1,42.5,77,11.9,32059.65,1.96
2022_16_0002748,2022.csv,2022-01-29,42.0430555555556,-8.195,13.4,0.1,63,15,0.0,0.0,0.0,12.4,40.7,121,11.66,31905.88,2.26
2022_16_0002751,2022.csv,2022-01-29,41.8780555555556,-8.31972222222222,15.5,1.2,59,24,0.0,0.0,0.0,13.5,38.2,48,11.82,32025.94,2.07
2022_16_0002806,2022.csv,2022-01-29,41.9803130001492,-8.56206199963887,13.6,-0.8,70,38,0.0,0.0,0.0,6.0,25.9,105,11.63,31971.72,1.67
2022_16_0002809,2022.csv,2022-01-29,41.7269444444444,-8.58944444444444,17.0,-0.9,82,36,0.0,0.0,0.0,9.8,22.3,35,11.53,32021.67,1.76
2022_16_0002809,2022.csv,2022-01-30,41.7269444444444,-8.58944444444444,17.4,0.4,81,33,0.0,0.0,0.0,8.8,16.2,21,11.39,32123.32,1.84
2022_16_0002814,2022.csv,2022-01-29,41.8696729999118,-8.44339699957106,17.5,1.5,66,30,0.0,0.0,0.0,9.2,20.5,55,11.54,31982.47,1.96
2022_16_0002814,2022.csv,2022-01-30,41.8696729999118,-8.44339699957106,16.9,6.8,71,28,0.0,0.0,0.0,9.4,18.7,36,11.42,32085.58,2.09
2022_16_0002858,2022.csv,2022-01-30,41.7786111111111,-8.26833333333333,15.4,-1.6,76,27,0.0,0.0,0.0,10.2,27.4,52,11.6,32152.41,1.87
2022_16_0002886,2022.csv,2022-01-30,42.0094444444444,-8.11833333333333,12.0,1.9,64,14,0.0,0.0,0.0,10.2,25.2,106,11.68,32108.69,2.13
2022_16_0002890,2022.csv,2022-01-30,41.9880555555556,-8.28638888888889,13.5,3.4,65,14,0.0,0.0,0.0,10.2,25.2,106,11.68,32108.69,2.23
2022_16_0002901,2022.csv,2022-01-30,41.9083333333333,-8.48,15.2,1.4,59,35,0.0,0.0,0.0,6.4,18.7,55,11.61,32098.45,1.87
2022_16_0002924,2022.csv,2022-01-30,41.9438888888889,-8.37472222222222,14.5,0.7,59,34,0.0,0.0,0.0,6.4,18.7,55,11.61,32098.45,1.83
2022_16_0002927,2022.csv,2022-01-30,41.9302777777778,-8.49944444444444,13.5,-0.2,59,34,0.0,0.0,0.0,6.4,18.7,55,11.61,32098.45,1.79
2022_16_0002935,2022.csv,2022-01-30,41.7605555555556,-8.77083333333333,17.2,2.0,80,28,0.0,0.0,0.0,10.2,23.4,38,11.38,32178.37,1.89
2022_16_0002935,2022.csv,2022-01-31,41.7605555555556,-8.77083333333333,14.7,2.4,78,51,0.0,0.0,0.0,14.8,45.7,43,11.61,32378.96,1.9
2022_16_0002936,2022.csv,2022-01-30,41.9127777777778,-8.50833333333333,14.8,1.1,59,34,0.0,0.0,0.0,6.4,18.7,55,11.61,32098.45,1.85
2022_16_0002950,2022.csv,2022-01-30,41.8861111111111,-8.47111111111111,15.5,3.8,75,32,0.0,0.0,0.0,8.5,21.2,28,11.51,32101.88,1.94
2022_16_0002951,2022.csv,2022-01-30,41.9141666666667,-8.40833333333333,15.0,9.8,57,23,0.0,0.0,0.0,7.1,16.9,29,11.53,32082.75,1.92
2022_16_0003017,2022.csv,2022-01-31,41.9946729999118,-8.14581999990675,9.9,0.2,94,31,0.0,0.0,0.0,11.2,40.3,47,11.78,32301.19,1.72
2022_16_0003032,2022.csv,2022-01-31,41.9480555555556,-8.48777777777778,13.9,1.1,83,29,0.0,0.0,0.0,11.5,43.9,51,11.87,32381.07,1.94
2022_16_0003032,2022.csv,2022-02-01,41.9480555555556,-8.48777777777778,14.0,0.8,86,56,0.0,0.0,0.0,12.3,43.9,74,11.39,32494.58,1.54
2022_16_0003039,2022.csv,2022-01-31,41.9688150000572,-8.57910300042894,12.6,1.6,84,22,0.0,0.0,0.0,13.4,45.4,65,11.74,32272.96,1.92
2022_16_0003064,2022.csv,2022-01-31,42.0080555555556,-8.57194444444444,12.8,3.8,81,42,0.0,0.0,0.0,13.6,40.0,22,11.67,32258.13,1.69
2022_16_0003064,2022.csv,2022-02-01,42.0080555555556,-8.57194444444444,14.7,2.4,89,58,0.0,0.0,0.0,12.4,40.7,44,11.2,32461.42,1.54
2022_16_0003087,2022.csv,2022-01-31,42.0046280002594,-8.58215300030179,11.1,2.1,81,41,0.0,0.0,0.0,13.6,40.0,22,11.67,32258.13,1.59
2022_16_0003087,2022.csv,2022-02-01,42.0046280002594,-8.58215300030179,13.0,0.7,88,58,0.0,0.0,0.0,12.4,40.7,44,11.2,32461.42,1.46
2022_16_0003101,2022.csv,2022-01-31,41.8380555555556,-8.33138888888889,14.1,2.5,83,35,0.0,0.0,0.0,11.1,37.8,13,11.78,32387.57,1.89
2022_16_0003101,2022.csv,2022-02-01,41.8380555555556,-8.33138888888889,15.4,0.8,88,55,0.0,0.0,0.0,10.9,37.1,39,11.31,32498.92,1.56
2022_16_0003142,2022.csv,2022-02-01,41.8419444444444,-8.32222222222222,15.3,0.8,88,55,0.0,0.0,0.0,10.9,37.1,39,11.31,32498.92,1.56
2022_16_0003142,2022.csv,2022-02-02,41.8419444444444,-8.32222222222222,16.6,4.3,81,52,0.0,0.0,0.0,12.2,37.1,140,11.59,32608.29,1.79
2022_16_0003225,2022.csv,2022-02-02,42.0325230005052,-8.5757820002238,18.2,6.0,84,46,0.0,0.0,0.0,10.4,28.8,181,11.48,32572.23,1.77
2022_16_0003240,2022.csv,2022-02-02,41.8567330000136,-8.3274449994829,15.7,2.8,84,50,0.0,0.0,0.0,9.4,45.0,76,11.8,32737.08,1.72
2022_16_0003356,2022.csv,2022-02-03,41.9144444444444,-8.4725,12.9,4.0,100,66,0.2,0.2,2.0,12.1,31.0,181,8.81,31562.49,1.28
2022_16_0003716,2022.csv,2022-02-07,41.7633333333333,-8.54111111111111,17.6,2.1,86,48,0.0,0.0,0.0,10.6,21.2,27,12.52,33552.86,1.84
2022_16_0003843,2022.csv,2022-02-08,41.7155555555556,-8.5225,16.8,2.2,84,40,0.0,0.0,0.0,10.5,25.6,77,12.82,33731.6,1.94
2022_16_0004044,2022.csv,2022-02-09,41.9713888888889,-8.52861111111111,14.2,4.9,82,49,0.0,0.0,0.0,12.5,32.8,162,12.58,33810.09,2.05
2022_16_0004177,2022.csv,2022-02-10,41.7894444444444,-8.36722222222222,16.4,5.5,91,57,0.2,0.2,1.0,11.2,31.7,136,11.37,33557.21,1.71
2022_16_0004188,2022.csv,2022-02-10,41.9694444444444,-8.40166666666667,15.6,6.9,88,55,0.4,0.4,3.0,12.2,34.6,174,10.99,31452.31,1.82
2022_16_0004188,2022.csv,2022-02-11,41.9694444444444,-8.40166666666667,14.1,4.1,98,66,0.2,0.2,2.0,8.1,23.0,189,10.5,28587.21,1.46
2022_16_0004205,2022.csv,2022-02-10,41.7447222222222,-8.51222222222222,15.8,4.1,91,55,0.4,0.4,1.0,12.5,30.6,161,11.49,34048.83,1.69
2022_16_0004205,2022.csv,2022-02-11,41.7447222222222,-8.51222222222222,14.3,2.7,94,66,0.0,0.0,0.0,8.0,21.2,47,10.75,30788.09,1.49
2022_16_0005624,2022.csv,2022-02-24,41.7780555555556,-8.35916666666667,12.8,4.8,87,62,0.0,0.0,0.0,17.6,52.9,56,14.11,34684.92,1.98
2022_16_0005624,2022.csv,2022-02-25,41.7780555555556,-8.35916666666667,14.9,4.8,78,42,0.0,0.0,0.0,15.0,48.6,56,15.61,35436.86,2.52
2022_16_0006535,2022.csv,2022-03-06,41.8025,-8.22722222222222,5.8,-1.2,92,50,0.0,0.0,0.0,11.7,38.2,44,13.27,38004.83,1.51
2022_16_0006549,2022.csv,2022-03-06,41.9755555555556,-8.45611111111111,10.2,-0.4,87,43,0.0,0.0,0.0,13.4,37.8,45,16.16,37740.22,2.02
2022_16_0006566,2022.csv,2022-03-06,41.8761111111111,-8.44527777777778,11.7,2.2,86,42,0.0,0.0,0.0,13.1,39.6,17,15.79,37903.4,2.18
2022_16_0006566,2022.csv,2022-03-07,41.8761111111111,-8.44527777777778,12.3,2.1,90,43,3.9,3.9,5.0,18.4,58.3,164,14.96,30803.39,2.08
2022_16_0007764,2022.csv,2022-03-19,41.8819444444444,-8.29472222222222,16.3,4.8,88,47,0.0,0.0,0.0,14.7,39.6,119,16.94,39443.86,2.6
2022_16_0007764,2022.csv,2022-03-20,41.8819444444444,-8.29472222222222,15.8,5.8,85,50,0.0,0.0,0.0,11.7,32.0,86,13.99,27940.11,2.39
2022_16_0007775,2022.csv,2022-03-20,41.8483333333333,-8.23388888888889,15.8,5.8,85,50,0.0,0.0,0.0,11.7,32.0,86,13.99,27940.11,2.39
2022_16_0009403,2022.csv,2022-04-04,41.8744444444444,-8.17222222222222,13.8,-1.2,81,34,0.0,0.0,0.0,13.8,41.4,55,24.29,42966.52,3.36
2022_16_0009403,2022.csv,2022-04-05,41.8744444444444,-8.17222222222222,15.8,0.5,84,34,0.0,0.0,0.0,11.0,31.0,53,21.37,40529.62,3.17
2022_16_0009557,2022.csv,2022-04-06,42.0491666666667,-8.21666666666667,11.4,1.2,98,56,0.0,0.0,0.0,13.9,40.3,286,22.58,42980.05,2.66
2022_16_0009688,2022.csv,2022-04-07,42.06,-8.25611111111111,11.7,6.9,97,71,1.2,1.2,8.0,22.1,55.8,224,7.65,5652.53,1.16
2022_16_0009707,2022.csv,2022-04-07,42.0586111111111,-8.26861111111111,11.9,7.1,97,71,1.2,1.2,8.0,22.1,55.8,224,7.65,5652.53,1.17
2022_16_0010774,2022.csv,2022-04-18,41.8769444444444,-8.45277777777778,17.0,7.5,92,58,0.2,0.2,2.0,26.2,71.6,351,20.92,42188.73,2.96
2022_16_0010774,2022.csv,2022-04-19,41.8769444444444,-8.45277777777778,12.9,5.7,92,56,0.4,0.4,2.0,24.7,73.1,351,19.97,45370.77,2.71
2022_16_0011857,2022.csv,2022-04-29,41.9594444444444,-8.53222222222222,20.5,7.7,90,55,0.0,0.0,0.0,10.1,27.0,13,26.0,46758.34,4.29
2022_16_0012292,2022.csv,2022-05-03,41.9941666666667,-8.56694444444445,18.4,5.0,90,48,0.1,0.1,1.0,17.2,44.3,37,24.66,46800.0,3.84
2022_16_0012292,2022.csv,2022-05-04,41.9941666666667,-8.56694444444445,19.3,6.5,90,48,0.3,0.3,1.0,12.9,32.0,37,24.64,46800.0,3.97
2022_16_0012308,2022.csv,2022-05-04,42.0455169995626,-8.19084999985165,16.4,4.5,100,51,0.0,0.0,0.0,14.3,42.5,54,24.9,46800.0,3.65
2022_16_0019658,2022.csv,2022-07-09,41.8702777777778,-8.34305555555556,32.1,16.7,83,30,0.0,0.0,0.0,10.7,22.7,45,30.48,50190.35,6.37
2022_16_0019658,2022.csv,2022-07-10,41.8702777777778,-8.34305555555556,30.0,16.5,87,54,0.0,0.0,0.0,9.7,24.8,335,30.07,50047.18,5.9
2022_16_0019675,2022.csv,2022-07-09,41.9047222222222,-8.43055555555556,34.7,17.8,84,30,0.0,0.0,0.0,9.4,23.4,20,30.32,50227.98,6.43
2022_16_0019675,2022.csv,2022-07-10,41.9047222222222,-8.43055555555556,31.5,17.9,84,46,0.0,0.0,0.0,12.6,30.6,341,29.95,50085.54,6.11
2022_16_0020104,2022.csv,2022-07-12,41.8538888888889,-8.24666666666667,35.8,22.5,77,31,0.0,0.0,0.0,9.5,35.3,46,27.65,49865.39,6.59
2022_16_0020104,2022.csv,2022-07-13,41.8538888888889,-8.24666666666667,35.4,22.9,67,36,0.0,0.0,0.0,10.0,29.5,48,27.63,49725.72,6.57
2022_16_0020104,2022.csv,2022-07-14,41.8538888888889,-8.24666666666667,35.0,22.7,64,34,0.0,0.0,0.0,12.7,38.9,22,26.68,44294.27,6.74
2022_16_0020104,2022.csv,2022-07-15,41.8538888888889,-8.24666666666667,31.9,22.0,76,31,0.0,0.0,0.0,12.2,39.6,181,27.03,48999.02,5.95
2022_16_0020104,2022.csv,2022-07-16,41.8538888888889,-8.24666666666667,31.1,19.3,93,40,0.0,0.0,0.0,10.1,31.3,227,28.14,49079.55,5.78
2022_16_0020113,2022.csv,2022-07-13,41.9713888888889,-8.48,34.9,22.6,65,33,0.0,0.0,0.0,11.8,34.6,127,27.31,49758.51,6.51
2022_16_0020175,2022.csv,2022-07-13,41.8927777777778,-8.79555555555556,37.6,25.3,64,27,0.0,0.0,0.0,16.2,40.7,93,26.78,48268.29,6.87
2022_16_0020181,2022.csv,2022-07-13,41.8911111111111,-8.78916666666667,37.9,25.6,64,27,0.0,0.0,0.0,16.2,40.7,93,26.78,48268.29,6.91
2022_16_0020181,2022.csv,2022-07-14,41.8911111111111,-8.78916666666667,37.6,25.2,62,30,0.0,0.0,0.0,19.1,50.4,42,23.86,35927.91,6.48
2022_16_0020182,2022.csv,2022-07-13,42.0371700000763,-8.57351199997796,37.0,25.7,71,26,0.0,0.0,0.0,13.7,34.9,89,27.05,49616.84,6.65
2022_16_0020182,2022.csv,2022-07-14,42.0371700000763,-8.57351199997796,35.4,23.9,71,33,0.0,0.0,0.0,15.4,42.8,19,24.41,37679.47,6.31
2022_16_0020427,2022.csv,2022-07-15,42.0405819998847,-8.1399100001653,29.7,18.0,92,25,0.0,0.0,0.0,15.3,59.8,150,26.39,49254.43,6.07
2022_16_0021953,2022.csv,2022-07-27,41.7522222222222,-8.46777777777778,26.1,12.9,89,40,0.0,0.0,0.0,15.8,38.2,322,28.3,47894.98,5.25
2022_16_0022286,2022.csv,2022-07-29,41.8158333333333,-8.60194444444445,28.0,17.2,94,54,0.0,0.0,0.0,18.4,49.0,351,27.32,48009.68,5.58
2022_16_0022425,2022.csv,2022-07-30,41.6352399999566,-8.71964799986945,34.3,18.0,83,38,0.0,0.0,0.0,16.3,33.8,355,27.43,47866.23,6.61
2022_16_0022425,2022.csv,2022-07-31,41.6352399999566,-8.71964799986945,35.1,21.7,75,33,0.0,0.0,0.0,15.6,33.5,355,27.29,47735.88,6.62
2022_16_0022933,2022.csv,2022-08-03,42.086011999978,-8.35012699999743,30.7,17.8,100,53,0.0,0.0,0.0,15.3,32.4,305,26.57,47479.96,5.58
2022_16_0023209,2022.csv,2022-08-05,41.8319444444444,-8.43861111111111,30.7,17.7,87,47,0.0,0.0,0.0,11.6,29.2,351,26.17,47095.34,5.54
2022_16_0023291,2022.csv,2022-08-06,41.9469444444444,-8.43027777777778,29.8,17.5,89,48,0.0,0.0,0.0,12.2,31.0,316,26.61,47154.61,5.32
2022_16_0023347,2022.csv,2022-08-06,41.9497222222222,-8.43305555555555,29.2,16.9,89,48,0.0,0.0,0.0,12.2,31.0,316,26.61,47154.61,5.25
2022_16_0023347,2022.csv,2022-08-07,41.9497222222222,-8.43305555555555,27.8,16.6,99,58,0.0,0.0,0.0,11.3,29.5,320,25.8,46915.67,4.9
2022_16_0023352,2022.csv,2022-08-06,41.7961111111111,-8.50833333333333,30.1,18.9,93,48,0.0,0.0,0.0,10.4,28.4,267,26.42,47025.66,5.22
2022_16_0023368,2022.csv,2022-08-06,41.8311111111111,-8.44166666666667,28.9,18.0,88,49,0.0,0.0,0.0,10.9,29.5,302,26.41,47031.64,5.12
2022_16_0024022,2022.csv,2022-08-10,41.7741666666667,-8.40333333333333,30.4,18.5,92,50,0.4,0.4,2.0,14.1,36.7,286,23.81,46505.9,4.91
2022_16_0024022,2022.csv,2022-08-11,41.7741666666667,-8.40333333333333,26.5,17.0,100,60,0.0,0.0,0.0,11.2,30.6,227,25.95,46417.28,4.71
2022_16_0024432,2022.csv,2022-08-13,41.7719444444444,-8.39944444444444,24.6,14.5,100,59,0.0,0.0,0.0,12.2,34.2,251,25.89,46025.23,4.54
2022_16_0025084,2022.csv,2022-08-18,41.8988888888889,-8.48472222222222,23.0,10.9,88,44,0.0,0.0,0.0,13.1,41.0,35,25.98,46050.16,4.73
2022_16_0025084,2022.csv,2022-08-19,41.8988888888889,-8.48472222222222,27.6,13.1,83,37,0.0,0.0,0.0,12.4,34.2,20,25.52,45991.31,5.11
2022_16_0025225,2022.csv,2022-08-19,41.8994444444444,-8.48777777777778,27.4,12.9,83,37,0.0,0.0,0.0,12.4,34.2,20,25.52,45991.31,5.09
2022_16_0025225,2022.csv,2022-08-20,41.8994444444444,-8.48777777777778,28.0,14.7,92,42,0.0,0.0,0.0,11.1,32.0,355,25.22,45851.44,4.97
2022_16_0025465,2022.csv,2022-08-21,42.0442050001356,-8.46165500005086,26.2,14.6,100,46,0.0,0.0,0.0,14.8,34.6,310,23.48,45005.88,4.32
2022_16_0025480,2022.csv,2022-08-21,42.0491666666667,-8.545,27.3,15.7,100,46,0.0,0.0,0.0,14.8,34.6,310,23.48,45005.88,4.43
2022_16_0025480,2022.csv,2022-08-22,42.0491666666667,-8.545,33.4,18.1,95,39,0.0,0.0,0.0,16.3,33.5,1,23.71,45572.51,5.57
2022_16_0025632,2022.csv,2022-08-22,41.8636111111111,-8.34972222222222,30.5,16.2,90,43,0.0,0.0,0.0,12.1,33.8,17,24.12,45543.68,5.26
2022_16_0025819,2022.csv,2022-08-23,41.7719444444444,-8.40305555555556,33.4,20.3,73,33,0.0,0.0,0.0,10.2,29.5,16,22.62,45384.42,5.17
2022_16_0025819,2022.csv,2022-08-24,41.7719444444444,-8.40305555555556,28.3,18.0,98,59,0.0,0.0,0.0,9.4,28.8,239,23.35,45233.97,4.52
2022_16_0026099,2022.csv,2022-08-25,41.8113299994999,-8.61331299993727,30.4,18.0,95,42,0.0,0.0,0.0,18.1,44.3,12,23.3,45082.86,5.37
2022_16_0026455,2022.csv,2022-08-28,41.7982949998644,-8.3926379998525,29.5,16.8,91,41,0.0,0.0,0.0,9.4,27.4,251,23.89,44626.64,4.82
2022_16_0026882,2022.csv,2022-08-31,41.76,-8.46222222222222,24.6,11.4,90,43,0.0,0.0,0.0,13.5,36.4,325,21.51,44018.66,3.85
2022_16_0027410,2022.csv,2022-09-05,41.7911111111111,-8.39583333333333,19.8,15.5,98,80,26.9,26.9,23.0,17.4,57.6,192,8.01,18584.82,1.36
2022_17_0001687,2022.csv,2022-01-19,41.8794444444444,-7.7275,9.0,-2.1,72,28,0.0,0.0,0.0,12.0,22.3,95,10.27,30838.82,1.54
2022_17_0001724,2022.csv,2022-01-20,41.8797222222222,-7.72555555555556,6.8,-1.4,82,49,0.0,0.0,0.0,14.2,34.9,110,10.31,30930.06,1.28
2022_17_0001991,2022.csv,2022-01-22,41.8067199998432,-7.57006500005722,4.0,-5.0,85,45,0.0,0.0,0.0,11.5,26.3,91,10.66,31090.26,1.2
2022_17_0002489,2022.csv,2022-01-27,41.8102777777778,-7.66888888888889,9.1,-0.1,70,41,0.0,0.0,0.0,11.5,23.8,44,11.07,31646.96,1.62
2022_17_0002597,2022.csv,2022-01-28,41.88,-7.72166666666667,6.4,-0.9,55,32,0.0,0.0,0.0,19.6,51.5,105,11.81,31824.81,2.18
2022_17_0002615,2022.csv,2022-01-28,41.8013888888889,-7.83083333333333,8.7,2.4,57,33,0.0,0.0,0.0,18.9,40.7,89,11.84,31844.8,2.37
2022_17_0002653,2022.csv,2022-01-28,41.8111111111111,-7.94888888888889,10.7,-1.2,67,23,0.0,0.0,0.0,12.7,53.3,67,11.78,31881.39,1.95
2022_17_0002663,2022.csv,2022-01-28,41.7919444444444,-7.74666666666667,9.5,-1.3,66,23,0.0,0.0,0.0,14.3,29.5,64,11.74,31798.59,2.08
2022_17_0002668,2022.csv,2022-01-28,41.636238000128,-7.78149300045437,11.4,1.8,63,33,0.0,0.0,0.0,17.3,39.2,49,11.85,31884.42,2.25
2022_17_0002701,2022.csv,2022-01-28,41.8491666666667,-7.75694444444444,9.1,-1.1,57,23,0.0,0.0,0.0,14.3,36.7,112,11.7,31779.18,2.17
2022_17_0002701,2022.csv,2022-01-29,41.8491666666667,-7.75694444444444,9.9,-0.3,51,24,0.0,0.0,0.0,16.1,31.7,147,11.88,31942.36,2.41
2022_17_0002714,2022.csv,2022-01-29,41.8755555555556,-7.76,9.7,-0.5,51,24,0.0,0.0,0.0,16.1,31.7,147,11.88,31942.36,2.39
2022_17_0002743,2022.csv,2022-01-29,41.8144444444444,-7.95777777777778,14.6,-0.6,72,16,0.0,0.0,0.0,12.1,42.5,77,11.9,32059.65,1.95
2022_17_0002749,2022.csv,2022-01-29,41.48762299988,-7.63645299990972,10.8,-1.6,65,36,0.0,0.0,0.0,14.7,34.6,111,11.93,32108.65,1.8
2022_17_0002751,2022.csv,2022-01-29,41.7561111111111,-7.69388888888889,10.8,-1.1,57,20,0.0,0.0,0.0,10.1,22.0,14,11.93,32049.47,1.86
2022_17_0002752,2022.csv,2022-01-29,41.7941666666667,-7.81,9.9,0.3,51,31,0.0,0.0,0.0,12.0,26.6,95,11.98,32015.19,2.17
2022_17_0002781,2022.csv,2022-01-29,41.8613888888889,-7.91416666666667,9.4,1.0,42,31,0.0,0.0,0.0,14.7,40.0,121,11.96,31995.28,2.41
2022_17_0002784,2022.csv,2022-01-29,41.7952777777778,-7.71027777777778,10.1,3.1,37,18,0.0,0.0,0.0,11.1,21.2,43,11.91,31961.73,2.13
2022_17_0002834,2022.csv,2022-01-29,41.7143779998355,-7.80458300007714,10.4,0.1,51,31,0.0,0.0,0.0,13.4,38.9,80,11.94,32093.07,2.12
2022_17_0002843,2022.csv,2022-01-29,41.7093599997626,-7.83976699988047,9.9,-0.4,50,31,0.0,0.0,0.0,13.4,38.9,80,11.94,32093.07,2.09
2022_17_0002847,2022.csv,2022-01-29,41.3613669999441,-7.85243299987581,12.5,-0.1,64,39,0.0,0.0,0.0,12.8,34.9,106,11.85,32116.54,1.9
2022_17_0002847,2022.csv,2022-01-30,41.3613669999441,-7.85243299987581,13.2,0.4,68,27,0.0,0.0,0.0,13.4,32.0,108,11.69,32051.68,1.82
2022_17_0002867,2022.csv,2022-01-30,41.8872222222222,-7.7525,10.9,2.6,45,25,0.0,0.0,0.0,13.6,35.6,110,11.78,32100.78,2.33
2022_17_0002894,2022.csv,2022-01-30,41.7319444444444,-8.00722222222222,14.9,1.8,59,29,0.0,0.0,0.0,13.0,43.6,87,11.68,32186.79,1.98
2022_17_0002910,2022.csv,2022-01-30,41.795,-7.72611111111111,11.5,1.8,61,18,0.0,0.0,0.0,10.3,17.6,11,11.75,32135.64,1.99
2022_17_0002917,2022.csv,2022-01-30,41.4767039998372,-7.72967700004578,10.7,-1.8,58,28,0.0,0.0,0.0,11.2,29.9,110,11.77,32211.65,1.81
2022_17_0002998,2022.csv,2022-01-31,41.8575,-7.76833333333333,10.7,1.8,82,28,0.0,0.0,0.0,18.3,39.2,330,11.86,32300.44,2.18
2022_17_0003066,2022.csv,2022-01-31,41.7978569995032,-7.57293499999576,11.8,1.7,76,26,0.0,0.0,0.0,19.1,38.5,342,11.92,32319.56,2.22
2022_17_0003081,2022.csv,2022-01-31,41.8222222222222,-7.83166666666667,11.5,1.4,76,26,0.0,0.0,0.0,19.1,38.5,342,11.92,32319.56,2.2
2022_17_0003104,2022.csv,2022-01-31,41.8213888888889,-7.8625,11.4,2.3,85,26,0.0,0.0,0.0,15.0,29.9,360,12.0,32386.42,2.21
2022_17_0003108,2022.csv,2022-01-31,41.7894444444444,-8.015,10.3,1.2,84,25,0.0,0.0,0.0,15.0,29.9,360,12.0,32386.42,2.12
2022_17_0003108,2022.csv,2022-02-01,41.7894444444444,-8.015,9.0,-0.4,79,57,0.0,0.0,0.0,19.6,40.0,83,11.67,32498.62,1.53
2022_17_0003199,2022.csv,2022-02-01,41.7430555555556,-7.69416666666667,10.5,-1.3,83,55,0.0,0.0,0.0,10.3,23.0,27,11.63,32445.89,1.43
2022_17_0003247,2022.csv,2022-02-01,41.7833333333333,-7.77555555555556,10.7,-0.2,82,54,0.0,0.0,0.0,11.5,23.0,40,11.62,32427.65,1.52
2022_17_0003254,2022.csv,2022-02-01,41.7154649999407,-7.78746699995465,10.1,1.0,77,55,0.0,0.0,0.0,18.4,56.2,74,11.64,32502.46,1.68
2022_17_0003323,2022.csv,2022-02-02,41.7925,-7.82527777777778,10.3,3.1,86,58,0.0,0.0,0.0,25.3,51.1,125,12.06,32773.98,1.74
2022_17_0003324,2022.csv,2022-02-02,41.8076699998644,-7.6800599998898,11.3,4.1,86,59,0.0,0.0,0.0,25.3,51.1,125,12.06,32773.98,1.8
2022_17_0003911,2022.csv,2022-02-07,41.79,-7.83222222222222,11.2,-0.2,82,44,0.0,0.0,0.0,15.3,29.9,80,12.94,33552.86,1.89
2022_17_0004025,2022.csv,2022-02-08,41.8094444444444,-7.76166666666667,12.5,1.0,88,48,0.0,0.0,0.0,12.2,29.5,115,13.1,33711.27,1.74
2022_17_0004087,2022.csv,2022-02-09,41.6686499999629,-7.89057299984826,11.9,3.0,88,51,0.0,0.0,0.0,10.5,25.2,355,12.96,33909.91,1.81
2022_17_0004125,2022.csv,2022-02-09,41.7608333333333,-7.20444444444444,14.9,0.8,84,39,0.0,0.0,0.0,8.4,20.5,60,12.84,33870.14,1.84
2022_17_0004188,2022.csv,2022-02-10,41.4830650001102,-7.73495999998516,13.2,1.3,91,54,0.5,0.5,1.0,13.0,32.8,211,11.98,30339.34,1.67
2022_17_0004248,2022.csv,2022-02-10,41.6969444444444,-7.635,14.9,2.4,98,57,0.0,0.0,0.0,12.0,26.3,267,11.6,28746.26,1.63
2022_17_0004273,2022.csv,2022-02-10,41.7057370000415,-7.74078700012631,13.1,3.9,94,61,0.6,0.6,2.0,15.1,37.1,255,11.7,28683.74,1.64
2022_17_0004349,2022.csv,2022-02-11,41.4438519997067,-7.63305699984233,11.8,4.5,93,63,0.7,0.7,5.0,8.6,23.8,172,11.35,30321.0,1.54
2022_17_0004419,2022.csv,2022-02-12,41.6461779997084,-7.74551799986098,9.3,3.8,100,78,0.8,0.8,7.0,11.0,26.3,265,6.66,16919.09,0.85
2022_17_0005350,2022.csv,2022-02-21,41.8177777777778,-7.66694444444444,12.5,3.7,94,53,0.0,0.0,0.0,20.2,41.8,355,13.92,35001.99,1.95
2022_17_0005379,2022.csv,2022-02-21,41.7758333333333,-7.73027777777778,13.2,4.3,94,53,0.0,0.0,0.0,20.2,41.8,355,13.92,35001.99,2.0
2022_17_0005461,2022.csv,2022-02-22,41.7966666666667,-7.63916666666667,13.9,5.6,64,17,0.0,0.0,0.0,9.0,17.6,40,15.67,35744.12,2.54
2022_17_0005595,2022.csv,2022-02-24,41.7352129999797,-7.72971300019158,12.0,6.2,74,41,0.0,0.0,0.0,19.4,45.4,0,14.17,33129.95,2.14
2022_17_0005655,2022.csv,2022-02-24,41.7466666666667,-7.68805555555556,12.8,4.4,76,47,0.0,0.0,0.0,20.6,45.7,359,13.82,32974.93,2.1
2022_17_0005754,2022.csv,2022-02-25,41.7581220001645,-7.57124500009749,13.7,1.4,89,40,0.0,0.0,0.0,15.2,35.6,94,15.7,35280.33,2.37
2022_17_0005755,2022.csv,2022-02-25,41.8611111111111,-7.77527777777778,10.6,0.6,82,47,0.0,0.0,0.0,18.6,42.5,123,15.6,35307.89,2.22
2022_17_0005771,2022.csv,2022-02-25,41.7552777777778,-7.72083333333333,10.9,3.0,81,50,0.0,0.0,0.0,20.6,47.2,78,15.87,35346.64,2.28
2022_17_0005778,2022.csv,2022-02-25,41.9219444444444,-7.90666666666667,12.4,-0.5,95,46,0.0,0.0,0.0,15.7,40.7,93,15.65,35448.5,2.2
2022_17_0005781,2022.csv,2022-02-25,41.5347630000114,-7.53544700000021,10.6,1.7,83,45,0.0,0.0,0.0,17.8,46.8,88,15.75,35326.54,2.18
2022_17_0005802,2022.csv,2022-02-25,41.8105555555556,-7.58527777777778,10.6,0.7,85,47,0.0,0.0,0.0,16.8,36.7,90,15.75,35311.63,2.15
2022_17_0005844,2022.csv,2022-02-26,41.3577777777778,-7.85166666666667,11.1,2.0,86,60,0.0,0.0,0.0,11.7,37.8,121,12.75,36146.21,1.76
2022_17_0005963,2022.csv,2022-02-27,41.7588888888889,-7.69916666666667,12.3,3.3,97,56,0.0,0.0,0.0,12.1,28.8,247,12.61,33911.23,1.73
2022_17_0006057,2022.csv,2022-02-28,41.6352777777778,-7.835,14.6,2.3,95,55,0.0,0.0,0.0,11.8,27.4,274,13.39,30075.05,1.98
2022_17_0006058,2022.csv,2022-02-28,41.7602777777778,-7.82416666666667,13.3,4.0,89,55,0.0,0.0,0.0,11.2,25.6,224,13.11,32366.35,1.87
2022_17_0008859,2022.csv,2022-03-27,41.6417620001899,-7.74827299965752,15.4,6.4,89,53,0.0,0.0,0.0,15.3,36.7,84,16.89,30207.4,2.52
2022_17_0009488,2022.csv,2022-04-02,41.7592719999949,-7.20553300009833,10.9,-2.2,80,32,0.0,0.0,0.0,15.8,33.1,37,20.2,41497.16,2.84
2022_17_0009599,2022.csv,2022-04-03,41.7330555555556,-7.57527777777778,10.3,-1.0,79,37,0.3,0.2,1.0,17.7,41.0,60,22.38,42232.33,3.01
2022_17_0009731,2022.csv,2022-04-04,41.7727777777778,-7.67944444444444,9.0,-2.9,76,33,0.0,0.0,0.0,24.2,52.9,83,24.35,42999.19,2.99
2022_17_0010015,2022.csv,2022-04-07,41.4717379999161,-7.69011499987708,10.5,4.4,100,69,0.3,0.3,3.0,22.7,50.8,262,13.75,28286.01,1.62
2022_17_0011359,2022.csv,2022-04-20,41.7179670000076,-7.5658399995168,13.7,5.0,82,37,0.0,0.0,0.0,27.0,56.2,353,21.12,35321.28,3.47
2022_17_0011360,2022.csv,2022-04-20,41.772728000217,-7.19750999980503,13.9,4.2,76,31,0.0,0.0,0.0,28.8,57.6,342,21.12,37779.61,3.69
2022_17_0011379,2022.csv,2022-04-20,41.7925,-7.57944444444444,10.1,2.5,94,47,0.0,0.0,0.0,32.4,68.8,352,21.3,35360.01,2.7
2022_17_0013194,2022.csv,2022-05-05,41.3979450003306,-7.69041299978892,21.3,8.5,88,41,0.0,0.0,0.0,13.4,29.9,10,26.66,46800.0,4.64
2022_17_0015853,2022.csv,2022-05-26,41.4017730000284,-7.55752799987793,24.4,8.8,70,26,0.0,0.0,0.0,17.3,37.4,66,30.12,49059.22,5.86
2022_17_0015853,2022.csv,2022-05-27,41.4017730000284,-7.55752799987793,26.9,12.8,56,20,0.0,0.0,0.0,17.1,37.1,72,30.33,49317.12,7.01
2022_17_0015853,2022.csv,2022-05-28,41.4017730000284,-7.55752799987793,27.6,14.1,72,24,0.0,0.0,0.0,15.1,33.1,55,28.9,49358.11,6.25
2022_17_0017690,2022.csv,2022-06-10,41.7902777777778,-7.20805555555556,32.3,17.3,81,20,0.0,0.0,0.0,21.9,46.4,5,27.49,50326.68,6.52
2022_17_0019999,2022.csv,2022-06-27,41.1537770001094,-7.89993499967787,24.2,8.6,97,35,0.0,0.0,0.0,15.7,39.2,269,30.27,50672.39,5.42
2022_17_0019999,2022.csv,2022-06-28,41.1537770001094,-7.89993499967787,25.7,11.3,96,35,0.0,0.0,0.0,17.6,44.6,280,31.04,50744.39,5.82
2022_17_0021756,2022.csv,2022-07-10,41.6049019998974,-7.72731700049506,33.7,17.6,77,21,0.0,0.0,0.0,14.4,36.7,222,29.59,50090.81,6.74
2022_17_0021756,2022.csv,2022-07-11,41.6049019998974,-7.72731700049506,33.6,16.2,94,23,0.0,0.0,0.0,14.4,35.6,288,27.68,48756.59,6.33
2022_17_0021756,2022.csv,2022-07-12,41.6049019998974,-7.72731700049506,37.1,18.4,78,15,0.0,0.0,0.0,17.1,42.5,73,28.45,48319.49,7.15
2022_17_0022094,2022.csv,2022-07-12,41.1227459997601,-7.91116399976942,38.4,25.3,64,22,0.0,0.0,0.0,14.6,46.4,91,26.5,47363.84,7.42
2022_17_0022455,2022.csv,2022-07-14,41.8324849997626,-7.59389499982198,37.7,22.1,53,15,0.1,0.1,1.0,22.3,51.1,321,25.2,43751.92,6.84
2022_17_0022627,2022.csv,2022-07-15,41.7847222222222,-7.47,41.6,25.4,70,11,0.0,0.0,0.0,20.3,48.2,157,27.18,44049.1,8.46
2022_17_0022627,2022.csv,2022-07-16,41.7847222222222,-7.47,38.9,21.9,88,18,0.0,0.0,0.0,12.2,43.2,173,25.06,45780.41,6.52
2022_17_0022627,2022.csv,2022-07-17,41.7847222222222,-7.47,41.8,22.2,80,10,0.0,0.0,0.0,22.3,58.7,175,26.99,48899.36,7.77
2022_17_0022627,2022.csv,2022-07-18,41.7847222222222,-7.47,34.2,17.8,78,21,0.0,0.0,0.0,24.3,61.9,216,28.56,48932.5,7.08
2022_17_0022627,2022.csv,2022-07-19,41.7847222222222,-7.47,28.1,16.6,86,35,0.0,0.0,0.0,16.0,41.0,260,25.91,48614.42,5.72
2022_17_0022627,2022.csv,2022-07-20,41.7847222222222,-7.47,33.8,14.4,91,15,0.0,0.0,0.0,14.7,33.1,343,29.88,49024.98,6.45
2022_17_0022627,2022.csv,2022-07-21,41.7847222222222,-7.47,36.4,18.3,90,21,0.0,0.0,0.0,18.5,45.4,257,29.18,48972.16,7.15
2022_17_0022627,2022.csv,2022-07-22,41.7847222222222,-7.47,32.1,17.7,92,22,0.0,0.0,0.0,20.6,46.8,333,28.54,44803.72,6.69
2022_17_0022818,2022.csv,2022-07-16,41.8305699994829,-7.59948300043742,34.9,19.6,80,19,0.1,0.1,1.0,16.3,46.4,200,24.8,47082.11,6.15
2022_17_0022850,2022.csv,2022-07-16,41.1740950001611,-7.88097000016107,34.1,19.9,77,26,0.0,0.0,0.0,15.8,44.3,268,26.23,47249.98,6.07
2022_17_0022850,2022.csv,2022-07-17,41.1740950001611,-7.88097000016107,35.3,19.0,79,19,0.1,0.1,1.0,16.0,47.9,230,28.59,48619.79,6.6
2022_17_0023011,2022.csv,2022-07-17,41.8050849999322,-7.55908599959479,34.7,21.6,68,19,0.0,0.0,0.0,25.5,56.9,147,28.1,48764.11,7.35
2022_17_0023011,2022.csv,2022-07-18,41.8050849999322,-7.55908599959479,26.9,14.3,87,40,0.0,0.0,0.0,22.8,50.4,220,29.28,48809.82,5.83
2022_17_0023026,2022.csv,2022-07-17,41.4371850000487,-7.53517799999979,37.2,22.6,58,13,0.0,0.0,0.0,23.7,59.0,175,27.28,49216.0,7.89
2022_17_0023026,2022.csv,2022-07-18,41.4371850000487,-7.53517799999979,30.7,15.8,81,24,0.0,0.0,0.0,23.4,50.0,233,28.88,48895.3,6.65
2022_17_0023026,2022.csv,2022-07-19,41.4371850000487,-7.53517799999979,23.8,14.7,87,43,0.0,0.0,0.0,15.6,37.1,271,25.79,46935.1,5.03
2022_17_0023026,2022.csv,2022-07-20,41.4371850000487,-7.53517799999979,31.8,12.9,87,16,0.0,0.0,0.0,14.3,26.3,345,29.76,48978.56,6.29
2022_17_0023026,2022.csv,2022-07-21,41.4371850000487,-7.53517799999979,33.4,18.3,69,20,0.0,0.0,0.0,18.3,38.5,293,29.07,48843.68,7.0
2022_17_0023249,2022.csv,2022-07-18,41.136747999986,-7.89055699984233,33.7,19.7,81,26,0.0,0.0,0.0,20.5,53.6,268,29.26,48814.62,6.72
2022_17_0023249,2022.csv,2022-07-19,41.136747999986,-7.89055699984233,27.9,17.6,93,41,0.1,0.1,1.0,15.5,42.8,282,26.96,47725.88,5.7
2022_17_0023977,2022.csv,2022-07-23,41.3903540001975,-7.54130099985335,31.1,17.5,72,28,0.0,0.0,0.0,13.0,31.0,357,28.64,48427.29,6.4
2022_17_0023977,2022.csv,2022-07-24,41.3903540001975,-7.54130099985335,27.8,16.3,82,34,0.0,0.0,0.0,17.0,38.9,276,28.3,47117.98,5.91
2022_17_0023984,2022.csv,2022-07-23,41.4712349997626,-7.7398020002577,29.2,15.2,75,34,0.0,0.0,0.0,13.2,31.0,354,28.7,48433.53,6.01
2022_17_0024129,2022.csv,2022-07-24,41.8345949999491,-7.46202699979146,34.2,20.0,79,21,0.0,0.0,0.0,13.5,32.8,279,27.69,48385.05,6.59
2022_17_0024203,2022.csv,2022-07-25,41.1847779999839,-7.87261299981011,28.6,12.6,89,36,0.0,0.0,0.0,15.1,45.0,282,28.57,48026.28,5.93
2022_17_0024210,2022.csv,2022-07-25,41.8322899998559,-7.45343799988429,29.7,15.7,86,33,0.0,0.0,0.0,19.4,45.4,325,28.18,48053.67,6.58
2022_17_0024363,2022.csv,2022-07-25,41.6808333333333,-7.48472222222222,31.2,15.1,84,31,0.0,0.0,0.0,17.7,45.0,336,28.04,48161.48,6.47
2022_17_0024363,2022.csv,2022-07-26,41.6808333333333,-7.48472222222222,30.2,16.6,88,30,0.0,0.0,0.0,13.6,37.1,314,28.65,48072.15,6.08
2022_17_0024637,2022.csv,2022-07-27,41.5073800002204,-7.57342999988132,27.3,13.5,81,23,0.0,0.0,0.0,17.9,42.1,307,28.54,47761.41,6.01
2022_17_0024637,2022.csv,2022-07-28,41.5073800002204,-7.57342999988132,25.8,13.2,87,34,0.0,0.0,0.0,21.1,48.6,300,25.51,47282.65,5.45
2022_17_0024637,2022.csv,2022-07-29,41.5073800002204,-7.57342999988132,28.8,14.2,85,29,0.0,0.0,0.0,16.1,36.7,343,28.06,47584.0,6.1
2022_17_0024637,2022.csv,2022-07-30,41.5073800002204,-7.57342999988132,32.4,16.8,68,21,0.0,0.0,0.0,14.0,31.0,47,28.16,47468.13,6.64
2022_17_0024637,2022.csv,2022-07-31,41.5073800002204,-7.57342999988132,34.2,17.5,61,19,0.0,0.0,0.0,16.4,40.3,24,27.68,47357.55,7.04
2022_17_0025563,2022.csv,2022-08-02,41.4544330000877,-7.73503300004535,31.3,19.6,70,23,0.0,0.0,0.0,16.3,37.4,307,25.91,47155.78,6.19
2022_17_0025640,2022.csv,2022-08-02,41.7494444444444,-7.90972222222222,29.6,20.1,83,36,0.0,0.0,0.0,12.0,31.3,12,26.74,47452.81,5.91
2022_17_0025640,2022.csv,2022-08-03,41.7494444444444,-7.90972222222222,28.5,16.8,87,34,0.0,0.0,0.0,11.7,31.7,311,26.78,47343.6,5.34
2022_17_0026465,2022.csv,2022-08-07,41.4170000000132,-7.74414699978299,28.7,15.9,89,25,0.0,0.0,0.0,19.6,46.8,321,24.29,46833.28,5.37
2022_17_0026565,2022.csv,2022-08-08,41.4399749999576,-7.78733700010512,29.9,17.7,82,27,0.0,0.0,0.0,16.9,39.6,317,23.82,46752.4,5.47
2022_17_0026731,2022.csv,2022-08-09,41.5179569999377,-7.83393699997001,33.7,18.3,88,25,0.0,0.0,0.0,20.2,51.8,250,26.73,46675.82,5.96
2022_17_0026839,2022.csv,2022-08-09,41.8335330000023,-7.45318799999025,36.8,20.3,84,13,0.0,0.0,0.0,16.3,39.2,180,26.29,46785.83,6.72
2022_17_0027326,2022.csv,2022-08-12,41.7783333333333,-7.71527777777778,27.7,16.3,94,32,0.0,0.0,0.0,11.6,30.6,225,27.01,46548.2,5.41
2022_17_0027326,2022.csv,2022-08-13,41.7783333333333,-7.71527777777778,25.8,13.5,93,22,0.0,0.0,0.0,17.1,40.3,234,26.82,46490.99,5.53
2022_17_0027344,2022.csv,2022-08-12,41.4163769997491,-7.59309999995761,30.4,17.0,90,26,0.0,0.0,0.0,15.5,33.1,260,26.43,46559.48,5.91
2022_17_0027548,2022.csv,2022-08-13,41.8566666666667,-7.68361111111111,28.1,15.5,79,18,0.0,0.0,0.0,17.6,42.5,233,26.54,46526.14,5.82
2022_17_0027548,2022.csv,2022-08-14,41.8566666666667,-7.68361111111111,23.6,11.8,92,40,0.0,0.0,0.0,15.8,38.2,328,24.39,45354.3,4.8
2022_17_0027557,2022.csv,2022-08-13,41.1723800002204,-7.89337999979655,29.1,15.8,87,27,0.0,0.0,0.0,20.6,52.6,284,26.38,46426.09,5.55
2022_17_0027557,2022.csv,2022-08-14,41.1723800002204,-7.89337999979655,25.9,13.9,91,38,0.0,0.0,0.0,17.1,45.0,280,25.77,46370.17,5.17
2022_17_0027576,2022.csv,2022-08-13,41.2594370004866,-7.88863700018989,21.5,10.7,89,37,0.0,0.0,0.0,17.5,54.0,281,26.37,46398.85,4.58
2022_17_0027576,2022.csv,2022-08-14,41.2594370004866,-7.88863700018989,20.1,9.3,96,43,0.0,0.0,0.0,16.0,50.0,289,24.46,46342.76,4.13
2022_17_0027576,2022.csv,2022-08-15,41.2594370004866,-7.88863700018989,20.9,9.9,99,39,0.0,0.0,0.0,17.6,55.8,277,25.79,45989.55,4.41
2022_17_0027576,2022.csv,2022-08-16,41.2594370004866,-7.88863700018989,15.3,9.5,98,58,3.8,3.8,15.0,19.0,60.1,285,20.04,46229.91,2.9
2022_17_0028109,2022.csv,2022-08-17,41.3743670002619,-7.49993300014072,23.7,12.8,88,31,0.0,0.0,0.0,22.0,46.1,344,21.01,46199.15,4.73
2022_17_0028109,2022.csv,2022-08-18,41.3743670002619,-7.49993300014072,25.7,11.5,80,23,0.0,0.0,0.0,16.7,35.6,20,25.96,46057.09,5.48
2022_17_0028519,2022.csv,2022-08-19,41.4485340001848,-7.66163899951511,29.7,14.4,73,21,0.0,0.0,0.0,11.1,27.0,40,25.66,45924.32,5.7
2022_17_0028519,2022.csv,2022-08-20,41.4485340001848,-7.66163899951511,32.1,17.2,68,20,0.0,0.0,0.0,16.8,36.4,304,25.32,45779.41,6.34
2022_17_0028519,2022.csv,2022-08-21,41.4485340001848,-7.66163899951511,30.2,17.4,84,21,0.0,0.0,0.0,17.7,35.6,320,24.74,45633.43,6.26
2022_17_0028519,2022.csv,2022-08-22,41.4485340001848,-7.66163899951511,31.9,18.0,70,27,0.0,0.0,0.0,17.8,34.2,16,24.43,45486.48,6.22
2022_17_0028519,2022.csv,2022-08-23,41.4485340001848,-7.66163899951511,34.1,19.5,67,21,0.0,0.0,0.0,12.9,28.4,29,21.91,45186.6,5.96
2022_17_0028669,2022.csv,2022-08-20,41.3558333333333,-7.91583333333333,32.4,16.8,82,25,0.0,0.0,0.0,14.0,34.2,243,25.22,45769.2,5.93
2022_17_0028670,2022.csv,2022-08-20,41.3538230000602,-7.87097400003009,30.2,16.3,77,24,0.0,0.0,0.0,13.7,36.0,229,25.34,45769.2,5.79
2022_17_0028670,2022.csv,2022-08-21,41.3538230000602,-7.87097400003009,27.1,15.9,94,36,0.0,0.0,0.0,15.6,41.0,291,24.58,45623.58,4.98
2022_17_0028739,2022.csv,2022-08-21,41.4091079998016,-7.71095799975925,26.7,16.6,88,38,0.0,0.0,0.0,15.9,44.3,292,24.82,45633.43,5.1
2022_17_0028739,2022.csv,2022-08-22,41.4091079998016,-7.71095799975925,30.3,17.6,76,32,0.0,0.0,0.0,10.8,33.8,54,24.6,45486.48,5.62
2022_17_0028739,2022.csv,2022-08-23,41.4091079998016,-7.71095799975925,32.1,18.9,67,27,0.0,0.0,0.0,12.8,39.6,92,22.23,45338.67,5.43
2022_17_0028739,2022.csv,2022-08-24,41.4091079998016,-7.71095799975925,28.8,17.0,98,42,2.4,2.4,3.0,14.0,42.5,273,21.82,45190.11,4.46
2022_17_0028739,2022.csv,2022-08-25,41.4091079998016,-7.71095799975925,29.3,16.4,100,40,0.1,0.1,1.0,10.2,36.7,22,22.89,45040.9,4.74
2022_17_0028739,2022.csv,2022-08-26,41.4091079998016,-7.71095799975925,29.6,17.4,76,34,0.0,0.0,0.0,15.5,46.1,86,23.02,44891.14,5.03
2022_17_0028808,2022.csv,2022-08-21,41.1776129998101,-7.88006999969482,27.4,14.4,90,32,0.0,0.0,0.0,16.6,49.7,278,24.78,45594.15,5.18
2022_17_0028808,2022.csv,2022-08-22,41.1776129998101,-7.88006999969482,31.6,15.0,96,27,0.0,0.0,0.0,11.9,38.2,111,24.47,45448.68,5.23
2022_17_0028808,2022.csv,2022-08-23,41.1776129998101,-7.88006999969482,33.1,19.1,64,27,0.2,0.2,1.0,11.9,38.9,88,22.26,45302.36,5.46
2022_17_0028808,2022.csv,2022-08-24,41.1776129998101,-7.88006999969482,28.9,16.8,91,42,1.4,1.4,1.0,12.7,45.0,283,22.56,45155.3,4.59
2022_17_0028814,2022.csv,2022-08-21,41.8400919999017,-7.46133499993218,30.8,18.0,89,26,0.0,0.0,0.0,20.4,46.4,328,24.61,45692.88,6.43
2022_17_0029183,2022.csv,2022-08-23,41.5759780004289,-7.29251699977451,36.9,19.7,67,18,0.0,0.0,0.0,13.4,27.7,329,21.95,44822.73,5.69
2022_17_0029183,2022.csv,2022-08-24,41.5759780004289,-7.29251699977451,35.4,21.3,69,21,0.4,0.4,1.0,18.7,45.0,270,21.21,43328.0,5.54
2022_17_0029407,2022.csv,2022-08-24,41.6422222222222,-7.36388888888889,33.4,21.3,78,24,0.1,0.1,1.0,16.8,47.5,267,20.83,43920.36,5.17
2022_17_0029407,2022.csv,2022-08-25,41.6422222222222,-7.36388888888889,31.7,18.6,92,32,0.0,0.0,0.0,16.3,38.2,334,23.11,45066.04,5.34
2022_17_0029407,2022.csv,2022-08-26,41.6422222222222,-7.36388888888889,32.3,19.1,68,22,0.0,0.0,0.0,12.2,32.0,93,22.38,44262.89,5.25
2022_17_0029799,2022.csv,2022-08-26,41.5353779999415,-7.40308600001865,31.4,17.9,72,25,0.1,0.1,1.0,13.0,29.9,51,22.59,44899.12,5.17
2022_17_0029799,2022.csv,2022-08-27,41.5353779999415,-7.40308600001865,32.6,17.4,70,20,0.0,0.0,0.0,18.8,43.6,321,23.19,44748.53,5.8
2022_17_0029917,2022.csv,2022-08-27,41.423999999894,-7.91971299992667,31.0,18.0,70,29,0.0,0.0,0.0,16.3,39.6,182,22.2,44740.93,5.1
2022_17_0029917,2022.csv,2022-08-28,41.423999999894,-7.91971299992667,30.8,17.2,71,31,0.0,0.0,0.0,16.2,41.0,232,21.19,44590.36,4.76
2022_17_0029917,2022.csv,2022-08-29,41.423999999894,-7.91971299992667,26.5,14.6,96,49,0.0,0.0,0.0,16.2,40.0,259,23.37,44439.56,4.49
2022_17_0029967,2022.csv,2022-08-27,41.2368329999182,-7.82643699963888,32.2,19.2,80,28,0.0,0.0,0.0,15.3,47.2,57,23.34,44718.17,5.41
2022_17_0029967,2022.csv,2022-08-28,41.2368329999182,-7.82643699963888,32.1,16.9,75,27,0.0,0.0,0.0,14.8,43.9,261,22.01,44568.75,5.07
2022_17_0029967,2022.csv,2022-08-29,41.2368329999182,-7.82643699963888,27.2,15.7,91,48,0.0,0.0,0.0,14.6,44.6,281,23.59,44419.07,4.56
2022_17_0030060,2022.csv,2022-08-28,41.7680049999555,-7.65988800048828,29.3,16.4,80,27,0.0,0.0,0.0,18.7,42.1,212,21.81,44626.63,5.03
2022_17_0030060,2022.csv,2022-08-29,41.7680049999555,-7.65988800048828,26.0,14.6,88,38,0.2,0.2,2.0,15.0,32.0,206,23.2,44473.93,4.59
2022_17_0030197,2022.csv,2022-08-29,41.8089390002357,-7.51768899997075,30.0,17.2,83,29,0.2,0.2,1.0,18.2,38.9,207,22.69,43518.98,4.87
2022_17_0030197,2022.csv,2022-08-30,41.8089390002357,-7.51768899997075,27.3,12.0,92,21,0.0,0.0,0.0,12.8,31.0,218,24.43,44321.07,4.83
2022_17_0030487,2022.csv,2022-08-31,41.3460700003306,-7.59004199981689,27.4,11.8,87,28,0.0,0.0,0.0,16.7,38.2,275,23.75,44131.08,4.74
2022_17_0030487,2022.csv,2022-09-01,41.3460700003306,-7.59004199981689,26.5,12.0,99,36,0.0,0.0,0.0,17.9,40.0,270,22.36,43590.01,4.56
2022_17_0030773,2022.csv,2022-09-02,41.4639030000899,-7.40508799976773,23.6,13.8,96,38,0.0,0.0,0.0,18.4,36.4,305,16.58,41700.61,3.66
2022_17_0030773,2022.csv,2022-09-03,41.4639030000899,-7.40508799976773,22.7,12.0,99,29,0.0,0.0,0.0,18.0,39.2,277,23.07,42428.2,4.45
2022_17_0031054,2022.csv,2022-09-04,41.6991800000933,-7.90619999991523,17.3,11.5,100,65,9.0,9.0,19.0,20.7,61.9,213,14.02,31087.59,2.16
2022_17_0031054,2022.csv,2022-09-05,41.6991800000933,-7.90619999991523,15.5,12.9,100,88,23.7,23.7,24.0,18.6,61.2,212,7.48,11486.51,1.06
2022_17_0031157,2022.csv,2022-09-05,41.7039430001047,-7.27931799994575,21.9,11.2,99,48,2.6,2.6,6.0,20.5,44.6,216,15.62,42706.19,2.88
2022_17_0031157,2022.csv,2022-09-06,41.7039430001047,-7.27931799994575,22.4,12.2,96,42,1.7,1.7,6.0,22.1,47.2,251,17.81,42121.77,3.5
2022_18_0002101,2022.csv,2022-01-12,40.9775,-8.08222222222222,8.6,3.9,88,56,0.0,0.0,0.0,22.0,63.7,72,9.71,30471.01,1.38
2022_18_0005125,2022.csv,2022-01-28,41.0366666666667,-7.97694444444444,9.3,-0.1,69,43,0.0,0.0,0.0,14.1,50.8,80,12.0,32174.16,1.77
2022_18_0005198,2022.csv,2022-01-28,41.0272222222222,-8.185,11.4,1.1,64,40,0.0,0.0,0.0,14.2,52.6,102,11.97,32160.21,1.96
2022_18_0005206,2022.csv,2022-01-28,41.0088888888889,-7.92916666666667,8.7,-0.7,69,43,0.0,0.0,0.0,14.1,50.8,80,12.0,32174.16,1.73
2022_18_0005245,2022.csv,2022-01-28,40.9397222222222,-7.99666666666667,8.8,-0.3,65,40,0.0,0.0,0.0,18.9,40.0,45,12.02,32132.95,2.05
2022_18_0005273,2022.csv,2022-01-28,40.9911111111111,-8.0125,8.7,-0.8,69,42,0.0,0.0,0.0,14.1,50.8,80,12.0,32174.16,1.73
2022_18_0005274,2022.csv,2022-01-28,41.0572222222222,-7.92555555555556,8.4,-0.8,66,44,0.0,0.0,0.0,16.3,53.6,101,11.93,32078.99,1.74
2022_18_0005292,2022.csv,2022-01-28,40.9136111111111,-7.80638888888889,9.9,-0.1,64,37,0.0,0.0,0.0,21.1,39.2,46,12.05,32167.45,2.29
2022_18_0005309,2022.csv,2022-01-28,40.95,-8.07527777777778,12.8,1.2,69,39,0.0,0.0,0.0,13.2,36.4,126,11.88,32165.18,1.97
2022_18_0005309,2022.csv,2022-01-29,40.95,-8.07527777777778,15.0,1.7,56,33,0.0,0.0,0.0,13.5,32.8,129,12.02,32348.91,2.28
2022_18_0005311,2022.csv,2022-01-28,41.0255555555556,-7.95611111111111,7.9,-1.5,68,42,0.0,0.0,0.0,14.1,50.8,80,12.0,32174.16,1.68
2022_18_0005311,2022.csv,2022-01-29,41.0255555555556,-7.95611111111111,8.5,-2.0,67,45,0.0,0.0,0.0,14.9,48.6,83,12.15,32356.58,1.73
2022_18_0005603,2022.csv,2022-01-30,41.0411111111111,-8.08083333333333,12.4,1.0,73,18,0.0,0.0,0.0,12.8,38.2,93,11.82,31680.33,2.0
2022_18_0005613,2022.csv,2022-01-30,41.0575,-7.95416666666667,10.2,-0.9,70,22,0.0,0.0,0.0,13.8,37.4,115,11.79,31666.45,1.77
2022_18_0005723,2022.csv,2022-01-31,41.0233333333333,-8.02972222222222,14.5,2.9,63,19,0.0,0.0,0.0,9.6,34.6,95,12.18,32729.5,2.12
2022_18_0005906,2022.csv,2022-01-31,40.9188888888889,-7.82444444444444,12.1,1.8,61,24,0.0,0.0,0.0,15.8,29.9,23,12.27,32752.54,2.28
2022_18_0005906,2022.csv,2022-02-01,40.9188888888889,-7.82444444444444,10.3,1.8,88,54,0.0,0.0,0.0,27.4,57.2,49,11.85,32795.15,1.85
2022_18_0006028,2022.csv,2022-02-01,41.0469444444444,-7.89944444444444,9.2,-0.9,89,55,0.0,0.0,0.0,20.9,73.1,75,11.8,32762.49,1.62
2022_18_0006029,2022.csv,2022-02-01,40.9353090000153,-8.03219999949137,14.1,4.5,72,49,0.0,0.0,0.0,14.8,40.7,127,11.69,32850.09,2.03
2022_18_0006037,2022.csv,2022-02-01,41.01,-8.06388888888889,10.5,0.4,89,55,0.0,0.0,0.0,20.9,73.1,75,11.8,32762.49,1.7
2022_18_0006066,2022.csv,2022-02-01,41.0480555555556,-8.00305555555556,12.0,2.8,76,51,0.0,0.0,0.0,14.8,65.5,98,11.76,32845.86,1.95
2022_18_0006120,2022.csv,2022-02-01,41.0136660003662,-8.05348099999958,12.7,3.5,76,51,0.0,0.0,0.0,14.8,65.5,98,11.76,32845.86,1.99
2022_18_0007365,2022.csv,2022-02-08,41.0366666666667,-8.09027777777778,13.4,1.2,92,47,0.0,0.0,0.0,13.4,53.3,97,13.06,33932.05,1.89
2022_18_0007391,2022.csv,2022-02-08,41.0330555555556,-8.09,13.0,0.8,92,47,0.0,0.0,0.0,13.4,53.3,97,13.06,33932.05,1.87
2022_18_0007501,2022.csv,2022-02-08,40.9730555555556,-8.05861111111111,14.2,1.7,88,38,0.0,0.0,0.0,18.0,56.9,75,13.17,33951.8,2.11
2022_18_0007501,2022.csv,2022-02-09,40.9730555555556,-8.05861111111111,13.7,7.9,70,42,0.0,0.0,0.0,10.2,28.4,192,13.21,34105.63,2.04
2022_18_0007902,2022.csv,2022-02-10,41.0452777777778,-7.88166666666667,14.6,3.9,89,45,1.0,1.0,4.0,10.8,27.0,232,11.63,32376.09,1.8
2022_18_0015316,2022.csv,2022-03-20,40.8625,-7.82138888888889,14.6,7.4,88,47,3.9,3.9,4.0,23.4,47.9,105,13.19,34812.62,2.46
2022_18_0018567,2022.csv,2022-04-05,41.0597222222222,-7.9025,12.1,-1.0,74,44,0.0,0.0,0.0,18.0,53.6,83,22.58,40667.12,2.92
2022_18_0018567,2022.csv,2022-04-06,41.0597222222222,-7.9025,13.0,5.3,97,52,0.0,0.0,0.0,15.5,43.2,273,23.4,42277.47,3.12
2022_18_0040388,2022.csv,2022-07-12,41.0385669999652,-8.07802000045776,34.5,22.0,60,25,0.0,0.0,0.0,11.5,46.4,85,26.39,46756.68,6.78
2022_18_0040388,2022.csv,2022-07-13,41.0385669999652,-8.07802000045776,34.8,21.9,57,26,0.4,0.4,1.0,11.4,36.0,91,24.98,44752.62,6.22
2022_18_0040431,2022.csv,2022-07-13,40.6002777777778,-7.60694444444444,38.8,25.5,36,11,0.0,0.0,0.0,10.9,26.3,99,26.11,47606.9,7.55
2022_18_0040431,2022.csv,2022-07-14,40.6002777777778,-7.60694444444444,41.0,26.2,35,10,0.0,0.0,0.0,24.5,55.1,119,25.66,45867.41,8.11
2022_18_0041144,2022.csv,2022-07-15,41.0358400000466,-8.06817199998432,33.2,20.9,76,26,0.0,0.0,0.0,12.8,44.6,111,28.04,49044.75,6.71
2022_18_0041974,2022.csv,2022-07-18,40.6561111111111,-7.71833333333333,29.8,17.5,84,32,0.0,0.0,0.0,22.7,45.4,234,29.25,48812.7,6.43
2022_18_0042807,2022.csv,2022-07-21,41.0394444444444,-7.83277777777778,33.7,18.3,72,19,0.0,0.0,0.0,16.6,41.0,267,29.37,48737.36,6.66
2022_18_0042807,2022.csv,2022-07-22,41.0394444444444,-7.83277777777778,31.2,15.6,75,24,0.0,0.0,0.0,15.3,35.6,310,28.93,47075.52,6.36
2022_18_0044038,2022.csv,2022-07-26,41.0610719998678,-8.17789999961853,25.9,14.5,86,39,0.0,0.0,0.0,15.7,43.9,276,28.63,48098.03,5.43
2022_18_0045413,2022.csv,2022-08-01,41.0635730001662,-8.00844300005171,36.0,23.7,62,28,0.0,0.0,0.0,14.1,38.2,162,26.53,47359.26,6.62
2022_18_0045625,2022.csv,2022-08-01,41.0694480000602,-8.11888200004896,35.5,23.2,62,28,0.0,0.0,0.0,14.1,38.2,162,26.53,47359.26,6.57
2022_18_0045625,2022.csv,2022-08-02,41.0694480000602,-8.11888200004896,32.3,20.7,83,42,0.0,0.0,0.0,12.6,34.6,283,27.58,47346.94,5.82
2022_18_0047216,2022.csv,2022-08-07,40.6502930000093,-7.7225,33.6,18.8,83,27,0.0,0.0,0.0,16.9,34.9,197,27.18,46697.93,6.53
2022_18_0047524,2022.csv,2022-08-08,40.6463888888889,-7.61666666666667,33.9,19.0,71,24,0.0,0.0,0.0,23.0,48.2,243,25.87,46671.43,6.31
2022_18_0047524,2022.csv,2022-08-09,40.6463888888889,-7.61666666666667,34.9,18.6,74,18,0.0,0.0,0.0,21.3,40.3,226,26.81,46617.14,6.99
2022_18_0048013,2022.csv,2022-08-10,40.6670999999841,-8.0519470000267,34.4,19.2,78,27,0.9,0.9,2.0,21.4,47.9,199,23.62,46471.18,5.85
2022_18_0048046,2022.csv,2022-08-10,41.0967630004883,-7.97639300028483,31.6,20.1,80,40,0.3,0.3,1.0,15.4,40.0,282,23.63,46495.57,5.08
2022_18_0048871,2022.csv,2022-08-13,40.6553319999907,-7.5858529999521,29.0,16.5,72,20,0.0,0.0,0.0,29.2,55.8,257,26.22,46430.8,6.36
2022_18_0050429,2022.csv,2022-08-19,40.6033330000771,-7.73346700000266,32.3,17.4,49,15,0.0,0.0,0.0,20.1,40.3,58,25.68,45798.57,6.69
2022_18_0050429,2022.csv,2022-08-20,40.6033330000771,-7.73346700000266,34.5,20.3,46,13,0.0,0.0,0.0,21.0,42.1,266,25.6,45658.01,8.04
2022_18_0050745,2022.csv,2022-08-20,40.5002777777778,-7.83222222222222,36.6,20.0,70,15,0.0,0.0,0.0,17.4,34.9,278,25.59,45648.01,7.84
2022_18_0050745,2022.csv,2022-08-21,40.5002777777778,-7.83222222222222,33.7,16.2,95,22,0.0,0.0,0.0,18.1,35.6,254,24.92,45506.77,5.82
2022_18_0050759,2022.csv,2022-08-20,40.6220399999619,-7.71491200023227,35.0,20.0,60,14,0.0,0.0,0.0,19.9,38.9,282,25.61,45658.01,8.14
2022_18_0050759,2022.csv,2022-08-21,40.6220399999619,-7.71491200023227,32.4,15.7,91,20,0.0,0.0,0.0,20.7,40.3,270,24.93,45516.41,5.98
2022_18_0051562,2022.csv,2022-08-23,40.6048449998432,-7.72971300019158,36.6,21.9,52,18,0.0,0.0,0.0,25.3,49.3,81,21.07,37216.46,7.21
2022_18_0052624,2022.csv,2022-08-27,40.5580970001221,-7.70164799994893,32.7,19.3,76,27,0.0,0.0,0.0,19.2,37.4,260,23.55,44643.12,6.0
2022_18_0054568,2022.csv,2022-09-04,40.6407899999619,-7.97826100031535,23.8,12.7,94,45,0.5,0.5,4.0,18.3,41.8,223,13.8,26369.14,2.97
