incident_id,start_date,end_date,n_days,lat_first,lon_first,mean_temp_max,temp_max_max,temp_max_min,mean_temp_min,temp_min_max,temp_min_min,rh_max_mean,rh_max_max,rh_max_min,rh_min_mean,rh_min_max,rh_min_min,precip_sum_mean,precip_sum_max,precip_sum_min,rain_sum_mean,rain_sum_max,rain_sum_min,precip_hours_mean,precip_hours_max,precip_hours_min,wind_max_mean,wind_max_max,wind_max_min,gust_max_mean,gust_max_max,gust_max_min,wind_dir_mean,wind_dir_max,wind_dir_min,radiation_mean,radiation_max,radiation_min,sunshine_mean,sunshine_max,sunshine_min,et0_mean,et0_max,et0_min,dry_day_sum,high_wind_sum
20240117528,2024-01-27,2024-01-27,1,40.9602777777778,-8.05777777777778,15.8,15.8,15.8,7.5,7.5,7.5,92.0,92,92,63.0,63,63,0.0,0.0,0.0,0.0,0.0,0.0,0.0,0.0,0.0,11.9,11.9,11.9,27.4,27.4,27.4,71.0,71,71,9.13,9.13,9.13,29165.32,29165.32,29165.32,1.56,1.56,1.56,1,0
20240125430,2024-01-29,2024-01-29,1,41.8669444444444,-7.74277777777778,12.8,12.8,12.8,6.7,6.7,6.7,93.0,93,93,52.0,52,52,0.3,0.3,0.3,0.3,0.3,0.3,1.0,1.0,1.0,14.7,14.7,14.7,35.6,35.6,35.6,156.0,156,156,10.08,10.08,10.08,30159.01,30159.01,30159.01,1.91,1.91,1.91,1,0
20240127387,2024-01-30,2024-01-30,1,42.0372222222222,-8.2425,15.5,15.5,15.5,4.7,4.7,4.7,100.0,100,100,61.0,61,61,0.0,0.0,0.0,0.0,0.0,0.0,0.0,0.0,0.0,7.1,7.1,7.1,23.0,23.0,23.0,128.0,128,128,9.56,9.56,9.56,28988.51,28988.51,28988.51,1.38,1.38,1.38,1,0
20240127584,2024-01-30,2024-01-30,1,41.5930349996355,-8.17588500022888,16.8,16.8,16.8,7.6,7.6,7.6,93.0,93,93,57.0,57,57,0.0,0.0,0.0,0.0,0.0,0.0,0.0,0.0,0.0,12.7,12.7,12.7,26.3,26.3,26.3,82.0,82,82,10.12,10.12,10.12,30784.5,30784.5,30784.5,1.55,1.55,1.55,1,0
20240134151,2024-01-31,2024-02-01,2,41.0094444444444,-8.0975,12.4,12.8,12.0,4.0,4.4,3.6,84.5,86,83,58.0,62,54,0.0,0.0,0.0,0.0,0.0,0.0,0.0,0.0,0.0,10.35,11.2,9.5,30.25,31.0,29.5,92.0,92,92,11.535,11.78,11.29,32191.33,32428.28,31954.38,1.605,1.69,1.52,2,0
20240134515,2024-01-31,2024-02-01,2,41.8019129999479,-8.70452199988895,16.549999999999997,16.7,16.4,3.75,4.2,3.3,94.5,95,94,50.5,51,50,0.0,0.0,0.0,0.0,0.0,0.0,0.0,0.0,0.0,8.05,8.7,7.4,16.4,19.1,13.7,27.0,28,26,11.035,11.15,10.92,31920.275,32068.03,31772.52,1.585,1.6,1.57,2,0
20240137125,2024-02-01,2024-02-01,1,41.7922222222222,-7.81222222222222,15.0,15.0,15.0,8.3,8.3,8.3,75.0,75,75,43.0,43,43,0.0,0.0,0.0,0.0,0.0,0.0,0.0,0.0,0.0,11.0,11.0,11.0,16.2,16.2,16.2,77.0,77,77,11.52,11.52,11.52,31680.86,31680.86,31680.86,2.15,2.15,2.15,1,0
20240138119,2024-02-01,2024-02-01,1,41.7488888888889,-8.27194444444445,19.1,19.1,19.1,4.6,4.6,4.6,92.0,92,92,47.0,47,47,0.0,0.0,0.0,0.0,0.0,0.0,0.0,0.0,0.0,9.7,9.7,9.7,23.0,23.0,23.0,53.0,53,53,11.23,11.23,11.23,31563.17,31563.17,31563.17,1.75,1.75,1.75,1,0
20240138629,2024-02-01,2024-02-01,1,41.7524080000983,-8.33047499974569,18.0,18.0,18.0,5.5,5.5,5.5,84.0,84,84,42.0,42,42,0.0,0.0,0.0,0.0,0.0,0.0,0.0,0.0,0.0,8.3,8.3,8.3,23.0,23.0,23.0,65.0,65,65,11.27,11.27,11.27,31596.39,31596.39,31596.39,1.76,1.76,1.76,1,0
20240142076,2024-02-02,2024-02-03,2,40.9658333333333,-8.05027777777778,12.65,13.4,11.9,5.5,6.2,4.8,90.5,95,86,60.0,61,59,0.0,0.0,0.0,0.0,0.0,0.0,0.0,0.0,0.0,13.2,14.3,12.1,38.5,40.3,36.7,62.5,67,58,11.83,11.84,11.82,32881.945,33033.66,32730.23,1.6800000000000002,1.77,1.59,2,0
20240144766,2024-02-03,2024-02-03,1,41.8005555555556,-7.79694444444444,12.7,12.7,12.7,4.1,4.1,4.1,87.0,87,87,61.0,61,61,0.0,0.0,0.0,0.0,0.0,0.0,0.0,0.0,0.0,18.0,18.0,18.0,34.6,34.6,34.6,108.0,108,108,11.91,11.91,11.91,32752.06,32752.06,32752.06,1.68,1.68,1.68,1,0
20240145010,2024-02-03,2024-02-03,1,40.9975,-7.99,11.3,11.3,11.3,3.0,3.0,3.0,93.0,93,93,64.0,64,64,0.0,0.0,0.0,0.0,0.0,0.0,0.0,0.0,0.0,11.2,11.2,11.2,32.8,32.8,32.8,98.0,98,98,11.74,11.74,11.74,33016.43,33016.43,33016.43,1.45,1.45,1.45,1,0
20240145530,2024-02-03,2024-02-03,1,42.0347200000286,-8.13667000002331,13.8,13.8,13.8,1.1,1.1,1.1,90.0,90,90,45.0,45,45,0.0,0.0,0.0,0.0,0.0,0.0,0.0,0.0,0.0,9.1,9.1,9.1,27.0,27.0,27.0,113.0,113,113,11.74,11.74,11.74,32765.48,32765.48,32765.48,1.6,1.6,1.6,1,0
20240145706,2024-02-03,2024-02-03,1,41.6733400000466,-8.13015000025431,17.2,17.2,17.2,8.4,8.4,8.4,86.0,86,86,49.0,49,49,0.0,0.0,0.0,0.0,0.0,0.0,0.0,0.0,0.0,17.5,17.5,17.5,43.2,43.2,43.2,89.0,89,89,11.61,11.61,11.61,32741.75,32741.75,32741.75,2.08,2.08,2.08,1,0
20240145751,2024-02-03,2024-02-03,1,41.9157239998711,-6.91451800028483,13.4,13.4,13.4,5.2,5.2,5.2,87.0,87,87,55.0,55,55,0.0,0.0,0.0,0.0,0.0,0.0,0.0,0.0,0.0,16.0,16.0,16.0,37.8,37.8,37.8,88.0,88,88,11.78,11.78,11.78,32483.86,32483.86,32483.86,1.84,1.84,1.84,1,0
20240149151,2024-02-04,2024-02-04,1,42.055,-8.26055555555556,15.4,15.4,15.4,5.7,5.7,5.7,87.0,87,87,60.0,60,60,0.0,0.0,0.0,0.0,0.0,0.0,0.0,0.0,0.0,7.4,7.4,7.4,15.8,15.8,15.8,100.0,100,100,11.63,11.63,11.63,32536.61,32536.61,32536.61,1.64,1.64,1.64,1,0
20240149837,2024-02-04,2024-02-04,1,40.8472980001238,-8.2879270002577,13.8,13.8,13.8,5.3,5.3,5.3,86.0,86,86,55.0,55,55,0.0,0.0,0.0,0.0,0.0,0.0,0.0,0.0,0.0,7.3,7.3,7.3,17.3,17.3,17.3,111.0,111,111,12.07,12.07,12.07,32336.52,32336.52,32336.52,1.67,1.67,1.67,1,0
20240157586,2024-02-06,2024-02-06,1,41.8786111111111,-8.20861111111111,13.6,13.6,13.6,6.0,6.0,6.0,100.0,100,100,67.0,67,67,0.0,0.0,0.0,0.0,0.0,0.0,0.0,0.0,0.0,11.9,11.9,11.9,29.2,29.2,29.2,150.0,150,150,12.05,12.05,12.05,32986.0,32986.0,32986.0,1.54,1.54,1.54,1,0
20240157606,2024-02-06,2024-02-06,1,41.9919444444444,-8.46888888888889,15.1,15.1,15.1,5.6,5.6,5.6,99.0,99,99,63.0,63,63,0.0,0.0,0.0,0.0,0.0,0.0,0.0,0.0,0.0,13.5,13.5,13.5,31.3,31.3,31.3,186.0,186,186,11.56,11.56,11.56,33050.75,33050.75,33050.75,1.56,1.56,1.56,1,0
20240162837,2024-02-07,2024-02-07,1,41.0361111111111,-8.06527777777778,13.3,13.3,13.3,5.1,5.1,5.1,98.0,98,98,74.0,74,74,0.4,0.4,0.4,0.4,0.4,0.4,3.0,3.0,3.0,17.0,17.0,17.0,50.8,50.8,50.8,177.0,177,177,6.93,6.93,6.93,16525.57,16525.57,16525.57,1.03,1.03,1.03,1,0
20240220088,2024-02-21,2024-02-21,1,41.6822222222222,-7.90166666666667,10.4,10.4,10.4,4.1,4.1,4.1,100.0,100,100,63.0,63,63,0.1,0.1,0.1,0.1,0.1,0.1,1.0,1.0,1.0,16.6,16.6,16.6,36.4,36.4,36.4,255.0,255,255,7.73,7.73,7.73,14245.58,14245.58,14245.58,1.07,1.07,1.07,1,0
20240339399,2024-03-20,2024-03-20,1,41.8997270001305,-8.44495500034756,17.1,17.1,17.1,7.4,7.4,7.4,93.0,93,93,64.0,64,64,0.0,0.0,0.0,0.0,0.0,0.0,0.0,0.0,0.0,20.7,20.7,20.7,43.2,43.2,43.2,350.0,350,350,18.55,18.55,18.55,39613.29,39613.29,39613.29,2.53,2.53,2.53,1,0
20240347160,2024-03-22,2024-03-22,1,42.0344350000222,-8.22418299992879,23.4,23.4,23.4,10.1,10.1,10.1,92.0,92,92,45.0,45,45,0.0,0.0,0.0,0.0,0.0,0.0,0.0,0.0,0.0,17.1,17.1,17.1,48.6,48.6,48.6,74.0,74,74,20.61,20.61,20.61,40547.31,40547.31,40547.31,3.86,3.86,3.86,1,0
20240349658,2024-03-22,2024-03-22,1,41.662835000356,-8.09302300029331,22.0,22.0,22.0,11.5,11.5,11.5,80.0,80,80,38.0,38,38,0.0,0.0,0.0,0.0,0.0,0.0,0.0,0.0,0.0,16.3,16.3,16.3,40.0,40.0,40.0,55.0,55,55,20.91,20.91,20.91,40329.0,40329.0,40329.0,4.09,4.09,4.09,1,0
20240349923,2024-03-22,2024-03-22,1,41.7403570000331,-7.94815199957954,20.2,20.2,20.2,10.3,10.3,10.3,85.0,85,85,35.0,35,35,0.0,0.0,0.0,0.0,0.0,0.0,0.0,0.0,0.0,15.3,15.3,15.3,45.4,45.4,45.4,68.0,68,68,20.96,20.96,20.96,40424.52,40424.52,40424.52,3.94,3.94,3.94,1,0
20240351221,2024-03-22,2024-03-23,2,41.5822222222222,-7.95861111111111,20.799999999999997,22.2,19.4,7.65,8.3,7.0,91.5,94,89,48.0,50,46,0.0,0.0,0.0,0.0,0.0,0.0,0.0,0.0,0.0,13.8,17.1,10.5,35.65,42.5,28.8,55.0,61,49,20.985,21.09,20.88,40424.435,40529.58,40319.29,3.45,3.59,3.31,2,0
20240351496,2024-03-23,2024-03-23,1,40.9913888888889,-8.11111111111111,20.3,20.3,20.3,11.8,11.8,11.8,78.0,78,78,52.0,52,52,0.0,0.0,0.0,0.0,0.0,0.0,0.0,0.0,0.0,21.1,21.1,21.1,56.2,56.2,56.2,97.0,97,97,20.53,20.53,20.53,40652.09,40652.09,40652.09,3.76,3.76,3.76,1,0
20240351784,2024-03-23,2024-03-23,1,41.9666666666667,-8.56527777777778,22.2,22.2,22.2,8.9,8.9,8.9,88.0,88,88,47.0,47,47,0.0,0.0,0.0,0.0,0.0,0.0,0.0,0.0,0.0,13.8,13.8,13.8,37.8,37.8,37.8,67.0,67,67,20.92,20.92,20.92,40889.42,40889.42,40889.42,3.61,3.61,3.61,1,0
20240352894,2024-03-23,2024-03-23,1,41.1566770002577,-8.25685200002458,21.2,21.2,21.2,13.7,13.7,13.7,79.0,79,79,52.0,52,52,0.0,0.0,0.0,0.0,0.0,0.0,0.0,0.0,0.0,32.9,32.9,32.9,70.9,70.9,70.9,93.0,93,93,19.98,19.98,19.98,40554.61,40554.61,40554.61,4.12,4.12,4.12,1,1
20240354700,2024-03-23,2024-03-23,1,41.9537820000119,-8.59636400010851,22.6,22.6,22.6,10.0,10.0,10.0,89.0,89,89,58.0,58,58,0.0,0.0,0.0,0.0,0.0,0.0,0.0,0.0,0.0,14.8,14.8,14.8,34.2,34.2,34.2,21.0,21,21,20.87,20.87,20.87,40903.91,40903.91,40903.91,3.51,3.51,3.51,1,0
20240355120,2024-03-23,2024-03-24,2,41.8990200000339,-8.47768799993727,21.65,23.0,20.3,8.15,10.4,5.9,90.0,91,89,57.5,58,57,0.0,0.0,0.0,0.0,0.0,0.0,0.0,0.0,0.0,13.55,14.8,12.3,31.700000000000003,34.2,29.2,16.0,21,11,21.035,21.2,20.87,40810.01,40903.91,40716.11,3.425,3.54,3.31,2,0
20240355380,2024-03-23,2024-03-24,2,41.9669444444444,-8.5975,21.25,22.2,20.3,8.7,10.6,6.8,86.5,87,86,57.0,61,53,0.0,0.0,0.0,0.0,0.0,0.0,0.0,0.0,0.0,16.15,18.4,13.9,35.45,38.9,32.0,24.5,26,23,20.89,21.03,20.75,40877.02,40917.95,40836.09,3.49,3.63,3.35,2,0
20240355886,2024-03-24,2024-03-24,1,41.5383333333333,-8.09555555555556,18.3,18.3,18.3,6.8,6.8,6.8,87.0,87,87,37.0,37,37,0.0,0.0,0.0,0.0,0.0,0.0,0.0,0.0,0.0,16.0,16.0,16.0,40.3,40.3,40.3,63.0,63,63,21.78,21.78,21.78,40665.73,40665.73,40665.73,3.53,3.53,3.53,1,0
20240357105,2024-03-24,2024-03-24,1,41.6491666666667,-7.9125,16.1,16.1,16.1,8.1,8.1,8.1,79.0,79,79,40.0,40,40,0.0,0.0,0.0,0.0,0.0,0.0,0.0,0.0,0.0,19.3,19.3,19.3,43.9,43.9,43.9,66.0,66,66,21.7,21.7,21.7,40567.58,40567.58,40567.58,3.68,3.68,3.68,1,0
20240357422,2024-03-24,2024-03-24,1,41.5688888888889,-8.08222222222222,18.5,18.5,18.5,10.3,10.3,10.3,72.0,72,72,37.0,37,37,0.0,0.0,0.0,0.0,0.0,0.0,0.0,0.0,0.0,22.0,22.0,22.0,47.9,47.9,47.9,67.0,67,67,21.61,21.61,21.61,40680.41,40680.41,40680.41,4.18,4.18,4.18,1,0
20240358921,2024-03-24,2024-03-24,1,41.0186111111111,-8.15805555555556,18.8,18.8,18.8,9.2,9.2,9.2,63.0,63,63,38.0,38,38,0.0,0.0,0.0,0.0,0.0,0.0,0.0,0.0,0.0,16.4,16.4,16.4,42.5,42.5,42.5,100.0,100,100,22.29,22.29,22.29,40882.1,40882.1,40882.1,4.22,4.22,4.22,1,0
20240359148,2024-03-24,2024-03-25,2,41.761720000373,-8.79952200041877,15.55,20.8,10.3,5.4,7.2,3.6,91.5,96,87,62.5,68,57,1.15,2.3,0.0,1.15,2.3,0.0,5.0,10.0,0.0,15.9,21.1,10.7,38.0,51.5,24.5,168.5,318,19,16.085,20.94,11.23,27277.885000000002,40613.55,13942.22,2.4,3.39,1.41,1,0
20240359743,2024-03-24,2024-03-25,2,41.4695280000899,-7.76403699980842,12.75,14.8,10.7,2.5999999999999996,5.1,0.1,85.5,90,81,39.5,42,37,0.8,1.6,0.0,0.75,1.5,0.0,4.5,9.0,0.0,20.35,25.7,15.0,45.55,57.6,33.5,181.0,274,88,17.884999999999998,21.9,13.87,35376.2,40539.27,30213.13,2.51,3.29,1.73,1,0
20240360097,2024-03-25,2024-03-25,1,41.3347029999892,-7.81298000017802,10.7,10.7,10.7,0.7,0.7,0.7,91.0,91,91,36.0,36,36,2.3,2.3,2.3,1.5,1.5,1.5,8.0,8.0,8.0,23.5,23.5,23.5,59.0,59.0,59.0,290.0,290,290,12.62,12.62,12.62,26947.75,26947.75,26947.75,1.61,1.61,1.61,0,0
20240408631,2024-04-05,2024-04-05,1,41.1675400000148,-8.25836300002204,22.2,22.2,22.2,9.1,9.1,9.1,88.0,88,88,32.0,32,32,0.0,0.0,0.0,0.0,0.0,0.0,0.0,0.0,0.0,18.7,18.7,18.7,45.4,45.4,45.4,153.0,153,153,21.22,21.22,21.22,39952.45,39952.45,39952.45,4.32,4.32,4.32,1,0
20240408940,2024-04-05,2024-04-06,2,41.5850850000646,-8.20739499992794,18.5,21.9,15.1,10.8,11.5,10.1,89.0,98,80,54.0,71,37,8.3,16.6,0.0,8.3,16.6,0.0,9.5,19.0,0.0,22.200000000000003,24.3,20.1,51.099999999999994,52.9,49.3,181.5,207,156,13.620000000000001,19.73,7.51,18122.510000000002,35736.3,508.72,2.8600000000000003,4.36,1.36,1,0
20240408996,2024-04-05,2024-04-05,1,41.8535630000962,-8.80402000003391,23.7,23.7,23.7,13.7,13.7,13.7,87.0,87,87,37.0,37,37,0.1,0.1,0.1,0.1,0.1,0.1,1.0,1.0,1.0,31.6,31.6,31.6,72.7,72.7,72.7,172.0,172,172,15.36,15.36,15.36,22012.16,22012.16,22012.16,4.28,4.28,4.28,1,1
20240409704,2024-04-05,2024-04-05,1,42.0787860001458,-8.23103599972195,20.2,20.2,20.2,9.8,9.8,9.8,87.0,87,87,29.0,29,29,0.4,0.4,0.4,0.4,0.4,0.4,3.0,3.0,3.0,28.4,28.4,28.4,81.4,81.4,81.4,184.0,184,184,17.96,17.96,17.96,31215.22,31215.22,31215.22,4.01,4.01,4.01,1,0
20240410318,2024-04-06,2024-04-06,1,40.8683840000629,-8.22757399982876,14.7,14.7,14.7,7.1,7.1,7.1,96.0,96,96,54.0,54,54,14.7,14.7,14.7,14.7,14.7,14.7,14.0,14.0,14.0,18.4,18.4,18.4,62.6,62.6,62.6,179.0,179,179,6.4,6.4,6.4,0.0,0.0,0.0,1.25,1.25,1.25,0,0
20240439097,2024-04-12,2024-04-12,1,41.4628719997406,-7.73250500043233,22.2,22.2,22.2,10.1,10.1,10.1,91.0,91,91,46.0,46,46,0.0,0.0,0.0,0.0,0.0,0.0,0.0,0.0,0.0,11.1,11.1,11.1,19.8,19.8,19.8,109.0,109,109,24.81,24.81,24.81,44331.45,44331.45,44331.45,4.49,4.49,4.49,1,0
20240443369,2024-04-13,2024-04-13,1,41.4263888888889,-8.01888888888889,25.4,25.4,25.4,11.8,11.8,11.8,94.0,94,94,54.0,54,54,0.0,0.0,0.0,0.0,0.0,0.0,0.0,0.0,0.0,11.9,11.9,11.9,26.3,26.3,26.3,20.0,20,20,23.47,23.47,23.47,43342.75,43342.75,43342.75,4.3,4.3,4.3,1,0
20240459546,2024-04-16,2024-04-17,2,41.9463888888889,-8.41666666666667,21.450000000000003,21.6,21.3,8.55,9.4,7.7,86.5,88,85,55.5,56,55,0.0,0.0,0.0,0.0,0.0,0.0,0.0,0.0,0.0,18.75,20.9,16.6,43.2,48.6,37.8,16.0,17,15,25.59,25.74,25.44,45084.895000000004,45162.16,45007.63,4.285,4.32,4.25,2,0
20240459673,2024-04-16,2024-04-17,2,41.6761111111111,-8.63666666666667,22.35,22.5,22.2,8.1,8.9,7.3,82.5,87,78,47.0,49,45,0.0,0.0,0.0,0.0,0.0,0.0,0.0,0.0,0.0,16.25,18.5,14.0,31.5,36.4,26.6,29.5,44,15,25.225,25.26,25.19,45051.335,45127.83,44974.84,4.475,4.49,4.46,2,0
20240466316,2024-04-18,2024-04-18,1,41.9911530001958,-8.23147800021701,17.4,17.4,17.4,4.5,4.5,4.5,95.0,95,95,41.0,41,41,0.0,0.0,0.0,0.0,0.0,0.0,0.0,0.0,0.0,13.2,13.2,13.2,34.2,34.2,34.2,86.0,86,86,26.41,26.41,26.41,45324.28,45324.28,45324.28,4.08,4.08,4.08,1,0
20240476948,2024-04-20,2024-04-20,1,41.5930555555556,-7.91083333333333,19.4,19.4,19.4,6.7,6.7,6.7,96.0,96,96,29.0,29,29,0.0,0.0,0.0,0.0,0.0,0.0,0.0,0.0,0.0,13.6,13.6,13.6,34.6,34.6,34.6,52.0,52,52,25.51,25.51,25.51,45357.53,45357.53,45357.53,4.28,4.28,4.28,1,0
20240478653,2024-04-21,2024-04-21,1,41.7388000000848,-8.34837299982707,22.2,22.2,22.2,10.5,10.5,10.5,73.0,73,73,28.0,28,28,0.0,0.0,0.0,0.0,0.0,0.0,0.0,0.0,0.0,14.4,14.4,14.4,34.6,34.6,34.6,68.0,68,68,25.77,25.77,25.77,45734.65,45734.65,45734.65,5.12,5.12,5.12,1,0
20240479886,2024-04-21,2024-04-21,1,41.8921799998813,-8.45502799987793,23.5,23.5,23.5,9.9,9.9,9.9,87.0,87,87,40.0,40,40,0.0,0.0,0.0,0.0,0.0,0.0,0.0,0.0,0.0,12.7,12.7,12.7,31.3,31.3,31.3,19.0,19,19,24.98,24.98,24.98,45754.84,45754.84,45754.84,4.56,4.56,4.56,1,0
20240480248,2024-04-21,2024-04-21,1,41.5021730000443,-8.18458200004366,23.1,23.1,23.1,10.9,10.9,10.9,89.0,89,89,32.0,32,32,0.0,0.0,0.0,0.0,0.0,0.0,0.0,0.0,0.0,22.7,22.7,22.7,47.9,47.9,47.9,76.0,76,76,26.38,26.38,26.38,45704.51,45704.51,45704.51,5.2,5.2,5.2,1,0
20240482426,2024-04-22,2024-04-22,1,41.6991666666667,-7.98916666666667,18.7,18.7,18.7,8.3,8.3,8.3,84.0,84,84,42.0,42,42,0.0,0.0,0.0,0.0,0.0,0.0,0.0,0.0,0.0,15.8,15.8,15.8,41.8,41.8,41.8,80.0,80,80,26.87,26.87,26.87,45879.98,45879.98,45879.98,4.66,4.66,4.66,1,0
20240482640,2024-04-22,2024-04-22,1,41.8880069997576,-8.47273800002204,20.9,20.9,20.9,7.0,7.0,7.0,90.0,90,90,43.0,43,43,0.1,0.1,0.1,0.1,0.1,0.1,1.0,1.0,1.0,9.5,9.5,9.5,30.6,30.6,30.6,14.0,14,14,26.26,26.26,26.26,45900.91,45900.91,45900.91,4.42,4.42,4.42,1,0
20240484930,2024-04-22,2024-04-22,1,41.6061111111111,-7.87888888888889,16.9,16.9,16.9,4.8,4.8,4.8,82.0,82,82,40.0,40,40,0.0,0.0,0.0,0.0,0.0,0.0,0.0,0.0,0.0,15.0,15.0,15.0,38.5,38.5,38.5,63.0,63,63,27.07,27.07,27.07,45859.13,45859.13,45859.13,4.14,4.14,4.14,1,0
20240486306,2024-04-22,2024-04-23,2,41.665,-7.91111111111111,15.5,15.6,15.4,4.15,5.4,2.9,84.5,85,84,42.5,44,41,0.0,0.0,0.0,0.0,0.0,0.0,0.0,0.0,0.0,18.5,18.5,18.5,41.05,41.8,40.3,54.5,67,42,27.145,27.21,27.08,45941.66,46013.77,45869.55,4.1850000000000005,4.25,4.12,2,0
20240486313,2024-04-22,2024-04-23,2,42.0042719999949,-8.56598699993557,20.200000000000003,21.8,18.6,5.95,6.4,5.5,86.0,92,80,42.0,43,41,0.0,0.0,0.0,0.0,0.0,0.0,0.0,0.0,0.0,19.4,20.2,18.6,45.349999999999994,46.8,43.9,33.0,37,29,26.564999999999998,26.58,26.55,45994.95,46067.98,45921.92,4.54,4.72,4.36,2,0
20240487027,2024-04-23,2024-04-23,1,41.9948370001051,-8.56375299983554,17.1,17.1,17.1,6.2,6.2,6.2,73.0,73,73,42.0,42,42,0.0,0.0,0.0,0.0,0.0,0.0,0.0,0.0,0.0,17.6,17.6,17.6,44.6,44.6,44.6,44.0,44,44,26.76,26.76,26.76,46067.98,46067.98,46067.98,4.34,4.34,4.34,1,0
20240488403,2024-04-23,2024-04-23,1,41.6888888888889,-7.86638888888889,13.1,13.1,13.1,1.5,1.5,1.5,91.0,91,91,43.0,43,43,0.0,0.0,0.0,0.0,0.0,0.0,0.0,0.0,0.0,19.4,19.4,19.4,46.1,46.1,46.1,41.0,41,41,27.26,27.26,27.26,46024.57,46024.57,46024.57,3.83,3.83,3.83,1,0
20240490732,2024-04-23,2024-04-24,2,41.9725,-8.55472222222222,16.25,16.3,16.2,4.8,5.3,4.3,81.0,89,73,42.5,43,42,0.0,0.0,0.0,0.0,0.0,0.0,0.0,0.0,0.0,16.0,17.6,14.4,39.2,44.6,33.8,199.5,355,44,26.04,26.76,25.32,46140.75,46213.52,46067.98,4.02,4.22,3.82,2,0
20240491157,2024-04-24,2024-04-24,1,41.6763888888889,-7.89583333333333,15.4,15.4,15.4,3.7,3.7,3.7,88.0,88,88,49.0,49,49,0.0,0.0,0.0,0.0,0.0,0.0,0.0,0.0,0.0,14.2,14.2,14.2,32.0,32.0,32.0,36.0,36,36,25.02,25.02,25.02,46157.47,46157.47,46157.47,3.71,3.71,3.71,1,0
20240492567,2024-04-24,2024-04-24,1,41.689638999833,-7.89050899982452,14.6,14.6,14.6,3.0,3.0,3.0,91.0,91,91,46.0,46,46,0.0,0.0,0.0,0.0,0.0,0.0,0.0,0.0,0.0,13.0,13.0,13.0,33.1,33.1,33.1,34.0,34,34,24.97,24.97,24.97,46168.63,46168.63,46168.63,3.65,3.65,3.65,1,0
20240492995,2024-04-24,2024-04-24,1,41.7216666666667,-7.87694444444444,18.0,18.0,18.0,2.4,2.4,2.4,88.0,88,88,38.0,38,38,0.0,0.0,0.0,0.0,0.0,0.0,0.0,0.0,0.0,16.2,16.2,16.2,34.9,34.9,34.9,14.0,14,14,24.98,24.98,24.98,46168.63,46168.63,46168.63,3.84,3.84,3.84,1,0
20240495226,2024-04-24,2024-04-25,2,41.5619444444444,-8.14805555555555,16.25,18.1,14.4,8.3,8.6,8.0,88.0,98,78,51.0,56,46,0.5,1.0,0.0,0.5,1.0,0.0,4.0,8.0,0.0,19.9,19.9,19.9,42.65,43.9,41.4,186.0,306,66,22.71,25.14,20.28,44732.85,46146.32,43319.38,3.66,4.45,2.87,1,0
20240495246,2024-04-24,2024-04-25,2,41.5597222222222,-8.13777777777778,15.7,17.3,14.1,7.199999999999999,7.6,6.8,92.5,98,87,50.0,53,47,0.05,0.1,0.0,0.05,0.1,0.0,0.5,1.0,0.0,18.5,20.0,17.0,40.5,44.3,36.7,175.5,300,51,22.53,25.19,19.87,44831.255000000005,46146.32,43516.19,3.51,4.16,2.86,2,0
20240495886,2024-04-25,2024-04-25,1,41.6295750003391,-8.27193999979231,14.6,14.6,14.6,8.3,8.3,8.3,99.0,99,99,57.0,57,57,1.1,1.1,1.1,1.1,1.1,1.1,8.0,8.0,8.0,18.1,18.1,18.1,43.2,43.2,43.2,312.0,312,312,20.35,20.35,20.35,44114.7,44114.7,44114.7,2.93,2.93,2.93,0,0
20240580006,2024-05-14,2024-05-14,1,37.2211111111111,-8.79555555555556,17.5,17.5,17.5,13.6,13.6,13.6,87.0,87,87,55.0,55,55,0.0,0.0,0.0,0.0,0.0,0.0,0.0,0.0,0.0,34.5,34.5,34.5,56.2,56.2,56.2,334.0,334,334,25.91,25.91,25.91,46800.0,46800.0,46800.0,4.28,4.28,4.28,1,1
20240606351,2024-05-20,2024-05-20,1,41.1288888888889,-7.21888888888889,20.7,20.7,20.7,8.1,8.1,8.1,100.0,100,100,43.0,43,43,0.2,0.2,0.2,0.2,0.2,0.2,2.0,2.0,2.0,13.4,13.4,13.4,33.8,33.8,33.8,294.0,294,294,25.42,25.42,25.42,45287.17,45287.17,45287.17,4.38,4.38,4.38,1,0
20240642736,2024-05-28,2024-05-28,1,38.6408333333333,-7.43944444444444,32.8,32.8,32.8,14.4,14.4,14.4,83.0,83,83,22.0,22,22,0.0,0.0,0.0,0.0,0.0,0.0,0.0,0.0,0.0,17.9,17.9,17.9,34.9,34.9,34.9,324.0,324,324,29.25,29.25,29.25,47362.86,47362.86,47362.86,6.7,6.7,6.7,1,0
20240644033,2024-05-28,2024-05-28,1,40.9921900002162,-8.21296699947781,27.2,27.2,27.2,13.7,13.7,13.7,94.0,94,94,44.0,44,44,0.0,0.0,0.0,0.0,0.0,0.0,0.0,0.0,0.0,15.5,15.5,15.5,33.5,33.5,33.5,342.0,342,342,29.41,29.41,29.41,48845.46,48845.46,48845.46,5.43,5.43,5.43,1,0
20240662690,2024-06-01,2024-06-01,1,41.3252777777778,-8.28,26.2,26.2,26.2,12.1,12.1,12.1,58.0,58,58,25.0,25,25,0.0,0.0,0.0,0.0,0.0,0.0,0.0,0.0,0.0,19.8,19.8,19.8,39.6,39.6,39.6,84.0,84,84,30.68,30.68,30.68,50178.15,50178.15,50178.15,6.78,6.78,6.78,1,0
20240664832,2024-06-02,2024-06-02,1,41.3278420003255,-8.32767299969991,25.9,25.9,25.9,13.7,13.7,13.7,59.0,59,59,28.0,28,28,0.0,0.0,0.0,0.0,0.0,0.0,0.0,0.0,0.0,22.0,22.0,22.0,44.3,44.3,44.3,85.0,85,85,30.43,30.43,30.43,50095.05,50095.05,50095.05,6.69,6.69,6.69,1,0
20240682188,2024-06-05,2024-06-05,1,39.0863888888889,-7.55805555555556,30.8,30.8,30.8,16.1,16.1,16.1,80.0,80,80,32.0,32,32,0.0,0.0,0.0,0.0,0.0,0.0,0.0,0.0,0.0,18.9,18.9,18.9,38.2,38.2,38.2,280.0,280,280,27.75,27.75,27.75,46827.74,46827.74,46827.74,6.12,6.12,6.12,1,0
20240713875,2024-06-12,2024-06-12,1,37.6641666666667,-7.89916666666667,29.1,29.1,29.1,14.1,14.1,14.1,96.0,96,96,28.0,28,28,0.0,0.0,0.0,0.0,0.0,0.0,0.0,0.0,0.0,19.4,19.4,19.4,34.9,34.9,34.9,307.0,307,307,28.99,28.99,28.99,41273.55,41273.55,41273.55,6.4,6.4,6.4,1,0
20240714109,2024-06-12,2024-06-12,1,40.8338899999857,-8.37161499977112,21.7,21.7,21.7,11.4,11.4,11.4,95.0,95,95,58.0,58,58,0.0,0.0,0.0,0.0,0.0,0.0,0.0,0.0,0.0,19.6,19.6,19.6,41.8,41.8,41.8,333.0,333,333,28.34,28.34,28.34,50050.23,50050.23,50050.23,4.63,4.63,4.63,1,0
20240723356,2024-06-14,2024-06-14,1,38.8927777777778,-8.74805555555556,29.6,29.6,29.6,14.5,14.5,14.5,95.0,95,95,41.0,41,41,0.0,0.0,0.0,0.0,0.0,0.0,0.0,0.0,0.0,22.9,22.9,22.9,44.6,44.6,44.6,330.0,330,330,24.16,24.16,24.16,45353.39,45353.39,45353.39,5.01,5.01,5.01,1,0
20240727656,2024-06-15,2024-06-15,1,41.1803660000695,-7.12541699992286,25.0,25.0,25.0,11.1,11.1,11.1,99.0,99,99,38.0,38,38,0.0,0.0,0.0,0.0,0.0,0.0,0.0,0.0,0.0,14.6,14.6,14.6,37.1,37.1,37.1,289.0,289,289,29.96,29.96,29.96,49858.86,49858.86,49858.86,5.59,5.59,5.59,1,0
20240731272,2024-06-16,2024-06-16,1,37.8722222222222,-7.96,28.5,28.5,28.5,13.2,13.2,13.2,86.0,86,86,33.0,33,33,0.0,0.0,0.0,0.0,0.0,0.0,0.0,0.0,0.0,21.4,21.4,21.4,40.3,40.3,40.3,318.0,318,318,30.03,30.03,30.03,48133.07,48133.07,48133.07,6.58,6.58,6.58,1,0
20240732440,2024-06-16,2024-06-17,2,37.8501850000024,-8.22501699977451,26.9,26.9,26.9,13.25,13.8,12.7,92.5,98,87,38.5,39,38,0.0,0.0,0.0,0.0,0.0,0.0,0.0,0.0,0.0,18.6,18.8,18.4,40.85,42.5,39.2,301.0,318,284,29.299999999999997,29.99,28.61,45724.325,48162.94,43285.71,5.675000000000001,5.9,5.45,2,0
20240736574,2024-06-17,2024-06-17,1,38.4216079998016,-8.33799499988556,25.2,25.2,25.2,14.9,14.9,14.9,99.0,99,99,47.0,47,47,0.0,0.0,0.0,0.0,0.0,0.0,0.0,0.0,0.0,18.4,18.4,18.4,41.8,41.8,41.8,276.0,276,276,25.6,25.6,25.6,35462.68,35462.68,35462.68,4.75,4.75,4.75,1,0
20240750010,2024-06-20,2024-06-20,1,38.5201220001115,-8.58140300008986,21.9,21.9,21.9,13.9,13.9,13.9,94.0,94,94,53.0,53,53,0.6,0.6,0.6,0.6,0.6,0.6,5.0,5.0,5.0,19.2,19.2,19.2,32.4,32.4,32.4,319.0,319,319,18.08,18.08,18.08,37579.85,37579.85,37579.85,3.62,3.62,3.62,1,0
20240763025,2024-06-23,2024-06-23,1,41.0534169999758,-8.42793500052558,29.6,29.6,29.6,14.8,14.8,14.8,96.0,96,96,47.0,47,47,0.0,0.0,0.0,0.0,0.0,0.0,0.0,0.0,0.0,14.6,14.6,14.6,30.2,30.2,30.2,344.0,344,344,29.06,29.06,29.06,49190.98,49190.98,49190.98,5.68,5.68,5.68,1,0
20240768252,2024-06-24,2024-06-25,2,38.4388888888889,-7.47083333333333,33.15,35.8,30.5,19.9,21.8,18.0,80.0,85,75,34.0,40,28,0.0,0.0,0.0,0.0,0.0,0.0,0.0,0.0,0.0,18.299999999999997,19.2,17.4,35.45,36.7,34.2,290.5,295,286,28.54,29.25,27.83,48325.07,48385.88,48264.26,6.6850000000000005,6.96,6.41,2,0
20240776877,2024-06-26,2024-06-26,1,38.7844444444444,-8.28888888888889,24.0,24.0,24.0,13.7,13.7,13.7,98.0,98,98,49.0,49,49,0.6,0.6,0.6,0.6,0.6,0.6,5.0,5.0,5.0,16.3,16.3,16.3,33.8,33.8,33.8,253.0,253,253,18.42,18.42,18.42,38225.37,38225.37,38225.37,3.62,3.62,3.62,1,0
20240783373,2024-06-28,2024-06-28,1,42.0068599997626,-8.60212799999449,25.9,25.9,25.9,17.0,17.0,17.0,88.0,88,88,64.0,64,64,0.0,0.0,0.0,0.0,0.0,0.0,0.0,0.0,0.0,13.4,13.4,13.4,30.6,30.6,30.6,284.0,284,284,20.83,20.83,20.83,44206.79,44206.79,44206.79,3.9,3.9,3.9,1,0
20240801309,2024-07-02,2024-07-02,1,41.1530790000492,-7.92703600035773,27.9,27.9,27.9,16.8,16.8,16.8,92.0,92,92,45.0,45,45,0.0,0.0,0.0,0.0,0.0,0.0,0.0,0.0,0.0,15.6,15.6,15.6,37.4,37.4,37.4,97.0,97,97,29.85,29.85,29.85,50149.75,50149.75,50149.75,5.69,5.69,5.69,1,0
20240803690,2024-07-02,2024-07-02,1,38.323122999933,-8.37171499994066,35.8,35.8,35.8,17.4,17.4,17.4,88.0,88,88,22.0,22,22,0.0,0.0,0.0,0.0,0.0,0.0,0.0,0.0,0.0,25.5,25.5,25.5,50.4,50.4,50.4,340.0,340,340,29.35,29.35,29.35,48638.39,48638.39,48638.39,7.43,7.43,7.43,1,0
20240807890,2024-07-03,2024-07-03,1,38.3836109999981,-8.3242179997762,36.5,36.5,36.5,20.8,20.8,20.8,72.0,72,72,26.0,26,26,0.0,0.0,0.0,0.0,0.0,0.0,0.0,0.0,0.0,18.3,18.3,18.3,39.6,39.6,39.6,344.0,344,344,29.47,29.47,29.47,48631.48,48631.48,48631.48,7.62,7.62,7.62,1,0
20240808082,2024-07-03,2024-07-03,1,38.3382660002179,-8.49783200052049,36.8,36.8,36.8,19.3,19.3,19.3,72.0,72,72,26.0,26,26,0.0,0.0,0.0,0.0,0.0,0.0,0.0,0.0,0.0,20.8,20.8,20.8,41.4,41.4,41.4,336.0,336,336,29.34,29.34,29.34,48694.54,48694.54,48694.54,7.92,7.92,7.92,1,0
20240813348,2024-07-04,2024-07-04,1,38.935992000103,-7.16164699978299,39.1,39.1,39.1,19.5,19.5,19.5,76.0,76,76,17.0,17,17,0.0,0.0,0.0,0.0,0.0,0.0,0.0,0.0,0.0,16.8,16.8,16.8,29.9,29.9,29.9,324.0,324,324,29.75,29.75,29.75,48602.5,48602.5,48602.5,7.64,7.64,7.64,1,0
20240817006,2024-07-05,2024-07-05,1,37.9958333333333,-7.46611111111111,33.5,33.5,33.5,22.1,22.1,22.1,67.0,67,67,24.0,24,24,0.0,0.0,0.0,0.0,0.0,0.0,0.0,0.0,0.0,22.4,22.4,22.4,49.0,49.0,49.0,178.0,178,178,29.52,29.52,29.52,47932.27,47932.27,47932.27,7.69,7.69,7.69,1,0
20240822529,2024-07-06,2024-07-06,1,38.1491666666667,-7.23722222222222,30.4,30.4,30.4,18.1,18.1,18.1,93.0,93,93,32.0,32,32,0.0,0.0,0.0,0.0,0.0,0.0,0.0,0.0,0.0,19.5,19.5,19.5,41.4,41.4,41.4,301.0,301,301,29.39,29.39,29.39,48014.84,48014.84,48014.84,6.76,6.76,6.76,1,0
20240823652,2024-07-06,2024-07-06,1,37.7733333333333,-8.40944444444444,26.4,26.4,26.4,16.1,16.1,16.1,93.0,93,93,48.0,48,48,0.0,0.0,0.0,0.0,0.0,0.0,0.0,0.0,0.0,23.2,23.2,23.2,48.2,48.2,48.2,320.0,320,320,28.37,28.37,28.37,48284.7,48284.7,48284.7,5.86,5.86,5.86,1,0
20240830801,2024-07-08,2024-07-08,1,41.1592929999034,-7.90888299994999,27.9,27.9,27.9,12.6,12.6,12.6,84.0,84,84,39.0,39,39,0.1,0.1,0.1,0.1,0.1,0.1,1.0,1.0,1.0,18.7,18.7,18.7,45.0,45.0,45.0,287.0,287,287,29.16,29.16,29.16,47963.18,47963.18,47963.18,5.81,5.81,5.81,1,0
20240831558,2024-07-08,2024-07-08,1,41.2699269999398,-8.6220129998525,20.0,20.0,20.0,11.8,11.8,11.8,92.0,92,92,65.0,65,65,2.4,2.4,2.4,2.4,2.4,2.4,3.0,3.0,3.0,17.1,17.1,17.1,37.4,37.4,37.4,209.0,209,209,26.98,26.98,26.98,39733.4,39733.4,39733.4,4.16,4.16,4.16,0,0
20240832230,2024-07-08,2024-07-08,1,39.0216930002636,-7.63253200001187,29.4,29.4,29.4,12.3,12.3,12.3,86.0,86,86,30.0,30,30,0.0,0.0,0.0,0.0,0.0,0.0,0.0,0.0,0.0,16.5,16.5,16.5,33.5,33.5,33.5,273.0,273,273,29.55,29.55,29.55,47158.8,47158.8,47158.8,6.32,6.32,6.32,1,0
20240832707,2024-07-08,2024-07-08,1,39.9507050000297,-7.48410199999809,29.6,29.6,29.6,12.6,12.6,12.6,77.0,77,77,28.0,28,28,0.0,0.0,0.0,0.0,0.0,0.0,0.0,0.0,0.0,16.6,16.6,16.6,37.4,37.4,37.4,280.0,280,280,29.66,29.66,29.66,47439.08,47439.08,47439.08,6.48,6.48,6.48,1,0
20240836501,2024-07-09,2024-07-09,1,38.0055150000254,-8.5600550005171,25.5,25.5,25.5,15.9,15.9,15.9,100.0,100,100,59.0,59,59,0.0,0.0,0.0,0.0,0.0,0.0,0.0,0.0,0.0,18.1,18.1,18.1,37.1,37.1,37.1,268.0,268,268,22.67,22.67,22.67,45492.65,45492.65,45492.65,4.31,4.31,4.31,1,0
20240845673,2024-07-11,2024-07-11,1,37.9519169999493,-8.54629700024923,31.4,31.4,31.4,18.7,18.7,18.7,96.0,96,96,46.0,46,46,0.0,0.0,0.0,0.0,0.0,0.0,0.0,0.0,0.0,21.5,21.5,21.5,41.8,41.8,41.8,325.0,325,325,27.15,27.15,27.15,47898.52,47898.52,47898.52,5.71,5.71,5.71,1,0
20240850805,2024-07-12,2024-07-12,1,38.4502777777778,-7.42083333333333,32.8,32.8,32.8,17.1,17.1,17.1,92.0,92,92,21.0,21,21,0.0,0.0,0.0,0.0,0.0,0.0,0.0,0.0,0.0,17.1,17.1,17.1,32.8,32.8,32.8,318.0,318,318,29.72,29.72,29.72,47739.16,47739.16,47739.16,6.8,6.8,6.8,1,0
20240854602,2024-07-13,2024-07-13,1,38.6652777777778,-7.98638888888889,29.2,29.2,29.2,13.7,13.7,13.7,87.0,87,87,22.0,22,22,0.0,0.0,0.0,0.0,0.0,0.0,0.0,0.0,0.0,16.7,16.7,16.7,34.2,34.2,34.2,306.0,306,306,29.56,29.56,29.56,48109.46,48109.46,48109.46,6.73,6.73,6.73,1,0
20240864164,2024-07-15,2024-07-15,1,37.7466666666667,-8.3575,28.4,28.4,28.4,17.9,17.9,17.9,99.0,99,99,35.0,35,35,0.1,0.1,0.1,0.1,0.1,0.1,1.0,1.0,1.0,18.7,18.7,18.7,39.2,39.2,39.2,288.0,288,288,20.93,20.93,20.93,31754.71,31754.71,31754.71,4.52,4.52,4.52,1,0
20240872234,2024-07-17,2024-07-17,1,37.6625,-8.05166666666667,35.6,35.6,35.6,15.1,15.1,15.1,90.0,90,90,16.0,16,16,0.0,0.0,0.0,0.0,0.0,0.0,0.0,0.0,0.0,16.3,16.3,16.3,30.6,30.6,30.6,316.0,316,316,29.47,29.47,29.47,47596.34,47596.34,47596.34,7.2,7.2,7.2,1,0
20240877271,2024-07-18,2024-07-18,1,37.8297222222222,-7.50416666666667,38.0,38.0,38.0,20.0,20.0,20.0,73.0,73,73,17.0,17,17,0.0,0.0,0.0,0.0,0.0,0.0,0.0,0.0,0.0,13.6,13.6,13.6,29.5,29.5,29.5,10.0,10,10,26.83,26.83,26.83,47263.19,47263.19,47263.19,7.18,7.18,7.18,1,0
20240877637,2024-07-18,2024-07-19,2,39.7830555555556,-8.59888888888889,27.1,28.1,26.1,13.9,14.3,13.5,99.0,100,98,54.0,62,46,0.0,0.0,0.0,0.0,0.0,0.0,0.0,0.0,0.0,17.15,18.8,15.5,36.0,38.9,33.1,321.0,323,319,28.51,28.6,28.42,47753.285,48471.8,47034.77,5.210000000000001,5.44,4.98,2,0
20240890061,2024-07-21,2024-07-22,2,38.7480555555556,-9.44111111111111,22.299999999999997,24.7,19.9,16.15,16.2,16.1,96.0,98,94,58.0,64,52,0.1,0.2,0.0,0.1,0.2,0.0,1.0,2.0,0.0,33.1,35.6,30.6,65.7,70.9,60.5,177.5,354,1,28.85,29.02,28.68,48386.96,48518.42,48255.5,4.975,5.66,4.29,2,2
20240895176,2024-07-22,2024-07-22,1,41.4827600002289,-8.51604200045268,34.2,34.2,34.2,15.2,15.2,15.2,80.0,80,80,28.0,28,28,0.0,0.0,0.0,0.0,0.0,0.0,0.0,0.0,0.0,12.6,12.6,12.6,27.0,27.0,27.0,44.0,44,44,28.67,28.67,28.67,48727.11,48727.11,48727.11,6.47,6.47,6.47,1,0
20240895538,2024-07-22,2024-07-22,1,39.7862469998995,-8.62614500045776,34.9,34.9,34.9,13.5,13.5,13.5,99.0,99,99,20.0,20,20,0.0,0.0,0.0,0.0,0.0,0.0,0.0,0.0,0.0,20.1,20.1,20.1,38.9,38.9,38.9,324.0,324,324,28.75,28.75,28.75,48245.82,48245.82,48245.82,6.79,6.79,6.79,1,0
20240895974,2024-07-22,2024-07-23,2,39.9372222222222,-8.45722222222222,36.3,36.7,35.9,19.35,22.5,16.2,74.0,89,59,22.0,23,21,0.0,0.0,0.0,0.0,0.0,0.0,0.0,0.0,0.0,18.1,18.8,17.4,34.2,34.6,33.8,185.0,339,31,28.64,28.83,28.45,48054.4,48120.98,47987.82,7.07,7.09,7.05,2,0
20240897723,2024-07-23,2024-07-23,1,41.5938888888889,-8.16333333333333,33.7,33.7,33.7,18.7,18.7,18.7,76.0,76,76,31.0,31,31,0.0,0.0,0.0,0.0,0.0,0.0,0.0,0.0,0.0,13.0,13.0,13.0,29.2,29.2,29.2,65.0,65,65,28.66,28.66,28.66,48659.22,48659.22,48659.22,6.66,6.66,6.66,1,0
20240899879,2024-07-23,2024-07-23,1,39.6958333333333,-8.81333333333333,34.0,34.0,34.0,21.2,21.2,21.2,72.0,72,72,35.0,35,35,0.0,0.0,0.0,0.0,0.0,0.0,0.0,0.0,0.0,12.9,12.9,12.9,29.9,29.9,29.9,321.0,321,321,28.4,28.4,28.4,48124.43,48124.43,48124.43,6.35,6.35,6.35,1,0
20240899958,2024-07-23,2024-07-23,1,41.3022669998805,-7.59558199988471,34.0,34.0,34.0,19.5,19.5,19.5,58.0,58,58,24.0,24,24,0.0,0.0,0.0,0.0,0.0,0.0,0.0,0.0,0.0,10.5,10.5,10.5,27.4,27.4,27.4,21.0,21,21,28.78,28.78,28.78,48416.22,48416.22,48416.22,6.55,6.55,6.55,1,0
20240899959,2024-07-23,2024-07-23,1,39.6216666666667,-8.75416666666667,34.7,34.7,34.7,20.3,20.3,20.3,64.0,64,64,22.0,22,22,0.0,0.0,0.0,0.0,0.0,0.0,0.0,0.0,0.0,13.8,13.8,13.8,30.2,30.2,30.2,328.0,328,328,28.45,28.45,28.45,48110.38,48110.38,48110.38,6.94,6.94,6.94,1,0
20240900795,2024-07-23,2024-07-23,1,38.5373479999436,-8.85173999998305,31.1,31.1,31.1,20.5,20.5,20.5,82.0,82,82,40.0,40,40,0.0,0.0,0.0,0.0,0.0,0.0,0.0,0.0,0.0,15.5,15.5,15.5,33.8,33.8,33.8,216.0,216,216,28.52,28.52,28.52,47722.48,47722.48,47722.48,6.41,6.41,6.41,1,0
20240904842,2024-07-24,2024-07-24,1,37.5777777777778,-8.65583333333333,35.6,35.6,35.6,18.4,18.4,18.4,92.0,92,92,24.0,24,24,0.0,0.0,0.0,0.0,0.0,0.0,0.0,0.0,0.0,19.1,19.1,19.1,38.5,38.5,38.5,275.0,275,275,28.24,28.24,28.24,47258.58,47258.58,47258.58,6.37,6.37,6.37,1,0
20240905033,2024-07-24,2024-07-25,2,39.7936111111111,-8.52611111111111,29.2,33.4,25.0,17.65,18.6,16.7,96.0,100,92,53.5,61,46,0.0,0.0,0.0,0.0,0.0,0.0,0.0,0.0,0.0,22.200000000000003,27.6,16.8,43.05,51.5,34.6,311.5,316,307,27.625,28.61,26.64,45292.555,47972.99,42612.12,5.495,6.36,4.63,2,0
20240905351,2024-07-24,2024-07-24,1,38.9469799995422,-7.16181299951341,41.3,41.3,41.3,22.6,22.6,22.6,54.0,54,54,13.0,13,13,0.0,0.0,0.0,0.0,0.0,0.0,0.0,0.0,0.0,18.3,18.3,18.3,36.4,36.4,36.4,286.0,286,286,28.66,28.66,28.66,47154.66,47154.66,47154.66,9.0,9.0,9.0,1,0
20240905553,2024-07-24,2024-07-24,1,39.9458299997118,-7.63888999991947,39.6,39.6,39.6,21.8,21.8,21.8,63.0,63,63,17.0,17,17,0.0,0.0,0.0,0.0,0.0,0.0,0.0,0.0,0.0,18.4,18.4,18.4,37.4,37.4,37.4,287.0,287,287,28.56,28.56,28.56,47699.54,47699.54,47699.54,7.88,7.88,7.88,1,0
20240905579,2024-07-24,2024-07-24,1,37.3833333333333,-7.52416666666667,41.1,41.1,41.1,23.3,23.3,23.3,49.0,49,49,17.0,17,17,0.0,0.0,0.0,0.0,0.0,0.0,0.0,0.0,0.0,16.4,16.4,16.4,37.4,37.4,37.4,270.0,270,270,28.23,28.23,28.23,46884.54,46884.54,46884.54,8.42,8.42,8.42,1,0
20240906860,2024-07-24,2024-07-25,2,41.8802777777778,-8.76027777777778,29.95,31.5,28.4,20.8,22.1,19.5,89.5,94,85,62.0,64,60,0.0,0.0,0.0,0.0,0.0,0.0,0.0,0.0,0.0,14.600000000000001,17.8,11.4,33.5,41.4,25.6,183.0,352,14,28.060000000000002,28.18,27.94,48655.975,48681.88,48630.07,5.59,5.97,5.21,2,0
20240910439,2024-07-25,2024-07-25,1,38.3496390003628,-8.49456000010172,32.2,32.2,32.2,18.6,18.6,18.6,97.0,97,97,36.0,36,36,0.0,0.0,0.0,0.0,0.0,0.0,0.0,0.0,0.0,22.4,22.4,22.4,45.0,45.0,45.0,310.0,310,310,27.4,27.4,27.4,40258.05,40258.05,40258.05,6.42,6.42,6.42,1,0
20240910839,2024-07-25,2024-07-25,1,38.5491666666667,-7.93388888888889,33.1,33.1,33.1,18.1,18.1,18.1,94.0,94,94,30.0,30,30,0.0,0.0,0.0,0.0,0.0,0.0,0.0,0.0,0.0,19.2,19.2,19.2,42.1,42.1,42.1,304.0,304,304,28.31,28.31,28.31,47254.97,47254.97,47254.97,6.79,6.79,6.79,1,0
20240915057,2024-07-26,2024-07-26,1,41.8577777777778,-7.47194444444444,32.1,32.1,32.1,17.5,17.5,17.5,82.0,82,82,30.0,30,30,0.0,0.0,0.0,0.0,0.0,0.0,0.0,0.0,0.0,19.7,19.7,19.7,45.7,45.7,45.7,324.0,324,324,27.76,27.76,27.76,47841.87,47841.87,47841.87,6.69,6.69,6.69,1,0
20240926115,2024-07-28,2024-07-29,2,37.9688888888889,-7.66777777777778,36.55,36.8,36.3,22.5,24.5,20.5,69.5,72,67,26.5,27,26,1.65,3.3,0.0,1.65,3.3,0.0,4.0,8.0,0.0,17.75,21.1,14.4,38.7,44.3,33.1,177.5,219,136,24.22,27.69,20.75,42964.785,46800.0,39129.57,6.5,6.98,6.02,1,0
20240931122,2024-07-29,2024-07-30,2,41.5734680000941,-8.2168820000026,32.0,32.9,31.1,21.05,21.8,20.3,83.0,84,82,35.0,39,31,0.25,0.3,0.2,0.25,0.3,0.2,1.5,2.0,1.0,16.1,16.6,15.6,36.0,36.7,35.3,132.5,164,101,22.68,26.5,18.86,42318.805,47609.03,37028.58,5.49,6.42,4.56,2,0
20240938817,2024-07-31,2024-07-31,1,38.6905869997872,-7.71499800046285,33.2,33.2,33.2,18.2,18.2,18.2,98.0,98,98,32.0,32,32,0.0,0.0,0.0,0.0,0.0,0.0,0.0,0.0,0.0,17.3,17.3,17.3,33.5,33.5,33.5,319.0,319,319,26.89,26.89,26.89,40538.68,40538.68,40538.68,6.19,6.19,6.19,1,0
20240939555,2024-07-31,2024-07-31,1,39.4047222222222,-8.77916666666667,27.5,27.5,27.5,18.6,18.6,18.6,90.0,90,90,55.0,55,55,0.0,0.0,0.0,0.0,0.0,0.0,0.0,0.0,0.0,27.0,27.0,27.0,47.5,47.5,47.5,321.0,321,321,25.47,25.47,25.47,46714.35,46714.35,46714.35,4.96,4.96,4.96,1,0
20240939637,2024-07-31,2024-07-31,1,40.9422222222222,-7.34333333333333,30.6,30.6,30.6,16.3,16.3,16.3,98.0,98,98,37.0,37,37,0.0,0.0,0.0,0.0,0.0,0.0,0.0,0.0,0.0,15.8,15.8,15.8,33.1,33.1,33.1,279.0,279,279,26.9,26.9,26.9,47242.08,47242.08,47242.08,5.71,5.71,5.71,1,0
20240939774,2024-07-31,2024-07-31,1,38.3554550001356,-7.95144100003772,33.2,33.2,33.2,17.5,17.5,17.5,100.0,100,100,36.0,36,36,0.0,0.0,0.0,0.0,0.0,0.0,0.0,0.0,0.0,13.3,13.3,13.3,29.5,29.5,29.5,304.0,304,304,27.03,27.03,27.03,40977.12,40977.12,40977.12,6.02,6.02,6.02,1,0
20240952131,2024-08-03,2024-08-03,1,41.7714720000161,-7.45556700017717,33.2,33.2,33.2,16.2,16.2,16.2,93.0,93,93,23.0,23,23,0.0,0.0,0.0,0.0,0.0,0.0,0.0,0.0,0.0,17.1,17.1,17.1,36.7,36.7,36.7,342.0,342,342,27.39,27.39,27.39,47144.08,47144.08,47144.08,6.22,6.22,6.22,1,0
20240961378,2024-08-05,2024-08-05,1,41.5885250001484,-8.18880299992031,28.9,28.9,28.9,16.8,16.8,16.8,91.0,91,91,43.0,43,43,0.0,0.0,0.0,0.0,0.0,0.0,0.0,0.0,0.0,17.3,17.3,17.3,37.4,37.4,37.4,290.0,290,290,27.27,27.27,27.27,47127.14,47127.14,47127.14,5.52,5.52,5.52,1,0
20240963301,2024-08-05,2024-08-06,2,41.8566666666667,-7.46805555555556,31.65,32.5,30.8,17.85,18.5,17.2,92.0,93,91,31.0,36,26,0.0,0.0,0.0,0.0,0.0,0.0,0.0,0.0,0.0,18.5,19.8,17.2,43.0,45.0,41.0,327.0,332,322,26.095,27.49,24.7,46480.649999999994,46974.45,45986.85,6.26,6.66,5.86,2,0
20240966139,2024-08-06,2024-08-06,1,40.6533333333333,-7.31361111111111,32.6,32.6,32.6,17.4,17.4,17.4,85.0,85,85,29.0,29,29,0.0,0.0,0.0,0.0,0.0,0.0,0.0,0.0,0.0,18.1,18.1,18.1,36.7,36.7,36.7,259.0,259,259,27.03,27.03,27.03,46800.0,46800.0,46800.0,6.41,6.41,6.41,1,0
20240966450,2024-08-06,2024-08-06,1,40.7347222222222,-7.21777777777778,33.1,33.1,33.1,16.9,16.9,16.9,86.0,86,86,25.0,25,25,0.0,0.0,0.0,0.0,0.0,0.0,0.0,0.0,0.0,15.8,15.8,15.8,31.7,31.7,31.7,274.0,274,274,26.97,26.97,26.97,46800.0,46800.0,46800.0,6.22,6.22,6.22,1,0
20240970971,2024-08-07,2024-08-07,1,41.8713699997796,-7.65298199998008,31.3,31.3,31.3,15.9,15.9,15.9,93.0,93,93,30.0,30,30,0.0,0.0,0.0,0.0,0.0,0.0,0.0,0.0,0.0,18.4,18.4,18.4,40.0,40.0,40.0,334.0,334,334,26.21,26.21,26.21,46900.57,46900.57,46900.57,5.67,5.67,5.67,1,0
20240975567,2024-08-08,2024-08-09,2,41.3247169997957,-7.18542000002331,36.45,38.0,34.9,19.0,19.4,18.6,78.5,80,77,19.0,21,17,0.0,0.0,0.0,0.0,0.0,0.0,0.0,0.0,0.0,13.350000000000001,13.8,12.9,33.1,34.9,31.3,330.0,334,326,26.494999999999997,26.7,26.29,46753.3,46781.48,46725.12,6.34,6.48,6.2,2,0
20240986021,2024-08-10,2024-08-10,1,40.5691666666667,-7.48305555555556,37.6,37.6,37.6,23.7,23.7,23.7,61.0,61,61,15.0,15,15,0.0,0.0,0.0,0.0,0.0,0.0,0.0,0.0,0.0,18.8,18.8,18.8,36.4,36.4,36.4,158.0,158,158,25.88,25.88,25.88,46564.97,46564.97,46564.97,7.32,7.32,7.32,1,0
20240986084,2024-08-10,2024-08-12,3,41.6142669995626,-6.38561200009452,34.06666666666666,36.3,30.9,20.8,22.3,18.7,59.0,67,51,20.666666666666668,24,18,0.0,0.0,0.0,0.0,0.0,0.0,0.0,0.0,0.0,20.900000000000002,24.7,18.3,40.9,45.0,38.5,179.0,256,69,25.296666666666667,26.22,24.14,45342.03666666666,46800.0,42426.11,7.096666666666667,7.39,6.81,3,0
20240986285,2024-08-10,2024-08-13,4,41.8945420000288,-6.79757999949985,28.425,33.1,22.4,17.375,21.2,13.7,71.0,96,47,29.25,41,20,0.175,0.7,0.0,0.175,0.7,0.0,0.5,2.0,0.0,19.2,21.3,16.6,40.35,45.4,34.6,223.75,278,84,23.6025,26.5,18.55,42968.475,46800.0,31591.87,5.6275,6.65,3.68,4,0
20240986994,2024-08-10,2024-08-11,2,41.9468620003594,-8.45163999994596,31.6,34.1,29.1,18.75,19.5,18.0,88.5,92,85,43.5,49,38,0.0,0.0,0.0,0.0,0.0,0.0,0.0,0.0,0.0,11.25,14.0,8.5,28.8,36.0,21.6,278.0,348,208,25.65,26.19,25.11,46476.965,46556.17,46397.76,5.285,5.47,5.1,2,0
20240995688,2024-08-12,2024-08-12,1,39.9116666666667,-7.29083333333333,35.2,35.2,35.2,19.4,19.4,19.4,73.0,73,73,23.0,23,23,0.0,0.0,0.0,0.0,0.0,0.0,0.0,0.0,0.0,21.0,21.0,21.0,45.0,45.0,45.0,262.0,262,262,25.94,25.94,25.94,43963.3,43963.3,43963.3,6.43,6.43,6.43,1,0
20241003433,2024-08-14,2024-08-14,1,41.6456330002679,-6.58290699958801,29.0,29.0,29.0,14.0,14.0,14.0,94.0,94,94,31.0,31,31,0.0,0.0,0.0,0.0,0.0,0.0,0.0,0.0,0.0,14.8,14.8,14.8,28.4,28.4,28.4,8.0,8,8,24.57,24.57,24.57,46585.59,46585.59,46585.59,5.13,5.13,5.13,1,0
20241005527,2024-08-14,2024-08-15,2,42.015722000334,-8.58839500003391,27.4,28.9,25.9,12.850000000000001,14.3,11.4,91.5,95,88,32.0,37,27,0.05,0.1,0.0,0.05,0.1,0.0,0.5,1.0,0.0,15.85,17.2,14.5,37.3,40.0,34.6,6.0,6,6,25.73,25.87,25.59,46195.805,46225.25,46166.36,5.26,5.47,5.05,2,0
20241005673,2024-08-14,2024-08-15,2,41.6990320004357,-8.51535699950324,29.15,30.5,27.8,14.55,14.9,14.2,81.0,96,66,29.0,32,26,0.0,0.0,0.0,0.0,0.0,0.0,0.0,0.0,0.0,13.55,14.1,13.0,32.25,33.5,31.0,180.5,355,6,25.96,26.04,25.88,46214.42999999999,46243.52,46185.34,5.625,5.87,5.38,2,0
20241008277,2024-08-15,2024-08-16,2,41.7013530000051,-8.65209499994914,32.95,34.8,31.1,15.799999999999999,17.4,14.2,79.0,81,77,27.0,29,25,0.0,0.0,0.0,0.0,0.0,0.0,0.0,0.0,0.0,14.9,15.3,14.5,32.05,32.8,31.3,350.5,355,346,25.455,25.59,25.32,46093.729999999996,46122.82,46064.64,5.73,5.93,5.53,2,0
20241008646,2024-08-15,2024-08-15,1,40.58,-7.50055555555556,32.1,32.1,32.1,18.4,18.4,18.4,75.0,75,75,16.0,16,16,0.0,0.0,0.0,0.0,0.0,0.0,0.0,0.0,0.0,22.2,22.2,22.2,42.1,42.1,42.1,68.0,68,68,26.22,26.22,26.22,46258.16,46258.16,46258.16,6.97,6.97,6.97,1,0
20241008770,2024-08-15,2024-08-15,1,41.5752777777778,-8.30222222222222,30.4,30.4,30.4,16.4,16.4,16.4,63.0,63,63,28.0,28,28,0.0,0.0,0.0,0.0,0.0,0.0,0.0,0.0,0.0,11.6,11.6,11.6,24.8,24.8,24.8,31.0,31,31,25.7,25.7,25.7,46179.13,46179.13,46179.13,5.78,5.78,5.78,1,0
20241011935,2024-08-16,2024-08-18,3,40.6161111111111,-7.44694444444444,33.733333333333334,34.7,32.7,19.733333333333334,21.0,18.7,65.66666666666667,91,34,24.333333333333332,31,16,0.0,0.0,0.0,0.0,0.0,0.0,0.0,0.0,0.0,18.333333333333332,22.0,14.1,38.63333333333333,45.7,30.6,198.66666666666666,271,61,25.286666666666665,26.22,24.7,45998.61000000001,46134.7,45862.33,6.3933333333333335,6.87,5.85,3,0
20241012056,2024-08-16,2024-08-16,1,40.6688888888889,-7.47555555555556,33.6,33.6,33.6,17.2,17.2,17.2,43.0,43,43,15.0,15,15,0.0,0.0,0.0,0.0,0.0,0.0,0.0,0.0,0.0,13.7,13.7,13.7,28.4,28.4,28.4,56.0,56,56,26.36,26.36,26.36,46145.93,46145.93,46145.93,6.74,6.74,6.74,1,0
20241013032,2024-08-16,2024-08-17,2,41.1244444444444,-8.33361111111111,31.9,33.8,30.0,17.85,18.0,17.7,81.5,85,78,34.0,44,24,0.0,0.0,0.0,0.0,0.0,0.0,0.0,0.0,0.0,15.1,18.4,11.8,33.5,40.0,27.0,161.5,275,48,25.04,25.67,24.41,46015.785,46100.9,45930.67,5.49,5.92,5.06,2,0
20241013586,2024-08-16,2024-08-16,1,41.0772319995032,-8.50141499996185,34.7,34.7,34.7,19.0,19.0,19.0,83.0,83,83,27.0,27,27,0.0,0.0,0.0,0.0,0.0,0.0,0.0,0.0,0.0,16.1,16.1,16.1,34.2,34.2,34.2,348.0,348,348,25.19,25.19,25.19,46039.18,46039.18,46039.18,6.02,6.02,6.02,1,0
20241014879,2024-08-16,2024-08-17,2,41.8252777777778,-8.3675,31.450000000000003,33.6,29.3,17.799999999999997,18.2,17.4,81.0,90,72,39.0,51,27,0.0,0.0,0.0,0.0,0.0,0.0,0.0,0.0,0.0,17.9,18.9,16.9,42.3,45.0,39.6,350.0,355,345,24.95,25.57,24.33,46069.615,46098.78,46040.45,5.63,6.22,5.04,2,0
20241015363,2024-08-17,2024-08-17,1,41.7676739999983,-7.15543000009325,31.4,31.4,31.4,18.3,18.3,18.3,84.0,84,84,35.0,35,35,0.0,0.0,0.0,0.0,0.0,0.0,0.0,0.0,0.0,23.2,23.2,23.2,46.1,46.1,46.1,315.0,315,315,24.43,24.43,24.43,46186.6,46186.6,46186.6,6.51,6.51,6.51,1,0
20241015714,2024-08-17,2024-08-17,1,41.7433333333333,-8.51944444444444,29.6,29.6,29.6,17.7,17.7,17.7,82.0,82,82,44.0,44,44,0.0,0.0,0.0,0.0,0.0,0.0,0.0,0.0,0.0,19.2,19.2,19.2,45.4,45.4,45.4,337.0,337,337,24.36,24.36,24.36,46069.01,46069.01,46069.01,5.19,5.19,5.19,1,0
20241016461,2024-08-17,2024-08-17,1,41.9426650004917,-8.38278699980842,26.0,26.0,26.0,16.0,16.0,16.0,95.0,95,95,54.0,54,54,0.0,0.0,0.0,0.0,0.0,0.0,0.0,0.0,0.0,17.9,17.9,17.9,47.5,47.5,47.5,350.0,350,350,23.81,23.81,23.81,46077.27,46077.27,46077.27,4.47,4.47,4.47,1,0
20241016967,2024-08-17,2024-08-17,1,41.8196620000733,-8.4872349998686,28.6,28.6,28.6,17.5,17.5,17.5,89.0,89,89,51.0,51,51,0.0,0.0,0.0,0.0,0.0,0.0,0.0,0.0,0.0,18.9,18.9,18.9,45.0,45.0,45.0,345.0,345,345,24.33,24.33,24.33,46040.45,46040.45,46040.45,4.95,4.95,4.95,1,0
20241017867,2024-08-17,2024-08-17,1,41.8941666666667,-8.41444444444445,28.7,28.7,28.7,17.7,17.7,17.7,94.0,94,94,53.0,53,53,0.0,0.0,0.0,0.0,0.0,0.0,0.0,0.0,0.0,19.5,19.5,19.5,50.8,50.8,50.8,349.0,349,349,24.16,24.16,24.16,46043.16,46043.16,46043.16,4.79,4.79,4.79,1,0
20241017939,2024-08-17,2024-08-17,1,37.959795999527,-8.83617100000381,37.3,37.3,37.3,22.2,22.2,22.2,72.0,72,72,22.0,22,22,0.0,0.0,0.0,0.0,0.0,0.0,0.0,0.0,0.0,27.7,27.7,27.7,54.4,54.4,54.4,350.0,350,350,25.71,25.71,25.71,45598.45,45598.45,45598.45,8.13,8.13,8.13,1,0
20241018312,2024-08-17,2024-08-17,1,41.1463888888889,-7.89611111111111,32.0,32.0,32.0,18.3,18.3,18.3,81.0,81,81,32.0,32,32,0.0,0.0,0.0,0.0,0.0,0.0,0.0,0.0,0.0,18.4,18.4,18.4,44.6,44.6,44.6,268.0,268,268,24.78,24.78,24.78,46086.45,46086.45,46086.45,5.77,5.77,5.77,1,0
20241018391,2024-08-17,2024-08-17,1,40.8483333333333,-8.16611111111111,28.3,28.3,28.3,17.2,17.2,17.2,91.0,91,91,35.0,35,35,0.0,0.0,0.0,0.0,0.0,0.0,0.0,0.0,0.0,16.3,16.3,16.3,43.9,43.9,43.9,328.0,328,328,24.59,24.59,24.59,46036.16,46036.16,46036.16,5.13,5.13,5.13,1,0
20241018803,2024-08-17,2024-08-17,1,39.2959850003984,-7.48754300011529,37.2,37.2,37.2,24.2,24.2,24.2,63.0,63,63,16.0,16,16,0.0,0.0,0.0,0.0,0.0,0.0,0.0,0.0,0.0,22.0,22.0,22.0,45.0,45.0,45.0,331.0,331,331,25.53,25.53,25.53,45795.46,45795.46,45795.46,8.26,8.26,8.26,1,0
20241020247,2024-08-18,2024-08-18,1,41.7594444444444,-8.54472222222222,28.2,28.2,28.2,20.3,20.3,20.3,94.0,94,94,50.0,50,50,0.0,0.0,0.0,0.0,0.0,0.0,0.0,0.0,0.0,15.6,15.6,15.6,38.5,38.5,38.5,337.0,337,337,22.85,22.85,22.85,40500.45,40500.45,40500.45,4.62,4.62,4.62,1,0
20241021874,2024-08-18,2024-08-18,1,41.2380555555556,-8.705,23.7,23.7,23.7,18.9,18.9,18.9,100.0,100,100,73.0,73,73,0.0,0.0,0.0,0.0,0.0,0.0,0.0,0.0,0.0,22.5,22.5,22.5,43.6,43.6,43.6,326.0,326,326,21.77,21.77,21.77,39600.0,39600.0,39600.0,3.59,3.59,3.59,1,0
20241023268,2024-08-18,2024-08-19,2,41.8555555555556,-8.44277777777778,28.299999999999997,28.9,27.7,17.85,19.8,15.9,96.0,98,94,45.5,52,39,0.25,0.5,0.0,0.25,0.5,0.0,2.5,5.0,0.0,14.95,15.6,14.3,34.55,36.0,33.1,344.0,346,342,23.735,24.96,22.51,42812.36,45895.03,39729.69,4.79,5.11,4.47,2,0
20241023438,2024-08-18,2024-08-18,1,41.2122222222222,-7.85777777777778,28.5,28.5,28.5,16.7,16.7,16.7,99.0,99,99,40.0,40,40,0.2,0.2,0.2,0.2,0.2,0.2,2.0,2.0,2.0,14.7,14.7,14.7,42.5,42.5,42.5,283.0,283,283,23.28,23.28,23.28,42110.88,42110.88,42110.88,4.74,4.74,4.74,1,0
20241023880,2024-08-18,2024-08-19,2,40.61,-7.38,31.15,31.3,31.0,17.700000000000003,18.3,17.1,90.5,94,87,27.5,29,26,0.0,0.0,0.0,0.0,0.0,0.0,0.0,0.0,0.0,16.75,18.2,15.3,34.35,36.7,32.0,298.0,306,290,25.145000000000003,25.26,25.03,45793.854999999996,45862.33,45725.38,5.925000000000001,6.03,5.82,2,0
20241027438,2024-08-19,2024-08-19,1,38.8541979999012,-7.32621500015259,35.0,35.0,35.0,19.5,19.5,19.5,79.0,79,79,30.0,30,30,0.0,0.0,0.0,0.0,0.0,0.0,0.0,0.0,0.0,19.3,19.3,19.3,38.5,38.5,38.5,313.0,313,313,25.06,25.06,25.06,45476.16,45476.16,45476.16,6.97,6.97,6.97,1,0
20241031101,2024-08-20,2024-08-20,1,39.2488888888889,-8.49,32.5,32.5,32.5,18.2,18.2,18.2,84.0,84,84,34.0,34,34,0.0,0.0,0.0,0.0,0.0,0.0,0.0,0.0,0.0,25.3,25.3,25.3,48.2,48.2,48.2,344.0,344,344,24.53,24.53,24.53,45403.86,45403.86,45403.86,6.37,6.37,6.37,1,0
20241031979,2024-08-20,2024-08-20,1,40.8055580001407,-8.29531700028314,27.7,27.7,27.7,16.9,16.9,16.9,83.0,83,83,41.0,41,41,0.0,0.0,0.0,0.0,0.0,0.0,0.0,0.0,0.0,15.8,15.8,15.8,41.0,41.0,41.0,356.0,356,356,24.94,24.94,24.94,45617.23,45617.23,45617.23,5.09,5.09,5.09,1,0
20241033187,2024-08-20,2024-08-21,2,41.991373000145,-8.57010699987412,27.25,28.0,26.5,13.3,13.4,13.2,89.5,90,89,43.5,46,41,0.0,0.0,0.0,0.0,0.0,0.0,0.0,0.0,0.0,13.600000000000001,15.9,11.3,36.55,38.2,34.9,19.0,24,14,24.61,25.12,24.1,45714.49,45787.78,45641.2,4.92,4.96,4.88,2,0
20241033237,2024-08-20,2024-08-21,2,39.5122222222222,-8.64722222222222,29.95,31.4,28.5,16.6,17.0,16.2,92.5,94,91,42.5,47,38,0.0,0.0,0.0,0.0,0.0,0.0,0.0,0.0,0.0,31.0,35.0,27.0,61.05,67.7,54.4,323.5,329,318,24.520000000000003,25.19,23.85,42482.335,45307.96,39656.71,5.5,5.73,5.27,2,1
20241033439,2024-08-20,2024-08-21,2,41.6655555555556,-7.38388888888889,30.5,31.5,29.5,15.2,15.5,14.9,87.0,90,84,27.0,30,24,0.0,0.0,0.0,0.0,0.0,0.0,0.0,0.0,0.0,18.5,20.8,16.2,39.05,43.9,34.2,331.5,340,323,25.275,25.38,25.17,45664.71,45737.08,45592.34,5.6850000000000005,5.79,5.58,2,0
20241036485,2024-08-21,2024-08-21,1,41.1405555555556,-8.34055555555556,32.1,32.1,32.1,17.7,17.7,17.7,88.0,88,88,33.0,33,33,0.0,0.0,0.0,0.0,0.0,0.0,0.0,0.0,0.0,16.9,16.9,16.9,36.0,36.0,36.0,67.0,67,67,24.8,24.8,24.8,45524.67,45524.67,45524.67,5.73,5.73,5.73,1,0
20241036764,2024-08-21,2024-08-22,2,41.8316666666667,-8.31833333333333,28.35,31.2,25.5,15.2,15.6,14.8,97.0,100,94,46.5,54,39,0.0,0.0,0.0,0.0,0.0,0.0,0.0,0.0,0.0,14.0,16.4,11.6,39.95,42.5,37.4,347.0,357,337,24.085,25.05,23.12,45116.75,45621.61,44611.89,4.74,5.2,4.28,2,0
20241040233,2024-08-22,2024-08-22,1,41.69200799995,-8.46873500002755,25.9,25.9,25.9,13.7,13.7,13.7,99.0,99,99,50.0,50,50,0.0,0.0,0.0,0.0,0.0,0.0,0.0,0.0,0.0,13.7,13.7,13.7,34.2,34.2,34.2,286.0,286,286,23.17,23.17,23.17,40882.34,40882.34,40882.34,4.32,4.32,4.32,1,0
20241040524,2024-08-22,2024-08-22,1,39.2071049997542,-8.85350800010893,25.1,25.1,25.1,17.9,17.9,17.9,94.0,94,94,49.0,49,49,0.0,0.0,0.0,0.0,0.0,0.0,0.0,0.0,0.0,29.0,29.0,29.0,49.7,49.7,49.7,331.0,331,331,21.54,21.54,21.54,36761.36,36761.36,36761.36,4.52,4.52,4.52,1,0
20241042098,2024-08-22,2024-08-22,1,40.2763888888889,-7.30555555555556,32.0,32.0,32.0,18.5,18.5,18.5,59.0,59,59,23.0,23,23,0.0,0.0,0.0,0.0,0.0,0.0,0.0,0.0,0.0,13.0,13.0,13.0,32.4,32.4,32.4,245.0,245,245,26.09,26.09,26.09,45261.97,45261.97,45261.97,6.04,6.04,6.04,1,0
20241042493,2024-08-22,2024-08-23,2,40.9005555555556,-6.855,33.6,34.1,33.1,15.5,17.0,14.0,90.5,96,85,20.0,22,18,0.0,0.0,0.0,0.0,0.0,0.0,0.0,0.0,0.0,11.75,13.8,9.7,26.65,31.7,21.6,244.0,254,234,25.225,25.33,25.12,45272.020000000004,45343.98,45200.06,5.665,5.94,5.39,2,0
20241044382,2024-08-23,2024-08-23,1,41.8152777777778,-8.49055555555556,28.2,28.2,28.2,16.2,16.2,16.2,95.0,95,95,54.0,54,54,0.0,0.0,0.0,0.0,0.0,0.0,0.0,0.0,0.0,11.7,11.7,11.7,29.2,29.2,29.2,328.0,328,328,22.92,22.92,22.92,43971.89,43971.89,43971.89,4.47,4.47,4.47,1,0
20241046517,2024-08-23,2024-08-23,1,41.5286111111111,-8.13555555555556,27.8,27.8,27.8,11.4,11.4,11.4,95.0,95,95,34.0,34,34,0.0,0.0,0.0,0.0,0.0,0.0,0.0,0.0,0.0,13.3,13.3,13.3,29.5,29.5,29.5,261.0,261,261,24.67,24.67,24.67,45280.02,45280.02,45280.02,4.74,4.74,4.74,1,0
20241051707,2024-08-24,2024-08-25,2,39.7222250000636,-8.18830199983385,30.9,31.7,30.1,16.25,17.3,15.2,95.0,97,93,34.0,41,27,0.0,0.0,0.0,0.0,0.0,0.0,0.0,0.0,0.0,25.200000000000003,26.6,23.8,46.45,48.6,44.3,327.0,328,326,24.17,24.86,23.48,44354.884999999995,44780.5,43929.27,5.695,6.1,5.29,2,0
20241052214,2024-08-25,2024-08-25,1,41.8602979999118,-8.24617700046963,28.2,28.2,28.2,12.6,12.6,12.6,91.0,91,91,34.0,34,34,0.0,0.0,0.0,0.0,0.0,0.0,0.0,0.0,0.0,15.5,15.5,15.5,37.4,37.4,37.4,13.0,13,13,24.88,24.88,24.88,45022.56,45022.56,45022.56,5.17,5.17,5.17,1,0
20241054138,2024-08-25,2024-08-25,1,41.6770239999559,-8.1238699997796,27.5,27.5,27.5,13.3,13.3,13.3,82.0,82,82,35.0,35,35,0.0,0.0,0.0,0.0,0.0,0.0,0.0,0.0,0.0,12.6,12.6,12.6,31.7,31.7,31.7,43.0,43,43,24.62,24.62,24.62,44997.81,44997.81,44997.81,5.29,5.29,5.29,1,0
20241054246,2024-08-25,2024-08-25,1,41.277970000373,-7.93203699959649,26.2,26.2,26.2,12.2,12.2,12.2,71.0,71,71,28.0,28,28,0.0,0.0,0.0,0.0,0.0,0.0,0.0,0.0,0.0,13.0,13.0,13.0,34.2,34.2,34.2,54.0,54,54,24.81,24.81,24.81,44956.84,44956.84,44956.84,4.9,4.9,4.9,1,0
20241054650,2024-08-25,2024-08-25,1,41.1828530004289,-7.9431620004442,27.1,27.1,27.1,11.7,11.7,11.7,84.0,84,84,30.0,30,30,0.0,0.0,0.0,0.0,0.0,0.0,0.0,0.0,0.0,14.0,14.0,14.0,40.3,40.3,40.3,100.0,100,100,24.85,24.85,24.85,44940.54,44940.54,44940.54,4.8,4.8,4.8,1,0
20241056327,2024-08-26,2024-08-26,1,41.0525,-7.92944444444444,25.7,25.7,25.7,12.7,12.7,12.7,73.0,73,73,34.0,34,34,0.0,0.0,0.0,0.0,0.0,0.0,0.0,0.0,0.0,13.1,13.1,13.1,32.4,32.4,32.4,66.0,66,66,21.98,21.98,21.98,44775.74,44775.74,44775.74,4.5,4.5,4.5,1,0
20241058063,2024-08-26,2024-08-26,1,41.3367369998826,-7.24068800025516,31.7,31.7,31.7,14.7,14.7,14.7,77.0,77,77,22.0,22,22,0.0,0.0,0.0,0.0,0.0,0.0,0.0,0.0,0.0,7.3,7.3,7.3,19.4,19.4,19.4,38.0,38,38,22.89,22.89,22.89,44814.55,44814.55,44814.55,4.83,4.83,4.83,1,0
20241062596,2024-08-27,2024-08-27,1,41.5497222222222,-7.92472222222222,26.2,26.2,26.2,15.8,15.8,15.8,96.0,96,96,44.0,44,44,0.0,0.0,0.0,0.0,0.0,0.0,0.0,0.0,0.0,13.3,13.3,13.3,31.0,31.0,31.0,263.0,263,263,24.78,24.78,24.78,44685.3,44685.3,44685.3,4.7,4.7,4.7,1,0
20241062802,2024-08-27,2024-08-27,1,41.0183333333333,-7.92527777777778,23.6,23.6,23.6,13.0,13.0,13.0,96.0,96,96,44.0,44,44,0.0,0.0,0.0,0.0,0.0,0.0,0.0,0.0,0.0,11.1,11.1,11.1,30.2,30.2,30.2,288.0,288,288,24.93,24.93,24.93,44626.09,44626.09,44626.09,4.6,4.6,4.6,1,0
20241063297,2024-08-27,2024-08-28,2,39.3158689996931,-7.48343800000019,30.85,31.2,30.5,18.0,18.6,17.4,65.0,72,58,25.5,27,24,0.0,0.0,0.0,0.0,0.0,0.0,0.0,0.0,0.0,16.1,17.4,14.8,32.2,32.4,32.0,257.5,258,257,24.575000000000003,24.98,24.17,44381.925,44452.82,44311.03,6.075,6.23,5.92,2,0
20241064034,2024-08-27,2024-08-28,2,41.424239999983,-7.68909799999661,28.9,29.3,28.5,15.8,17.7,13.9,82.0,91,73,23.5,26,21,0.0,0.0,0.0,0.0,0.0,0.0,0.0,0.0,0.0,14.3,14.6,14.0,31.15,31.3,31.0,288.0,290,286,24.465,24.5,24.43,44297.325,44517.5,44077.15,5.365,5.51,5.22,2,0
20241064620,2024-08-27,2024-08-27,1,41.9303749995761,-8.50056299997701,22.7,22.7,22.7,13.2,13.2,13.2,95.0,95,95,52.0,52,52,0.0,0.0,0.0,0.0,0.0,0.0,0.0,0.0,0.0,12.6,12.6,12.6,34.2,34.2,34.2,328.0,328,328,24.43,24.43,24.43,44722.71,44722.71,44722.71,4.18,4.18,4.18,1,0
20241066608,2024-08-28,2024-08-28,1,41.1777777777778,-8.21222222222222,27.1,27.1,27.1,12.5,12.5,12.5,95.0,95,95,45.0,45,45,0.0,0.0,0.0,0.0,0.0,0.0,0.0,0.0,0.0,14.5,14.5,14.5,33.5,33.5,33.5,245.0,245,245,23.77,23.77,23.77,44064.59,44064.59,44064.59,4.49,4.49,4.49,1,0
20241069176,2024-08-28,2024-08-29,2,41.0941666666667,-7.87916666666667,23.4,23.8,23.0,12.2,12.9,11.5,98.5,100,97,48.0,50,46,0.5,1.0,0.0,0.5,1.0,0.0,2.0,4.0,0.0,13.0,13.5,12.5,34.7,35.6,33.8,276.5,280,273,23.305,24.4,22.21,44133.44,44482.42,43784.46,4.09,4.26,3.92,1,0
20241069548,2024-08-28,2024-08-29,2,41.7463888888889,-8.01888888888889,24.8,25.3,24.3,12.8,13.8,11.8,94.5,95,94,46.5,54,39,0.35,0.7,0.0,0.35,0.7,0.0,1.5,3.0,0.0,10.3,10.9,9.7,29.15,30.2,28.1,314.0,342,286,22.45,23.49,21.41,44420.575,44545.75,44295.4,4.12,4.28,3.96,2,0
20241071533,2024-08-29,2024-08-29,1,41.3111099995507,-7.13082999971178,30.1,30.1,30.1,15.1,15.1,15.1,97.0,97,97,25.0,25,25,0.0,0.0,0.0,0.0,0.0,0.0,0.0,0.0,0.0,17.6,17.6,17.6,38.5,38.5,38.5,268.0,268,268,21.95,21.95,21.95,44350.37,44350.37,44350.37,4.81,4.81,4.81,1,0
20241071595,2024-08-29,2024-08-30,2,41.0547222222222,-7.53,28.799999999999997,28.9,28.7,14.3,14.9,13.7,93.0,96,90,29.0,30,28,0.0,0.0,0.0,0.0,0.0,0.0,0.0,0.0,0.0,20.45,23.2,17.7,40.5,46.4,34.6,289.5,301,278,22.185,22.24,22.13,43811.54,44330.51,43292.57,4.72,4.76,4.68,2,0
20241073008,2024-08-29,2024-08-29,1,41.9443020004696,-6.98032999992371,25.5,25.5,25.5,15.9,15.9,15.9,81.0,81,81,39.0,39,39,0.0,0.0,0.0,0.0,0.0,0.0,0.0,0.0,0.0,14.6,14.6,14.6,34.2,34.2,34.2,100.0,100,100,21.46,21.46,21.46,44410.52,44410.52,44410.52,4.31,4.31,4.31,1,0
20241074050,2024-08-30,2024-08-30,1,41.9651180002424,-8.46363000022041,26.5,26.5,26.5,14.8,14.8,14.8,96.0,96,96,51.0,51,51,0.5,0.5,0.5,0.5,0.5,0.5,3.0,3.0,3.0,11.0,11.0,11.0,29.9,29.9,29.9,13.0,13,13,20.73,20.73,20.73,44253.16,44253.16,44253.16,4.13,4.13,4.13,1,0
20241076106,2024-08-30,2024-08-31,2,41.1214199998644,-6.78447299997012,31.4,31.5,31.3,17.549999999999997,17.9,17.2,88.5,91,86,22.0,26,18,0.0,0.0,0.0,0.0,0.0,0.0,0.0,0.0,0.0,12.7,15.3,10.1,30.45,36.4,24.5,276.5,292,261,20.53,22.46,18.6,43107.14,44177.8,42036.48,4.699999999999999,4.81,4.59,2,0
20241077968,2024-08-30,2024-08-31,2,41.7674550000164,-8.34794299973382,25.450000000000003,26.6,24.3,16.049999999999997,16.4,15.7,95.5,98,93,52.5,59,46,0.4,0.8,0.0,0.4,0.8,0.0,3.0,6.0,0.0,10.45,11.2,9.7,29.35,31.0,27.7,139.5,263,16,18.28,21.11,15.45,36261.375,44240.5,28282.25,3.545,4.15,2.94,2,0
20241081153,2024-08-31,2024-08-31,1,41.0947222222222,-7.8775,23.2,23.2,23.2,13.7,13.7,13.7,97.0,97,97,56.0,56,56,0.5,0.5,0.5,0.5,0.5,0.5,5.0,5.0,5.0,13.1,13.1,13.1,35.3,35.3,35.3,274.0,274,274,19.58,19.58,19.58,38908.43,38908.43,38908.43,3.47,3.47,3.47,1,0
20241084548,2024-09-01,2024-09-01,1,41.0966666666667,-7.87222222222222,20.7,20.7,20.7,12.3,12.3,12.3,99.0,99,99,55.0,55,55,0.0,0.0,0.0,0.0,0.0,0.0,0.0,0.0,0.0,15.3,15.3,15.3,42.1,42.1,42.1,282.0,282,282,20.5,20.5,20.5,41816.56,41816.56,41816.56,3.43,3.43,3.43,1,0
20241084992,2024-09-01,2024-09-03,3,41.7691620000203,-7.16190999984741,27.599999999999998,29.5,26.6,16.400000000000002,17.4,14.7,86.33333333333333,96,81,37.333333333333336,48,27,0.16666666666666666,0.5,0.0,0.16666666666666666,0.5,0.0,1.0,3.0,0.0,20.599999999999998,21.9,19.6,39.333333333333336,43.2,37.4,321.3333333333333,334,314,19.906666666666666,21.98,16.08,40809.71666666667,43766.98,36586.99,4.78,5.26,4.17,3,0
20241085297,2024-09-01,2024-09-01,1,40.6847222222222,-8.09638888888889,23.4,23.4,23.4,15.0,15.0,15.0,98.0,98,98,53.0,53,53,0.0,0.0,0.0,0.0,0.0,0.0,0.0,0.0,0.0,14.4,14.4,14.4,37.4,37.4,37.4,292.0,292,292,20.75,20.75,20.75,40234.05,40234.05,40234.05,3.8,3.8,3.8,1,0
20241086732,2024-09-02,2024-09-02,1,41.7275,-8.03194444444445,25.9,25.9,25.9,16.8,16.8,16.8,94.0,94,94,48.0,48,48,0.3,0.3,0.3,0.3,0.3,0.3,3.0,3.0,3.0,15.5,15.5,15.5,39.2,39.2,39.2,2.0,2,2,15.57,15.57,15.57,27024.09,27024.09,27024.09,3.3,3.3,3.3,1,0
20241089354,2024-09-02,2024-09-02,1,39.4976379998525,-7.49780000050863,28.5,28.5,28.5,16.5,16.5,16.5,90.0,90,90,39.0,39,39,0.0,0.0,0.0,0.0,0.0,0.0,0.0,0.0,0.0,19.1,19.1,19.1,40.7,40.7,40.7,253.0,253,253,21.84,21.84,21.84,43601.17,43601.17,43601.17,4.87,4.87,4.87,1,0
20241089702,2024-09-02,2024-09-02,1,41.5252777777778,-8.14194444444444,23.8,23.8,23.8,13.6,13.6,13.6,99.0,99,99,47.0,47,47,1.2,1.2,1.2,1.2,1.2,1.2,3.0,3.0,3.0,17.9,17.9,17.9,39.2,39.2,39.2,283.0,283,283,16.51,16.51,16.51,35525.64,35525.64,35525.64,3.22,3.22,3.22,0,0
20241090163,2024-09-02,2024-09-02,1,40.9586111111111,-8.12638888888889,20.9,20.9,20.9,14.1,14.1,14.1,98.0,98,98,69.0,69,69,0.2,0.2,0.2,0.2,0.2,0.2,2.0,2.0,2.0,15.7,15.7,15.7,41.8,41.8,41.8,324.0,324,324,12.0,12.0,12.0,31360.37,31360.37,31360.37,2.17,2.17,2.17,1,0
20241090180,2024-09-02,2024-09-03,2,41.7288888888889,-8.03055555555556,25.65,26.0,25.3,15.2,16.8,13.6,89.5,94,85,43.0,48,38,0.15,0.3,0.0,0.15,0.3,0.0,1.5,3.0,0.0,15.05,15.5,14.6,38.150000000000006,39.2,37.1,20.0,38,2,18.805,22.04,15.57,35230.78,43437.47,27024.09,3.9349999999999996,4.56,3.31,2,0
20241090553,2024-09-02,2024-09-03,2,41.7575730000602,-8.40717299991184,23.950000000000003,24.1,23.8,14.25,15.9,12.6,87.5,91,84,47.5,55,40,0.05,0.1,0.0,0.05,0.1,0.0,0.5,1.0,0.0,15.450000000000001,16.1,14.8,44.1,45.0,43.2,28.5,41,16,18.765,22.43,15.1,34117.05,43059.26,25174.84,3.755,4.41,3.1,2,0
20241090899,2024-09-03,2024-09-03,1,41.5222222222222,-8.15444444444444,24.9,24.9,24.9,11.3,11.3,11.3,86.0,86,86,35.0,35,35,0.0,0.0,0.0,0.0,0.0,0.0,0.0,0.0,0.0,16.2,16.2,16.2,34.6,34.6,34.6,38.0,38,38,19.04,19.04,19.04,43010.1,43010.1,43010.1,3.81,3.81,3.81,1,0
20241094470,2024-09-03,2024-09-05,3,41.8497329998016,-8.30128499997987,22.833333333333332,24.3,20.5,12.933333333333332,13.7,12.1,82.33333333333333,85,80,42.666666666666664,46,40,0.0,0.0,0.0,0.0,0.0,0.0,0.0,0.0,0.0,21.933333333333334,22.4,21.7,55.46666666666667,56.2,54.4,123.66666666666667,359,6,21.52333333333333,23.03,18.68,42256.56333333333,43491.15,39825.05,4.456666666666666,4.85,3.73,3,0
20241094979,2024-09-03,2024-09-04,2,41.8779219998254,-8.33882199976179,23.4,23.7,23.1,11.75,12.3,11.2,83.5,87,80,40.5,41,40,0.0,0.0,0.0,0.0,0.0,0.0,0.0,0.0,0.0,16.65,16.7,16.6,40.5,41.0,40.0,19.5,21,18,23.045,23.14,22.95,43271.7,43453.49,43089.91,4.529999999999999,4.54,4.52,2,0
20241095184,2024-09-04,2024-09-04,1,41.7674470000135,-8.33573800007502,23.1,23.1,23.1,11.4,11.4,11.4,88.0,88,88,38.0,38,38,0.0,0.0,0.0,0.0,0.0,0.0,0.0,0.0,0.0,16.9,16.9,16.9,47.5,47.5,47.5,42.0,42,42,23.33,23.33,23.33,43449.14,43449.14,43449.14,4.6,4.6,4.6,1,0
20241095673,2024-09-04,2024-09-04,1,41.7627799998389,-8.2472850004832,22.9,22.9,22.9,11.2,11.2,11.2,88.0,88,88,38.0,38,38,0.0,0.0,0.0,0.0,0.0,0.0,0.0,0.0,0.0,16.9,16.9,16.9,47.5,47.5,47.5,42.0,42,42,23.33,23.33,23.33,43449.14,43449.14,43449.14,4.57,4.57,4.57,1,0
20241096899,2024-09-04,2024-09-04,1,41.6469444444444,-8.58333333333333,27.1,27.1,27.1,13.3,13.3,13.3,81.0,81,81,34.0,34,34,0.0,0.0,0.0,0.0,0.0,0.0,0.0,0.0,0.0,20.8,20.8,20.8,42.1,42.1,42.1,14.0,14,14,22.49,22.49,22.49,42467.62,42467.62,42467.62,5.25,5.25,5.25,1,0
20241096905,2024-09-04,2024-09-05,2,41.7683333333333,-8.34416666666667,22.200000000000003,23.8,20.6,12.25,12.4,12.1,87.0,88,86,40.5,43,38,0.0,0.0,0.0,0.0,0.0,0.0,0.0,0.0,0.0,15.6,16.9,14.3,45.55,47.5,43.6,34.5,42,27,20.865,23.33,18.4,41571.435,43449.14,39693.73,4.075,4.68,3.47,2,0
20241097486,2024-09-04,2024-09-04,1,41.4833479999999,-8.43654500007629,27.0,27.0,27.0,14.5,14.5,14.5,78.0,78,78,30.0,30,30,0.0,0.0,0.0,0.0,0.0,0.0,0.0,0.0,0.0,22.0,22.0,22.0,43.6,43.6,43.6,0.0,0,0,22.58,22.58,22.58,42268.8,42268.8,42268.8,5.39,5.39,5.39,1,0
20241097805,2024-09-04,2024-09-04,1,42.0125,-8.10555555555556,17.1,17.1,17.1,5.8,5.8,5.8,100.0,100,100,48.0,48,48,0.0,0.0,0.0,0.0,0.0,0.0,0.0,0.0,0.0,20.4,20.4,20.4,50.4,50.4,50.4,29.0,29,29,23.05,23.05,23.05,43462.2,43462.2,43462.2,3.56,3.56,3.56,1,0
20241097947,2024-09-04,2024-09-05,2,41.5645269997915,-8.11217199961344,24.5,26.2,22.8,13.25,13.8,12.7,80.5,81,80,33.5,36,31,0.0,0.0,0.0,0.0,0.0,0.0,0.0,0.0,0.0,17.05,18.2,15.9,37.25,39.6,34.9,196.0,357,35,20.695,23.03,18.36,42064.505,43436.13,40692.88,4.305,4.82,3.79,2,0
20241098002,2024-09-04,2024-09-04,1,38.6735449997584,-8.35502000013987,32.0,32.0,32.0,13.9,13.9,13.9,89.0,89,89,27.0,27,27,0.0,0.0,0.0,0.0,0.0,0.0,0.0,0.0,0.0,20.7,20.7,20.7,41.4,41.4,41.4,338.0,338,338,23.31,23.31,23.31,42932.52,42932.52,42932.52,5.73,5.73,5.73,1,0
20241098905,2024-09-04,2024-09-05,2,41.7921830002467,-8.47100999991099,24.5,26.6,22.4,14.25,14.7,13.8,79.5,81,78,41.5,45,38,0.0,0.0,0.0,0.0,0.0,0.0,0.0,0.0,0.0,20.15,20.3,20.0,48.8,50.4,47.2,7.0,12,2,20.740000000000002,22.55,18.93,41801.645000000004,43417.56,40185.73,4.57,5.14,4.0,2,0
20241099275,2024-09-04,2024-09-05,2,41.7905555555556,-8.44194444444445,23.299999999999997,25.2,21.4,13.25,14.1,12.4,83.5,86,81,41.0,43,39,0.0,0.0,0.0,0.0,0.0,0.0,0.0,0.0,0.0,21.0,21.4,20.6,48.45,49.7,47.2,178.5,355,2,20.895,22.86,18.93,41757.415,43449.14,40065.69,4.38,4.88,3.88,2,0
20241099450,2024-09-04,2024-09-05,2,41.7112800004747,-8.43733299997118,23.45,25.2,21.7,12.5,12.5,12.5,80.0,81,79,35.5,38,33,0.0,0.0,0.0,0.0,0.0,0.0,0.0,0.0,0.0,17.4,19.2,15.6,40.35,43.6,37.1,188.5,357,20,20.884999999999998,23.06,18.71,41754.43,43444.79,40064.07,4.325,4.87,3.78,2,0
20241099798,2024-09-05,2024-09-05,1,41.0583333333333,-8.18361111111111,22.1,22.1,22.1,13.3,13.3,13.3,75.0,75,75,40.0,40,40,0.0,0.0,0.0,0.0,0.0,0.0,0.0,0.0,0.0,16.5,16.5,16.5,41.8,41.8,41.8,21.0,21,21,17.94,17.94,17.94,39766.77,39766.77,39766.77,3.78,3.78,3.78,1,0
20241099880,2024-09-05,2024-09-06,2,41.7309819995032,-8.23864000002543,17.55,20.8,14.3,10.25,12.3,8.2,90.0,97,83,57.0,74,40,3.1,6.2,0.0,3.1,6.2,0.0,6.0,12.0,0.0,13.05,13.7,12.4,36.7,37.8,35.6,134.5,248,21,13.68,18.3,9.06,26263.195,39816.39,12710.0,2.525,3.61,1.44,1,0
20241102977,2024-09-05,2024-09-06,2,39.6461111111111,-8.53833333333333,24.95,26.7,23.2,12.8,14.0,11.6,86.0,86,86,34.0,35,33,0.0,0.0,0.0,0.0,0.0,0.0,0.0,0.0,0.0,29.950000000000003,33.2,26.7,51.150000000000006,56.2,46.1,326.0,328,324,21.009999999999998,21.31,20.71,42238.32,42514.0,41962.64,4.945,5.31,4.58,2,1
20241103699,2024-09-05,2024-09-06,2,41.8138888888889,-8.56388888888889,18.9,21.2,16.6,11.35,13.6,9.1,88.5,96,81,55.5,67,44,2.15,4.3,0.0,2.15,4.3,0.0,6.0,12.0,0.0,16.9,20.0,13.8,41.400000000000006,47.2,35.6,131.0,260,2,15.05,18.93,11.17,30814.030000000002,40185.73,21442.33,2.845,3.87,1.82,1,0
20241103732,2024-09-05,2024-09-05,1,38.8833180003696,-7.20576499991947,30.2,30.2,30.2,16.0,16.0,16.0,68.0,68,68,23.0,23,23,0.0,0.0,0.0,0.0,0.0,0.0,0.0,0.0,0.0,20.9,20.9,20.9,41.0,41.0,41.0,297.0,297,297,22.67,22.67,22.67,41551.66,41551.66,41551.66,5.98,5.98,5.98,1,0
20241103878,2024-09-05,2024-09-06,2,41.4263888888889,-8.15111111111111,19.799999999999997,23.2,16.4,10.1,12.4,7.8,89.5,97,82,48.0,61,35,0.75,1.5,0.0,0.75,1.5,0.0,4.0,8.0,0.0,15.7,16.5,14.9,36.5,37.4,35.6,134.5,253,16,15.05,18.77,11.33,31218.815000000002,41273.69,21163.94,2.955,3.91,2.0,1,0
20241107993,2024-09-06,2024-09-07,2,41.0594444444444,-7.90111111111111,16.15,18.3,14.0,8.3,9.4,7.2,97.0,98,96,57.0,65,49,0.9,1.1,0.7,0.9,1.1,0.7,5.5,6.0,5.0,14.3,15.9,12.7,38.5,41.0,36.0,257.0,268,246,12.56,14.32,10.8,24966.824999999997,25944.6,23989.05,2.085,2.47,1.7,1,0
20241114840,2024-09-08,2024-09-08,1,38.7540469998784,-7.29048500008053,27.5,27.5,27.5,14.7,14.7,14.7,84.0,84,84,26.0,26,26,0.0,0.0,0.0,0.0,0.0,0.0,0.0,0.0,0.0,20.1,20.1,20.1,37.1,37.1,37.1,305.0,305,305,22.95,22.95,22.95,41766.82,41766.82,41766.82,5.31,5.31,5.31,1,0
20241124070,2024-09-10,2024-09-10,1,41.4086111111111,-8.04194444444444,25.6,25.6,25.6,11.0,11.0,11.0,94.0,94,94,42.0,42,42,0.0,0.0,0.0,0.0,0.0,0.0,0.0,0.0,0.0,14.3,14.3,14.3,33.8,33.8,33.8,12.0,12,12,21.85,21.85,21.85,41818.64,41818.64,41818.64,4.08,4.08,4.08,1,0
20241124417,2024-09-10,2024-09-10,1,41.4036111111111,-8.06527777777778,24.1,24.1,24.1,10.9,10.9,10.9,88.0,88,88,39.0,39,39,0.0,0.0,0.0,0.0,0.0,0.0,0.0,0.0,0.0,13.0,13.0,13.0,32.0,32.0,32.0,12.0,12,12,21.81,21.81,21.81,41602.73,41602.73,41602.73,3.98,3.98,3.98,1,0
20241127453,2024-09-11,2024-09-12,2,38.5927199999491,-9.14929899957445,28.1,28.4,27.8,15.85,17.0,14.7,88.0,91,85,34.5,38,31,0.0,0.0,0.0,0.0,0.0,0.0,0.0,0.0,0.0,28.95,29.7,28.2,55.45,55.8,55.1,5.0,5,5,21.685000000000002,21.98,21.39,40603.270000000004,40798.51,40408.03,5.21,5.26,5.16,2,0
20241128208,2024-09-11,2024-09-12,2,41.3611111111111,-8.0425,24.2,24.7,23.7,11.7,12.5,10.9,86.5,93,80,41.5,45,38,0.0,0.0,0.0,0.0,0.0,0.0,0.0,0.0,0.0,19.049999999999997,20.4,17.7,42.65,45.0,40.3,175.0,339,11,18.505000000000003,20.46,16.55,40780.49,40968.92,40592.06,3.7300000000000004,4.23,3.23,2,0
20241128319,2024-09-11,2024-09-11,1,39.8144444444444,-8.34194444444444,27.3,27.3,27.3,14.5,14.5,14.5,90.0,90,90,35.0,35,35,0.0,0.0,0.0,0.0,0.0,0.0,0.0,0.0,0.0,31.7,31.7,31.7,60.5,60.5,60.5,337.0,337,337,21.1,21.1,21.1,40617.59,40617.59,40617.59,4.92,4.92,4.92,1,1
20241128822,2024-09-11,2024-09-11,1,41.1006670000156,-8.04637699974908,25.8,25.8,25.8,14.0,14.0,14.0,88.0,88,88,35.0,35,35,0.0,0.0,0.0,0.0,0.0,0.0,0.0,0.0,0.0,18.4,18.4,18.4,45.4,45.4,45.4,6.0,6,6,20.69,20.69,20.69,40751.11,40751.11,40751.11,4.26,4.26,4.26,1,0
20241129152,2024-09-11,2024-09-11,1,39.3927479998271,-7.570636999872,31.4,31.4,31.4,15.3,15.3,15.3,87.0,87,87,21.0,21,21,0.0,0.0,0.0,0.0,0.0,0.0,0.0,0.0,0.0,24.6,24.6,24.6,45.4,45.4,45.4,355.0,355,355,21.73,21.73,21.73,40829.51,40829.51,40829.51,5.74,5.74,5.74,1,0
20241129897,2024-09-11,2024-09-12,2,41.8016666666667,-7.63583333333333,18.9,19.0,18.8,11.7,11.8,11.6,92.0,96,88,51.0,56,46,0.0,0.0,0.0,0.0,0.0,0.0,0.0,0.0,0.0,26.049999999999997,27.4,24.7,54.2,54.4,54.0,345.5,346,345,16.134999999999998,19.61,12.66,31767.58,40630.78,22904.38,3.1799999999999997,4.04,2.32,2,0
20241131746,2024-09-12,2024-09-12,1,39.7788650004069,-7.11532700008816,30.4,30.4,30.4,18.5,18.5,18.5,66.0,66,66,26.0,26,26,0.0,0.0,0.0,0.0,0.0,0.0,0.0,0.0,0.0,20.8,20.8,20.8,44.6,44.6,44.6,352.0,352,352,21.04,21.04,21.04,40672.53,40672.53,40672.53,6.22,6.22,6.22,1,0
20241132938,2024-09-12,2024-09-13,2,39.7925,-8.61111111111111,27.4,29.7,25.1,14.2,14.5,13.9,97.5,99,96,36.0,45,27,0.0,0.0,0.0,0.0,0.0,0.0,0.0,0.0,0.0,22.9,27.9,17.9,46.099999999999994,54.4,37.8,177.0,341,13,21.075,21.36,20.79,40236.78,40289.31,40184.25,4.54,5.08,4.0,2,0
20241132950,2024-09-12,2024-09-12,1,39.8027777777778,-8.55472222222222,25.4,25.4,25.4,14.2,14.2,14.2,96.0,96,96,45.0,45,45,0.0,0.0,0.0,0.0,0.0,0.0,0.0,0.0,0.0,27.9,27.9,27.9,54.4,54.4,54.4,341.0,341,341,20.79,20.79,20.79,40289.31,40289.31,40289.31,4.04,4.04,4.04,1,0
20241132987,2024-09-12,2024-09-12,1,40.93,-7.01027777777778,25.1,25.1,25.1,13.8,13.8,13.8,88.0,88,88,38.0,38,38,0.0,0.0,0.0,0.0,0.0,0.0,0.0,0.0,0.0,19.0,19.0,19.0,43.6,43.6,43.6,331.0,331,331,18.65,18.65,18.65,40578.84,40578.84,40578.84,4.08,4.08,4.08,1,0
20241133940,2024-09-12,2024-09-13,2,41.7341666666667,-7.98611111111111,21.75,22.2,21.3,12.45,13.3,11.6,95.0,96,94,44.5,57,32,0.0,0.0,0.0,0.0,0.0,0.0,0.0,0.0,0.0,17.799999999999997,18.7,16.9,50.4,50.8,50.0,217.5,359,76,17.82,21.96,13.68,33840.225,41160.34,26520.11,3.355,4.16,2.55,2,0
20241134218,2024-09-12,2024-09-13,2,40.9494444444444,-8.04972222222222,22.2,22.7,21.7,11.55,11.9,11.2,98.0,98,98,36.5,44,29,0.0,0.0,0.0,0.0,0.0,0.0,0.0,0.0,0.0,20.0,20.9,19.1,51.150000000000006,52.6,49.7,207.5,351,64,20.22,22.01,18.43,40770.235,41163.83,40376.64,3.99,4.51,3.47,2,0
20241136375,2024-09-13,2024-09-15,3,40.1442669995626,-7.65422199991014,28.733333333333334,30.6,27.3,16.2,17.4,15.3,55.0,80,38,20.666666666666668,24,16,0.0,0.0,0.0,0.0,0.0,0.0,0.0,0.0,0.0,15.299999999999999,22.6,10.7,34.43333333333333,46.8,26.3,62.333333333333336,70,54,21.743333333333336,21.94,21.63,40910.40333333333,41099.21,40716.92,5.466666666666666,5.75,5.04,3,0
20241137602,2024-09-13,2024-09-13,1,38.8630730003781,-7.89509199990167,31.5,31.5,31.5,16.3,16.3,16.3,91.0,91,91,28.0,28,28,0.0,0.0,0.0,0.0,0.0,0.0,0.0,0.0,0.0,15.0,15.0,15.0,34.9,34.9,34.9,26.0,26,26,21.72,21.72,21.72,40594.93,40594.93,40594.93,5.47,5.47,5.47,1,0
20241137672,2024-09-13,2024-09-14,2,41.5391730001238,-8.47515300008986,27.1,27.8,26.4,14.45,14.8,14.1,80.0,95,65,26.5,27,26,0.0,0.0,0.0,0.0,0.0,0.0,0.0,0.0,0.0,21.9,22.7,21.1,43.0,45.0,41.0,76.5,88,65,21.435000000000002,21.48,21.39,40902.0,40963.03,40840.97,5.095,5.42,4.77,2,0
20241138136,2024-09-13,2024-09-14,2,41.0027777777778,-8.05861111111111,22.75,23.8,21.7,10.45,11.4,9.5,83.5,98,69,31.5,33,30,0.0,0.0,0.0,0.0,0.0,0.0,0.0,0.0,0.0,17.25,18.6,15.9,45.35,51.1,39.6,79.0,80,78,21.865000000000002,22.01,21.72,41021.935,41164.91,40878.96,4.42,4.43,4.41,2,0
20241138174,2024-09-13,2024-09-14,2,41.0044444444444,-7.9325,21.45,22.5,20.4,9.149999999999999,10.1,8.2,83.5,98,69,31.0,32,30,0.0,0.0,0.0,0.0,0.0,0.0,0.0,0.0,0.0,17.25,18.6,15.9,45.35,51.1,39.6,79.0,80,78,21.865000000000002,22.01,21.72,41021.935,41164.91,40878.96,4.265,4.27,4.26,2,0
20241138679,2024-09-13,2024-09-14,2,41.1333333333333,-7.43916666666667,24.9,25.5,24.3,11.45,13.4,9.5,76.0,83,69,22.0,23,21,0.0,0.0,0.0,0.0,0.0,0.0,0.0,0.0,0.0,15.600000000000001,19.3,11.9,38.15,46.4,29.9,68.5,71,66,21.810000000000002,21.86,21.76,41024.5,41040.14,41008.86,4.625,4.99,4.26,2,0
20241138959,2024-09-13,2024-09-14,2,41.7032649999195,-8.22633499993218,22.2,23.0,21.4,10.350000000000001,10.8,9.9,81.0,94,68,31.5,32,31,0.0,0.0,0.0,0.0,0.0,0.0,0.0,0.0,0.0,17.1,17.3,16.9,51.5,52.2,50.8,83.0,90,76,22.04,22.12,21.96,41201.604999999996,41242.87,41160.34,4.285,4.5,4.07,2,0
20241139211,2024-09-14,2024-09-14,1,41.5277777777778,-7.90222222222222,25.9,25.9,25.9,10.8,10.8,10.8,62.0,62,62,26.0,26,26,0.0,0.0,0.0,0.0,0.0,0.0,0.0,0.0,0.0,21.2,21.2,21.2,46.8,46.8,46.8,68.0,68,68,21.84,21.84,21.84,41061.27,41061.27,41061.27,4.91,4.91,4.91,1,0
20241139212,2024-09-14,2024-09-14,1,40.4844444444444,-7.8025,28.8,28.8,28.8,13.9,13.9,13.9,50.0,50,50,20.0,20,20,0.0,0.0,0.0,0.0,0.0,0.0,0.0,0.0,0.0,23.0,23.0,23.0,41.0,41.0,41.0,36.0,36,36,21.53,21.53,21.53,40542.58,40542.58,40542.58,6.04,6.04,6.04,1,0
20241139320,2024-09-14,2024-09-14,1,41.7341729999913,-8.3566879998313,24.4,24.4,24.4,10.8,10.8,10.8,62.0,62,62,27.0,27,27,0.0,0.0,0.0,0.0,0.0,0.0,0.0,0.0,0.0,17.3,17.3,17.3,42.8,42.8,42.8,76.0,76,76,21.89,21.89,21.89,41138.44,41138.44,41138.44,4.71,4.71,4.71,1,0
20241139618,2024-09-14,2024-09-14,1,40.7777777777778,-7.50583333333333,25.1,25.1,25.1,10.0,10.0,10.0,67.0,67,67,25.0,25,25,0.0,0.0,0.0,0.0,0.0,0.0,0.0,0.0,0.0,23.5,23.5,23.5,42.5,42.5,42.5,48.0,48,48,21.94,21.94,21.94,40812.66,40812.66,40812.66,5.2,5.2,5.2,1,0
20241139723,2024-09-14,2024-09-14,1,41.1302777777778,-8.24722222222222,27.1,27.1,27.1,13.8,13.8,13.8,68.0,68,68,27.0,27,27,0.0,0.0,0.0,0.0,0.0,0.0,0.0,0.0,0.0,24.1,24.1,24.1,49.0,49.0,49.0,80.0,80,80,21.45,21.45,21.45,40852.05,40852.05,40852.05,5.44,5.44,5.44,1,0
20241139823,2024-09-14,2024-09-14,1,41.1230080000559,-8.15344300005171,26.3,26.3,26.3,12.5,12.5,12.5,58.0,58,58,27.0,27,27,0.0,0.0,0.0,0.0,0.0,0.0,0.0,0.0,0.0,23.9,23.9,23.9,58.7,58.7,58.7,95.0,95,95,21.59,21.59,21.59,40953.95,40953.95,40953.95,5.28,5.28,5.28,1,0
20241140609,2024-09-14,2024-09-16,3,40.5941666666667,-7.49722222222222,29.400000000000002,30.7,27.6,14.5,15.6,12.3,42.0,60,29,15.666666666666666,22,10,0.0,0.0,0.0,0.0,0.0,0.0,0.0,0.0,0.0,26.099999999999998,28.1,23.2,48.6,51.1,43.6,67.0,72,64,21.74,22.02,21.55,40675.27,40717.21,40631.02,6.863333333333333,8.1,5.89,3,0
20241140811,2024-09-14,2024-09-14,1,41.1991899998983,-8.21429299990336,27.1,27.1,27.1,13.6,13.6,13.6,66.0,66,66,26.0,26,26,0.0,0.0,0.0,0.0,0.0,0.0,0.0,0.0,0.0,21.6,21.6,21.6,43.2,43.2,43.2,84.0,84,84,21.45,21.45,21.45,40852.53,40852.53,40852.53,5.3,5.3,5.3,1,0
20241140817,2024-09-14,2024-09-14,1,41.7922222222222,-7.63611111111111,21.0,21.0,21.0,7.3,7.3,7.3,74.0,74,74,18.0,18,18,0.0,0.0,0.0,0.0,0.0,0.0,0.0,0.0,0.0,12.0,12.0,12.0,25.2,25.2,25.2,113.0,113,113,22.32,22.32,22.32,41362.54,41362.54,41362.54,3.91,3.91,3.91,1,0
20241141043,2024-09-14,2024-09-14,1,41.0136660003662,-8.05348099999958,25.6,25.6,25.6,11.3,11.3,11.3,61.0,61,61,30.0,30,30,0.0,0.0,0.0,0.0,0.0,0.0,0.0,0.0,0.0,16.6,16.6,16.6,43.9,43.9,43.9,99.0,99,99,21.64,21.64,21.64,40872.46,40872.46,40872.46,4.79,4.79,4.79,1,0
20241141479,2024-09-14,2024-09-14,1,41.4216020001305,-8.45102700001664,27.6,27.6,27.6,14.2,14.2,14.2,64.0,64,64,28.0,28,28,0.0,0.0,0.0,0.0,0.0,0.0,0.0,0.0,0.0,21.6,21.6,21.6,42.1,42.1,42.1,93.0,93,93,21.44,21.44,21.44,40840.27,40840.27,40840.27,5.4,5.4,5.4,1,0
20241141492,2024-09-14,2024-09-15,2,41.5399630000856,-8.19551300048828,28.299999999999997,29.9,26.7,13.3,13.6,13.0,58.5,59,58,19.5,26,13,0.0,0.0,0.0,0.0,0.0,0.0,0.0,0.0,0.0,23.0,27.5,18.5,48.599999999999994,56.9,40.3,79.0,84,74,21.65,21.68,21.62,40888.015,40956.52,40819.51,5.555,5.65,5.46,2,0
20241141617,2024-09-14,2024-09-14,1,41.5358333333333,-8.47083333333333,27.5,27.5,27.5,14.4,14.4,14.4,65.0,65,65,26.0,26,26,0.0,0.0,0.0,0.0,0.0,0.0,0.0,0.0,0.0,21.1,21.1,21.1,41.0,41.0,41.0,88.0,88,88,21.48,21.48,21.48,40840.97,40840.97,40840.97,5.38,5.38,5.38,1,0
20241141916,2024-09-14,2024-09-15,2,40.8222222222222,-8.45194444444444,28.7,30.0,27.4,17.15,17.6,16.7,45.5,46,45,24.5,28,21,0.0,0.0,0.0,0.0,0.0,0.0,0.0,0.0,0.0,22.25,28.5,16.0,43.0,52.2,33.8,52.5,82,23,21.34,21.35,21.33,40378.485,40542.56,40214.41,5.95,6.45,5.45,2,0
20241141920,2024-09-14,2024-09-14,1,39.7736111111111,-8.70472222222222,30.7,30.7,30.7,18.2,18.2,18.2,46.0,46,46,25.0,25,25,0.0,0.0,0.0,0.0,0.0,0.0,0.0,0.0,0.0,24.7,24.7,24.7,46.1,46.1,46.1,100.0,100,100,21.2,21.2,21.2,40545.94,40545.94,40545.94,6.79,6.79,6.79,1,0
20241142003,2024-09-14,2024-09-14,1,41.4191666666667,-8.20694444444444,26.9,26.9,26.9,11.5,11.5,11.5,66.0,66,66,26.0,26,26,0.0,0.0,0.0,0.0,0.0,0.0,0.0,0.0,0.0,20.6,20.6,20.6,40.3,40.3,40.3,79.0,79,79,21.62,21.62,21.62,40858.05,40858.05,40858.05,5.1,5.1,5.1,1,0
20241142385,2024-09-14,2024-09-15,2,40.6047222222222,-6.92555555555556,27.05,28.1,26.0,10.85,12.6,9.1,58.0,73,43,19.0,23,15,0.0,0.0,0.0,0.0,0.0,0.0,0.0,0.0,0.0,14.149999999999999,14.6,13.7,28.1,28.1,28.1,24.0,26,22,21.884999999999998,21.96,21.81,41166.655,41194.24,41139.07,5.07,5.52,4.62,2,0
20241142808,2024-09-14,2024-09-15,2,41.7412150001526,-8.51063000043233,27.65,29.5,25.8,11.3,12.0,10.6,67.0,70,64,20.0,26,14,0.0,0.0,0.0,0.0,0.0,0.0,0.0,0.0,0.0,12.35,12.7,12.0,30.05,33.1,27.0,46.5,49,44,21.69,21.78,21.6,40926.57,41036.54,40816.6,4.6899999999999995,4.85,4.53,2,0
20241142911,2024-09-14,2024-09-14,1,41.4273800002204,-8.21341799947951,27.2,27.2,27.2,11.8,11.8,11.8,66.0,66,66,27.0,27,27,0.0,0.0,0.0,0.0,0.0,0.0,0.0,0.0,0.0,20.6,20.6,20.6,40.3,40.3,40.3,79.0,79,79,21.62,21.62,21.62,40858.05,40858.05,40858.05,5.14,5.14,5.14,1,0
20241143611,2024-09-15,2024-09-15,1,41.505135000017,-8.1301930003696,27.4,27.4,27.4,10.9,10.9,10.9,55.0,55,55,14.0,14,14,0.0,0.0,0.0,0.0,0.0,0.0,0.0,0.0,0.0,16.0,16.0,16.0,36.4,36.4,36.4,57.0,57,57,21.77,21.77,21.77,40845.09,40845.09,40845.09,5.29,5.29,5.29,1,0
20241143845,2024-09-15,2024-09-15,1,40.6947450002034,-8.38963800006443,30.9,30.9,30.9,16.6,16.6,16.6,59.0,59,59,22.0,22,22,0.0,0.0,0.0,0.0,0.0,0.0,0.0,0.0,0.0,17.8,17.8,17.8,35.3,35.3,35.3,35.0,35,35,21.24,21.24,21.24,40541.99,40541.99,40541.99,5.58,5.58,5.58,1,0
20241143940,2024-09-15,2024-09-16,2,40.6630555555556,-8.58777777777778,32.95,34.7,31.2,16.25,16.6,15.9,48.0,56,40,17.5,25,10,0.0,0.0,0.0,0.0,0.0,0.0,0.0,0.0,0.0,29.15,38.9,19.4,52.199999999999996,66.6,37.8,211.0,343,79,21.43,21.59,21.27,40399.205,40449.08,40349.33,6.93,8.5,5.36,2,1
20241144679,2024-09-15,2024-09-15,1,41.5738888888889,-8.04666666666667,27.3,27.3,27.3,13.3,13.3,13.3,53.0,53,53,15.0,15,15,0.0,0.0,0.0,0.0,0.0,0.0,0.0,0.0,0.0,17.7,17.7,17.7,39.2,39.2,39.2,64.0,64,64,21.82,21.82,21.82,40919.25,40919.25,40919.25,5.32,5.32,5.32,1,0
20241144810,2024-09-15,2024-09-16,2,41.4216020001305,-8.45102700001664,31.35,31.9,30.8,15.15,16.5,13.8,64.0,77,51,13.5,14,13,0.0,0.0,0.0,0.0,0.0,0.0,0.0,0.0,0.0,17.7,21.7,13.7,37.05,44.6,29.5,83.0,84,82,21.39,21.42,21.36,40536.740000000005,40628.15,40445.33,5.98,6.71,5.25,2,0
20241144888,2024-09-15,2024-09-15,1,41.1130400000678,-8.02616799990336,31.2,31.2,31.2,17.7,17.7,17.7,50.0,50,50,15.0,15,15,0.0,0.0,0.0,0.0,0.0,0.0,0.0,0.0,0.0,15.5,15.5,15.5,38.9,38.9,38.9,95.0,95,95,21.62,21.62,21.62,40817.07,40817.07,40817.07,5.86,5.86,5.86,1,0
20241145356,2024-09-15,2024-09-15,1,40.4044444444444,-7.21277777777778,28.0,28.0,28.0,12.6,12.6,12.6,37.0,37,37,14.0,14,14,0.0,0.0,0.0,0.0,0.0,0.0,0.0,0.0,0.0,21.0,21.0,21.0,33.1,33.1,33.1,38.0,38,38,21.67,21.67,21.67,41006.86,41006.86,41006.86,6.26,6.26,6.26,1,0
20241145480,2024-09-15,2024-09-15,1,41.3772222222222,-8.19472222222222,29.7,29.7,29.7,11.1,11.1,11.1,60.0,60,60,13.0,13,13,0.0,0.0,0.0,0.0,0.0,0.0,0.0,0.0,0.0,11.6,11.6,11.6,28.8,28.8,28.8,71.0,71,71,21.54,21.54,21.54,40743.25,40743.25,40743.25,5.1,5.1,5.1,1,0
20241146141,2024-09-15,2024-09-24,10,40.8222222222222,-8.45277777777778,24.05,31.8,17.2,15.680000000000001,21.4,10.3,73.1,100,24,47.3,84,10,3.88,20.3,0.0,3.88,20.3,0.0,3.6,16.0,0.0,20.07,34.9,10.5,41.46,65.5,25.9,175.3,348,23,17.029,21.61,3.77,35205.86,40542.56,2646.84,4.162,8.13,0.7,8,2
20241146170,2024-09-15,2024-09-19,5,40.7368329999182,-8.35950000021193,28.78,32.0,24.2,17.94,20.3,14.3,55.0,84,26,26.8,54,10,0.0,0.0,0.0,0.0,0.0,0.0,0.0,0.0,0.0,27.360000000000003,39.2,10.5,50.239999999999995,69.8,24.5,99.6,221,32,20.668,21.61,18.67,40176.828,40542.27,39766.48,6.473999999999999,8.87,3.52,5,3
20241146179,2024-09-15,2024-09-15,1,39.7097222222222,-8.63194444444444,31.4,31.4,31.4,14.8,14.8,14.8,59.0,59,59,23.0,23,23,0.0,0.0,0.0,0.0,0.0,0.0,0.0,0.0,0.0,21.2,21.2,21.2,41.8,41.8,41.8,317.0,317,317,21.58,21.58,21.58,40439.64,40439.64,40439.64,5.6,5.6,5.6,1,0
20241146195,2024-09-15,2024-09-15,1,41.0375,-8.47694444444445,33.0,33.0,33.0,15.3,15.3,15.3,61.0,61,61,16.0,16,16,0.0,0.0,0.0,0.0,0.0,0.0,0.0,0.0,0.0,13.1,13.1,13.1,26.6,26.6,26.6,44.0,44,44,21.24,21.24,21.24,40623.77,40623.77,40623.77,5.46,5.46,5.46,1,0
20241146300,2024-09-15,2024-09-16,2,41.9030555555556,-8.75138888888889,28.45,29.2,27.7,14.2,15.1,13.3,76.0,80,72,29.5,30,29,0.0,0.0,0.0,0.0,0.0,0.0,0.0,0.0,0.0,13.05,14.0,12.1,27.9,28.1,27.7,45.0,49,41,21.055,21.22,20.89,40484.58,40624.36,40344.8,4.79,5.08,4.5,2,0
20241146808,2024-09-15,2024-09-15,1,41.4013888888889,-8.11416666666667,27.5,27.5,27.5,10.0,10.0,10.0,56.0,56,56,14.0,14,14,0.0,0.0,0.0,0.0,0.0,0.0,0.0,0.0,0.0,8.7,8.7,8.7,25.6,25.6,25.6,74.0,74,74,21.64,21.64,21.64,40844.78,40844.78,40844.78,4.67,4.67,4.67,1,0
20241147430,2024-09-15,2024-09-16,2,40.7019444444444,-7.65833333333333,29.7,30.0,29.4,15.05,15.1,15.0,34.0,38,30,11.0,13,9,0.0,0.0,0.0,0.0,0.0,0.0,0.0,0.0,0.0,25.3,27.0,23.6,44.65,47.5,41.8,64.0,66,62,21.835,22.05,21.62,40707.630000000005,40784.53,40630.73,7.435,8.27,6.6,2,0
20241147775,2024-09-15,2024-09-16,2,40.0436879995134,-7.52253999974993,31.1,31.4,30.8,17.6,18.2,17.0,25.5,35,16,9.5,12,7,0.0,0.0,0.0,0.0,0.0,0.0,0.0,0.0,0.0,18.0,21.8,14.2,38.85,44.6,33.1,33.5,37,30,21.61,21.83,21.39,40523.630000000005,40534.03,40513.23,6.805,7.64,5.97,2,0
20241147792,2024-09-15,2024-09-19,5,41.0330555555556,-8.07361111111111,24.54,26.6,22.5,12.74,14.8,10.6,62.0,87,36,25.2,44,13,0.42000000000000004,2.1,0.0,0.42000000000000004,2.1,0.0,0.8,4.0,0.0,15.64,19.3,12.0,43.92,54.4,33.8,107.6,209,79,20.704,21.93,17.45,40358.234000000004,40843.83,39600.0,4.796,6.2,3.31,4,0
20241147971,2024-09-15,2024-09-16,2,41.7255555555556,-8.51194444444444,29.85,30.6,29.1,12.3,13.1,11.5,64.5,70,59,13.5,14,13,0.0,0.0,0.0,0.0,0.0,0.0,0.0,0.0,0.0,12.15,12.3,12.0,28.8,30.6,27.0,52.0,55,49,21.485,21.6,21.37,40677.925,40816.6,40539.25,4.895,4.98,4.81,2,0
20241148125,2024-09-16,2024-09-16,1,41.6855555555556,-8.48305555555556,31.8,31.8,31.8,17.9,17.9,17.9,52.0,52,52,12.0,12,12,0.0,0.0,0.0,0.0,0.0,0.0,0.0,0.0,0.0,15.5,15.5,15.5,35.6,35.6,35.6,72.0,72,72,21.38,21.38,21.38,40539.37,40539.37,40539.37,6.1,6.1,6.1,1,0
20241148134,2024-09-16,2024-09-20,5,40.6619444444444,-7.575,25.880000000000003,29.4,22.2,13.780000000000001,16.0,11.6,67.8,91,36,28.2,43,10,1.3399999999999999,5.6,0.0,1.3399999999999999,5.6,0.0,2.4,8.0,0.0,18.9,23.3,14.3,38.58,46.1,31.7,116.2,201,61,19.556,22.17,16.68,40064.932,40851.56,39066.22,4.998,7.3,3.23,3,0
20241148668,2024-09-16,2024-09-16,1,41.1085969999101,-8.59255700005425,32.1,32.1,32.1,17.7,17.7,17.7,52.0,52,52,12.0,12,12,0.0,0.0,0.0,0.0,0.0,0.0,0.0,0.0,0.0,25.1,25.1,25.1,49.7,49.7,49.7,68.0,68,68,21.38,21.38,21.38,40353.49,40353.49,40353.49,7.79,7.79,7.79,1,0
20241148684,2024-09-16,2024-09-17,2,41.55,-7.93083333333333,26.5,28.9,24.1,13.95,14.4,13.5,47.0,49,45,18.5,25,12,0.0,0.0,0.0,0.0,0.0,0.0,0.0,0.0,0.0,22.85,23.8,21.9,59.8,61.6,58.0,64.0,68,60,21.59,21.72,21.46,40651.14,40838.82,40463.46,6.140000000000001,6.38,5.9,2,0
20241148791,2024-09-16,2024-09-19,4,41.5436580000983,-7.57483799987369,24.1,27.3,22.2,11.625,14.6,9.1,61.25,89,30,23.25,29,11,0.175,0.7,0.0,0.175,0.7,0.0,1.0,4.0,0.0,16.85,22.0,12.4,39.975,50.8,31.3,131.0,221,95,20.0225,21.56,16.52,40432.345,40846.97,40035.25,4.65,5.9,3.64,4,0
20241149609,2024-09-16,2024-09-19,4,41.1351600000593,-8.04660200013055,26.6,29.6,24.7,15.3,16.6,13.8,61.5,93,30,28.0,46,13,0.525,2.1,0.0,0.525,2.1,0.0,1.25,5.0,0.0,22.425,27.2,12.3,56.45,69.1,32.8,135.75,258,92,20.3875,21.78,17.63,40174.869999999995,40577.88,39600.0,5.395,7.03,3.41,3,0
20241150338,2024-09-16,2024-09-19,4,40.545,-7.78833333333333,28.6,31.0,26.0,16.4,17.4,14.6,53.0,81,22,23.5,38,9,0.625,2.5,0.0,0.625,2.5,0.0,0.5,2.0,0.0,26.25,32.0,16.4,50.225,59.4,39.6,98.75,223,49,19.975,22.06,16.14,39662.4875,40682.97,37343.39,6.6000000000000005,9.24,3.43,3,2
20241150386,2024-09-16,2024-09-19,4,41.1119444444444,-8.31055555555556,27.7,30.7,24.7,15.975,17.4,15.0,58.75,88,35,28.25,48,13,0.075,0.3,0.0,0.075,0.3,0.0,0.5,2.0,0.0,20.1,24.1,12.3,44.525,52.9,30.2,131.25,283,78,20.3875,21.69,17.89,40137.505,40539.96,39600.0,5.46,6.89,3.4,4,0
20241150430,2024-09-16,2024-09-16,1,40.5811111111111,-8.635,33.6,33.6,33.6,16.8,16.8,16.8,69.0,69,69,11.0,11,11,0.0,0.0,0.0,0.0,0.0,0.0,0.0,0.0,0.0,29.2,29.2,29.2,49.0,49.0,49.0,57.0,57,57,21.56,21.56,21.56,40260.96,40260.96,40260.96,7.51,7.51,7.51,1,0
20241150453,2024-09-16,2024-09-20,5,40.5002777777778,-7.83305555555556,28.52,32.2,24.9,17.32,18.5,15.7,58.6,87,24,26.6,40,9,0.3,1.0,0.0,0.3,1.0,0.0,1.6,5.0,0.0,25.640000000000004,35.2,13.6,50.12,65.2,30.6,115.6,219,47,19.336000000000002,22.0,16.07,40073.606,40579.39,39603.04,6.3100000000000005,9.95,3.51,4,2
20241150460,2024-09-16,2024-09-16,1,40.9844444444444,-8.62555555555556,32.7,32.7,32.7,19.3,19.3,19.3,47.0,47,47,13.0,13,13,0.0,0.0,0.0,0.0,0.0,0.0,0.0,0.0,0.0,28.2,28.2,28.2,46.4,46.4,46.4,62.0,62,62,21.4,21.4,21.4,40349.64,40349.64,40349.64,8.21,8.21,8.21,1,0
20241150674,2024-09-16,2024-09-16,1,41.1266399998135,-8.4955050002204,32.0,32.0,32.0,19.3,19.3,19.3,67.0,67,67,12.0,12,12,0.0,0.0,0.0,0.0,0.0,0.0,0.0,0.0,0.0,34.2,34.2,34.2,59.8,59.8,59.8,78.0,78,78,21.4,21.4,21.4,40349.7,40349.7,40349.7,8.36,8.36,8.36,1,1
20241150897,2024-09-16,2024-09-19,4,41.0752777777778,-8.11916666666667,28.3,31.3,25.3,16.55,18.0,15.6,58.75,88,35,28.25,48,13,0.075,0.3,0.0,0.075,0.3,0.0,0.5,2.0,0.0,20.1,24.1,12.3,44.525,52.9,30.2,131.25,283,78,20.3875,21.69,17.89,40137.505,40539.96,39600.0,5.535,6.98,3.45,4,0
20241150916,2024-09-16,2024-09-16,1,41.2030180001259,-8.21063199996948,31.0,31.0,31.0,15.0,15.0,15.0,43.0,43,43,11.0,11,11,0.0,0.0,0.0,0.0,0.0,0.0,0.0,0.0,0.0,26.6,26.6,26.6,54.7,54.7,54.7,79.0,79,79,21.61,21.61,21.61,40539.86,40539.86,40539.86,7.02,7.02,7.02,1,0
20241151158,2024-09-16,2024-09-16,1,41.1812099997203,-8.16515899976095,31.7,31.7,31.7,15.9,15.9,15.9,45.0,45,45,12.0,12,12,0.0,0.0,0.0,0.0,0.0,0.0,0.0,0.0,0.0,28.2,28.2,28.2,58.0,58.0,58.0,76.0,76,76,21.64,21.64,21.64,40539.91,40539.91,40539.91,7.29,7.29,7.29,1,0
20241151203,2024-09-16,2024-09-17,2,41.480708000395,-8.06774000002278,26.5,28.9,24.1,11.5,12.8,10.2,45.0,50,40,18.0,25,11,0.0,0.0,0.0,0.0,0.0,0.0,0.0,0.0,0.0,21.25,22.1,20.4,52.2,54.0,50.4,69.0,70,68,21.53,21.67,21.39,40603.93,40744.25,40463.61,5.635,5.85,5.42,2,0
20241151317,2024-09-16,2024-09-17,2,41.2840999999974,-8.14086999999152,29.35,31.8,26.9,14.75,15.4,14.1,43.5,47,40,16.0,22,10,0.0,0.0,0.0,0.0,0.0,0.0,0.0,0.0,0.0,22.700000000000003,24.1,21.3,45.75,47.9,43.6,84.0,84,84,21.4,21.61,21.19,40375.96000000001,40477.01,40274.91,6.18,6.28,6.08,2,0
20241151441,2024-09-16,2024-09-16,1,41.0110039997101,-8.44867300033569,32.8,32.8,32.8,18.4,18.4,18.4,31.0,31,31,11.0,11,11,0.0,0.0,0.0,0.0,0.0,0.0,0.0,0.0,0.0,20.9,20.9,20.9,40.7,40.7,40.7,66.0,66,66,21.42,21.42,21.42,40279.59,40279.59,40279.59,7.54,7.54,7.54,1,0
20241151447,2024-09-16,2024-09-17,2,41.700552000006,-8.51482000033061,28.85,31.0,26.7,14.649999999999999,15.7,13.6,55.5,59,52,17.5,22,13,0.0,0.0,0.0,0.0,0.0,0.0,0.0,0.0,0.0,14.65,17.0,12.3,35.45,40.3,30.6,62.5,70,55,21.235,21.37,21.1,40437.085,40539.25,40334.92,5.1899999999999995,5.36,5.02,2,0
20241151558,2024-09-16,2024-09-17,2,41.3268449995253,-8.34455799950494,28.6,30.7,26.5,15.350000000000001,15.9,14.8,42.5,44,41,17.0,22,12,0.0,0.0,0.0,0.0,0.0,0.0,0.0,0.0,0.0,23.950000000000003,25.6,22.3,48.75,51.8,45.7,84.0,85,83,21.355,21.57,21.14,40405.5,40539.81,40271.19,6.335,6.4,6.27,2,0
20241151625,2024-09-16,2024-09-19,4,41.7579149998559,-7.32681799994575,24.8,28.0,23.0,10.4,11.4,9.2,64.0,76,50,22.25,32,10,0.0,0.0,0.0,0.0,0.0,0.0,0.0,0.0,0.0,19.45,24.2,15.1,42.575,50.0,36.4,140.25,226,101,20.21,21.41,17.49,40518.442500000005,40816.5,40228.29,4.7675,5.87,3.74,4,0
20241151686,2024-09-16,2024-09-17,2,41.9481930001577,-8.45507500012716,28.1,29.4,26.8,11.100000000000001,11.4,10.8,80.0,83,77,25.5,26,25,0.0,0.0,0.0,0.0,0.0,0.0,0.0,0.0,0.0,10.25,11.9,8.6,23.049999999999997,27.7,18.4,71.0,114,28,21.115000000000002,21.22,21.01,40425.770000000004,40519.3,40332.24,4.289999999999999,4.56,4.02,2,0
20241151759,2024-09-16,2024-09-17,2,41.2041666666667,-8.23833333333333,28.0,30.4,25.6,14.8,15.7,13.9,42.5,43,42,16.0,22,10,0.0,0.0,0.0,0.0,0.0,0.0,0.0,0.0,0.0,26.950000000000003,27.6,26.3,59.4,60.8,58.0,88.0,88,88,21.435000000000002,21.64,21.23,40376.03,40477.18,40274.88,6.635,6.81,6.46,2,0
20241151837,2024-09-16,2024-09-16,1,38.9475,-9.25444444444445,35.0,35.0,35.0,16.2,16.2,16.2,62.0,62,62,15.0,15,15,0.0,0.0,0.0,0.0,0.0,0.0,0.0,0.0,0.0,19.1,19.1,19.1,36.0,36.0,36.0,36.0,36,36,21.58,21.58,21.58,40177.67,40177.67,40177.67,6.84,6.84,6.84,1,0
20241151914,2024-09-16,2024-09-17,2,41.1793730004629,-8.1390919997957,30.200000000000003,32.2,28.2,17.7,18.9,16.5,43.0,45,41,17.0,22,12,0.0,0.0,0.0,0.0,0.0,0.0,0.0,0.0,0.0,27.2,28.2,26.2,56.2,58.0,54.4,77.5,79,76,21.439999999999998,21.64,21.24,40405.600000000006,40539.91,40271.29,7.1899999999999995,7.38,7.0,2,0
20241151939,2024-09-16,2024-11-25,71,41.1801159996457,-7.94125299983554,16.81830985915493,28.1,9.6,9.243661971830985,14.8,3.0,95.67605633802818,100,36,64.19718309859155,90,11,4.908450704225352,66.7,0.0,4.908450704225352,66.7,0.0,7.295774647887324,24.0,0.0,14.742253521126761,29.3,6.0,43.44929577464789,101.9,18.0,188.40845070422534,301,82,9.995633802816903,21.81,2.16,25188.521408450706,40681.11,0.0,1.6707042253521127,5.85,0.52,31,0
20241151964,2024-09-16,2024-09-17,2,41.5288888888889,-8.23388888888889,29.15,31.5,26.8,16.85,17.5,16.2,48.5,54,43,17.5,23,12,0.0,0.0,0.0,0.0,0.0,0.0,0.0,0.0,0.0,29.75,32.1,27.4,63.15,67.3,59.0,80.0,82,78,21.34,21.53,21.15,40499.735,40636.68,40362.79,7.225,7.25,7.2,2,1
20241152082,2024-09-16,2024-09-17,2,40.1886111111111,-8.37777777777778,31.5,32.8,30.2,18.65,18.8,18.5,42.5,43,42,16.5,19,14,0.0,0.0,0.0,0.0,0.0,0.0,0.0,0.0,0.0,21.15,21.8,20.5,42.1,43.2,41.0,57.0,60,54,21.33,21.47,21.19,40264.965,40351.5,40178.43,6.635,6.99,6.28,2,0
20241152104,2024-09-16,2024-09-18,3,41.6172222222222,-8.24444444444444,27.366666666666664,30.0,25.5,16.933333333333334,17.6,15.9,50.0,57,42,22.0,27,14,0.0,0.0,0.0,0.0,0.0,0.0,0.0,0.0,0.0,23.866666666666664,27.0,20.8,55.46666666666667,61.6,49.0,87.0,91,81,21.133333333333333,21.47,20.75,40398.52333333334,40636.38,40196.75,6.176666666666667,6.81,5.23,3,0
20241152118,2024-09-16,2024-09-16,1,41.2997222222222,-8.17805555555556,31.3,31.3,31.3,13.6,13.6,13.6,40.0,40,40,10.0,10,10,0.0,0.0,0.0,0.0,0.0,0.0,0.0,0.0,0.0,21.3,21.3,21.3,43.6,43.6,43.6,84.0,84,84,21.61,21.61,21.61,40477.01,40477.01,40477.01,6.23,6.23,6.23,1,0
20241152157,2024-09-16,2024-09-17,2,41.7798399999407,-8.37610299958123,27.7,29.9,25.5,14.25,14.7,13.8,62.0,65,59,20.5,24,17,0.0,0.0,0.0,0.0,0.0,0.0,0.0,0.0,0.0,13.95,15.7,12.2,41.55,44.6,38.5,63.0,67,59,21.42,21.54,21.3,40530.1,40636.0,40424.2,5.1850000000000005,5.26,5.11,2,0
20241152271,2024-09-16,2024-09-19,4,41.4444510004256,-7.69176299995846,25.175,28.2,23.2,12.6,15.7,10.0,65.75,89,39,22.5,28,10,0.45,1.8,0.0,0.45,1.8,0.0,0.25,1.0,0.0,17.125,22.0,12.7,36.075,46.4,27.0,134.75,301,78,20.0275,21.56,16.56,40397.8375,40847.41,39945.36,4.875,6.24,3.85,3,0
20241152351,2024-09-16,2024-09-17,2,41.2619900004069,-8.03315700001187,29.55,32.0,27.1,16.35,17.2,15.5,42.5,43,42,16.5,22,11,0.0,0.0,0.0,0.0,0.0,0.0,0.0,0.0,0.0,26.950000000000003,27.6,26.3,59.4,60.8,58.0,88.0,88,88,21.435000000000002,21.64,21.23,40376.03,40477.18,40274.88,6.905,7.08,6.73,2,0
20241152386,2024-09-16,2024-09-16,1,41.3913430002001,-8.60201800001992,31.3,31.3,31.3,18.0,18.0,18.0,63.0,63,63,15.0,15,15,0.0,0.0,0.0,0.0,0.0,0.0,0.0,0.0,0.0,22.4,22.4,22.4,44.6,44.6,44.6,63.0,63,63,21.29,21.29,21.29,40349.74,40349.74,40349.74,6.8,6.8,6.8,1,0
20241152423,2024-09-16,2024-09-20,5,40.8947222222222,-7.80111111111111,23.78,27.1,20.7,12.98,14.6,10.8,70.2,96,31,30.2,46,12,0.38,1.5,0.0,0.38,1.5,0.0,2.0,6.0,0.0,21.339999999999996,26.7,15.1,42.58,54.0,31.0,101.2,193,50,19.732,22.07,16.58,40090.126000000004,40682.02,39551.66,5.0200000000000005,7.7,3.08,4,0
20241152584,2024-09-16,2024-09-18,3,41.0908333333333,-7.96722222222222,27.833333333333332,30.0,25.8,15.799999999999999,17.2,14.0,48.333333333333336,71,29,20.666666666666668,28,11,0.0,0.0,0.0,0.0,0.0,0.0,0.0,0.0,0.0,25.666666666666668,28.2,22.8,63.46666666666667,70.2,55.8,91.33333333333333,93,89,21.32,21.8,20.74,40382.54,40637.42,40146.55,6.173333333333333,7.2,5.01,3,0
20241152644,2024-09-16,2024-09-16,1,41.3288888888889,-8.24805555555556,30.8,30.8,30.8,13.1,13.1,13.1,40.0,40,40,10.0,10,10,0.0,0.0,0.0,0.0,0.0,0.0,0.0,0.0,0.0,21.3,21.3,21.3,43.6,43.6,43.6,84.0,84,84,21.61,21.61,21.61,40477.01,40477.01,40477.01,6.16,6.16,6.16,1,0
20241152836,2024-09-16,2024-09-18,3,41.4444099998474,-7.62315999984741,24.099999999999998,26.8,21.8,11.233333333333334,12.2,9.6,60.0,91,32,23.0,29,12,0.0,0.0,0.0,0.0,0.0,0.0,0.0,0.0,0.0,19.2,22.7,13.8,44.5,51.1,36.0,95.0,103,89,21.316666666666666,21.68,20.88,40555.59,40795.72,40354.17,5.093333333333334,6.09,3.99,3,0
20241152996,2024-09-16,2024-09-16,1,41.5519444444444,-8.25277777777778,32.6,32.6,32.6,17.3,17.3,17.3,56.0,56,56,13.0,13,13,0.0,0.0,0.0,0.0,0.0,0.0,0.0,0.0,0.0,20.2,20.2,20.2,44.3,44.3,44.3,82.0,82,82,21.41,21.41,21.41,40539.48,40539.48,40539.48,7.19,7.19,7.19,1,0
20241153090,2024-09-16,2024-09-17,2,40.2016799999608,-7.37909500016107,30.05,32.1,28.0,16.45,16.7,16.2,30.5,40,21,12.0,17,7,0.0,0.0,0.0,0.0,0.0,0.0,0.0,0.0,0.0,19.65,20.3,19.0,36.7,39.2,34.2,16.0,23,9,21.79,21.95,21.63,40616.545,40751.8,40481.29,6.77,7.51,6.03,2,0
20241153217,2024-09-16,2024-09-16,1,41.3288888888889,-8.24111111111111,30.7,30.7,30.7,14.8,14.8,14.8,41.0,41,41,12.0,12,12,0.0,0.0,0.0,0.0,0.0,0.0,0.0,0.0,0.0,22.3,22.3,22.3,45.7,45.7,45.7,83.0,83,83,21.57,21.57,21.57,40539.81,40539.81,40539.81,6.4,6.4,6.4,1,0
20241153377,2024-09-16,2024-09-17,2,41.9541666666667,-8.48,27.35,29.3,25.4,12.45,12.6,12.3,70.0,74,66,21.5,24,19,0.0,0.0,0.0,0.0,0.0,0.0,0.0,0.0,0.0,8.45,9.0,7.9,23.6,24.5,22.7,81.0,101,61,21.305,21.4,21.21,40515.575,40611.03,40420.12,4.415,4.43,4.4,2,0
20241153402,2024-09-16,2024-09-17,2,41.6552777777778,-7.55166666666667,27.95,30.5,25.4,12.25,12.3,12.2,56.0,60,52,17.5,25,10,0.0,0.0,0.0,0.0,0.0,0.0,0.0,0.0,0.0,19.6,21.2,18.0,47.0,50.8,43.2,96.0,97,95,21.465,21.59,21.34,40714.07,40904.05,40524.09,5.525,5.78,5.27,2,0
20241153497,2024-09-16,2024-09-17,2,41.2266666666667,-8.20027777777778,29.4,31.5,27.3,16.45,17.4,15.5,42.0,43,41,16.0,21,11,0.0,0.0,0.0,0.0,0.0,0.0,0.0,0.0,0.0,26.450000000000003,26.6,26.3,55.05,55.4,54.7,81.0,83,79,21.4,21.61,21.19,40405.555,40539.86,40271.25,6.925,7.1,6.75,2,0
20241153506,2024-09-16,2024-09-19,4,41.0794444444444,-7.88583333333333,24.075,26.6,22.4,12.675,13.6,10.8,64.25,91,34,28.75,45,13,0.65,2.6,0.0,0.65,2.6,0.0,1.75,7.0,0.0,19.7,24.2,11.9,54.975,67.7,34.2,130.5,245,89,20.415,21.84,17.56,40196.8125,40578.1,39600.0,4.8525,6.43,3.23,3,0
20241153701,2024-09-16,2024-09-19,4,41.5616666666667,-7.84027777777778,26.225,29.8,23.7,14.25,15.3,12.6,62.25,79,45,26.0,38,12,0.0,0.0,0.0,0.0,0.0,0.0,0.0,0.0,0.0,18.975,23.8,13.4,51.05,61.6,36.7,120.5,297,57,20.2775,21.72,16.97,40372.2,40838.82,39852.68,5.1274999999999995,6.52,3.52,4,0
20241153888,2024-09-16,2024-09-16,1,41.9414720000161,-8.50086199998856,28.5,28.5,28.5,11.8,11.8,11.8,74.0,74,74,18.0,18,18,0.0,0.0,0.0,0.0,0.0,0.0,0.0,0.0,0.0,7.9,7.9,7.9,22.7,22.7,22.7,61.0,61,61,21.4,21.4,21.4,40611.03,40611.03,40611.03,4.37,4.37,4.37,1,0
20241153900,2024-09-16,2024-09-17,2,41.47,-8.20916666666667,27.85,30.0,25.7,12.05,13.4,10.7,46.5,52,41,17.5,24,11,0.0,0.0,0.0,0.0,0.0,0.0,0.0,0.0,0.0,21.950000000000003,22.8,21.1,52.05,53.3,50.8,71.5,72,71,21.445,21.62,21.27,40552.325,40736.73,40367.92,5.85,5.94,5.76,2,0
20241153935,2024-09-16,2024-09-17,2,41.4688888888889,-8.43694444444444,29.05,31.1,27.0,16.1,17.2,15.0,46.0,50,42,18.0,24,12,0.0,0.0,0.0,0.0,0.0,0.0,0.0,0.0,0.0,25.799999999999997,28.9,22.7,51.45,57.2,45.7,85.5,86,85,21.28,21.49,21.07,40405.36,40539.67,40271.05,6.745,6.88,6.61,2,0
20241153994,2024-09-16,2024-09-17,2,41.3647222222222,-8.245,28.65,31.0,26.3,12.6,14.2,11.0,45.5,50,41,17.0,23,11,0.0,0.0,0.0,0.0,0.0,0.0,0.0,0.0,0.0,21.700000000000003,23.6,19.8,45.4,49.0,41.8,77.0,77,77,21.365000000000002,21.57,21.16,40410.12,40545.33,40274.91,5.975,5.99,5.96,2,0
20241154225,2024-09-16,2024-09-18,3,41.3563200002246,-8.0118199994829,28.3,30.8,26.5,12.433333333333332,13.4,11.8,59.666666666666664,81,42,20.333333333333332,26,11,0.0,0.0,0.0,0.0,0.0,0.0,0.0,0.0,0.0,16.46666666666667,20.6,11.2,40.43333333333333,47.5,31.0,84.33333333333333,90,80,21.19,21.61,20.73,40365.84666666667,40577.21,40152.33,5.176666666666667,5.8,4.3,3,0
20241154312,2024-09-16,2024-09-17,2,41.5259130001068,-7.77407799985674,27.9,30.3,25.5,12.899999999999999,14.2,11.6,45.5,51,40,18.0,25,11,0.0,0.0,0.0,0.0,0.0,0.0,0.0,0.0,0.0,21.25,22.1,20.4,52.2,54.0,50.4,69.0,70,68,21.53,21.67,21.39,40603.93,40744.25,40463.61,5.825,6.04,5.61,2,0
20241154489,2024-09-17,2024-09-20,4,41.5849900000625,-7.5873500000106,24.425,25.8,22.1,13.15,15.4,10.9,77.0,96,58,32.0,50,24,0.925,3.6,0.0,0.925,3.6,0.0,1.25,4.0,0.0,14.575,20.9,10.5,34.1,46.1,26.6,154.75,282,98,18.54,21.22,15.33,39233.655,40484.62,36079.22,3.935,5.14,2.84,3,0
20241154535,2024-09-17,2024-09-17,1,41.5623219998678,-8.15280300007926,26.1,26.1,26.1,18.1,18.1,18.1,42.0,42,42,22.0,22,22,0.0,0.0,0.0,0.0,0.0,0.0,0.0,0.0,0.0,32.8,32.8,32.8,68.0,68.0,68.0,88.0,88,88,21.17,21.17,21.17,40362.62,40362.62,40362.62,7.11,7.11,7.11,1,1
20241154741,2024-09-17,2024-09-17,1,41.3709309999148,-8.59786000039842,29.9,29.9,29.9,19.6,19.6,19.6,39.0,39,39,22.0,22,22,0.0,0.0,0.0,0.0,0.0,0.0,0.0,0.0,0.0,24.9,24.9,24.9,48.6,48.6,48.6,86.0,86,86,20.97,20.97,20.97,40246.54,40246.54,40246.54,7.09,7.09,7.09,1,0
20241154922,2024-09-17,2024-09-20,4,41.2152780003018,-7.97096199989319,23.924999999999997,25.5,21.9,13.45,14.2,12.0,74.25,94,48,34.0,52,24,0.3,0.9,0.0,0.3,0.9,0.0,2.5,7.0,0.0,13.975,19.9,10.6,40.15,58.7,29.5,142.25,288,92,18.7825,21.31,15.62,40006.15,40408.16,39600.0,4.0275,5.47,2.81,4,0
20241155265,2024-09-17,2024-09-18,2,41.1022222222222,-8.38055555555556,28.05,28.5,27.6,16.7,17.9,15.5,57.0,73,41,26.0,30,22,0.0,0.0,0.0,0.0,0.0,0.0,0.0,0.0,0.0,22.799999999999997,23.9,21.7,46.25,49.3,43.2,69.0,70,68,20.825,21.13,20.52,40143.88,40181.95,40105.81,5.98,6.72,5.24,2,0
20241155266,2024-09-17,2024-09-17,1,41.2222222222222,-8.25805555555556,26.4,26.4,26.4,16.5,16.5,16.5,43.0,43,43,22.0,22,22,0.0,0.0,0.0,0.0,0.0,0.0,0.0,0.0,0.0,26.3,26.3,26.3,58.0,58.0,58.0,88.0,88,88,21.23,21.23,21.23,40274.88,40274.88,40274.88,6.61,6.61,6.61,1,0
20241155448,2024-09-17,2024-09-17,1,41.4565499999788,-8.24903699980842,27.4,27.4,27.4,17.6,17.6,17.6,42.0,42,42,24.0,24,24,0.0,0.0,0.0,0.0,0.0,0.0,0.0,0.0,0.0,28.9,28.9,28.9,57.2,57.2,57.2,86.0,86,86,21.07,21.07,21.07,40271.05,40271.05,40271.05,6.95,6.95,6.95,1,0
20241156791,2024-09-17,2024-09-18,2,41.2616100003984,-8.20993000030518,27.35,27.8,26.9,16.1,17.0,15.2,52.5,64,41,24.5,28,21,0.0,0.0,0.0,0.0,0.0,0.0,0.0,0.0,0.0,24.5,26.3,22.7,51.45,55.4,47.5,87.5,92,83,20.9,21.19,20.61,40162.935,40271.25,40054.62,5.96,6.68,5.24,2,0
20241157148,2024-09-17,2024-09-18,2,40.2575439998839,-7.99066899988386,29.3,29.6,29.0,14.25,14.3,14.2,59.5,67,52,28.0,31,25,0.0,0.0,0.0,0.0,0.0,0.0,0.0,0.0,0.0,14.45,15.3,13.6,31.7,32.8,30.6,95.5,137,54,20.63,21.27,19.99,40158.48,40210.8,40106.16,4.975,5.21,4.74,2,0
20241157257,2024-09-17,2024-09-17,1,40.5886111111111,-7.46166666666667,26.6,26.6,26.6,14.7,14.7,14.7,49.0,49,49,20.0,20,20,0.0,0.0,0.0,0.0,0.0,0.0,0.0,0.0,0.0,21.7,21.7,21.7,47.5,47.5,47.5,75.0,75,75,21.54,21.54,21.54,40470.29,40470.29,40470.29,6.31,6.31,6.31,1,0
20241157340,2024-09-17,2024-09-19,3,41.3131870004866,-8.42631500032213,26.166666666666668,27.6,24.3,14.9,16.0,14.3,63.333333333333336,80,44,32.666666666666664,49,22,0.03333333333333333,0.1,0.0,0.03333333333333333,0.1,0.0,0.3333333333333333,1.0,0.0,19.2,25.6,12.4,41.86666666666667,51.8,33.5,151.66666666666666,274,85,19.94666666666667,21.14,18.1,39975.15666666667,40271.19,39600.0,4.8999999999999995,6.29,3.48,3,0
20241157381,2024-09-17,2024-09-17,1,41.5219399997923,-8.14582999971178,24.7,24.7,24.7,14.4,14.4,14.4,47.0,47,47,25.0,25,25,0.0,0.0,0.0,0.0,0.0,0.0,0.0,0.0,0.0,26.6,26.6,26.6,57.2,57.2,57.2,72.0,72,72,21.3,21.3,21.3,40367.83,40367.83,40367.83,6.21,6.21,6.21,1,0
20241157564,2024-09-17,2024-09-21,5,40.9158333333333,-8.00972222222222,24.4,27.8,20.5,14.34,16.2,13.1,82.2,100,54,39.0,60,23,0.9400000000000001,2.0,0.0,0.9400000000000001,2.0,0.0,4.2,9.0,0.0,12.64,14.4,11.2,36.14,43.6,31.3,161.4,310,93,18.176,21.48,15.31,39864.926,40363.88,39600.0,3.78,5.26,2.78,2,0
20241157577,2024-09-17,2024-09-17,1,41.2403770001729,-8.39764300028483,27.2,27.2,27.2,17.9,17.9,17.9,41.0,41,41,20.0,20,20,0.0,0.0,0.0,0.0,0.0,0.0,0.0,0.0,0.0,28.1,28.1,28.1,55.4,55.4,55.4,85.0,85,85,21.12,21.12,21.12,40182.05,40182.05,40182.05,7.09,7.09,7.09,1,0
20241157632,2024-09-17,2024-09-17,1,41.4569399997923,-8.72530900001526,29.1,29.1,29.1,20.0,20.0,20.0,44.0,44,44,22.0,22,22,0.0,0.0,0.0,0.0,0.0,0.0,0.0,0.0,0.0,25.8,25.8,25.8,47.9,47.9,47.9,72.0,72,72,20.89,20.89,20.89,40164.27,40164.27,40164.27,6.84,6.84,6.84,1,0
20241157646,2024-09-17,2024-09-18,2,41.2202777777778,-8.26555555555556,27.5,28.0,27.0,16.25,17.1,15.4,52.5,64,41,24.5,28,21,0.0,0.0,0.0,0.0,0.0,0.0,0.0,0.0,0.0,24.5,26.3,22.7,51.45,55.4,47.5,87.5,92,83,20.9,21.19,20.61,40162.935,40271.25,40054.62,5.984999999999999,6.71,5.26,2,0
20241157810,2024-09-17,2024-09-18,2,41.36,-8.25277777777778,27.1,27.5,26.7,15.05,16.1,14.0,55.5,67,44,25.0,26,24,0.0,0.0,0.0,0.0,0.0,0.0,0.0,0.0,0.0,22.35,26.0,18.7,44.599999999999994,51.8,37.4,86.5,89,84,20.84,21.1,20.58,40190.285,40271.12,40109.45,5.63,6.39,4.87,2,0
20241157970,2024-09-17,2024-09-17,1,39.7111111111111,-8.68,30.8,30.8,30.8,17.3,17.3,17.3,44.0,44,44,20.0,20,20,0.0,0.0,0.0,0.0,0.0,0.0,0.0,0.0,0.0,17.0,17.0,17.0,34.6,34.6,34.6,89.0,89,89,21.34,21.34,21.34,40087.56,40087.56,40087.56,6.22,6.22,6.22,1,0
20241158259,2024-09-17,2024-09-18,2,41.1844444444444,-7.8975,25.4,26.1,24.7,13.5,14.7,12.3,64.0,79,49,26.0,27,25,0.0,0.0,0.0,0.0,0.0,0.0,0.0,0.0,0.0,17.3,20.2,14.4,48.8,55.8,41.8,90.5,92,89,21.105,21.43,20.78,40328.66,40408.48,40248.84,4.9399999999999995,5.53,4.35,2,0
20241158307,2024-09-17,2024-09-18,2,41.0538888888889,-7.8825,22.85,23.9,21.8,10.4,11.3,9.5,70.5,86,55,26.5,27,26,0.0,0.0,0.0,0.0,0.0,0.0,0.0,0.0,0.0,17.6,19.3,15.9,48.05,53.6,42.5,84.0,89,79,21.195,21.55,20.84,40304.83,40368.25,40241.41,4.5,5.03,3.97,2,0
20241158308,2024-09-17,2024-09-17,1,41.463759999805,-8.44229299969143,27.5,27.5,27.5,18.4,18.4,18.4,40.0,40,40,24.0,24,24,0.0,0.0,0.0,0.0,0.0,0.0,0.0,0.0,0.0,27.0,27.0,27.0,55.1,55.1,55.1,88.0,88,88,21.0,21.0,21.0,40182.15,40182.15,40182.15,6.91,6.91,6.91,1,0
20241158368,2024-09-17,2024-09-18,2,41.1719500001272,-8.21476000044081,27.95,28.5,27.4,16.9,18.0,15.8,52.5,64,41,25.0,29,21,0.0,0.0,0.0,0.0,0.0,0.0,0.0,0.0,0.0,25.15,26.2,24.1,51.849999999999994,54.4,49.3,82.0,85,79,20.935,21.24,20.63,40163.119999999995,40271.29,40054.95,6.154999999999999,6.85,5.46,2,0
20241158812,2024-09-17,2024-09-18,2,40.6674159999688,-7.79489299986098,27.15,27.9,26.4,14.65,15.5,13.8,59.0,72,46,23.0,24,22,0.0,0.0,0.0,0.0,0.0,0.0,0.0,0.0,0.0,28.85,29.6,28.1,53.849999999999994,54.4,53.3,67.5,69,66,21.020000000000003,21.51,20.53,40311.18,40410.32,40212.04,6.4,7.32,5.48,2,0
20241158900,2024-09-17,2024-09-17,1,41.3877777777778,-8.07527777777778,24.3,24.3,24.3,12.3,12.3,12.3,55.0,55,55,25.0,25,25,0.0,0.0,0.0,0.0,0.0,0.0,0.0,0.0,0.0,19.1,19.1,19.1,48.6,48.6,48.6,92.0,92,92,21.29,21.29,21.29,40463.92,40463.92,40463.92,5.16,5.16,5.16,1,0
20241159294,2024-09-17,2024-09-18,2,41.3355710000462,-7.56927199999491,24.75,25.6,23.9,12.899999999999999,14.2,11.6,65.0,80,50,25.0,25,25,0.0,0.0,0.0,0.0,0.0,0.0,0.0,0.0,0.0,17.9,20.7,15.1,42.85,48.6,37.1,60.0,62,58,21.075,21.32,20.83,40322.655,40422.14,40223.17,4.91,5.66,4.16,2,0
20241159442,2024-09-17,2024-09-18,2,41.2455130004883,-7.86493300014072,22.05,22.6,21.5,10.2,11.3,9.1,61.5,76,47,23.0,23,23,0.0,0.0,0.0,0.0,0.0,0.0,0.0,0.0,0.0,17.25,19.9,14.6,50.05,58.7,41.4,94.5,97,92,21.035,21.31,20.76,40328.275,40408.16,40248.39,4.515,5.06,3.97,2,0
20241159648,2024-09-17,2024-09-17,1,41.3684079999394,-8.62691800011529,29.2,29.2,29.2,19.6,19.6,19.6,49.0,49,49,22.0,22,22,0.0,0.0,0.0,0.0,0.0,0.0,0.0,0.0,0.0,25.1,25.1,25.1,46.8,46.8,46.8,72.0,72,72,20.95,20.95,20.95,40164.03,40164.03,40164.03,6.82,6.82,6.82,1,0
20241159820,2024-09-17,2024-09-18,2,41.2427100001441,-8.17469199975332,28.55,29.0,28.1,17.299999999999997,18.2,16.4,53.0,64,42,24.5,28,21,0.0,0.0,0.0,0.0,0.0,0.0,0.0,0.0,0.0,24.5,26.3,22.7,51.45,55.4,47.5,87.5,92,83,20.9,21.19,20.61,40162.935,40271.25,40054.62,6.14,6.89,5.39,2,0
20241159847,2024-09-17,2024-09-19,3,41.0413888888889,-8.05972222222222,26.366666666666664,28.2,24.3,15.4,16.0,14.3,67.33333333333333,87,46,33.0,48,23,0.4666666666666666,1.4,0.0,0.4666666666666666,1.4,0.0,2.0,6.0,0.0,14.466666666666667,17.9,11.4,35.166666666666664,39.2,31.0,160.66666666666666,283,91,19.939999999999998,21.38,17.72,40021.723333333335,40271.35,39600.0,4.546666666666667,5.59,3.33,2,0
20241160036,2024-09-17,2024-09-18,2,41.4436111111111,-7.03361111111111,24.85,25.8,23.9,11.5,11.7,11.3,71.5,80,63,24.5,25,24,0.0,0.0,0.0,0.0,0.0,0.0,0.0,0.0,0.0,22.450000000000003,22.6,22.3,47.55,49.7,45.4,62.0,65,59,20.96,21.23,20.69,40628.07,40690.87,40565.27,4.965,5.72,4.21,2,0
20241160300,2024-09-17,2024-09-18,2,40.3271969996558,-7.46175500022041,24.15,24.7,23.6,14.55,15.0,14.1,52.0,61,43,29.0,39,19,0.0,0.0,0.0,0.0,0.0,0.0,0.0,0.0,0.0,13.3,15.0,11.6,36.55,43.6,29.5,54.0,88,20,21.36,22.06,20.66,40563.515,40617.67,40509.36,4.734999999999999,5.37,4.1,2,0
20241160419,2024-09-17,2024-09-18,2,40.5155555555556,-7.54055555555556,25.75,26.1,25.4,12.7,13.5,11.9,64.0,77,51,27.0,33,21,0.0,0.0,0.0,0.0,0.0,0.0,0.0,0.0,0.0,15.1,17.7,12.5,37.3,43.6,31.0,101.0,116,86,21.0,21.7,20.3,40395.4,40470.65,40320.15,4.9399999999999995,5.46,4.42,2,0
20241160475,2024-09-17,2024-09-18,2,41.3980169995626,-8.1664649995168,26.9,27.5,26.3,13.25,14.2,12.3,62.5,75,50,24.0,25,23,0.0,0.0,0.0,0.0,0.0,0.0,0.0,0.0,0.0,19.200000000000003,23.6,14.8,41.05,49.0,33.1,78.0,79,77,20.91,21.16,20.66,40209.875,40274.91,40144.84,5.245,5.96,4.53,2,0
20241160870,2024-09-18,2024-09-18,1,41.0427777777778,-7.47138888888889,26.2,26.2,26.2,10.6,10.6,10.6,88.0,88,88,27.0,27,27,0.0,0.0,0.0,0.0,0.0,0.0,0.0,0.0,0.0,13.6,13.6,13.6,32.8,32.8,32.8,81.0,81,81,20.21,20.21,20.21,39631.6,39631.6,39631.6,4.1,4.1,4.1,1,0
20241161076,2024-09-18,2024-09-18,1,41.610373000039,-6.89048799991608,25.0,25.0,25.0,11.1,11.1,11.1,84.0,84,84,25.0,25,25,0.0,0.0,0.0,0.0,0.0,0.0,0.0,0.0,0.0,26.2,26.2,26.2,46.8,46.8,46.8,75.0,75,75,20.71,20.71,20.71,40564.51,40564.51,40564.51,4.35,4.35,4.35,1,0
20241161185,2024-09-18,2024-09-18,1,41.6475,-8.105,26.2,26.2,26.2,15.5,15.5,15.5,57.0,57,57,27.0,27,27,0.0,0.0,0.0,0.0,0.0,0.0,0.0,0.0,0.0,23.8,23.8,23.8,55.8,55.8,55.8,91.0,91,91,20.75,20.75,20.75,40196.75,40196.75,40196.75,5.18,5.18,5.18,1,0
20241161400,2024-09-18,2024-09-18,1,41.1732899999619,-8.20019000000424,28.6,28.6,28.6,15.9,15.9,15.9,64.0,64,64,29.0,29,29,0.0,0.0,0.0,0.0,0.0,0.0,0.0,0.0,0.0,24.1,24.1,24.1,49.3,49.3,49.3,85.0,85,85,20.63,20.63,20.63,40054.95,40054.95,40054.95,5.48,5.48,5.48,1,0
20241161901,2024-09-18,2024-09-18,1,41.3164629999797,-8.03199700037638,28.9,28.9,28.9,14.7,14.7,14.7,70.0,70,70,25.0,25,25,0.0,0.0,0.0,0.0,0.0,0.0,0.0,0.0,0.0,18.4,18.4,18.4,38.9,38.9,38.9,98.0,98,98,20.66,20.66,20.66,40145.28,40145.28,40145.28,4.88,4.88,4.88,1,0
20241163236,2024-09-18,2024-09-18,1,40.9747222222222,-7.99972222222222,22.1,22.1,22.1,7.2,7.2,7.2,90.0,90,90,27.0,27,27,0.0,0.0,0.0,0.0,0.0,0.0,0.0,0.0,0.0,17.1,17.1,17.1,36.4,36.4,36.4,54.0,54,54,20.98,20.98,20.98,40250.08,40250.08,40250.08,4.02,4.02,4.02,1,0
20241163417,2024-09-18,2024-09-18,1,40.7077777777778,-7.67166666666667,28.0,28.0,28.0,14.1,14.1,14.1,72.0,72,72,25.0,25,25,0.0,0.0,0.0,0.0,0.0,0.0,0.0,0.0,0.0,23.9,23.9,23.9,46.1,46.1,46.1,71.0,71,71,20.88,20.88,20.88,40251.26,40251.26,40251.26,5.36,5.36,5.36,1,0
20241163443,2024-09-18,2024-09-18,1,41.0993179999457,-7.93691299994787,25.9,25.9,25.9,12.2,12.2,12.2,81.0,81,81,31.0,31,31,0.0,0.0,0.0,0.0,0.0,0.0,0.0,0.0,0.0,19.2,19.2,19.2,53.6,53.6,53.6,93.0,93,93,20.78,20.78,20.78,40240.92,40240.92,40240.92,4.38,4.38,4.38,1,0
20241163884,2024-09-18,2024-09-18,1,41.1566949998008,-8.28974199983809,28.3,28.3,28.3,15.6,15.6,15.6,64.0,64,64,29.0,29,29,0.0,0.0,0.0,0.0,0.0,0.0,0.0,0.0,0.0,24.1,24.1,24.1,49.3,49.3,49.3,85.0,85,85,20.63,20.63,20.63,40054.95,40054.95,40054.95,5.44,5.44,5.44,1,0
20241165097,2024-09-18,2024-09-18,1,40.6077777777778,-7.28277777777778,26.4,26.4,26.4,11.4,11.4,11.4,85.0,85,85,33.0,33,33,0.0,0.0,0.0,0.0,0.0,0.0,0.0,0.0,0.0,15.4,15.4,15.4,32.0,32.0,32.0,117.0,117,117,20.21,20.21,20.21,40327.83,40327.83,40327.83,4.59,4.59,4.59,1,0
20241165864,2024-09-18,2024-09-19,2,41.5650879997677,-8.09207699987623,23.65,25.1,22.2,13.25,13.4,13.1,75.0,82,68,34.5,42,27,0.05,0.1,0.0,0.05,0.1,0.0,0.5,1.0,0.0,17.0,22.2,11.8,38.9,47.9,29.9,181.0,290,72,19.07,20.87,17.27,40028.56,40288.27,39768.85,4.03,4.66,3.4,2,0
20241165945,2024-09-18,2024-09-19,2,41.7541199999385,-8.38573000007205,24.55,26.3,22.8,14.45,14.6,14.3,70.5,79,62,38.5,48,29,0.1,0.2,0.0,0.1,0.2,0.0,1.0,2.0,0.0,14.25,17.2,11.3,37.65,44.3,31.0,162.0,240,84,19.265,20.78,17.75,40022.785,40196.41,39849.16,4.07,4.8,3.34,2,0
20241167246,2024-09-19,2024-09-20,2,41.2136111111111,-7.88222222222222,20.6,21.6,19.6,11.5,11.8,11.2,86.0,94,78,43.5,52,35,0.6,0.9,0.3,0.6,0.9,0.3,5.0,7.0,3.0,10.7,10.8,10.6,30.25,31.0,29.5,190.0,288,92,16.53,17.44,15.62,39684.025,39768.05,39600.0,3.025,3.4,2.65,2,0
20241167907,2024-09-19,2024-09-19,1,41.0411111111111,-7.90222222222222,21.4,21.4,21.4,13.7,13.7,13.7,87.0,87,87,43.0,43,43,2.1,2.1,2.1,2.1,2.1,2.1,4.0,4.0,4.0,12.0,12.0,12.0,33.8,33.8,33.8,209.0,209,209,17.45,17.45,17.45,39600.0,39600.0,39600.0,3.23,3.23,3.23,0,0
20241169551,2024-09-19,2024-09-20,2,41.2995470004612,-7.81000199953715,21.6,22.8,20.4,14.25,15.7,12.8,84.5,95,74,42.5,50,35,1.3499999999999999,2.3,0.4,1.3499999999999999,2.3,0.4,5.0,7.0,3.0,10.25,12.2,8.3,28.6,30.2,27.0,191.0,288,94,16.255000000000003,17.05,15.46,39684.009999999995,39768.02,39600.0,3.1100000000000003,3.5,2.72,1,0
20241169591,2024-09-19,2024-09-20,2,41.5605555555556,-8.03472222222222,21.950000000000003,22.6,21.3,14.05,14.3,13.8,89.0,96,82,50.5,58,43,2.5999999999999996,5.1,0.1,2.5999999999999996,5.1,0.1,4.0,7.0,1.0,11.850000000000001,11.9,11.8,29.549999999999997,29.9,29.2,190.0,290,90,15.620000000000001,17.27,13.97,38353.505000000005,39768.85,36938.16,2.9699999999999998,3.43,2.51,1,0
20241169627,2024-09-19,2024-09-19,1,39.7825,-8.58805555555556,25.9,25.9,25.9,15.2,15.2,15.2,99.0,99,99,48.0,48,48,2.1,2.1,2.1,2.1,2.1,2.1,6.0,6.0,6.0,18.1,18.1,18.1,36.0,36.0,36.0,153.0,153,153,16.5,16.5,16.5,39600.0,39600.0,39600.0,3.23,3.23,3.23,0,0
20241170397,2024-09-19,2024-09-20,2,41.2375,-7.63555555555556,23.9,24.9,22.9,14.1,15.2,13.0,80.5,91,70,39.5,42,37,0.8500000000000001,0.9,0.8,0.8500000000000001,0.9,0.8,5.0,6.0,4.0,11.1,11.7,10.5,26.3,27.0,25.6,174.5,326,23,16.66,17.32,16.0,39683.884999999995,39767.77,39600.0,3.34,3.72,2.96,2,0
20241170827,2024-09-19,2024-09-20,2,41.8766666666667,-8.22,21.7,22.5,20.9,13.95,14.5,13.4,88.0,88,88,58.0,61,55,3.2,3.9,2.5,3.2,3.9,2.5,7.5,12.0,3.0,10.2,10.4,10.0,27.75,28.1,27.4,137.5,149,126,14.504999999999999,17.27,11.74,37116.09,39846.69,34385.49,2.5949999999999998,3.09,2.1,0,0
20241213391,2024-09-29,2024-09-29,1,41.0361111111111,-7.26305555555556,24.7,24.7,24.7,11.7,11.7,11.7,69.0,69,69,24.0,24,24,0.0,0.0,0.0,0.0,0.0,0.0,0.0,0.0,0.0,10.3,10.3,10.3,23.8,23.8,23.8,267.0,267,267,18.57,18.57,18.57,38841.91,38841.91,38841.91,3.58,3.58,3.58,1,0
20241365030,2024-11-02,2024-11-03,2,41.7913180001577,-8.71165300051371,19.9,20.1,19.7,8.6,8.7,8.5,92.0,93,91,55.5,57,54,0.0,0.0,0.0,0.0,0.0,0.0,0.0,0.0,0.0,9.45,11.7,7.2,25.75,28.1,23.4,75.5,97,54,11.469999999999999,11.7,11.24,33319.58,33426.67,33212.49,1.885,1.94,1.83,2,0
20241408843,2024-11-12,2024-11-13,2,41.5211111111111,-8.055,12.35,14.5,10.2,3.0,4.6,1.4,92.5,94,91,44.5,47,42,2.75,5.5,0.0,2.75,5.5,0.0,2.5,5.0,0.0,23.1,28.4,17.8,56.0,68.8,43.2,66.0,69,63,9.99,10.99,8.99,30733.07,31863.45,29602.69,1.5750000000000002,1.58,1.57,1,0
20241416478,2024-11-14,2024-11-14,1,41.9625,-8.57472222222222,16.0,16.0,16.0,4.6,4.6,4.6,93.0,93,93,52.0,52,52,0.6,0.6,0.6,0.6,0.6,0.6,1.0,1.0,1.0,8.9,8.9,8.9,27.0,27.0,27.0,52.0,52,52,8.34,8.34,8.34,29722.11,29722.11,29722.11,1.19,1.19,1.19,1,0
20241429901,2024-11-17,2024-11-18,2,41.7978649997711,-8.72092000007629,18.25,19.3,17.2,7.65,8.9,6.4,96.0,100,92,54.5,62,47,0.15,0.3,0.0,0.15,0.3,0.0,1.0,2.0,0.0,5.4,6.2,4.6,16.0,16.9,15.1,71.5,85,58,9.62,9.87,9.37,31268.91,31295.16,31242.66,1.445,1.53,1.36,2,0
20241455849,2024-11-23,2024-11-23,1,41.9581099997626,-8.59347499953376,18.5,18.5,18.5,11.5,11.5,11.5,97.0,97,97,58.0,58,58,0.1,0.1,0.1,0.1,0.1,0.1,1.0,1.0,1.0,26.2,26.2,26.2,68.8,68.8,68.8,165.0,165,165,8.24,8.24,8.24,28562.38,28562.38,28562.38,2.27,2.27,2.27,1,0
20241456952,2024-11-23,2024-11-24,2,41.9606930001577,-8.58856299983131,18.25,18.4,18.1,12.350000000000001,13.3,11.4,98.0,99,97,51.5,58,45,11.200000000000001,22.3,0.1,11.200000000000001,22.3,0.1,4.0,7.0,1.0,31.65,37.1,26.2,86.94999999999999,105.1,68.8,170.0,175,165,4.925,8.24,1.61,16300.495,28562.38,4038.61,2.58,2.9,2.26,1,1
20241458062,2024-11-24,2024-11-24,1,41.9661870002747,-8.5762870004442,17.3,17.3,17.3,12.5,12.5,12.5,99.0,99,99,45.0,45,45,22.3,22.3,22.3,22.3,22.3,22.3,7.0,7.0,7.0,37.1,37.1,37.1,105.1,105.1,105.1,175.0,175,175,1.61,1.61,1.61,4038.61,4038.61,4038.61,2.82,2.82,2.82,0,1
20241458268,2024-11-24,2024-11-24,1,39.5430555555556,-9.10027777777778,21.5,21.5,21.5,16.6,16.6,16.6,94.0,94,94,51.0,51,51,10.3,10.3,10.3,10.3,10.3,10.3,4.0,4.0,4.0,43.1,43.1,43.1,76.7,76.7,76.7,154.0,154,154,4.26,4.26,4.26,12411.99,12411.99,12411.99,3.53,3.53,3.53,0,1
20241459853,2024-11-24,2024-11-24,1,41.9377777777778,-8.56,17.6,17.6,17.6,12.9,12.9,12.9,99.0,99,99,45.0,45,45,22.1,22.1,22.1,22.1,22.1,22.1,6.0,6.0,6.0,37.2,37.2,37.2,105.5,105.5,105.5,174.0,174,174,1.93,1.93,1.93,6155.78,6155.78,6155.78,2.7,2.7,2.7,0,1
20241459892,2024-11-24,2024-11-24,1,41.0216666666667,-8.13111111111111,15.3,15.3,15.3,10.2,10.2,10.2,98.0,98,98,53.0,53,53,9.2,9.2,9.2,9.2,9.2,9.2,5.0,5.0,5.0,32.1,32.1,32.1,95.0,95.0,95.0,174.0,174,174,3.35,3.35,3.35,10566.52,10566.52,10566.52,1.6,1.6,1.6,0,1
20241460238,2024-11-24,2024-11-24,1,41.9507529999812,-8.58808300018311,17.5,17.5,17.5,12.7,12.7,12.7,99.0,99,99,45.0,45,45,22.3,22.3,22.3,22.3,22.3,22.3,7.0,7.0,7.0,37.1,37.1,37.1,105.1,105.1,105.1,175.0,175,175,1.61,1.61,1.61,4038.61,4038.61,4038.61,2.84,2.84,2.84,0,1
20241543522,2024-12-13,2024-12-13,1,40.5019444444444,-6.98361111111111,8.8,8.8,8.8,1.8,1.8,1.8,95.0,95,95,57.0,57,57,0.3,0.3,0.3,0.3,0.3,0.3,2.0,2.0,2.0,13.2,13.2,13.2,29.9,29.9,29.9,195.0,195,195,6.42,6.42,6.42,23751.45,23751.45,23751.45,0.89,0.89,0.89,1,0
20241557764,2024-12-16,2024-12-17,2,40.8838888888889,-7.72111111111111,12.15,14.3,10.0,1.15,1.3,1.0,84.0,88,80,44.0,47,41,0.0,0.0,0.0,0.0,0.0,0.0,0.0,0.0,0.0,16.85,17.6,16.1,31.9,32.8,31.0,131.0,197,65,8.12,8.61,7.63,27910.6,28269.04,27552.16,1.405,1.5,1.31,2,0
20241558320,2024-12-16,2024-12-17,2,41.7398620001475,-8.32458799997966,16.05,17.1,15.0,5.0,6.7,3.3,83.0,88,78,41.5,43,40,0.95,1.9,0.0,0.95,1.9,0.0,2.5,5.0,0.0,12.45,13.8,11.1,31.5,37.4,25.6,89.5,112,67,7.4399999999999995,7.87,7.01,27646.239999999998,28493.46,26799.02,1.49,1.63,1.35,1,0
20241558367,2024-12-16,2024-12-17,2,41.8184769999981,-8.51982999987072,15.2,16.3,14.1,3.55,6.1,1.0,88.5,89,88,41.5,42,41,2.1,4.2,0.0,2.1,4.2,0.0,4.0,8.0,0.0,12.7,13.9,11.5,35.1,42.1,28.1,86.0,113,59,7.42,7.81,7.03,27488.845,28611.17,26366.52,1.395,1.58,1.21,1,0
20241558417,2024-12-16,2024-12-17,2,42.0554480001662,-8.27361999988556,15.65,17.3,14.0,2.6,5.5,-0.3,87.5,94,81,47.5,56,39,4.0,8.0,0.0,4.0,8.0,0.0,4.5,9.0,0.0,14.899999999999999,19.9,9.9,41.05,57.6,24.5,138.5,167,110,7.085,7.54,6.63,24622.605,24849.57,24395.64,1.46,1.89,1.03,1,0
20241560112,2024-12-17,2024-12-17,1,41.761501999961,-8.39283500035604,16.4,16.4,16.4,5.2,5.2,5.2,90.0,90,90,37.0,37,37,5.7,5.7,5.7,5.7,5.7,5.7,7.0,7.0,7.0,14.3,14.3,14.3,46.8,46.8,46.8,118.0,118,118,7.1,7.1,7.1,26373.21,26373.21,26373.21,1.61,1.61,1.61,0,0
20241560224,2024-12-17,2024-12-17,1,41.7311111111111,-8.33277777777778,17.5,17.5,17.5,7.1,7.1,7.1,88.0,88,88,43.0,43,43,1.9,1.9,1.9,1.9,1.9,1.9,5.0,5.0,5.0,13.8,13.8,13.8,37.4,37.4,37.4,112.0,112,112,7.01,7.01,7.01,26799.02,26799.02,26799.02,1.65,1.65,1.65,0,0
20241560884,2024-12-17,2024-12-17,1,42.0813619995117,-8.22738000022041,16.3,16.3,16.3,4.5,4.5,4.5,81.0,81,81,39.0,39,39,8.0,8.0,8.0,8.0,8.0,8.0,9.0,9.0,9.0,19.9,19.9,19.9,57.6,57.6,57.6,167.0,167,167,6.63,6.63,6.63,24849.57,24849.57,24849.57,1.84,1.84,1.84,0,0
20241593625,2024-12-24,2024-12-24,1,40.9905555555556,-8.07916666666667,9.4,9.4,9.4,1.8,1.8,1.8,92.0,92,92,67.0,67,67,0.0,0.0,0.0,0.0,0.0,0.0,0.0,0.0,0.0,19.8,19.8,19.8,56.5,56.5,56.5,89.0,89,89,8.47,8.47,8.47,29405.11,29405.11,29405.11,1.13,1.13,1.13,1,0
20241602968,2024-12-26,2024-12-27,2,41.9558300002416,-8.41002500004238,15.6,15.6,15.6,8.15,8.4,7.9,81.5,84,79,59.5,64,55,0.0,0.0,0.0,0.0,0.0,0.0,0.0,0.0,0.0,3.4000000000000004,4.4,2.4,11.15,11.9,10.4,98.5,173,24,8.205,8.22,8.19,29026.489999999998,29040.36,29012.62,1.05,1.05,1.05,2,0
