incident_id,start_date,end_date,n_days,lat_first,lon_first,mean_temp_max,temp_max_max,temp_max_min,mean_temp_min,temp_min_max,temp_min_min,rh_max_mean,rh_max_max,rh_max_min,rh_min_mean,rh_min_max,rh_min_min,precip_sum_mean,precip_sum_max,precip_sum_min,rain_sum_mean,rain_sum_max,rain_sum_min,precip_hours_mean,precip_hours_max,precip_hours_min,wind_max_mean,wind_max_max,wind_max_min,gust_max_mean,gust_max_max,gust_max_min,wind_dir_mean,wind_dir_max,wind_dir_min,radiation_mean,radiation_max,radiation_min,sunshine_mean,sunshine_max,sunshine_min,et0_mean,et0_max,et0_min,dry_day_sum,high_wind_sum
20250008102,2025-01-02,2025-01-02,1,41.9783333333333,-8.55333333333333,8.6,8.6,8.6,4.7,4.7,4.7,75.0,75,75,60.0,60,60,0.0,0.0,0.0,0.0,0.0,0.0,0.0,0.0,0.0,15.8,15.8,15.8,42.8,42.8,42.8,172.0,172,172,4.57,4.57,4.57,12350.66,12350.66,12350.66,1.18,1.18,1.18,1,0
20250008536,2025-01-02,2025-01-02,1,41.9706149999301,-8.59657700008816,11.9,11.9,11.9,4.5,4.5,4.5,83.0,83,83,60.0,60,60,0.0,0.0,0.0,0.0,0.0,0.0,0.0,0.0,0.0,13.9,13.9,13.9,34.6,34.6,34.6,179.0,179,179,4.87,4.87,4.87,14844.98,14844.98,14844.98,1.07,1.07,1.07,1,0
20250075365,2025-01-17,2025-01-17,1,41.2428600003984,-6.68071999973721,8.9,8.9,8.9,-1.3,-1.3,-1.3,92.0,92,92,48.0,48,48,0.0,0.0,0.0,0.0,0.0,0.0,0.0,0.0,0.0,17.6,17.6,17.6,41.0,41.0,41.0,65.0,65,65,10.18,10.18,10.18,30893.22,30893.22,30893.22,1.21,1.21,1.21,1,0
20250168127,2025-02-06,2025-02-06,1,41.6869444444444,-8.30777777777778,10.9,10.9,10.9,3.1,3.1,3.1,69.0,69,69,43.0,43,43,0.0,0.0,0.0,0.0,0.0,0.0,0.0,0.0,0.0,11.7,11.7,11.7,28.8,28.8,28.8,111.0,111,111,9.57,9.57,9.57,27454.62,27454.62,27454.62,1.63,1.63,1.63,1,0
20250271295,2025-03-01,2025-03-01,1,41.3617190000746,-6.52337200005849,9.4,9.4,9.4,3.2,3.2,3.2,81.0,81,81,46.0,46,46,0.0,0.0,0.0,0.0,0.0,0.0,0.0,0.0,0.0,27.9,27.9,27.9,54.4,54.4,54.4,63.0,63,63,9.23,9.23,9.23,21739.94,21739.94,21739.94,1.95,1.95,1.95,1,0
20250274364,2025-03-02,2025-03-02,1,41.4761900001102,-7.76521299997965,2.9,2.9,2.9,-0.2,-0.2,-0.2,96.0,96,96,55.0,55,55,1.9,1.9,1.9,0.2,0.2,0.2,6.0,6.0,6.0,22.9,22.9,22.9,52.2,52.2,52.2,83.0,83,83,6.31,6.31,6.31,12069.66,12069.66,12069.66,1.09,1.09,1.09,0,0
20250280648,2025-03-03,2025-03-03,1,41.9145530001322,-7.07227799998389,10.2,10.2,10.2,3.2,3.2,3.2,90.0,90,90,58.0,58,58,1.1,1.1,1.1,1.1,1.1,1.1,6.0,6.0,6.0,23.9,23.9,23.9,52.6,52.6,52.6,83.0,83,83,7.87,7.87,7.87,9585.2,9585.2,9585.2,1.48,1.48,1.48,0,0
20250284402,2025-03-04,2025-03-04,1,41.7577777777778,-8.29611111111111,15.5,15.5,15.5,4.8,4.8,4.8,95.0,95,95,44.0,44,44,0.2,0.2,0.2,0.2,0.2,0.2,1.0,1.0,1.0,11.3,11.3,11.3,36.7,36.7,36.7,60.0,60,60,14.36,14.36,14.36,37589.62,37589.62,37589.62,2.22,2.22,2.22,1,0
20250335408,2025-03-15,2025-03-15,1,41.6165670002831,-8.06864999996291,9.8,9.8,9.8,-1.9,-1.9,-1.9,88.0,88,88,43.0,43,43,0.2,0.2,0.2,0.2,0.2,0.2,2.0,2.0,2.0,10.2,10.2,10.2,26.6,26.6,26.6,307.0,307,307,17.04,17.04,17.04,39093.67,39093.67,39093.67,2.21,2.21,2.21,1,0
20250338035,2025-03-16,2025-03-16,1,41.6816666666667,-7.90888888888889,10.0,10.0,10.0,-0.2,-0.2,-0.2,89.0,89,89,34.0,34,34,0.0,0.0,0.0,0.0,0.0,0.0,0.0,0.0,0.0,9.4,9.4,9.4,23.4,23.4,23.4,79.0,79,79,19.39,19.39,19.39,39191.79,39191.79,39191.79,2.48,2.48,2.48,1,0
20250339684,2025-03-16,2025-03-16,1,41.6836111111111,-7.90916666666667,9.9,9.9,9.9,-0.3,-0.3,-0.3,89.0,89,89,34.0,34,34,0.0,0.0,0.0,0.0,0.0,0.0,0.0,0.0,0.0,9.4,9.4,9.4,23.4,23.4,23.4,79.0,79,79,19.39,19.39,19.39,39191.79,39191.79,39191.79,2.48,2.48,2.48,1,0
20250339703,2025-03-16,2025-03-16,1,41.8683333333333,-8.48777777777778,11.0,11.0,11.0,-1.1,-1.1,-1.1,86.0,86,86,41.0,41,41,0.0,0.0,0.0,0.0,0.0,0.0,0.0,0.0,0.0,10.6,10.6,10.6,29.5,29.5,29.5,117.0,117,117,18.93,18.93,18.93,39230.49,39230.49,39230.49,2.41,2.41,2.41,1,0
20250341531,2025-03-17,2025-03-17,1,41.8583333333333,-8.39027777777778,15.0,15.0,15.0,4.7,4.7,4.7,95.0,95,95,54.0,54,54,2.9,2.9,2.9,2.9,2.9,2.9,4.0,4.0,4.0,15.3,15.3,15.3,41.8,41.8,41.8,116.0,116,116,11.81,11.81,11.81,25288.96,25288.96,25288.96,1.89,1.89,1.89,0,0
20250349509,2025-03-18,2025-03-19,2,41.9583333333333,-8.56611111111111,13.95,15.0,12.9,6.35,8.7,4.0,86.5,91,82,57.0,65,49,0.55,1.0,0.1,0.55,1.0,0.1,4.0,7.0,1.0,23.0,28.3,17.7,65.9,81.4,50.4,155.0,168,142,13.085,13.44,12.73,31690.0,37698.04,25681.96,2.2649999999999997,2.78,1.75,1,0
20250350580,2025-03-19,2025-03-19,1,41.878208000395,-8.29894700050354,15.5,15.5,15.5,8.6,8.6,8.6,85.0,85,85,51.0,51,51,0.1,0.1,0.1,0.1,0.1,0.1,1.0,1.0,1.0,28.2,28.2,28.2,71.6,71.6,71.6,139.0,139,139,12.31,12.31,12.31,25915.8,25915.8,25915.8,2.69,2.69,2.69,1,0
20250352877,2025-03-19,2025-03-19,1,41.3727777777778,-8.52027777777778,18.1,18.1,18.1,11.2,11.2,11.2,83.0,83,83,48.0,48,48,0.2,0.2,0.2,0.2,0.2,0.2,2.0,2.0,2.0,31.2,31.2,31.2,63.7,63.7,63.7,129.0,129,129,8.5,8.5,8.5,8772.79,8772.79,8772.79,2.81,2.81,2.81,1,1
20250353088,2025-03-19,2025-03-19,1,41.6558100001017,-8.1618930000729,14.5,14.5,14.5,7.5,7.5,7.5,88.0,88,88,53.0,53,53,0.1,0.1,0.1,0.1,0.1,0.1,1.0,1.0,1.0,31.3,31.3,31.3,77.8,77.8,77.8,122.0,122,122,11.6,11.6,11.6,21810.0,21810.0,21810.0,2.57,2.57,2.57,1,1
20250353539,2025-03-19,2025-03-19,1,41.9246979999542,-8.41591799947951,16.9,16.9,16.9,10.6,10.6,10.6,85.0,85,85,50.0,50,50,0.3,0.3,0.3,0.3,0.3,0.3,1.0,1.0,1.0,31.2,31.2,31.2,76.3,76.3,76.3,148.0,148,148,11.81,11.81,11.81,25635.18,25635.18,25635.18,3.06,3.06,3.06,1,1
20250353877,2025-03-19,2025-03-19,1,41.8182020000617,-8.27838200039334,16.5,16.5,16.5,8.2,8.2,8.2,88.0,88,88,50.0,50,50,0.2,0.2,0.2,0.2,0.2,0.2,2.0,2.0,2.0,27.5,27.5,27.5,72.0,72.0,72.0,131.0,131,131,11.8,11.8,11.8,23977.55,23977.55,23977.55,2.71,2.71,2.71,1,0
20250353893,2025-03-19,2025-03-20,2,41.8808333333333,-8.20416666666667,15.950000000000001,16.1,15.8,8.25,9.2,7.3,91.5,97,86,48.5,51,46,5.5,10.9,0.1,5.5,10.9,0.1,8.0,15.0,1.0,31.1,34.0,28.2,85.85,100.1,71.6,148.0,157,139,11.98,12.31,11.65,27383.525,28851.25,25915.8,2.635,2.74,2.53,1,1
20250353971,2025-03-19,2025-03-19,1,42.0561111111111,-8.26777777777778,15.5,15.5,15.5,5.5,5.5,5.5,95.0,95,95,49.0,49,49,0.0,0.0,0.0,0.0,0.0,0.0,0.0,0.0,0.0,24.4,24.4,24.4,63.4,63.4,63.4,125.0,125,125,13.26,13.26,13.26,31359.41,31359.41,31359.41,2.45,2.45,2.45,1,0
20250354535,2025-03-19,2025-03-20,2,41.7516666666667,-8.21611111111111,14.0,14.3,13.7,6.25,6.4,6.1,93.0,96,90,51.0,52,50,6.35,12.6,0.1,6.35,12.6,0.1,8.5,16.0,1.0,30.65,33.0,28.3,86.6,95.8,77.4,140.0,155,125,12.635,13.08,12.19,23999.175,26674.53,21323.82,2.5599999999999996,2.59,2.53,1,1
20250354623,2025-03-19,2025-03-19,1,41.7538888888889,-8.01944444444444,13.4,13.4,13.4,5.6,5.6,5.6,97.0,97,97,57.0,57,57,0.3,0.3,0.3,0.3,0.3,0.3,1.0,1.0,1.0,30.7,30.7,30.7,91.8,91.8,91.8,130.0,130,130,11.1,11.1,11.1,17422.91,17422.91,17422.91,2.02,2.02,2.02,1,1
20250354783,2025-03-19,2025-03-20,2,41.7504730000099,-8.27350999991099,15.25,15.6,14.9,7.5,7.6,7.4,93.0,96,90,51.5,53,50,6.35,12.6,0.1,6.35,12.6,0.1,8.5,16.0,1.0,30.65,33.0,28.3,86.6,95.8,77.4,140.0,155,125,12.635,13.08,12.19,23999.175,26674.53,21323.82,2.67,2.7,2.64,1,1
20250354822,2025-03-19,2025-03-20,2,41.7878250000212,-8.34882500012716,16.299999999999997,16.4,16.2,7.949999999999999,8.1,7.8,92.0,96,88,46.5,49,44,8.299999999999999,16.4,0.2,8.299999999999999,16.4,0.2,9.5,17.0,2.0,30.0,32.5,27.5,85.7,99.4,72.0,143.0,155,131,11.940000000000001,12.08,11.8,27975.205,31972.86,23977.55,2.665,2.7,2.63,1,1
20250354936,2025-03-19,2025-03-20,2,41.686750000053,-8.42165999995338,18.299999999999997,18.4,18.2,9.7,9.7,9.7,92.5,96,89,43.5,46,41,8.2,16.0,0.4,8.2,16.0,0.4,9.0,17.0,1.0,35.099999999999994,39.3,30.9,78.30000000000001,92.2,64.4,142.0,153,131,11.225000000000001,12.99,9.46,21273.629999999997,26550.01,15997.25,3.0300000000000002,3.1,2.96,1,2
20250355082,2025-03-19,2025-03-20,2,41.9106120003594,-8.4748429997762,15.8,16.0,15.6,8.35,9.7,7.0,89.5,97,82,47.5,50,45,5.2,10.3,0.1,5.2,10.3,0.1,8.5,16.0,1.0,33.0,37.7,28.3,97.95,114.5,81.4,151.0,160,142,12.155000000000001,12.73,11.58,24853.129999999997,25681.96,24024.3,2.69,2.88,2.5,1,1
20250355224,2025-03-19,2025-03-20,2,41.7150849999322,-8.27054499997033,14.55,14.9,14.2,6.800000000000001,6.9,6.7,93.0,96,90,51.0,52,50,6.35,12.6,0.1,6.35,12.6,0.1,8.5,16.0,1.0,30.65,33.0,28.3,86.6,95.8,77.4,140.0,155,125,12.635,13.08,12.19,23999.175,26674.53,21323.82,2.605,2.64,2.57,1,1
20250355409,2025-03-19,2025-03-20,2,41.9619444444444,-8.55944444444444,15.100000000000001,15.3,14.9,7.65,9.0,6.3,89.5,97,82,47.0,49,45,5.2,10.3,0.1,5.2,10.3,0.1,8.5,16.0,1.0,33.0,37.7,28.3,97.95,114.5,81.4,151.0,160,142,12.155000000000001,12.73,11.58,24853.129999999997,25681.96,24024.3,2.625,2.81,2.44,1,1
20250355466,2025-03-19,2025-03-20,2,41.7827777777778,-8.31805555555556,16.05,16.2,15.9,7.7,7.9,7.5,92.0,96,88,46.5,49,44,8.299999999999999,16.4,0.2,8.299999999999999,16.4,0.2,9.5,17.0,2.0,30.0,32.5,27.5,85.7,99.4,72.0,143.0,155,131,11.940000000000001,12.08,11.8,27975.205,31972.86,23977.55,2.645,2.68,2.61,1,1
20250385476,2025-03-24,2025-03-24,1,40.9808333333333,-7.32583333333333,13.0,13.0,13.0,3.1,3.1,3.1,91.0,91,91,56.0,56,56,0.5,0.5,0.5,0.5,0.5,0.5,4.0,4.0,4.0,17.5,17.5,17.5,38.9,38.9,38.9,316.0,316,316,17.67,17.67,17.67,39761.3,39761.3,39761.3,2.4,2.4,2.4,1,0
20250391314,2025-03-25,2025-03-25,1,41.0402777777778,-8.19638888888889,15.2,15.2,15.2,3.1,3.1,3.1,97.0,97,97,44.0,44,44,0.0,0.0,0.0,0.0,0.0,0.0,0.0,0.0,0.0,10.9,10.9,10.9,34.2,34.2,34.2,91.0,91,91,21.67,21.67,21.67,40586.32,40586.32,40586.32,3.11,3.11,3.11,1,0
20250395382,2025-03-26,2025-03-26,1,40.7213888888889,-7.9425,16.9,16.9,16.9,4.5,4.5,4.5,93.0,93,93,42.0,42,42,0.0,0.0,0.0,0.0,0.0,0.0,0.0,0.0,0.0,15.5,15.5,15.5,35.6,35.6,35.6,270.0,270,270,17.63,17.63,17.63,36586.25,36586.25,36586.25,2.79,2.79,2.79,1,0
20250405343,2025-03-28,2025-03-28,1,41.9244800000721,-7.01839800000191,15.8,15.8,15.8,2.6,2.6,2.6,94.0,94,94,25.0,25,25,0.0,0.0,0.0,0.0,0.0,0.0,0.0,0.0,0.0,19.4,19.4,19.4,43.9,43.9,43.9,336.0,336,336,21.77,21.77,21.77,41266.79,41266.79,41266.79,3.42,3.42,3.42,1,0
20250405354,2025-03-28,2025-03-28,1,41.5880319997999,-8.09788199954563,18.5,18.5,18.5,6.2,6.2,6.2,90.0,90,90,24.0,24,24,0.0,0.0,0.0,0.0,0.0,0.0,0.0,0.0,0.0,10.7,10.7,10.7,27.4,27.4,27.4,335.0,335,335,21.63,21.63,21.63,41350.3,41350.3,41350.3,3.4,3.4,3.4,1,0
20250407006,2025-03-28,2025-03-28,1,41.7311111111111,-7.97138888888889,16.4,16.4,16.4,4.6,4.6,4.6,91.0,91,91,19.0,19,19,0.0,0.0,0.0,0.0,0.0,0.0,0.0,0.0,0.0,13.3,13.3,13.3,38.9,38.9,38.9,26.0,26,26,21.83,21.83,21.83,41356.27,41356.27,41356.27,3.43,3.43,3.43,1,0
20250407098,2025-03-28,2025-03-28,1,41.8444444444444,-7.91611111111111,11.6,11.6,11.6,2.2,2.2,2.2,100.0,100,100,32.0,32,32,0.0,0.0,0.0,0.0,0.0,0.0,0.0,0.0,0.0,16.3,16.3,16.3,38.5,38.5,38.5,355.0,355,355,21.77,21.77,21.77,41371.02,41371.02,41371.02,2.96,2.96,2.96,1,0
20250409902,2025-03-29,2025-03-30,2,41.8803149996863,-8.45086199998856,21.200000000000003,22.8,19.6,6.15,6.6,5.7,91.5,97,86,38.5,41,36,0.0,0.0,0.0,0.0,0.0,0.0,0.0,0.0,0.0,13.799999999999999,17.4,10.2,35.3,43.6,27.0,27.5,34,21,21.975,21.99,21.96,41557.065,41623.77,41490.36,3.745,3.78,3.71,2,0
20250410259,2025-03-29,2025-03-29,1,41.7116666666667,-8.03472222222222,21.6,21.6,21.6,7.4,7.4,7.4,91.0,91,91,23.0,23,23,0.0,0.0,0.0,0.0,0.0,0.0,0.0,0.0,0.0,13.5,13.5,13.5,32.8,32.8,32.8,53.0,53,53,22.36,22.36,22.36,41524.93,41524.93,41524.93,4.18,4.18,4.18,1,0
20250410528,2025-03-29,2025-03-29,1,40.9568319998847,-8.4548920000924,20.9,20.9,20.9,6.5,6.5,6.5,85.0,85,85,29.0,29,29,0.0,0.0,0.0,0.0,0.0,0.0,0.0,0.0,0.0,13.8,13.8,13.8,34.2,34.2,34.2,40.0,40,40,21.99,21.99,21.99,41414.17,41414.17,41414.17,3.81,3.81,3.81,1,0
20250411134,2025-03-29,2025-03-30,2,41.6740200000339,-8.11239199956258,19.25,19.4,19.1,6.35,7.5,5.2,79.0,93,65,33.5,36,31,0.0,0.0,0.0,0.0,0.0,0.0,0.0,0.0,0.0,15.35,19.9,10.8,40.15,52.6,27.7,62.0,77,47,22.515,22.62,22.41,41604.905,41645.56,41564.25,4.0600000000000005,4.36,3.76,2,0
20250411262,2025-03-29,2025-03-30,2,41.9655555555556,-8.53833333333333,18.9,20.8,17.0,4.4,5.0,3.8,85.0,91,79,41.0,46,36,0.0,0.0,0.0,0.0,0.0,0.0,0.0,0.0,0.0,11.149999999999999,13.6,8.7,33.1,39.6,26.6,60.0,80,40,22.36,22.44,22.28,41568.135,41639.66,41496.61,3.565,3.67,3.46,2,0
20250411456,2025-03-29,2025-03-30,2,41.6868329999182,-8.10831000010173,22.25,22.8,21.7,8.7,10.3,7.1,76.0,89,63,29.0,34,24,0.0,0.0,0.0,0.0,0.0,0.0,0.0,0.0,0.0,16.1,18.7,13.5,36.9,44.3,29.5,69.0,83,55,22.36,22.45,22.27,41559.65,41597.51,41521.79,4.41,4.8,4.02,2,0
20250411815,2025-03-29,2025-03-30,2,41.045,-7.92277777777778,14.850000000000001,14.9,14.8,3.15,3.5,2.8,77.0,81,73,36.5,40,33,0.0,0.0,0.0,0.0,0.0,0.0,0.0,0.0,0.0,14.35,18.4,10.3,40.35,51.5,29.2,80.0,87,73,22.759999999999998,22.89,22.63,41540.744999999995,41615.39,41466.1,3.46,3.55,3.37,2,0
20250412038,2025-03-30,2025-03-30,1,40.5561111111111,-7.345,17.3,17.3,17.3,3.2,3.2,3.2,74.0,74,74,33.0,33,33,0.0,0.0,0.0,0.0,0.0,0.0,0.0,0.0,0.0,14.6,14.6,14.6,42.5,42.5,42.5,79.0,79,79,23.16,23.16,23.16,41655.03,41655.03,41655.03,3.58,3.58,3.58,1,0
20250412040,2025-03-30,2025-03-30,1,40.8656019994948,-8.27076200008392,17.6,17.6,17.6,4.3,4.3,4.3,70.0,70,70,29.0,29,29,0.0,0.0,0.0,0.0,0.0,0.0,0.0,0.0,0.0,15.5,15.5,15.5,45.7,45.7,45.7,126.0,126,126,22.7,22.7,22.7,41587.32,41587.32,41587.32,3.89,3.89,3.89,1,0
20250412087,2025-03-30,2025-03-30,1,41.9569444444444,-8.57861111111111,20.2,20.2,20.2,4.0,4.0,4.0,85.0,85,85,48.0,48,48,0.0,0.0,0.0,0.0,0.0,0.0,0.0,0.0,0.0,7.1,7.1,7.1,25.6,25.6,25.6,5.0,5,5,22.23,22.23,22.23,41597.8,41597.8,41597.8,3.47,3.47,3.47,1,0
20250412163,2025-03-30,2025-03-30,1,41.6813699997796,-8.0100599998898,19.3,19.3,19.3,7.4,7.4,7.4,65.0,65,65,36.0,36,36,0.0,0.0,0.0,0.0,0.0,0.0,0.0,0.0,0.0,19.9,19.9,19.9,52.6,52.6,52.6,77.0,77,77,22.62,22.62,22.62,41645.56,41645.56,41645.56,4.35,4.35,4.35,1,0
20250413099,2025-03-30,2025-03-30,1,42.0008333333333,-8.22555555555556,17.3,17.3,17.3,1.5,1.5,1.5,86.0,86,86,35.0,35,35,0.0,0.0,0.0,0.0,0.0,0.0,0.0,0.0,0.0,11.9,11.9,11.9,30.2,30.2,30.2,83.0,83,83,22.56,22.56,22.56,41662.41,41662.41,41662.41,3.46,3.46,3.46,1,0
20250414204,2025-03-30,2025-03-30,1,41.5775,-7.96555555555556,18.1,18.1,18.1,2.3,2.3,2.3,82.0,82,82,32.0,32,32,0.0,0.0,0.0,0.0,0.0,0.0,0.0,0.0,0.0,13.8,13.8,13.8,37.4,37.4,37.4,60.0,60,60,22.76,22.76,22.76,41668.89,41668.89,41668.89,3.64,3.64,3.64,1,0
20250414751,2025-03-30,2025-03-30,1,41.9109280003442,-7.12715700043572,19.2,19.2,19.2,1.9,1.9,1.9,87.0,87,87,37.0,37,37,0.0,0.0,0.0,0.0,0.0,0.0,0.0,0.0,0.0,16.1,16.1,16.1,31.7,31.7,31.7,115.0,115,115,22.5,22.5,22.5,41435.56,41435.56,41435.56,3.69,3.69,3.69,1,0
20250414845,2025-03-30,2025-03-30,1,41.8485130002764,-6.62082300000721,19.1,19.1,19.1,0.7,0.7,0.7,91.0,91,91,34.0,34,34,0.0,0.0,0.0,0.0,0.0,0.0,0.0,0.0,0.0,11.0,11.0,11.0,27.7,27.7,27.7,78.0,78,78,22.44,22.44,22.44,41538.61,41538.61,41538.61,3.48,3.48,3.48,1,0
20250415578,2025-03-30,2025-03-30,1,41.7244719998042,-7.27222000016106,17.6,17.6,17.6,2.4,2.4,2.4,86.0,86,86,44.0,44,44,0.0,0.0,0.0,0.0,0.0,0.0,0.0,0.0,0.0,7.0,7.0,7.0,23.0,23.0,23.0,116.0,116,116,22.44,22.44,22.44,41597.83,41597.83,41597.83,3.26,3.26,3.26,1,0
20250415845,2025-03-30,2025-03-31,2,41.5436111111111,-8.03305555555556,20.85,22.0,19.7,5.1,5.9,4.3,80.5,81,80,33.0,35,31,0.0,0.0,0.0,0.0,0.0,0.0,0.0,0.0,0.0,13.399999999999999,14.7,12.1,36.7,39.6,33.8,70.5,73,68,22.884999999999998,23.09,22.68,41816.649999999994,41942.52,41690.78,3.915,4.05,3.78,2,0
20250415974,2025-03-30,2025-03-31,2,41.7719444444444,-8.36333333333333,23.1,23.7,22.5,7.6000000000000005,8.8,6.4,75.5,77,74,25.0,26,24,0.0,0.0,0.0,0.0,0.0,0.0,0.0,0.0,0.0,13.85,14.2,13.5,39.6,40.0,39.2,69.5,79,60,22.79,23.04,22.54,41799.025,41919.36,41678.69,4.245,4.45,4.04,2,0
20250416195,2025-03-30,2025-03-31,2,41.6159429995219,-8.06971499999364,19.85,21.0,18.7,5.75,7.0,4.5,70.0,71,69,33.0,36,30,0.0,0.0,0.0,0.0,0.0,0.0,0.0,0.0,0.0,17.8,18.6,17.0,48.25,48.6,47.9,62.5,65,60,22.95,23.16,22.74,41819.97,41945.93,41694.01,4.135,4.31,3.96,2,0
20250416274,2025-03-31,2025-03-31,1,40.8798840003543,-8.27840799967448,19.7,19.7,19.7,6.4,6.4,6.4,61.0,61,61,23.0,23,23,0.0,0.0,0.0,0.0,0.0,0.0,0.0,0.0,0.0,13.1,13.1,13.1,41.4,41.4,41.4,135.0,135,135,23.11,23.11,23.11,41817.26,41817.26,41817.26,4.14,4.14,4.14,1,0
20250416352,2025-03-31,2025-03-31,1,41.442892999649,-7.88442500001854,20.3,20.3,20.3,6.3,6.3,6.3,75.0,75,75,34.0,34,34,0.0,0.0,0.0,0.0,0.0,0.0,0.0,0.0,0.0,12.7,12.7,12.7,41.4,41.4,41.4,112.0,112,112,23.14,23.14,23.14,41916.57,41916.57,41916.57,3.98,3.98,3.98,1,0
20250417174,2025-03-31,2025-03-31,1,41.5466666666667,-8.03805555555556,20.9,20.9,20.9,9.5,9.5,9.5,61.0,61,61,31.0,31,31,0.0,0.0,0.0,0.0,0.0,0.0,0.0,0.0,0.0,20.1,20.1,20.1,46.8,46.8,46.8,81.0,81,81,23.05,23.05,23.05,41885.2,41885.2,41885.2,4.66,4.66,4.66,1,0
20250418349,2025-03-31,2025-03-31,1,41.6790429994795,-8.08471499999364,22.2,22.2,22.2,12.4,12.4,12.4,60.0,60,60,30.0,30,30,0.0,0.0,0.0,0.0,0.0,0.0,0.0,0.0,0.0,21.6,21.6,21.6,52.2,52.2,52.2,94.0,94,94,22.92,22.92,22.92,41831.5,41831.5,41831.5,4.94,4.94,4.94,1,0
20250419002,2025-03-31,2025-03-31,1,41.7469444444444,-7.9175,18.9,18.9,18.9,8.0,8.0,8.0,65.0,65,65,33.0,33,33,0.0,0.0,0.0,0.0,0.0,0.0,0.0,0.0,0.0,17.5,17.5,17.5,46.8,46.8,46.8,94.0,94,94,23.24,23.24,23.24,41952.79,41952.79,41952.79,4.27,4.27,4.27,1,0
20250419165,2025-03-31,2025-03-31,1,40.445,-7.89694444444444,25.1,25.1,25.1,8.6,8.6,8.6,73.0,73,73,26.0,26,26,0.0,0.0,0.0,0.0,0.0,0.0,0.0,0.0,0.0,13.6,13.6,13.6,29.2,29.2,29.2,57.0,57,57,23.39,23.39,23.39,41829.59,41829.59,41829.59,4.41,4.41,4.41,1,0
20250419287,2025-03-31,2025-03-31,1,41.6255599996779,-8.06888999991947,20.6,20.6,20.6,10.4,10.4,10.4,65.0,65,65,31.0,31,31,0.0,0.0,0.0,0.0,0.0,0.0,0.0,0.0,0.0,19.5,19.5,19.5,54.7,54.7,54.7,89.0,89,89,23.07,23.07,23.07,41888.71,41888.71,41888.71,4.75,4.75,4.75,1,0
20250419397,2025-03-31,2025-03-31,1,41.7316666666667,-7.98444444444444,21.6,21.6,21.6,9.8,9.8,9.8,70.0,70,70,28.0,28,28,0.0,0.0,0.0,0.0,0.0,0.0,0.0,0.0,0.0,15.3,15.3,15.3,49.3,49.3,49.3,94.0,94,94,23.12,23.12,23.12,41892.22,41892.22,41892.22,4.55,4.55,4.55,1,0
20250419565,2025-03-31,2025-03-31,1,41.9292859999339,-6.7599449994829,19.6,19.6,19.6,8.3,8.3,8.3,69.0,69,69,28.0,28,28,0.0,0.0,0.0,0.0,0.0,0.0,0.0,0.0,0.0,19.1,19.1,19.1,44.3,44.3,44.3,89.0,89,89,23.16,23.16,23.16,42265.12,42265.12,42265.12,4.71,4.71,4.71,1,0
20250419640,2025-03-31,2025-03-31,1,41.7197222222222,-8.07138888888889,21.0,21.0,21.0,9.2,9.2,9.2,70.0,70,70,28.0,28,28,0.0,0.0,0.0,0.0,0.0,0.0,0.0,0.0,0.0,15.3,15.3,15.3,49.3,49.3,49.3,94.0,94,94,23.12,23.12,23.12,41892.22,41892.22,41892.22,4.48,4.48,4.48,1,0
20250419946,2025-03-31,2025-03-31,1,41.5466666666667,-8.03972222222222,21.1,21.1,21.1,7.1,7.1,7.1,69.0,69,69,30.0,30,30,0.0,0.0,0.0,0.0,0.0,0.0,0.0,0.0,0.0,17.0,17.0,17.0,47.9,47.9,47.9,65.0,65,65,23.16,23.16,23.16,41945.93,41945.93,41945.93,4.32,4.32,4.32,1,0
20250420260,2025-03-31,2025-03-31,1,41.7308333333333,-7.82194444444444,18.9,18.9,18.9,8.9,8.9,8.9,63.0,63,63,35.0,35,35,0.0,0.0,0.0,0.0,0.0,0.0,0.0,0.0,0.0,17.3,17.3,17.3,39.6,39.6,39.6,85.0,85,85,23.25,23.25,23.25,42016.71,42016.71,42016.71,4.15,4.15,4.15,1,0
20250420793,2025-03-31,2025-04-01,2,41.7111111111111,-7.65111111111111,19.85,20.0,19.7,7.449999999999999,8.7,6.2,81.5,92,71,38.0,41,35,0.0,0.0,0.0,0.0,0.0,0.0,0.0,0.0,0.0,10.5,11.0,10.0,25.700000000000003,26.6,24.8,148.5,230,67,22.43,23.18,21.68,40791.68,41995.62,39587.74,3.675,3.74,3.61,2,0
20250420902,2025-03-31,2025-03-31,1,41.7422222222222,-7.93111111111111,18.1,18.1,18.1,7.2,7.2,7.2,65.0,65,65,32.0,32,32,0.0,0.0,0.0,0.0,0.0,0.0,0.0,0.0,0.0,17.5,17.5,17.5,46.8,46.8,46.8,94.0,94,94,23.24,23.24,23.24,41952.79,41952.79,41952.79,4.17,4.17,4.17,1,0
20250421117,2025-03-31,2025-03-31,1,42.1025,-8.195,23.2,23.2,23.2,7.4,7.4,7.4,76.0,76,76,32.0,32,32,0.0,0.0,0.0,0.0,0.0,0.0,0.0,0.0,0.0,11.8,11.8,11.8,30.2,30.2,30.2,110.0,110,110,22.65,22.65,22.65,41933.41,41933.41,41933.41,4.04,4.04,4.04,1,0
20250421320,2025-03-31,2025-04-01,2,41.5013888888889,-8.03722222222222,20.55,21.8,19.3,6.6,7.5,5.7,89.0,97,81,39.5,48,31,0.0,0.0,0.0,0.0,0.0,0.0,0.0,0.0,0.0,12.399999999999999,12.7,12.1,33.65,33.8,33.5,171.0,269,73,22.29,23.09,21.49,41678.44,41942.52,41414.36,3.74,4.03,3.45,2,0
20250421460,2025-03-31,2025-04-01,2,41.0383333333333,-8.1225,18.35,20.0,16.7,7.050000000000001,7.9,6.2,85.5,100,71,37.5,44,31,0.0,0.0,0.0,0.0,0.0,0.0,0.0,0.0,0.0,11.8,14.7,8.9,36.9,45.4,28.4,155.5,207,104,22.08,23.29,20.87,41650.665,41857.28,41444.05,3.7,4.11,3.29,2,0
20250421565,2025-04-01,2025-04-01,1,41.5372222222222,-8.00277777777778,20.5,20.5,20.5,9.1,9.1,9.1,95.0,95,95,49.0,49,49,0.0,0.0,0.0,0.0,0.0,0.0,0.0,0.0,0.0,12.0,12.0,12.0,29.9,29.9,29.9,246.0,246,246,21.24,21.24,21.24,41817.82,41817.82,41817.82,3.43,3.43,3.43,1,0
20250421672,2025-04-01,2025-04-01,1,41.7882899999619,-8.82908699989319,17.6,17.6,17.6,9.6,9.6,9.6,92.0,92,92,62.0,62,62,0.0,0.0,0.0,0.0,0.0,0.0,0.0,0.0,0.0,15.7,15.7,15.7,41.8,41.8,41.8,175.0,175,175,17.76,17.76,17.76,39262.23,39262.23,39262.23,2.63,2.63,2.63,1,0
20250421939,2025-04-01,2025-04-01,1,41.7263888888889,-7.97916666666667,17.7,17.7,17.7,8.9,8.9,8.9,98.0,98,98,50.0,50,50,0.0,0.0,0.0,0.0,0.0,0.0,0.0,0.0,0.0,11.6,11.6,11.6,35.6,35.6,35.6,220.0,220,220,21.86,21.86,21.86,41457.17,41457.17,41457.17,3.39,3.39,3.39,1,0
20250422871,2025-04-01,2025-04-01,1,41.7566666666667,-8.01361111111111,16.7,16.7,16.7,7.8,7.8,7.8,98.0,98,98,50.0,50,50,0.0,0.0,0.0,0.0,0.0,0.0,0.0,0.0,0.0,11.6,11.6,11.6,35.6,35.6,35.6,220.0,220,220,21.86,21.86,21.86,41457.17,41457.17,41457.17,3.29,3.29,3.29,1,0
20250423111,2025-04-01,2025-04-01,1,42.0977777777778,-8.20388888888889,18.3,18.3,18.3,9.4,9.4,9.4,93.0,93,93,44.0,44,44,0.1,0.1,0.1,0.1,0.1,0.1,1.0,1.0,1.0,10.2,10.2,10.2,30.2,30.2,30.2,213.0,213,213,20.99,20.99,20.99,41459.18,41459.18,41459.18,3.39,3.39,3.39,1,0
20250423288,2025-04-01,2025-04-01,1,41.9378899998135,-6.95878200001187,18.8,18.8,18.8,9.4,9.4,9.4,67.0,67,67,40.0,40,40,0.0,0.0,0.0,0.0,0.0,0.0,0.0,0.0,0.0,11.8,11.8,11.8,31.3,31.3,31.3,145.0,145,145,21.12,21.12,21.12,40526.31,40526.31,40526.31,3.71,3.71,3.71,1,0
20250424273,2025-04-01,2025-04-02,2,41.7094444444444,-7.96777777777778,16.6,17.3,15.9,7.15,8.4,5.9,98.0,98,98,50.5,51,50,3.0,6.0,0.0,3.0,6.0,0.0,5.5,11.0,0.0,15.05,18.5,11.6,44.25,52.9,35.6,180.0,220,140,19.134999999999998,21.86,16.41,37292.845,41457.17,33128.52,2.87,3.35,2.39,1,0
20250426466,2025-04-02,2025-04-02,1,41.980037999683,-8.436238000128,17.9,17.9,17.9,6.0,6.0,6.0,95.0,95,95,52.0,52,52,7.1,7.1,7.1,7.1,7.1,7.1,9.0,9.0,9.0,21.2,21.2,21.2,56.9,56.9,56.9,162.0,162,162,16.75,16.75,16.75,33491.77,33491.77,33491.77,2.6,2.6,2.6,0,0
20250426657,2025-04-02,2025-04-02,1,41.3175889999999,-7.81067399978638,15.2,15.2,15.2,5.5,5.5,5.5,99.0,99,99,52.0,52,52,3.2,3.2,3.2,3.2,3.2,3.2,8.0,8.0,8.0,21.7,21.7,21.7,53.3,53.3,53.3,149.0,149,149,16.97,16.97,16.97,36262.84,36262.84,36262.84,2.4,2.4,2.4,0,0
20250427372,2025-04-02,2025-04-02,1,41.8544459999932,-7.62736799981859,16.3,16.3,16.3,5.7,5.7,5.7,97.0,97,97,49.0,49,49,2.4,2.4,2.4,2.4,2.4,2.4,7.0,7.0,7.0,22.1,22.1,22.1,51.1,51.1,51.1,187.0,187,187,17.88,17.88,17.88,37589.7,37589.7,37589.7,2.65,2.65,2.65,0,0
20250429154,2025-04-02,2025-04-02,1,42.0925,-8.2275,18.3,18.3,18.3,7.1,7.1,7.1,95.0,95,95,48.0,48,48,4.9,4.9,4.9,4.9,4.9,4.9,8.0,8.0,8.0,20.6,20.6,20.6,54.4,54.4,54.4,150.0,150,150,16.97,16.97,16.97,33306.36,33306.36,33306.36,2.7,2.7,2.7,0,0
20250460530,2025-04-09,2025-04-09,1,41.8003850000103,-7.99090299977197,21.4,21.4,21.4,9.3,9.3,9.3,76.0,76,76,37.0,37,37,0.0,0.0,0.0,0.0,0.0,0.0,0.0,0.0,0.0,9.7,9.7,9.7,25.9,25.9,25.9,115.0,115,115,24.2,24.2,24.2,43813.62,43813.62,43813.62,4.24,4.24,4.24,1,0
20250462067,2025-04-09,2025-04-10,2,41.7249220000373,-8.25091000000636,24.1,24.1,24.1,11.600000000000001,12.8,10.4,76.0,78,74,34.0,34,34,0.0,0.0,0.0,0.0,0.0,0.0,0.0,0.0,0.0,13.600000000000001,14.8,12.4,32.05,34.9,29.2,91.0,91,91,22.38,23.77,20.99,42481.115000000005,43847.05,41115.18,4.4399999999999995,4.45,4.43,2,0
20250466337,2025-04-10,2025-04-10,1,41.7769444444444,-7.94,23.4,23.4,23.4,9.9,9.9,9.9,75.0,75,75,31.0,31,31,0.0,0.0,0.0,0.0,0.0,0.0,0.0,0.0,0.0,9.6,9.6,9.6,29.2,29.2,29.2,95.0,95,95,21.45,21.45,21.45,43015.91,43015.91,43015.91,4.04,4.04,4.04,1,0
20250520494,2025-04-23,2025-04-23,1,41.5052777777778,-8.04305555555556,20.4,20.4,20.4,3.6,3.6,3.6,95.0,95,95,48.0,48,48,0.0,0.0,0.0,0.0,0.0,0.0,0.0,0.0,0.0,10.9,10.9,10.9,28.4,28.4,28.4,47.0,47,47,26.37,26.37,26.37,45954.89,45954.89,45954.89,4.21,4.21,4.21,1,0
20250537814,2025-04-27,2025-04-27,1,41.717629999982,-8.45127199994193,21.8,21.8,21.8,6.3,6.3,6.3,78.0,78,78,34.0,34,34,0.0,0.0,0.0,0.0,0.0,0.0,0.0,0.0,0.0,10.1,10.1,10.1,26.3,26.3,26.3,82.0,82,82,27.09,27.09,27.09,46566.88,46566.88,46566.88,4.64,4.64,4.64,1,0
20250538260,2025-04-27,2025-04-27,1,41.9905555555556,-8.23055555555556,18.7,18.7,18.7,3.3,3.3,3.3,93.0,93,93,36.0,36,36,0.0,0.0,0.0,0.0,0.0,0.0,0.0,0.0,0.0,8.5,8.5,8.5,28.4,28.4,28.4,91.0,91,91,27.31,27.31,27.31,46615.85,46615.85,46615.85,4.3,4.3,4.3,1,0
20250538380,2025-04-27,2025-04-27,1,41.8022222222222,-7.72055555555556,15.8,15.8,15.8,5.4,5.4,5.4,77.0,77,77,43.0,43,43,0.0,0.0,0.0,0.0,0.0,0.0,0.0,0.0,0.0,12.1,12.1,12.1,29.5,29.5,29.5,124.0,124,124,27.53,27.53,27.53,46579.09,46579.09,46579.09,3.92,3.92,3.92,1,0
20250540586,2025-04-28,2025-04-28,1,41.515,-8.05222222222222,21.9,21.9,21.9,6.5,6.5,6.5,84.0,84,84,39.0,39,39,0.0,0.0,0.0,0.0,0.0,0.0,0.0,0.0,0.0,10.8,10.8,10.8,27.4,27.4,27.4,79.0,79,79,26.78,26.78,26.78,46671.27,46671.27,46671.27,4.63,4.63,4.63,1,0
20250543404,2025-04-28,2025-04-28,1,41.8097222222222,-7.72222222222222,17.8,17.8,17.8,7.7,7.7,7.7,75.0,75,75,46.0,46,46,0.0,0.0,0.0,0.0,0.0,0.0,0.0,0.0,0.0,14.4,14.4,14.4,31.7,31.7,31.7,118.0,118,118,27.35,27.35,27.35,46704.08,46704.08,46704.08,4.57,4.57,4.57,1,0
20250545428,2025-04-29,2025-04-29,1,41.8119444444444,-7.82888888888889,19.6,19.6,19.6,12.3,12.3,12.3,69.0,69,69,43.0,43,43,0.0,0.0,0.0,0.0,0.0,0.0,0.0,0.0,0.0,23.6,23.6,23.6,49.0,49.0,49.0,129.0,129,129,23.94,23.94,23.94,44681.89,44681.89,44681.89,4.53,4.53,4.53,1,0
20250545463,2025-04-29,2025-04-29,1,41.8525,-8.23888888888889,23.8,23.8,23.8,11.0,11.0,11.0,96.0,96,96,40.0,40,40,0.0,0.0,0.0,0.0,0.0,0.0,0.0,0.0,0.0,17.2,17.2,17.2,42.8,42.8,42.8,120.0,120,120,23.05,23.05,23.05,45000.14,45000.14,45000.14,4.47,4.47,4.47,1,0
20250548046,2025-04-29,2025-04-29,1,41.4988888888889,-8.25472222222222,24.2,24.2,24.2,12.5,12.5,12.5,90.0,90,90,42.0,42,42,0.2,0.2,0.2,0.2,0.2,0.2,1.0,1.0,1.0,18.5,18.5,18.5,45.7,45.7,45.7,102.0,102,102,24.77,24.77,24.77,46788.34,46788.34,46788.34,4.93,4.93,4.93,1,0
20250625254,2025-05-16,2025-05-16,1,41.3220600001017,-8.05699800014496,24.8,24.8,24.8,9.3,9.3,9.3,97.0,97,97,37.0,37,37,0.0,0.0,0.0,0.0,0.0,0.0,0.0,0.0,0.0,10.6,10.6,10.6,26.3,26.3,26.3,101.0,101,101,28.36,28.36,28.36,47332.72,47332.72,47332.72,5.1,5.1,5.1,1,0
20250665839,2025-05-24,2025-05-24,1,41.7567330000136,-7.52833500014411,25.5,25.5,25.5,10.1,10.1,10.1,92.0,92,92,37.0,37,37,0.0,0.0,0.0,0.0,0.0,0.0,0.0,0.0,0.0,14.0,14.0,14.0,29.5,29.5,29.5,215.0,215,215,29.56,29.56,29.56,48755.95,48755.95,48755.95,5.36,5.36,5.36,1,0
20250673564,2025-05-26,2025-05-26,1,38.2662050003476,-8.16208799997965,28.6,28.6,28.6,14.0,14.0,14.0,86.0,86,86,34.0,34,34,0.0,0.0,0.0,0.0,0.0,0.0,0.0,0.0,0.0,15.7,15.7,15.7,29.9,29.9,29.9,319.0,319,319,29.44,29.44,29.44,47147.35,47147.35,47147.35,6.17,6.17,6.17,1,0
20250679150,2025-05-27,2025-05-27,1,41.8689529999097,-8.38278999964396,25.9,25.9,25.9,9.5,9.5,9.5,94.0,94,94,46.0,46,46,0.0,0.0,0.0,0.0,0.0,0.0,0.0,0.0,0.0,14.3,14.3,14.3,38.9,38.9,38.9,360.0,360,360,30.26,30.26,30.26,49743.47,49743.47,49743.47,5.46,5.46,5.46,1,0
20250684680,2025-05-28,2025-05-28,1,38.4563888888889,-8.22083333333333,34.0,34.0,34.0,16.4,16.4,16.4,66.0,66,66,23.0,23,23,0.0,0.0,0.0,0.0,0.0,0.0,0.0,0.0,0.0,14.1,14.1,14.1,27.0,27.0,27.0,32.0,32,32,29.5,29.5,29.5,47332.51,47332.51,47332.51,6.88,6.88,6.88,1,0
20250684808,2025-05-28,2025-05-28,1,38.6473079999288,-8.64002299997542,34.9,34.9,34.9,11.9,11.9,11.9,92.0,92,92,25.0,25,25,0.0,0.0,0.0,0.0,0.0,0.0,0.0,0.0,0.0,19.5,19.5,19.5,41.0,41.0,41.0,345.0,345,345,29.41,29.41,29.41,47344.6,47344.6,47344.6,6.99,6.99,6.99,1,0
20250688826,2025-05-29,2025-05-29,1,37.8805555555556,-7.80194444444444,37.2,37.2,37.2,19.3,19.3,19.3,61.0,61,61,14.0,14,14,0.0,0.0,0.0,0.0,0.0,0.0,0.0,0.0,0.0,20.7,20.7,20.7,43.9,43.9,43.9,155.0,155,155,28.46,28.46,28.46,46886.35,46886.35,46886.35,8.09,8.09,8.09,1,0
20250689844,2025-05-29,2025-05-29,1,37.7086111111111,-7.78361111111111,36.6,36.6,36.6,19.2,19.2,19.2,56.0,56,56,14.0,14,14,0.0,0.0,0.0,0.0,0.0,0.0,0.0,0.0,0.0,22.5,22.5,22.5,46.8,46.8,46.8,155.0,155,155,28.89,28.89,28.89,46887.85,46887.85,46887.85,8.11,8.11,8.11,1,0
20250706796,2025-06-01,2025-06-02,2,41.9613888888889,-8.56333333333333,22.4,22.8,22.0,12.9,14.0,11.8,94.0,100,88,51.0,51,51,0.0,0.0,0.0,0.0,0.0,0.0,0.0,0.0,0.0,15.15,15.9,14.4,40.5,41.8,39.2,6.5,11,2,26.165,26.2,26.13,43454.085,45818.97,41089.2,4.585,4.62,4.55,2,0
20250709687,2025-06-02,2025-06-02,1,38.1953399997287,-8.7542430000835,23.2,23.2,23.2,15.3,15.3,15.3,93.0,93,93,52.0,52,52,0.0,0.0,0.0,0.0,0.0,0.0,0.0,0.0,0.0,24.4,24.4,24.4,52.2,52.2,52.2,321.0,321,321,28.83,28.83,28.83,44931.98,44931.98,44931.98,5.35,5.35,5.35,1,0
20250724058,2025-06-05,2025-06-05,1,38.4708333333333,-7.79944444444444,28.4,28.4,28.4,13.4,13.4,13.4,85.0,85,85,36.0,36,36,0.0,0.0,0.0,0.0,0.0,0.0,0.0,0.0,0.0,17.1,17.1,17.1,31.7,31.7,31.7,326.0,326,326,29.66,29.66,29.66,47653.58,47653.58,47653.58,6.24,6.24,6.24,1,0
20250725518,2025-06-05,2025-06-05,1,37.5938888888889,-7.81472222222222,30.7,30.7,30.7,13.7,13.7,13.7,85.0,85,85,22.0,22,22,0.0,0.0,0.0,0.0,0.0,0.0,0.0,0.0,0.0,20.9,20.9,20.9,40.3,40.3,40.3,321.0,321,321,29.58,29.58,29.58,47330.34,47330.34,47330.34,6.86,6.86,6.86,1,0
20250741330,2025-06-08,2025-06-09,2,41.6335880000061,-8.50270299990972,31.0,34.2,27.8,12.55,13.8,11.3,94.0,95,93,39.0,45,33,0.0,0.0,0.0,0.0,0.0,0.0,0.0,0.0,0.0,8.85,10.2,7.5,19.8,22.3,17.3,174.0,341,7,29.165,30.21,28.12,49559.12,50613.94,48504.3,5.6899999999999995,5.79,5.59,2,0
20250746874,2025-06-10,2025-06-10,1,41.9602777777778,-8.46388888888889,27.0,27.0,27.0,18.1,18.1,18.1,96.0,96,96,61.0,61,61,2.2,2.2,2.2,2.2,2.2,2.2,2.0,2.0,2.0,11.3,11.3,11.3,33.1,33.1,33.1,221.0,221,221,25.93,25.93,25.93,47992.06,47992.06,47992.06,4.79,4.79,4.79,0,0
20250751521,2025-06-11,2025-06-11,1,41.3582000001272,-7.84279200024075,20.6,20.6,20.6,12.2,12.2,12.2,100.0,100,100,56.0,56,56,6.7,6.7,6.7,6.7,6.7,6.7,11.0,11.0,11.0,17.9,17.9,17.9,53.3,53.3,53.3,204.0,204,204,23.97,23.97,23.97,47579.42,47579.42,47579.42,3.89,3.89,3.89,0,0
20250763127,2025-06-13,2025-06-13,1,38.2011111111111,-7.40666666666667,29.9,29.9,29.9,17.1,17.1,17.1,95.0,95,95,35.0,35,35,0.0,0.0,0.0,0.0,0.0,0.0,0.0,0.0,0.0,19.4,19.4,19.4,36.4,36.4,36.4,321.0,321,321,28.28,28.28,28.28,47546.38,47546.38,47546.38,6.13,6.13,6.13,1,0
20250768608,2025-06-14,2025-06-14,1,38.1356820000543,-7.72437200016446,30.1,30.1,30.1,15.6,15.6,15.6,81.0,81,81,25.0,25,25,0.0,0.0,0.0,0.0,0.0,0.0,0.0,0.0,0.0,20.5,20.5,20.5,38.2,38.2,38.2,322.0,322,322,29.88,29.88,29.88,47281.8,47281.8,47281.8,7.04,7.04,7.04,1,0
20250773619,2025-06-15,2025-06-15,1,38.4469444444444,-7.35111111111111,33.4,33.4,33.4,13.6,13.6,13.6,91.0,91,91,18.0,18,18,0.0,0.0,0.0,0.0,0.0,0.0,0.0,0.0,0.0,11.7,11.7,11.7,24.5,24.5,24.5,308.0,308,308,30.25,30.25,30.25,48470.07,48470.07,48470.07,6.18,6.18,6.18,1,0
20250776864,2025-06-16,2025-06-16,1,38.5531319999695,-7.33694499995973,36.8,36.8,36.8,19.7,19.7,19.7,82.0,82,82,22.0,22,22,0.0,0.0,0.0,0.0,0.0,0.0,0.0,0.0,0.0,12.9,12.9,12.9,28.1,28.1,28.1,180.0,180,180,26.5,26.5,26.5,43890.57,43890.57,43890.57,6.3,6.3,6.3,1,0
20250777175,2025-06-16,2025-06-16,1,38.6911620002323,-7.75710699982113,36.1,36.1,36.1,17.4,17.4,17.4,81.0,81,81,20.0,20,20,0.0,0.0,0.0,0.0,0.0,0.0,0.0,0.0,0.0,13.7,13.7,13.7,31.0,31.0,31.0,102.0,102,102,27.03,27.03,27.03,44155.31,44155.31,44155.31,6.46,6.46,6.46,1,0
20250777278,2025-06-16,2025-06-16,1,38.5255555555556,-8.04138888888889,35.8,35.8,35.8,18.3,18.3,18.3,71.0,71,71,29.0,29,29,0.0,0.0,0.0,0.0,0.0,0.0,0.0,0.0,0.0,13.6,13.6,13.6,32.0,32.0,32.0,49.0,49,49,27.26,27.26,27.26,44903.57,44903.57,44903.57,6.6,6.6,6.6,1,0
20250777302,2025-06-16,2025-06-16,1,38.5911111111111,-7.85166666666667,36.5,36.5,36.5,17.4,17.4,17.4,79.0,79,79,24.0,24,24,0.0,0.0,0.0,0.0,0.0,0.0,0.0,0.0,0.0,13.9,13.9,13.9,34.6,34.6,34.6,49.0,49,49,27.44,27.44,27.44,47062.24,47062.24,47062.24,6.37,6.37,6.37,1,0
20250777595,2025-06-16,2025-06-16,1,40.9394529999627,-8.48641299989488,33.3,33.3,33.3,16.0,16.0,16.0,81.0,81,81,36.0,36,36,0.0,0.0,0.0,0.0,0.0,0.0,0.0,0.0,0.0,11.4,11.4,11.4,27.0,27.0,27.0,76.0,76,76,30.15,30.15,30.15,50417.78,50417.78,50417.78,6.57,6.57,6.57,1,0
20250777905,2025-06-16,2025-06-16,1,41.0441666666667,-8.20027777777778,32.8,32.8,32.8,16.6,16.6,16.6,69.0,69,69,27.0,27,27,0.0,0.0,0.0,0.0,0.0,0.0,0.0,0.0,0.0,13.2,13.2,13.2,29.9,29.9,29.9,112.0,112,112,30.39,30.39,30.39,50647.46,50647.46,50647.46,6.54,6.54,6.54,1,0
20250782585,2025-06-17,2025-06-17,1,41.0359619998932,-8.40469799995422,35.3,35.3,35.3,20.3,20.3,20.3,73.0,73,73,32.0,32,32,0.6,0.6,0.6,0.6,0.6,0.6,1.0,1.0,1.0,13.9,13.9,13.9,34.9,34.9,34.9,246.0,246,246,27.93,27.93,27.93,50432.61,50432.61,50432.61,6.53,6.53,6.53,1,0
20250783060,2025-06-17,2025-06-17,1,37.9252777777778,-7.56166666666667,36.9,36.9,36.9,22.1,22.1,22.1,60.0,60,60,23.0,23,23,0.0,0.0,0.0,0.0,0.0,0.0,0.0,0.0,0.0,22.0,22.0,22.0,46.8,46.8,46.8,169.0,169,169,29.4,29.4,29.4,47999.45,47999.45,47999.45,7.82,7.82,7.82,1,0
20250783083,2025-06-17,2025-06-18,2,41.2811679999034,-7.07843500031365,39.45,39.6,39.3,21.450000000000003,22.1,20.8,60.5,69,52,13.5,15,12,0.0,0.0,0.0,0.0,0.0,0.0,0.0,0.0,0.0,13.75,18.2,9.3,34.900000000000006,45.7,24.1,119.0,230,8,28.335,29.22,27.45,49491.08,50628.43,48353.73,7.225,7.77,6.68,2,0
20250796472,2025-06-20,2025-06-20,1,38.1799120002323,-7.54994700007969,37.4,37.4,37.4,21.6,21.6,21.6,88.0,88,88,26.0,26,26,0.0,0.0,0.0,0.0,0.0,0.0,0.0,0.0,0.0,17.1,17.1,17.1,37.8,37.8,37.8,213.0,213,213,28.7,28.7,28.7,48122.65,48122.65,48122.65,7.69,7.69,7.69,1,0
20250801667,2025-06-21,2025-06-21,1,39.1422850004832,-7.91738299998972,31.1,31.1,31.1,15.4,15.4,15.4,95.0,95,95,25.0,25,25,0.0,0.0,0.0,0.0,0.0,0.0,0.0,0.0,0.0,17.8,17.8,17.8,35.6,35.6,35.6,299.0,299,299,28.63,28.63,28.63,48252.99,48252.99,48252.99,6.29,6.29,6.29,1,0
20250807085,2025-06-22,2025-06-22,1,39.2794444444444,-8.17333333333333,30.1,30.1,30.1,15.0,15.0,15.0,93.0,93,93,35.0,35,35,0.0,0.0,0.0,0.0,0.0,0.0,0.0,0.0,0.0,17.5,17.5,17.5,36.4,36.4,36.4,323.0,323,323,25.52,25.52,25.52,43187.27,43187.27,43187.27,5.63,5.63,5.63,1,0
20250811027,2025-06-23,2025-06-23,1,41.3766666666667,-8.11805555555556,30.9,30.9,30.9,15.3,15.3,15.3,93.0,93,93,30.0,30,30,0.1,0.1,0.1,0.1,0.1,0.1,1.0,1.0,1.0,15.2,15.2,15.2,47.9,47.9,47.9,128.0,128,128,23.2,23.2,23.2,41364.26,41364.26,41364.26,5.24,5.24,5.24,1,0
20250811604,2025-06-23,2025-06-23,1,41.3916666666667,-8.18916666666667,32.8,32.8,32.8,16.4,16.4,16.4,95.0,95,95,27.0,27,27,0.6,0.6,0.6,0.6,0.6,0.6,2.0,2.0,2.0,16.3,16.3,16.3,43.9,43.9,43.9,126.0,126,126,23.09,23.09,23.09,40282.67,40282.67,40282.67,5.34,5.34,5.34,1,0
20250826708,2025-06-26,2025-06-26,1,38.4177777777778,-7.56777777777778,33.6,33.6,33.6,16.3,16.3,16.3,94.0,94,94,26.0,26,26,0.0,0.0,0.0,0.0,0.0,0.0,0.0,0.0,0.0,17.8,17.8,17.8,31.0,31.0,31.0,332.0,332,332,29.68,29.68,29.68,48407.22,48407.22,48407.22,6.95,6.95,6.95,1,0
20250832572,2025-06-27,2025-06-27,1,39.014710000356,-7.37096499999364,37.3,37.3,37.3,16.2,16.2,16.2,96.0,96,96,18.0,18,18,0.0,0.0,0.0,0.0,0.0,0.0,0.0,0.0,0.0,9.0,9.0,9.0,19.1,19.1,19.1,333.0,333,333,29.94,29.94,29.94,48891.02,48891.02,48891.02,6.68,6.68,6.68,1,0
20250835874,2025-06-28,2025-06-28,1,38.7680555555556,-7.885,40.0,40.0,40.0,20.1,20.1,20.1,75.0,75,75,15.0,15,15,0.0,0.0,0.0,0.0,0.0,0.0,0.0,0.0,0.0,11.7,11.7,11.7,27.0,27.0,27.0,311.0,311,311,24.36,24.36,24.36,39060.86,39060.86,39060.86,5.97,5.97,5.97,1,0
20250836788,2025-06-28,2025-06-28,1,41.1652777777778,-8.28166666666667,35.9,35.9,35.9,18.5,18.5,18.5,92.0,92,92,29.0,29,29,0.0,0.0,0.0,0.0,0.0,0.0,0.0,0.0,0.0,9.2,9.2,9.2,22.7,22.7,22.7,116.0,116,116,26.0,26.0,26.0,45221.82,45221.82,45221.82,5.83,5.83,5.83,1,0
20250842675,2025-06-29,2025-06-29,1,39.4525129999055,-7.63683999988768,40.2,40.2,40.2,23.5,23.5,23.5,50.0,50,50,11.0,11,11,0.0,0.0,0.0,0.0,0.0,0.0,0.0,0.0,0.0,19.8,19.8,19.8,44.6,44.6,44.6,41.0,41,41,27.91,27.91,27.91,48645.32,48645.32,48645.32,8.22,8.22,8.22,1,0
20250842679,2025-06-29,2025-06-29,1,39.5188888888889,-8.54611111111111,39.6,39.6,39.6,22.9,22.9,22.9,71.0,71,71,18.0,18,18,0.0,0.0,0.0,0.0,0.0,0.0,0.0,0.0,0.0,16.8,16.8,16.8,38.9,38.9,38.9,338.0,338,338,26.98,26.98,26.98,49414.92,49414.92,49414.92,7.31,7.31,7.31,1,0
20250842700,2025-06-29,2025-07-01,3,39.9628579998016,-7.64569499969482,37.6,38.1,36.9,20.166666666666668,21.8,17.9,79.33333333333333,99,58,16.333333333333332,18,15,0.03333333333333333,0.1,0.0,0.03333333333333333,0.1,0.0,0.3333333333333333,1.0,0.0,17.366666666666667,22.3,12.8,43.199999999999996,50.4,32.0,322.3333333333333,340,293,27.60666666666667,28.17,27.21,49192.46666666667,49737.93,48111.55,6.936666666666667,7.0,6.9,3,0
20250843631,2025-06-29,2025-06-29,1,38.7611111111111,-8.27972222222222,42.2,42.2,42.2,22.2,22.2,22.2,78.0,78,78,11.0,11,11,0.0,0.0,0.0,0.0,0.0,0.0,0.0,0.0,0.0,18.4,18.4,18.4,38.2,38.2,38.2,64.0,64,64,27.18,27.18,27.18,48734.95,48734.95,48734.95,7.22,7.22,7.22,1,0
20250846936,2025-06-30,2025-06-30,1,37.8119444444444,-8.16777777777778,42.6,42.6,42.6,25.6,25.6,25.6,37.0,37,37,10.0,10,10,0.0,0.0,0.0,0.0,0.0,0.0,0.0,0.0,0.0,29.0,29.0,29.0,58.0,58.0,58.0,224.0,224,224,26.69,26.69,26.69,48213.03,48213.03,48213.03,7.54,7.54,7.54,1,0
20250847119,2025-06-30,2025-06-30,1,37.5444444444444,-8.12305555555556,42.1,42.1,42.1,25.4,25.4,25.4,36.0,36,36,11.0,11,11,0.4,0.4,0.4,0.4,0.4,0.4,1.0,1.0,1.0,23.7,23.7,23.7,57.2,57.2,57.2,211.0,211,211,26.04,26.04,26.04,47953.19,47953.19,47953.19,7.49,7.49,7.49,1,0
20250847404,2025-06-30,2025-06-30,1,40.9778070004781,-8.16662000020345,35.9,35.9,35.9,22.9,22.9,22.9,65.0,65,65,22.0,22,22,0.0,0.0,0.0,0.0,0.0,0.0,0.0,0.0,0.0,12.8,12.8,12.8,34.6,34.6,34.6,208.0,208,208,28.91,28.91,28.91,50062.47,50062.47,50062.47,6.88,6.88,6.88,1,0
20250847744,2025-06-30,2025-06-30,1,41.4120649994744,-8.35031699998511,36.5,36.5,36.5,20.9,20.9,20.9,69.0,69,69,25.0,25,25,0.0,0.0,0.0,0.0,0.0,0.0,0.0,0.0,0.0,12.6,12.6,12.6,30.6,30.6,30.6,166.0,166,166,29.53,29.53,29.53,50301.83,50301.83,50301.83,7.08,7.08,7.08,1,0
20250848132,2025-06-30,2025-06-30,1,38.0169444444444,-8.34611111111111,43.5,43.5,43.5,23.3,23.3,23.3,49.0,49,49,11.0,11,11,0.0,0.0,0.0,0.0,0.0,0.0,0.0,0.0,0.0,25.9,25.9,25.9,50.4,50.4,50.4,270.0,270,270,27.78,27.78,27.78,48102.14,48102.14,48102.14,7.28,7.28,7.28,1,0
20250848464,2025-06-30,2025-07-01,2,40.9469444444444,-7.12027777777778,38.8,38.9,38.7,21.5,22.3,20.7,53.5,57,50,13.0,14,12,0.0,0.0,0.0,0.0,0.0,0.0,0.0,0.0,0.0,16.2,16.7,15.7,33.85,34.6,33.1,285.0,352,218,28.595,28.79,28.4,50007.5,50324.79,49690.21,7.05,7.35,6.75,2,0
20250851918,2025-07-01,2025-07-01,1,38.8805555555556,-7.49972222222222,38.7,38.7,38.7,24.1,24.1,24.1,54.0,54,54,16.0,16,16,0.0,0.0,0.0,0.0,0.0,0.0,0.0,0.0,0.0,18.2,18.2,18.2,38.9,38.9,38.9,234.0,234,234,28.71,28.71,28.71,48508.54,48508.54,48508.54,7.78,7.78,7.78,1,0
20250852284,2025-07-01,2025-07-01,1,40.9519444444444,-7.75277777777778,31.2,31.2,31.2,18.7,18.7,18.7,89.0,89,89,24.0,24,24,0.0,0.0,0.0,0.0,0.0,0.0,0.0,0.0,0.0,14.1,14.1,14.1,33.1,33.1,33.1,223.0,223,223,28.59,28.59,28.59,50333.89,50333.89,50333.89,6.55,6.55,6.55,1,0
20250854409,2025-07-01,2025-07-01,1,38.937875000106,-7.30866999997033,38.3,38.3,38.3,23.3,23.3,23.3,54.0,54,54,16.0,16,16,0.0,0.0,0.0,0.0,0.0,0.0,0.0,0.0,0.0,16.3,16.3,16.3,30.6,30.6,30.6,193.0,193,193,29.06,29.06,29.06,48504.78,48504.78,48504.78,7.52,7.52,7.52,1,0
20250854618,2025-07-01,2025-07-01,1,40.9605555555556,-7.00361111111111,37.5,37.5,37.5,19.5,19.5,19.5,49.0,49,49,14.0,14,14,0.0,0.0,0.0,0.0,0.0,0.0,0.0,0.0,0.0,16.7,16.7,16.7,34.6,34.6,34.6,218.0,218,218,28.4,28.4,28.4,50324.79,50324.79,50324.79,7.22,7.22,7.22,1,0
20250855626,2025-07-01,2025-07-02,2,41.9472222222222,-8.46722222222222,28.5,29.6,27.4,17.9,18.9,16.9,92.0,95,89,54.5,58,51,0.0,0.0,0.0,0.0,0.0,0.0,0.0,0.0,0.0,18.35,21.0,15.7,45.2,50.4,40.0,179.0,344,14,29.48,29.53,29.43,49758.66499999999,50198.95,49318.38,5.85,5.85,5.85,2,0
20250864152,2025-07-03,2025-07-03,1,41.1580555555556,-8.42666666666667,34.6,34.6,34.6,21.0,21.0,21.0,87.0,87,87,36.0,36,36,0.0,0.0,0.0,0.0,0.0,0.0,0.0,0.0,0.0,13.0,13.0,13.0,25.9,25.9,25.9,38.0,38,38,28.2,28.2,28.2,49980.8,49980.8,49980.8,6.44,6.44,6.44,1,0
20250865488,2025-07-03,2025-07-04,2,41.3916969998678,-7.21564000023736,35.150000000000006,36.2,34.1,20.7,21.0,20.4,76.5,77,76,28.0,29,27,0.9,1.8,0.0,0.9,1.8,0.0,1.0,2.0,0.0,13.75,19.7,7.8,36.9,46.8,27.0,37.0,62,12,26.909999999999997,27.08,26.74,48463.405,50280.81,46646.0,5.98,6.04,5.92,1,0
20250865502,2025-07-03,2025-07-04,2,41.0479989994897,-8.24288899951511,32.1,32.6,31.6,18.6,18.8,18.4,89.5,92,87,40.0,40,40,0.0,0.0,0.0,0.0,0.0,0.0,0.0,0.0,0.0,13.0,14.4,11.6,33.15,36.4,29.9,284.0,292,276,28.47,28.75,28.19,49883.66,49947.04,49820.28,6.1899999999999995,6.25,6.13,2,0
20250865897,2025-07-03,2025-07-04,2,41.7287569999695,-8.51215000046624,31.1,31.4,30.8,18.6,19.2,18.0,73.5,74,73,39.5,41,38,0.0,0.0,0.0,0.0,0.0,0.0,0.0,0.0,0.0,12.3,14.6,10.0,33.7,34.6,32.8,169.0,328,10,28.445,28.62,28.27,50027.21,50323.45,49730.97,6.220000000000001,6.25,6.19,2,0
20250868579,2025-07-04,2025-07-04,1,38.7058333333333,-8.05138888888889,33.6,33.6,33.6,21.1,21.1,21.1,81.0,81,81,33.0,33,33,0.0,0.0,0.0,0.0,0.0,0.0,0.0,0.0,0.0,22.3,22.3,22.3,46.1,46.1,46.1,180.0,180,180,29.27,29.27,29.27,48591.62,48591.62,48591.62,6.94,6.94,6.94,1,0
20250869300,2025-07-04,2025-07-04,1,41.3437820000119,-8.32535200013055,32.5,32.5,32.5,18.6,18.6,18.6,78.0,78,78,33.0,33,33,0.0,0.0,0.0,0.0,0.0,0.0,0.0,0.0,0.0,13.5,13.5,13.5,31.7,31.7,31.7,13.0,13,13,28.28,28.28,28.28,49964.18,49964.18,49964.18,6.53,6.53,6.53,1,0
20250870317,2025-07-04,2025-07-04,1,41.3052777777778,-8.205,33.4,33.4,33.4,21.5,21.5,21.5,70.0,70,70,34.0,34,34,0.0,0.0,0.0,0.0,0.0,0.0,0.0,0.0,0.0,16.0,16.0,16.0,35.6,35.6,35.6,359.0,359,359,28.84,28.84,28.84,49860.46,49860.46,49860.46,6.83,6.83,6.83,1,0
20250874822,2025-07-05,2025-07-05,1,41.2059249999788,-8.26034999953376,33.3,33.3,33.3,19.2,19.2,19.2,81.0,81,81,36.0,36,36,0.1,0.1,0.1,0.1,0.1,0.1,1.0,1.0,1.0,9.8,9.8,9.8,31.0,31.0,31.0,118.0,118,118,24.88,24.88,24.88,49577.78,49577.78,49577.78,5.6,5.6,5.6,1,0
20250879658,2025-07-06,2025-07-07,2,41.6758333333333,-8.63388888888889,28.7,29.5,27.9,17.3,17.5,17.1,83.0,85,81,36.5,40,33,0.0,0.0,0.0,0.0,0.0,0.0,0.0,0.0,0.0,19.2,19.4,19.0,41.75,42.1,41.4,176.0,338,14,29.42,29.76,29.08,50043.015,50056.96,50029.07,6.25,6.69,5.81,2,0
20250880651,2025-07-06,2025-07-06,1,39.9970780001746,-7.27773200035095,37.5,37.5,37.5,24.3,24.3,24.3,56.0,56,56,21.0,21,21,0.0,0.0,0.0,0.0,0.0,0.0,0.0,0.0,0.0,23.4,23.4,23.4,45.7,45.7,45.7,323.0,323,323,28.11,28.11,28.11,49170.72,49170.72,49170.72,7.85,7.85,7.85,1,0
20250880720,2025-07-06,2025-07-06,1,41.2344079999791,-8.21613700018989,30.8,30.8,30.8,18.7,18.7,18.7,96.0,96,96,29.0,29,29,0.0,0.0,0.0,0.0,0.0,0.0,0.0,0.0,0.0,19.4,19.4,19.4,43.9,43.9,43.9,313.0,313,313,29.27,29.27,29.27,49801.53,49801.53,49801.53,6.25,6.25,6.25,1,0
20250880934,2025-07-06,2025-07-06,1,38.565,-8.3275,33.9,33.9,33.9,18.2,18.2,18.2,89.0,89,89,33.0,33,33,0.0,0.0,0.0,0.0,0.0,0.0,0.0,0.0,0.0,20.8,20.8,20.8,41.4,41.4,41.4,336.0,336,336,29.1,29.1,29.1,48597.99,48597.99,48597.99,7.13,7.13,7.13,1,0
20250884470,2025-07-07,2025-07-07,1,39.2368399998877,-7.46314000023736,35.5,35.5,35.5,17.2,17.2,17.2,94.0,94,94,29.0,29,29,0.0,0.0,0.0,0.0,0.0,0.0,0.0,0.0,0.0,17.1,17.1,17.1,33.5,33.5,33.5,298.0,298,298,29.24,29.24,29.24,48770.13,48770.13,48770.13,6.87,6.87,6.87,1,0
20250885186,2025-07-07,2025-07-07,1,39.2488879998525,-7.57581999990675,35.9,35.9,35.9,17.5,17.5,17.5,94.0,94,94,29.0,29,29,0.0,0.0,0.0,0.0,0.0,0.0,0.0,0.0,0.0,17.1,17.1,17.1,33.5,33.5,33.5,298.0,298,298,29.24,29.24,29.24,48770.13,48770.13,48770.13,6.92,6.92,6.92,1,0
20250888723,2025-07-08,2025-07-09,2,38.6802777777778,-7.39972222222222,34.5,35.6,33.4,20.45,22.2,18.7,77.5,84,71,27.5,30,25,0.0,0.0,0.0,0.0,0.0,0.0,0.0,0.0,0.0,16.65,17.4,15.9,34.7,35.6,33.8,214.5,219,210,29.465,29.74,29.19,48151.524999999994,48154.81,48148.24,7.220000000000001,7.45,6.99,2,0
20250889591,2025-07-08,2025-07-08,1,41.5395519998338,-6.75835199991862,32.4,32.4,32.4,15.0,15.0,15.0,65.0,65,65,16.0,16,16,0.0,0.0,0.0,0.0,0.0,0.0,0.0,0.0,0.0,20.7,20.7,20.7,41.0,41.0,41.0,57.0,57,57,30.23,30.23,30.23,50364.47,50364.47,50364.47,7.74,7.74,7.74,1,0
20250889666,2025-07-08,2025-07-08,1,37.755,-7.93055555555556,37.5,37.5,37.5,20.2,20.2,20.2,84.0,84,84,25.0,25,25,0.0,0.0,0.0,0.0,0.0,0.0,0.0,0.0,0.0,16.5,16.5,16.5,36.7,36.7,36.7,201.0,201,201,29.07,29.07,29.07,47902.22,47902.22,47902.22,7.47,7.47,7.47,1,0
20250890049,2025-07-08,2025-07-08,1,41.1936120001475,-8.00403999990887,30.7,30.7,30.7,15.4,15.4,15.4,61.0,61,61,27.0,27,27,0.0,0.0,0.0,0.0,0.0,0.0,0.0,0.0,0.0,17.1,17.1,17.1,49.0,49.0,49.0,89.0,89,89,29.91,29.91,29.91,49874.07,49874.07,49874.07,6.77,6.77,6.77,1,0
20250890223,2025-07-08,2025-07-09,2,40.996095000373,-8.12266299989488,30.65,32.1,29.2,16.25,16.4,16.1,75.5,93,58,29.0,32,26,0.0,0.0,0.0,0.0,0.0,0.0,0.0,0.0,0.0,14.95,18.2,11.7,42.85,51.1,34.6,213.5,329,98,29.36,29.79,28.93,49712.44,49779.19,49645.69,6.415,6.88,5.95,2,0
20250890420,2025-07-08,2025-07-08,1,40.2237049998177,-7.50853299988641,35.3,35.3,35.3,19.3,19.3,19.3,51.0,51,51,22.0,22,22,0.0,0.0,0.0,0.0,0.0,0.0,0.0,0.0,0.0,19.2,19.2,19.2,36.7,36.7,36.7,0.0,0,0,29.83,29.83,29.83,49486.95,49486.95,49486.95,7.6,7.6,7.6,1,0
20250890915,2025-07-08,2025-07-08,1,40.0228700002034,-7.44431900024414,35.3,35.3,35.3,20.0,20.0,20.0,51.0,51,51,23.0,23,23,0.0,0.0,0.0,0.0,0.0,0.0,0.0,0.0,0.0,18.6,18.6,18.6,34.6,34.6,34.6,31.0,31,31,29.65,29.65,29.65,49284.95,49284.95,49284.95,7.93,7.93,7.93,1,0
20250899168,2025-07-10,2025-07-10,1,41.8766666666667,-8.23111111111111,24.4,24.4,24.4,15.2,15.2,15.2,100.0,100,100,63.0,63,63,0.0,0.0,0.0,0.0,0.0,0.0,0.0,0.0,0.0,11.8,11.8,11.8,31.0,31.0,31.0,228.0,228,228,27.63,27.63,27.63,49014.4,49014.4,49014.4,4.83,4.83,4.83,1,0
20250901049,2025-07-10,2025-07-10,1,38.5047222222222,-8.25222222222222,26.8,26.8,26.8,15.5,15.5,15.5,99.0,99,99,47.0,47,47,0.0,0.0,0.0,0.0,0.0,0.0,0.0,0.0,0.0,18.6,18.6,18.6,38.9,38.9,38.9,262.0,262,262,27.84,27.84,27.84,48292.11,48292.11,48292.11,5.36,5.36,5.36,1,0
20250901115,2025-07-10,2025-07-10,1,40.4786111111111,-7.20888888888889,28.6,28.6,28.6,14.9,14.9,14.9,96.0,96,96,29.0,29,29,0.0,0.0,0.0,0.0,0.0,0.0,0.0,0.0,0.0,11.7,11.7,11.7,33.5,33.5,33.5,195.0,195,195,30.27,30.27,30.27,49268.38,49268.38,49268.38,6.02,6.02,6.02,1,0
20250901232,2025-07-10,2025-07-10,1,41.0454179996914,-8.46154799991184,24.3,24.3,24.3,15.4,15.4,15.4,97.0,97,97,60.0,60,60,0.0,0.0,0.0,0.0,0.0,0.0,0.0,0.0,0.0,16.0,16.0,16.0,37.4,37.4,37.4,232.0,232,232,25.57,25.57,25.57,45500.38,45500.38,45500.38,4.5,4.5,4.5,1,0
20250908447,2025-07-12,2025-07-12,1,41.8525430001153,-8.22400699986352,23.2,23.2,23.2,14.2,14.2,14.2,95.0,95,95,57.0,57,57,0.4,0.4,0.4,0.4,0.4,0.4,4.0,4.0,4.0,11.7,11.7,11.7,32.8,32.8,32.8,291.0,291,291,20.88,20.88,20.88,43452.85,43452.85,43452.85,3.81,3.81,3.81,1,0
20250915787,2025-07-13,2025-07-13,1,39.1937629996406,-7.64530200004578,29.7,29.7,29.7,14.9,14.9,14.9,96.0,96,96,36.0,36,36,0.0,0.0,0.0,0.0,0.0,0.0,0.0,0.0,0.0,21.4,21.4,21.4,41.4,41.4,41.4,295.0,295,295,26.73,26.73,26.73,40816.18,40816.18,40816.18,5.87,5.87,5.87,1,0
20250920328,2025-07-14,2025-07-14,1,38.9821929995219,-7.89579799969991,33.0,33.0,33.0,16.1,16.1,16.1,90.0,90,90,28.0,28,28,0.0,0.0,0.0,0.0,0.0,0.0,0.0,0.0,0.0,17.1,17.1,17.1,34.9,34.9,34.9,305.0,305,305,29.12,29.12,29.12,48159.7,48159.7,48159.7,6.65,6.65,6.65,1,0
20250921562,2025-07-14,2025-07-14,1,39.1310980002085,-7.40165800001886,32.8,32.8,32.8,16.0,16.0,16.0,97.0,97,97,27.0,27,27,0.0,0.0,0.0,0.0,0.0,0.0,0.0,0.0,0.0,16.3,16.3,16.3,30.2,30.2,30.2,283.0,283,283,29.33,29.33,29.33,48163.93,48163.93,48163.93,6.8,6.8,6.8,1,0
20250924414,2025-07-15,2025-07-15,1,41.40450799995,-6.4338730000125,33.0,33.0,33.0,15.8,15.8,15.8,83.0,83,83,21.0,21,21,0.0,0.0,0.0,0.0,0.0,0.0,0.0,0.0,0.0,11.0,11.0,11.0,27.0,27.0,27.0,55.0,55,55,29.81,29.81,29.81,49452.32,49452.32,49452.32,6.11,6.11,6.11,1,0
20250925422,2025-07-15,2025-07-15,1,41.9089799997542,-8.78132299953037,27.9,27.9,27.9,15.8,15.8,15.8,81.0,81,81,46.0,46,46,0.0,0.0,0.0,0.0,0.0,0.0,0.0,0.0,0.0,13.5,13.5,13.5,31.3,31.3,31.3,12.0,12,12,29.29,29.29,29.29,49448.55,49448.55,49448.55,5.83,5.83,5.83,1,0
20250925568,2025-07-15,2025-07-15,1,41.6261130004459,-8.60703500005934,32.8,32.8,32.8,15.1,15.1,15.1,85.0,85,85,31.0,31,31,0.0,0.0,0.0,0.0,0.0,0.0,0.0,0.0,0.0,10.2,10.2,10.2,22.7,22.7,22.7,342.0,342,342,29.24,29.24,29.24,49361.68,49361.68,49361.68,6.15,6.15,6.15,1,0
20250926371,2025-07-15,2025-07-15,1,37.8456180000305,-8.25378699991438,38.8,38.8,38.8,16.8,16.8,16.8,75.0,75,75,14.0,14,14,0.0,0.0,0.0,0.0,0.0,0.0,0.0,0.0,0.0,19.8,19.8,19.8,39.6,39.6,39.6,306.0,306,306,29.61,29.61,29.61,47852.07,47852.07,47852.07,7.54,7.54,7.54,1,0
20250929901,2025-07-16,2025-07-16,1,39.167364999983,-7.32150800016191,37.3,37.3,37.3,21.7,21.7,21.7,51.0,51,51,13.0,13,13,0.0,0.0,0.0,0.0,0.0,0.0,0.0,0.0,0.0,16.6,16.6,16.6,35.6,35.6,35.6,279.0,279,279,29.91,29.91,29.91,48024.28,48024.28,48024.28,8.47,8.47,8.47,1,0
20250930113,2025-07-16,2025-07-18,3,41.2875180000729,-7.57838999960158,29.2,34.5,24.0,16.666666666666668,20.7,13.4,82.33333333333333,94,69,30.333333333333332,40,21,0.0,0.0,0.0,0.0,0.0,0.0,0.0,0.0,0.0,18.233333333333334,21.3,14.8,42.36666666666667,50.8,34.9,281.3333333333333,310,265,28.873333333333335,29.74,28.23,48753.363333333335,49242.96,47821.37,6.176666666666667,7.18,5.35,3,0
20250931141,2025-07-16,2025-07-16,1,40.5269444444444,-7.10583333333333,34.4,34.4,34.4,19.4,19.4,19.4,55.0,55,55,13.0,13,13,0.0,0.0,0.0,0.0,0.0,0.0,0.0,0.0,0.0,19.1,19.1,19.1,40.7,40.7,40.7,249.0,249,249,30.28,30.28,30.28,49007.61,49007.61,49007.61,7.76,7.76,7.76,1,0
20250931894,2025-07-16,2025-07-17,2,38.4265450000763,-8.52076499991947,33.9,35.0,32.8,16.1,16.2,16.0,91.0,95,87,23.0,23,23,0.0,0.0,0.0,0.0,0.0,0.0,0.0,0.0,0.0,18.3,19.6,17.0,38.349999999999994,40.3,36.4,314.0,323,305,29.03,29.61,28.45,48061.84,48126.97,47996.71,7.025,7.15,6.9,2,0
20250936128,2025-07-17,2025-07-17,1,39.4869929999775,-7.63564200003942,32.3,32.3,32.3,16.2,16.2,16.2,85.0,85,85,19.0,19,19,0.0,0.0,0.0,0.0,0.0,0.0,0.0,0.0,0.0,21.5,21.5,21.5,43.6,43.6,43.6,260.0,260,260,29.33,29.33,29.33,48159.73,48159.73,48159.73,7.21,7.21,7.21,1,0
20250939650,2025-07-18,2025-07-18,1,37.7758333333333,-7.79166666666667,30.3,30.3,30.3,16.3,16.3,16.3,88.0,88,88,33.0,33,33,0.0,0.0,0.0,0.0,0.0,0.0,0.0,0.0,0.0,25.5,25.5,25.5,49.3,49.3,49.3,315.0,315,315,28.45,28.45,28.45,47268.55,47268.55,47268.55,7.13,7.13,7.13,1,0
20250941714,2025-07-18,2025-07-18,1,37.7725,-7.78777777777778,30.2,30.2,30.2,16.2,16.2,16.2,88.0,88,88,33.0,33,33,0.0,0.0,0.0,0.0,0.0,0.0,0.0,0.0,0.0,25.5,25.5,25.5,49.3,49.3,49.3,315.0,315,315,28.45,28.45,28.45,47268.55,47268.55,47268.55,7.11,7.11,7.11,1,0
20250960832,2025-07-22,2025-07-22,1,39.8511290000545,-7.46489800029331,32.0,32.0,32.0,12.5,12.5,12.5,87.0,87,87,20.0,20,20,0.0,0.0,0.0,0.0,0.0,0.0,0.0,0.0,0.0,19.1,19.1,19.1,40.0,40.0,40.0,313.0,313,313,28.67,28.67,28.67,47761.21,47761.21,47761.21,6.28,6.28,6.28,1,0
20250963698,2025-07-23,2025-07-23,1,37.6552150000466,-8.0329319996304,28.7,28.7,28.7,16.1,16.1,16.1,87.0,87,87,30.0,30,30,0.0,0.0,0.0,0.0,0.0,0.0,0.0,0.0,0.0,21.0,21.0,21.0,43.9,43.9,43.9,325.0,325,325,24.76,24.76,24.76,45405.93,45405.93,45405.93,6.11,6.11,6.11,1,0
20250964108,2025-07-23,2025-07-23,1,41.2055749999152,-7.30424200005001,26.7,26.7,26.7,12.9,12.9,12.9,100.0,100,100,21.0,21,21,0.0,0.0,0.0,0.0,0.0,0.0,0.0,0.0,0.0,15.7,15.7,15.7,38.5,38.5,38.5,326.0,326,326,28.35,28.35,28.35,44379.46,44379.46,44379.46,5.95,5.95,5.95,1,0
20250965241,2025-07-23,2025-07-24,2,41.8861929999457,-7.61865499999788,23.55,24.6,22.5,10.95,12.4,9.5,92.0,92,92,38.5,40,37,0.0,0.0,0.0,0.0,0.0,0.0,0.0,0.0,0.0,25.4,25.7,25.1,56.0,56.9,55.1,328.5,333,324,28.39,28.66,28.12,47239.115000000005,47362.04,47116.19,5.41,5.55,5.27,2,0
20250970568,2025-07-24,2025-07-25,2,41.0253919998805,-8.17313800017039,27.75,28.6,26.9,13.9,14.0,13.8,78.0,88,68,22.5,25,20,0.0,0.0,0.0,0.0,0.0,0.0,0.0,0.0,0.0,14.100000000000001,14.9,13.3,46.1,51.5,40.7,80.0,85,75,29.205,29.39,29.02,47849.72,48266.49,47432.95,6.16,6.35,5.97,2,0
20250970575,2025-07-24,2025-07-24,1,41.0252777777778,-8.17416666666667,27.0,27.0,27.0,13.9,13.9,13.9,88.0,88,88,25.0,25,25,0.0,0.0,0.0,0.0,0.0,0.0,0.0,0.0,0.0,13.3,13.3,13.3,40.7,40.7,40.7,75.0,75,75,29.02,29.02,29.02,47432.95,47432.95,47432.95,5.99,5.99,5.99,1,0
20250971957,2025-07-24,2025-07-25,2,40.4833333333333,-7.13472222222222,27.45,28.4,26.5,13.45,14.1,12.8,69.0,71,67,20.0,22,18,0.0,0.0,0.0,0.0,0.0,0.0,0.0,0.0,0.0,23.7,24.0,23.4,47.0,48.6,45.4,43.0,50,36,28.92,29.72,28.12,47680.21,47687.96,47672.46,7.225,7.31,7.14,2,0
20250972393,2025-07-25,2025-07-25,1,41.8180049999555,-8.35683500025007,30.9,30.9,30.9,13.5,13.5,13.5,90.0,90,90,26.0,26,26,0.0,0.0,0.0,0.0,0.0,0.0,0.0,0.0,0.0,13.4,13.4,13.4,32.8,32.8,32.8,351.0,351,351,28.8,28.8,28.8,48615.39,48615.39,48615.39,6.13,6.13,6.13,1,0
20250974143,2025-07-25,2025-07-25,1,41.8914350001017,-6.70787300003899,28.5,28.5,28.5,11.2,11.2,11.2,78.0,78,78,19.0,19,19,0.0,0.0,0.0,0.0,0.0,0.0,0.0,0.0,0.0,16.9,16.9,16.9,39.6,39.6,39.6,57.0,57,57,29.35,29.35,29.35,48143.81,48143.81,48143.81,5.94,5.94,5.94,1,0
20250977603,2025-07-26,2025-07-26,1,41.1375,-8.23694444444445,34.4,34.4,34.4,18.1,18.1,18.1,70.0,70,70,20.0,20,20,0.0,0.0,0.0,0.0,0.0,0.0,0.0,0.0,0.0,14.7,14.7,14.7,34.2,34.2,34.2,57.0,57,57,28.57,28.57,28.57,47992.29,47992.29,47992.29,6.83,6.83,6.83,1,0
20250980146,2025-07-26,2025-07-26,1,38.7857780000899,-8.14717000007629,36.7,36.7,36.7,20.1,20.1,20.1,57.0,57,57,14.0,14,14,0.0,0.0,0.0,0.0,0.0,0.0,0.0,0.0,0.0,19.0,19.0,19.0,37.8,37.8,37.8,349.0,349,349,28.75,28.75,28.75,47258.75,47258.75,47258.75,7.41,7.41,7.41,1,0
20250980411,2025-07-26,2025-07-26,1,38.3094444444444,-7.71694444444444,36.3,36.3,36.3,19.0,19.0,19.0,60.0,60,60,14.0,14,14,0.0,0.0,0.0,0.0,0.0,0.0,0.0,0.0,0.0,17.0,17.0,17.0,30.2,30.2,30.2,357.0,357,357,28.51,28.51,28.51,47058.75,47058.75,47058.75,7.14,7.14,7.14,1,0
20250980953,2025-07-26,2025-07-27,2,41.7344019999769,-8.3860700000657,30.6,31.1,30.1,17.0,17.6,16.4,62.5,64,61,24.5,27,22,0.0,0.0,0.0,0.0,0.0,0.0,0.0,0.0,0.0,13.850000000000001,13.9,13.8,34.75,36.7,32.8,30.0,46,14,28.52,28.63,28.41,48269.905,48421.58,48118.23,6.805,6.82,6.79,2,0
20250982058,2025-07-26,2025-08-04,10,41.8652719995711,-8.22052799993091,32.81,36.3,30.4,17.78,22.1,15.5,74.3,89,60,28.8,37,19,0.0,0.0,0.0,0.0,0.0,0.0,0.0,0.0,0.0,12.48,19.0,9.9,32.38,47.5,25.9,90.2,358,10,27.841,28.71,26.86,47912.761,48543.9,47349.86,6.4319999999999995,6.69,6.2,10,0
20250982434,2025-07-26,2025-07-27,2,41.832789999644,-8.37421499994066,31.05,31.5,30.6,15.399999999999999,15.7,15.1,83.0,86,80,34.0,37,31,0.0,0.0,0.0,0.0,0.0,0.0,0.0,0.0,0.0,17.05,20.3,13.8,45.7,54.7,36.7,355.5,359,352,28.405,28.53,28.28,48462.130000000005,48531.86,48392.4,6.42,6.48,6.36,2,0
20250984342,2025-07-27,2025-07-27,1,38.7653800000085,-8.64830499966939,36.8,36.8,36.8,17.1,17.1,17.1,81.0,81,81,21.0,21,21,0.0,0.0,0.0,0.0,0.0,0.0,0.0,0.0,0.0,18.6,18.6,18.6,40.3,40.3,40.3,327.0,327,327,28.53,28.53,28.53,47366.02,47366.02,47366.02,7.26,7.26,7.26,1,0
20250985191,2025-07-27,2025-07-27,1,39.1953299999237,-7.86629300011529,38.1,38.1,38.1,18.0,18.0,18.0,68.0,68,68,16.0,16,16,0.0,0.0,0.0,0.0,0.0,0.0,0.0,0.0,0.0,19.4,19.4,19.4,42.1,42.1,42.1,311.0,311,311,28.49,28.49,28.49,47256.02,47256.02,47256.02,7.76,7.76,7.76,1,0
20250985251,2025-07-27,2025-07-27,1,40.1235980002085,-7.21363199975755,37.3,37.3,37.3,22.5,22.5,22.5,42.0,42,42,13.0,13,13,0.0,0.0,0.0,0.0,0.0,0.0,0.0,0.0,0.0,18.2,18.2,18.2,33.1,33.1,33.1,349.0,349,349,28.53,28.53,28.53,47252.44,47252.44,47252.44,8.82,8.82,8.82,1,0
20250985384,2025-07-27,2025-07-27,1,38.9263888888889,-8.6925,35.2,35.2,35.2,17.0,17.0,17.0,85.0,85,85,24.0,24,24,0.0,0.0,0.0,0.0,0.0,0.0,0.0,0.0,0.0,19.2,19.2,19.2,41.4,41.4,41.4,325.0,325,325,28.6,28.6,28.6,47477.91,47477.91,47477.91,6.91,6.91,6.91,1,0
20250985474,2025-07-27,2025-07-27,1,41.7702777777778,-8.4925,30.3,30.3,30.3,16.2,16.2,16.2,76.0,76,76,35.0,35,35,0.0,0.0,0.0,0.0,0.0,0.0,0.0,0.0,0.0,16.1,16.1,16.1,41.8,41.8,41.8,351.0,351,351,28.04,28.04,28.04,48276.81,48276.81,48276.81,6.23,6.23,6.23,1,0
20250985828,2025-07-27,2025-07-28,2,41.9722222222222,-8.45527777777778,28.2,28.5,27.9,14.15,14.3,14.0,82.0,91,73,37.5,38,37,0.0,0.0,0.0,0.0,0.0,0.0,0.0,0.0,0.0,18.200000000000003,18.3,18.1,46.95,47.5,46.4,21.5,39,4,28.105,28.36,27.85,48319.16,48391.54,48246.78,6.01,6.07,5.95,2,0
20250987097,2025-07-27,2025-07-29,3,41.9713888888889,-8.48083333333333,29.53333333333333,30.4,28.8,15.166666666666666,15.4,14.9,81.66666666666667,91,73,36.333333333333336,38,34,0.0,0.0,0.0,0.0,0.0,0.0,0.0,0.0,0.0,17.599999999999998,18.3,16.4,45.56666666666666,47.5,42.8,31.333333333333332,51,4,28.19666666666667,28.38,27.85,48247.996666666666,48391.54,48105.67,6.266666666666667,6.52,6.08,3,0
20250987303,2025-07-28,2025-07-28,1,41.96924200005,-8.46933800008562,28.9,28.9,28.9,15.2,15.2,15.2,93.0,93,93,38.0,38,38,0.0,0.0,0.0,0.0,0.0,0.0,0.0,0.0,0.0,19.5,19.5,19.5,47.5,47.5,47.5,22.0,22,22,27.75,27.75,27.75,48258.93,48258.93,48258.93,6.12,6.12,6.12,1,0
20250989926,2025-07-28,2025-07-28,1,40.9865150001314,-8.1888279999627,32.7,32.7,32.7,16.0,16.0,16.0,93.0,93,93,31.0,31,31,0.0,0.0,0.0,0.0,0.0,0.0,0.0,0.0,0.0,16.7,16.7,16.7,39.6,39.6,39.6,38.0,38,38,27.86,27.86,27.86,47844.06,47844.06,47844.06,6.17,6.17,6.17,1,0
20250990847,2025-07-28,2025-07-28,1,41.1507480000125,-8.30863799995846,32.8,32.8,32.8,15.7,15.7,15.7,91.0,91,91,28.0,28,28,0.0,0.0,0.0,0.0,0.0,0.0,0.0,0.0,0.0,13.6,13.6,13.6,32.4,32.4,32.4,48.0,48,48,27.94,27.94,27.94,47843.24,47843.24,47843.24,6.31,6.31,6.31,1,0
20250991084,2025-07-28,2025-07-30,3,40.1175420000156,-7.14438000043233,35.199999999999996,35.4,34.9,19.766666666666666,21.1,18.3,48.333333333333336,53,45,16.0,18,14,0.0,0.0,0.0,0.0,0.0,0.0,0.0,0.0,0.0,20.733333333333334,23.9,17.3,37.43333333333333,42.5,29.5,132.33333333333334,356,10,28.409999999999997,28.63,28.29,47120.26,47154.36,47058.13,8.393333333333333,9.13,7.89,3,0
20250991247,2025-07-28,2025-07-28,1,41.005489999983,-8.21987199995253,32.6,32.6,32.6,15.9,15.9,15.9,93.0,93,93,31.0,31,31,0.0,0.0,0.0,0.0,0.0,0.0,0.0,0.0,0.0,16.7,16.7,16.7,39.6,39.6,39.6,38.0,38,38,27.86,27.86,27.86,47844.06,47844.06,47844.06,6.16,6.16,6.16,1,0
20250991983,2025-07-28,2025-07-29,2,41.8855555555556,-8.76388888888889,31.05,32.0,30.1,18.15,18.4,17.9,81.5,86,77,39.0,43,35,0.0,0.0,0.0,0.0,0.0,0.0,0.0,0.0,0.0,23.85,24.3,23.4,56.15,56.5,55.8,25.0,31,19,27.740000000000002,27.88,27.6,48200.005000000005,48271.3,48128.71,6.765,7.06,6.47,2,0
20250992631,2025-07-28,2025-07-31,4,41.7283333333333,-8.58833333333333,33.45,34.8,31.5,17.0,17.7,16.1,82.0,87,78,31.25,36,28,0.0,0.0,0.0,0.0,0.0,0.0,0.0,0.0,0.0,14.375,17.4,11.8,34.025,40.0,29.5,15.5,23,5,27.6475,27.89,27.48,47926.645,48129.59,47727.95,6.4175,6.5,6.32,4,0
20250992952,2025-07-29,2025-07-29,1,40.7652777777778,-8.39416666666667,32.6,32.6,32.6,19.3,19.3,19.3,47.0,47,47,25.0,25,25,0.0,0.0,0.0,0.0,0.0,0.0,0.0,0.0,0.0,28.2,28.2,28.2,71.3,71.3,71.3,74.0,74,74,28.29,28.29,28.29,47596.5,47596.5,47596.5,8.26,8.26,8.26,1,0
20250992992,2025-07-29,2025-07-29,1,40.6122222222222,-7.79111111111111,32.4,32.4,32.4,17.1,17.1,17.1,53.0,53,53,22.0,22,22,0.0,0.0,0.0,0.0,0.0,0.0,0.0,0.0,0.0,30.1,30.1,30.1,60.5,60.5,60.5,62.0,62,62,28.56,28.56,28.56,47461.23,47461.23,47461.23,8.85,8.85,8.85,1,1
20250993113,2025-07-29,2025-07-29,1,42.0125220002068,-8.59159000025855,29.8,29.8,29.8,14.8,14.8,14.8,80.0,80,80,32.0,32,32,0.0,0.0,0.0,0.0,0.0,0.0,0.0,0.0,0.0,19.8,19.8,19.8,48.6,48.6,48.6,29.0,29,29,28.21,28.21,28.21,48117.02,48117.02,48117.02,6.44,6.44,6.44,1,0
20250993135,2025-07-29,2025-07-29,1,41.1616270001729,-7.94918299992879,31.0,31.0,31.0,17.3,17.3,17.3,59.0,59,59,27.0,27,27,0.0,0.0,0.0,0.0,0.0,0.0,0.0,0.0,0.0,27.2,27.2,27.2,69.5,69.5,69.5,91.0,91,91,28.44,28.44,28.44,47699.4,47699.4,47699.4,7.36,7.36,7.36,1,0
20250993248,2025-07-29,2025-08-01,4,41.0727920002408,-8.17330800003476,32.575,33.4,31.7,19.425,20.5,17.7,55.0,58,53,25.0,27,23,0.0,0.0,0.0,0.0,0.0,0.0,0.0,0.0,0.0,19.25,23.3,13.4,49.425,61.2,33.5,87.75,88,87,27.497500000000002,28.51,26.33,47503.0275,47704.29,47356.61,6.995,7.5,6.29,4,0
20250994156,2025-07-29,2025-07-30,2,41.0505019999875,-8.24707699987624,33.599999999999994,34.3,32.9,19.9,20.7,19.1,56.5,57,56,26.0,28,24,0.0,0.0,0.0,0.0,0.0,0.0,0.0,0.0,0.0,16.2,17.4,15.0,37.95,40.3,35.6,54.0,58,50,28.045,28.24,27.85,47656.03,47717.23,47594.83,7.195,7.23,7.16,2,0
20250994552,2025-07-29,2025-07-29,1,40.5497222222222,-8.09583333333333,33.2,33.2,33.2,18.6,18.6,18.6,50.0,50,50,22.0,22,22,0.0,0.0,0.0,0.0,0.0,0.0,0.0,0.0,0.0,29.4,29.4,29.4,59.8,59.8,59.8,46.0,46,46,28.49,28.49,28.49,47471.25,47471.25,47471.25,9.07,9.07,9.07,1,0
20250995204,2025-07-29,2025-07-31,3,39.5711620002323,-7.63482700003518,37.300000000000004,38.2,36.4,22.099999999999998,22.3,21.9,40.0,42,38,14.666666666666666,15,14,0.0,0.0,0.0,0.0,0.0,0.0,0.0,0.0,0.0,19.5,24.8,14.7,38.63333333333333,49.7,26.6,35.666666666666664,54,1,28.066666666666666,28.34,27.67,47006.21,47149.64,46810.58,8.1,8.74,7.54,3,0
20250995394,2025-07-29,2025-07-30,2,39.4047222222222,-8.80416666666667,36.75,36.8,36.7,25.0,25.3,24.7,42.0,47,37,19.5,20,19,0.0,0.0,0.0,0.0,0.0,0.0,0.0,0.0,0.0,23.4,23.8,23.0,46.4,46.4,46.4,37.5,43,32,27.965,28.02,27.91,47353.5,47433.79,47273.21,8.975000000000001,9.06,8.89,2,0
20250996139,2025-07-29,2025-07-29,1,38.4361111111111,-7.38527777777778,34.7,34.7,34.7,24.1,24.1,24.1,47.0,47,47,27.0,27,27,0.0,0.0,0.0,0.0,0.0,0.0,0.0,0.0,0.0,19.6,19.6,19.6,37.1,37.1,37.1,39.0,39,39,27.74,27.74,27.74,46893.01,46893.01,46893.01,7.81,7.81,7.81,1,0
20250996246,2025-07-29,2025-07-29,1,41.2165700001187,-8.18695000012716,33.7,33.7,33.7,19.6,19.6,19.6,53.0,53,53,26.0,26,26,0.0,0.0,0.0,0.0,0.0,0.0,0.0,0.0,0.0,20.1,20.1,20.1,44.6,44.6,44.6,82.0,82,82,28.15,28.15,28.15,47720.06,47720.06,47720.06,7.49,7.49,7.49,1,0
20250996445,2025-07-29,2025-07-29,1,38.7933333333333,-7.55638888888889,36.0,36.0,36.0,24.4,24.4,24.4,51.0,51,51,23.0,23,23,0.0,0.0,0.0,0.0,0.0,0.0,0.0,0.0,0.0,23.0,23.0,23.0,48.2,48.2,48.2,64.0,64,64,27.93,27.93,27.93,46971.9,46971.9,46971.9,8.14,8.14,8.14,1,0
20250996977,2025-07-29,2025-07-31,3,41.0551900000042,-8.13477100001441,31.833333333333332,32.7,31.0,18.5,19.8,17.0,54.0,56,53,24.0,27,22,0.0,0.0,0.0,0.0,0.0,0.0,0.0,0.0,0.0,21.2,23.3,18.1,54.73333333333333,61.2,46.8,87.66666666666667,88,87,27.886666666666667,28.51,26.94,47551.833333333336,47704.29,47367.82,7.126666666666666,7.38,6.93,3,0
20250997685,2025-07-29,2025-07-30,2,41.4266666666667,-8.17388888888889,33.1,33.6,32.6,17.9,18.4,17.4,59.5,60,59,24.5,26,23,0.0,0.0,0.0,0.0,0.0,0.0,0.0,0.0,0.0,19.35,21.1,17.6,41.4,43.9,38.9,69.5,72,67,28.04,28.22,27.86,47661.285,47722.93,47599.64,7.3100000000000005,7.55,7.07,2,0
20250998980,2025-07-30,2025-07-30,1,41.2447222222222,-8.42611111111111,34.4,34.4,34.4,21.2,21.2,21.2,52.0,52,52,21.0,21,21,0.0,0.0,0.0,0.0,0.0,0.0,0.0,0.0,0.0,20.7,20.7,20.7,45.4,45.4,45.4,66.0,66,66,27.71,27.71,27.71,47604.14,47604.14,47604.14,7.73,7.73,7.73,1,0
20250999317,2025-07-30,2025-07-30,1,40.4727777777778,-7.70722222222222,33.7,33.7,33.7,20.6,20.6,20.6,47.0,47,47,21.0,21,21,0.0,0.0,0.0,0.0,0.0,0.0,0.0,0.0,0.0,19.0,19.0,19.0,37.1,37.1,37.1,51.0,51,51,28.53,28.53,28.53,47347.42,47347.42,47347.42,7.9,7.9,7.9,1,0
20250999666,2025-07-30,2025-07-30,1,41.8330949995253,-8.49234500037299,31.5,31.5,31.5,16.6,16.6,16.6,76.0,76,76,29.0,29,29,0.0,0.0,0.0,0.0,0.0,0.0,0.0,0.0,0.0,12.3,12.3,12.3,32.0,32.0,32.0,28.0,28,28,27.97,27.97,27.97,47958.94,47958.94,47958.94,6.37,6.37,6.37,1,0
20250999931,2025-07-30,2025-08-01,3,41.1461111111111,-8.41611111111111,36.23333333333333,37.4,34.3,22.733333333333334,24.2,20.9,54.333333333333336,72,44,23.0,32,18,0.0,0.0,0.0,0.0,0.0,0.0,0.0,0.0,0.0,17.5,21.6,10.9,40.56666666666666,47.5,32.4,120.66666666666667,232,64,27.373333333333335,27.61,27.24,47523.84,47607.75,47475.56,7.353333333333334,8.23,6.17,3,0
20251000597,2025-07-30,2025-07-31,2,41.1386240000195,-7.95047800001171,34.6,35.2,34.0,21.05,21.5,20.6,51.0,52,50,21.0,22,20,0.0,0.0,0.0,0.0,0.0,0.0,0.0,0.0,0.0,23.1,26.0,20.2,52.55,58.3,46.8,93.0,94,92,27.630000000000003,28.09,27.17,47478.354999999996,47586.7,47370.01,7.175,7.22,7.13,2,0
20251000672,2025-07-30,2025-07-30,1,38.794239999983,-9.35364499992794,31.9,31.9,31.9,21.9,21.9,21.9,47.0,47,47,29.0,29,29,0.0,0.0,0.0,0.0,0.0,0.0,0.0,0.0,0.0,18.6,18.6,18.6,38.5,38.5,38.5,14.0,14,14,28.04,28.04,28.04,46515.23,46515.23,46515.23,7.3,7.3,7.3,1,0
20251001103,2025-07-30,2025-07-30,1,38.808498000039,-9.30275899993049,31.9,31.9,31.9,22.0,22.0,22.0,55.0,55,55,28.0,28,28,0.0,0.0,0.0,0.0,0.0,0.0,0.0,0.0,0.0,14.7,14.7,14.7,29.9,29.9,29.9,16.0,16,16,28.08,28.08,28.08,46570.37,46570.37,46570.37,6.99,6.99,6.99,1,0
20251003257,2025-07-30,2025-07-31,2,37.4986111111111,-7.93111111111111,37.2,37.3,37.1,22.299999999999997,22.9,21.7,67.5,71,64,21.5,22,21,0.0,0.0,0.0,0.0,0.0,0.0,0.0,0.0,0.0,20.55,21.3,19.8,43.75,46.1,41.4,212.0,222,202,26.895,27.08,26.71,46700.445,46732.59,46668.3,7.18,7.37,6.99,2,0
20251004117,2025-07-31,2025-07-31,1,41.1283600001865,-8.14910200013055,33.0,33.0,33.0,19.1,19.1,19.1,58.0,58,58,21.0,21,21,0.0,0.0,0.0,0.0,0.0,0.0,0.0,0.0,0.0,19.4,19.4,19.4,47.2,47.2,47.2,96.0,96,96,27.33,27.33,27.33,47365.04,47365.04,47365.04,6.79,6.79,6.79,1,0
20251004136,2025-07-31,2025-07-31,1,41.4427777777778,-8.12361111111111,33.8,33.8,33.8,16.5,16.5,16.5,68.0,68,68,21.0,21,21,0.0,0.0,0.0,0.0,0.0,0.0,0.0,0.0,0.0,12.3,12.3,12.3,31.0,31.0,31.0,43.0,43,43,27.82,27.82,27.82,47474.95,47474.95,47474.95,6.62,6.62,6.62,1,0
20251005307,2025-07-31,2025-07-31,1,39.9906419997745,-7.58889499982198,36.5,36.5,36.5,21.4,21.4,21.4,49.0,49,49,16.0,16,16,0.0,0.0,0.0,0.0,0.0,0.0,0.0,0.0,0.0,15.0,15.0,15.0,29.5,29.5,29.5,1.0,1,1,27.8,27.8,27.8,46890.89,46890.89,46890.89,7.63,7.63,7.63,1,0
20251006123,2025-07-31,2025-07-31,1,41.9230350001653,-8.48304000006782,31.0,31.0,31.0,16.1,16.1,16.1,75.0,75,75,25.0,25,25,0.0,0.0,0.0,0.0,0.0,0.0,0.0,0.0,0.0,13.1,13.1,13.1,36.7,36.7,36.7,32.0,32,32,27.75,27.75,27.75,47831.35,47831.35,47831.35,6.31,6.31,6.31,1,0
20251007079,2025-07-31,2025-07-31,1,38.5183333333333,-8.24861111111111,34.0,34.0,34.0,20.2,20.2,20.2,68.0,68,68,29.0,29,29,0.0,0.0,0.0,0.0,0.0,0.0,0.0,0.0,0.0,16.8,16.8,16.8,37.4,37.4,37.4,258.0,258,258,27.3,27.3,27.3,46852.32,46852.32,46852.32,7.13,7.13,7.13,1,0
20251007386,2025-07-31,2025-07-31,1,41.3986111111111,-8.12583333333333,32.9,32.9,32.9,16.4,16.4,16.4,64.0,64,64,22.0,22,22,0.0,0.0,0.0,0.0,0.0,0.0,0.0,0.0,0.0,10.4,10.4,10.4,27.7,27.7,27.7,55.0,55,55,27.75,27.75,27.75,47371.71,47371.71,47371.71,6.51,6.51,6.51,1,0
20251007433,2025-07-31,2025-07-31,1,41.3385649998983,-8.31865799996588,34.8,34.8,34.8,19.3,19.3,19.3,58.0,58,58,20.0,20,20,0.0,0.0,0.0,0.0,0.0,0.0,0.0,0.0,0.0,15.5,15.5,15.5,35.3,35.3,35.3,63.0,63,63,27.41,27.41,27.41,47484.55,47484.55,47484.55,7.1,7.1,7.1,1,0
20251009400,2025-08-01,2025-08-02,2,41.7291700002882,-8.38082999971178,31.799999999999997,31.9,31.7,19.2,20.0,18.4,64.0,66,62,24.0,26,22,0.0,0.0,0.0,0.0,0.0,0.0,0.0,0.0,0.0,15.100000000000001,15.9,14.3,35.65,36.0,35.3,65.5,70,61,27.485,27.6,27.37,47573.035,47682.31,47463.76,6.824999999999999,6.85,6.8,2,0
20251012935,2025-08-01,2025-08-01,1,38.8424179999034,-9.24744199964735,28.5,28.5,28.5,16.5,16.5,16.5,89.0,89,89,43.0,43,43,0.0,0.0,0.0,0.0,0.0,0.0,0.0,0.0,0.0,18.1,18.1,18.1,40.0,40.0,40.0,325.0,325,325,27.63,27.63,27.63,46903.41,46903.41,46903.41,5.6,5.6,5.6,1,0
20251014163,2025-08-01,2025-08-02,2,41.270240000089,-8.0236600001653,34.4,34.5,34.3,19.549999999999997,19.9,19.2,65.0,67,63,25.0,26,24,0.0,0.0,0.0,0.0,0.0,0.0,0.0,0.0,0.0,12.15,15.5,8.8,28.65,35.3,22.0,114.0,132,96,27.255000000000003,27.51,27.0,47310.305,47363.56,47257.05,6.51,6.57,6.45,2,0
20251014674,2025-08-02,2025-08-03,2,41.1582050000297,-7.95452800008986,34.45,35.6,33.3,20.4,20.8,20.0,63.5,65,62,22.5,27,18,0.0,0.0,0.0,0.0,0.0,0.0,0.0,0.0,0.0,19.799999999999997,19.9,19.7,49.85,51.1,48.6,95.5,97,94,27.08,27.59,26.57,47154.305,47157.82,47150.79,6.715,6.86,6.57,2,0
20251017141,2025-08-02,2025-08-04,3,41.2675930000014,-7.67129300011529,35.266666666666666,37.1,33.4,20.866666666666667,22.5,19.6,51.333333333333336,53,50,18.0,23,13,0.0,0.0,0.0,0.0,0.0,0.0,0.0,0.0,0.0,13.5,14.6,12.4,29.366666666666664,30.2,28.4,141.33333333333334,349,33,27.400000000000002,27.69,27.23,47060.82666666666,47142.59,46975.64,6.863333333333333,7.3,6.54,3,0
20251018184,2025-08-02,2025-08-02,1,41.3938888888889,-8.12833333333333,32.6,32.6,32.6,17.3,17.3,17.3,65.0,65,65,26.0,26,26,0.0,0.0,0.0,0.0,0.0,0.0,0.0,0.0,0.0,15.4,15.4,15.4,37.8,37.8,37.8,70.0,70,70,27.2,27.2,27.2,47254.68,47254.68,47254.68,6.16,6.16,6.16,1,0
20251018194,2025-08-02,2025-08-04,3,41.3488888888889,-7.99888888888889,36.86666666666667,37.9,35.1,19.833333333333332,20.7,19.2,64.66666666666667,68,60,22.0,26,19,0.0,0.0,0.0,0.0,0.0,0.0,0.0,0.0,0.0,14.633333333333333,16.6,12.4,33.1,35.6,29.5,43.0,58,14,27.146666666666665,27.35,26.96,47189.13999999999,47258.83,47150.64,6.863333333333333,7.02,6.58,3,0
20251018574,2025-08-02,2025-08-03,2,41.2749519999822,-7.78598300006655,34.3,35.2,33.4,20.0,20.4,19.6,52.0,53,51,18.0,23,13,0.0,0.0,0.0,0.0,0.0,0.0,0.0,0.0,0.0,12.95,13.5,12.4,28.95,29.5,28.4,37.5,42,33,27.485,27.69,27.28,47103.42,47142.59,47064.25,6.640000000000001,6.74,6.54,2,0
20251019574,2025-08-02,2025-08-09,8,41.3173549999793,-7.81190199957954,33.25,34.8,31.1,19.0875,20.5,17.1,59.0,69,52,19.625,24,15,0.0,0.0,0.0,0.0,0.0,0.0,0.0,0.0,0.0,12.25,14.0,8.9,33.025,38.9,24.8,196.875,327,70,26.6075,27.73,24.58,46914.185,47154.5,46642.4,6.23125,6.85,5.76,8,0
20251020780,2025-08-03,2025-08-03,1,41.3936111111111,-8.12611111111111,35.0,35.0,35.0,17.2,17.2,17.2,67.0,67,67,20.0,20,20,0.0,0.0,0.0,0.0,0.0,0.0,0.0,0.0,0.0,10.2,10.2,10.2,26.3,26.3,26.3,57.0,57,57,27.47,27.47,27.47,47154.99,47154.99,47154.99,6.57,6.57,6.57,1,0
20251022262,2025-08-03,2025-08-03,1,41.3908333333333,-8.12611111111111,35.0,35.0,35.0,17.2,17.2,17.2,67.0,67,67,20.0,20,20,0.0,0.0,0.0,0.0,0.0,0.0,0.0,0.0,0.0,10.2,10.2,10.2,26.3,26.3,26.3,57.0,57,57,27.47,27.47,27.47,47154.99,47154.99,47154.99,6.57,6.57,6.57,1,0
20251023729,2025-08-03,2025-08-04,2,42.0157530000475,-8.52969299952189,36.849999999999994,36.9,36.8,19.45,20.4,18.5,77.5,80,75,28.0,28,28,0.0,0.0,0.0,0.0,0.0,0.0,0.0,0.0,0.0,9.75,11.0,8.5,24.85,27.0,22.7,169.5,328,11,27.02,27.06,26.98,47363.15,47450.58,47275.72,6.145,6.26,6.03,2,0
20251023915,2025-08-03,2025-08-05,3,41.8683249999417,-8.49223199950324,34.43333333333333,34.8,33.9,19.03333333333333,20.4,18.2,70.0,80,60,23.666666666666668,25,22,0.0,0.0,0.0,0.0,0.0,0.0,0.0,0.0,0.0,10.433333333333332,10.7,10.1,28.3,30.2,26.6,122.66666666666667,343,4,27.006666666666664,27.36,26.69,47316.159999999996,47460.77,47137.85,6.390000000000001,6.52,6.2,3,0
20251024096,2025-08-03,2025-08-04,2,41.7444444444444,-7.19055555555556,36.75,37.7,35.8,21.0,21.3,20.7,50.5,54,47,13.0,15,11,0.0,0.0,0.0,0.0,0.0,0.0,0.0,0.0,0.0,13.8,14.6,13.0,26.1,27.0,25.2,201.5,351,52,27.455,27.62,27.29,47015.295,47056.12,46974.47,6.71,6.87,6.55,2,0
20251025133,2025-08-04,2025-08-04,1,41.4411111111111,-8.10944444444444,35.4,35.4,35.4,17.9,17.9,17.9,61.0,61,61,20.0,20,20,0.0,0.0,0.0,0.0,0.0,0.0,0.0,0.0,0.0,13.9,13.9,13.9,33.1,33.1,33.1,2.0,2,2,27.14,27.14,27.14,47148.55,47148.55,47148.55,6.77,6.77,6.77,1,0
20251027760,2025-08-04,2025-08-04,1,41.3286111111111,-8.31277777777778,36.5,36.5,36.5,19.3,19.3,19.3,61.0,61,61,21.0,21,21,0.0,0.0,0.0,0.0,0.0,0.0,0.0,0.0,0.0,12.2,12.2,12.2,28.4,28.4,28.4,5.0,5,5,26.96,26.96,26.96,47149.19,47149.19,47149.19,6.77,6.77,6.77,1,0
20251027869,2025-08-04,2025-08-04,1,41.9541666666667,-8.47083333333333,34.6,34.6,34.6,20.6,20.6,20.6,68.0,68,68,28.0,28,28,0.0,0.0,0.0,0.0,0.0,0.0,0.0,0.0,0.0,10.9,10.9,10.9,27.0,27.0,27.0,324.0,324,324,27.29,27.29,27.29,47454.23,47454.23,47454.23,6.19,6.19,6.19,1,0
20251028515,2025-08-04,2025-08-05,2,41.4502777777778,-8.02722222222222,36.95,37.7,36.2,19.1,19.5,18.7,66.0,70,62,18.5,20,17,0.0,0.0,0.0,0.0,0.0,0.0,0.0,0.0,0.0,13.75,13.9,13.6,34.55,36.0,33.1,180.5,359,2,26.58,27.14,26.02,47021.865000000005,47148.55,46895.18,6.619999999999999,6.85,6.39,2,0
20251028777,2025-08-04,2025-08-05,2,41.41,-8.05055555555556,36.0,36.5,35.5,19.200000000000003,20.1,18.3,60.5,63,58,19.0,20,18,0.0,0.0,0.0,0.0,0.0,0.0,0.0,0.0,0.0,12.3,12.8,11.8,31.1,32.0,30.2,41.0,73,9,26.66,27.26,26.06,46981.03,47144.71,46817.35,6.4,6.73,6.07,2,0
20251029294,2025-08-04,2025-08-06,3,41.4191666666667,-8.0475,35.13333333333333,36.6,33.2,19.2,20.2,18.4,62.0,65,58,21.333333333333332,26,18,0.0,0.0,0.0,0.0,0.0,0.0,0.0,0.0,0.0,12.700000000000001,13.5,11.8,32.5,35.3,30.2,126.33333333333333,297,9,26.763333333333332,27.26,26.06,46975.10666666667,47144.71,46817.35,6.416666666666667,6.75,6.08,3,0
20251029401,2025-08-04,2025-08-05,2,41.9221080001195,-8.48007699966431,34.5,34.8,34.2,19.65,20.8,18.5,70.5,80,61,23.0,25,21,0.0,0.0,0.0,0.0,0.0,0.0,0.0,0.0,0.0,10.85,11.1,10.6,30.45,31.0,29.9,181.5,333,30,27.19,27.46,26.92,47250.3,47446.46,47054.14,6.35,6.49,6.21,2,0
20251033407,2025-08-05,2025-08-05,1,40.6794444444444,-6.95055555555556,37.4,37.4,37.4,22.0,22.0,22.0,62.0,62,62,16.0,16,16,0.0,0.0,0.0,0.0,0.0,0.0,0.0,0.0,0.0,12.8,12.8,12.8,28.8,28.8,28.8,242.0,242,242,26.12,26.12,26.12,46838.8,46838.8,46838.8,6.8,6.8,6.8,1,0
20251033993,2025-08-05,2025-08-05,1,41.2757150003645,-8.16058600001865,38.8,38.8,38.8,20.0,20.0,20.0,73.0,73,73,17.0,17,17,0.0,0.0,0.0,0.0,0.0,0.0,0.0,0.0,0.0,20.1,20.1,20.1,40.7,40.7,40.7,97.0,97,97,26.23,26.23,26.23,46786.39,46786.39,46786.39,6.66,6.66,6.66,1,0
20251034182,2025-08-05,2025-08-05,1,41.2828420003255,-8.32711499955919,38.5,38.5,38.5,20.1,20.1,20.1,72.0,72,72,16.0,16,16,0.0,0.0,0.0,0.0,0.0,0.0,0.0,0.0,0.0,18.8,18.8,18.8,41.8,41.8,41.8,25.0,25,25,26.01,26.01,26.01,46751.64,46751.64,46751.64,6.6,6.6,6.6,1,0
20251034357,2025-08-05,2025-08-06,2,41.863488000234,-8.50700500011444,32.15,34.0,30.3,18.299999999999997,18.9,17.7,77.5,80,75,24.5,28,21,0.0,0.0,0.0,0.0,0.0,0.0,0.0,0.0,0.0,10.65,10.8,10.5,29.55,31.0,28.1,92.5,181,4,26.905,27.12,26.69,47147.425,47157.0,47137.85,6.0,6.11,5.89,2,0
20251035933,2025-08-05,2025-08-06,2,41.3625,-8.00361111111111,36.3,38.5,34.1,19.95,20.0,19.9,72.5,74,71,22.5,28,17,0.0,0.0,0.0,0.0,0.0,0.0,0.0,0.0,0.0,15.950000000000001,18.1,13.8,37.1,39.6,34.6,169.5,271,68,26.405,26.73,26.08,46885.365000000005,46897.93,46872.8,6.5649999999999995,6.6,6.53,2,0
20251036838,2025-08-06,2025-08-06,1,41.3418229998483,-8.299472000334,33.4,33.4,33.4,21.0,21.0,21.0,75.0,75,75,31.0,31,31,0.0,0.0,0.0,0.0,0.0,0.0,0.0,0.0,0.0,13.8,13.8,13.8,34.6,34.6,34.6,221.0,221,221,26.72,26.72,26.72,46867.54,46867.54,46867.54,6.46,6.46,6.46,1,0
20251039549,2025-08-06,2025-08-06,1,41.9246520000034,-8.48035200013055,32.4,32.4,32.4,21.1,21.1,21.1,65.0,65,65,25.0,25,25,0.0,0.0,0.0,0.0,0.0,0.0,0.0,0.0,0.0,11.0,11.0,11.0,33.5,33.5,33.5,200.0,200,200,27.15,27.15,27.15,47163.96,47163.96,47163.96,6.09,6.09,6.09,1,0
20251041514,2025-08-06,2025-08-06,1,41.2570979997847,-8.22968200047811,33.6,33.6,33.6,20.8,20.8,20.8,74.0,74,74,30.0,30,30,0.0,0.0,0.0,0.0,0.0,0.0,0.0,0.0,0.0,14.1,14.1,14.1,34.2,34.2,34.2,235.0,235,235,26.76,26.76,26.76,46857.46,46857.46,46857.46,6.3,6.3,6.3,1,0
20251043611,2025-08-07,2025-08-10,4,41.4667420000003,-7.74157000011868,32.875,33.8,32.0,20.3,20.7,19.7,60.75,66,55,19.75,23,17,0.0,0.0,0.0,0.0,0.0,0.0,0.0,0.0,0.0,15.925,18.0,14.3,37.8,44.3,32.8,212.25,305,127,25.695,27.24,24.91,46735.4375,46895.31,46625.38,6.205,6.48,5.95,4,0
20251047017,2025-08-07,2025-08-09,3,40.8871649999089,-6.84720300038656,38.5,38.7,38.1,20.0,21.3,19.3,72.0,77,68,12.0,14,9,0.0,0.0,0.0,0.0,0.0,0.0,0.0,0.0,0.0,19.166666666666668,20.2,18.0,40.699999999999996,42.5,39.6,174.66666666666666,185,169,26.28333333333333,27.58,25.39,46800.0,46800.0,46800.0,7.03,7.24,6.92,3,0
20251048276,2025-08-08,2025-08-09,2,41.4574519999822,-7.7828719997406,33.45,34.2,32.7,20.5,21.1,19.9,67.0,67,67,21.5,24,19,0.0,0.0,0.0,0.0,0.0,0.0,0.0,0.0,0.0,14.65,15.8,13.5,39.6,41.0,38.2,163.0,186,140,24.765,24.83,24.7,46697.880000000005,46744.66,46651.1,5.865,5.96,5.77,2,0
20251050558,2025-08-08,2025-08-08,1,40.5208333333333,-6.84055555555556,34.1,34.1,34.1,18.1,18.1,18.1,73.0,73,73,19.0,19,19,0.0,0.0,0.0,0.0,0.0,0.0,0.0,0.0,0.0,16.7,16.7,16.7,37.8,37.8,37.8,157.0,157,157,26.54,26.54,26.54,46800.0,46800.0,46800.0,6.89,6.89,6.89,1,0
20251050734,2025-08-08,2025-08-13,6,40.9658333333333,-7.68944444444444,32.68333333333333,34.2,30.7,19.8,20.8,18.7,58.0,63,52,20.5,25,17,0.0,0.0,0.0,0.0,0.0,0.0,0.0,0.0,0.0,15.066666666666668,19.4,8.5,37.73333333333333,50.0,20.9,188.16666666666666,277,40,23.918333333333333,26.61,19.58,45724.746666666666,46683.64,42878.71,5.87,6.52,4.61,6,0
20251051158,2025-08-08,2025-08-08,1,41.2072660001119,-8.20109499997563,32.5,32.5,32.5,17.5,17.5,17.5,89.0,89,89,35.0,35,35,0.0,0.0,0.0,0.0,0.0,0.0,0.0,0.0,0.0,13.3,13.3,13.3,32.8,32.8,32.8,268.0,268,268,25.44,25.44,25.44,46600.91,46600.91,46600.91,5.54,5.54,5.54,1,0
20251051363,2025-08-08,2025-08-08,1,41.2552479998271,-8.22756299972534,32.4,32.4,32.4,17.3,17.3,17.3,89.0,89,89,35.0,35,35,0.0,0.0,0.0,0.0,0.0,0.0,0.0,0.0,0.0,13.3,13.3,13.3,32.8,32.8,32.8,268.0,268,268,25.44,25.44,25.44,46600.91,46600.91,46600.91,5.52,5.52,5.52,1,0
20251051631,2025-08-08,2025-08-08,1,39.9507280000051,-7.4428130001492,36.3,36.3,36.3,20.6,20.6,20.6,73.0,73,73,19.0,19,19,0.0,0.0,0.0,0.0,0.0,0.0,0.0,0.0,0.0,19.0,19.0,19.0,40.3,40.3,40.3,197.0,197,197,26.16,26.16,26.16,46644.31,46644.31,46644.31,6.78,6.78,6.78,1,0
20251052144,2025-08-08,2025-08-09,2,41.7368419999546,-6.78481500003073,35.1,35.2,35.0,19.55,20.5,18.6,70.0,73,67,19.5,20,19,0.0,0.0,0.0,0.0,0.0,0.0,0.0,0.0,0.0,11.5,11.8,11.2,29.7,30.2,29.2,136.5,190,83,24.79,25.01,24.57,46800.0,46800.0,46800.0,6.02,6.12,5.92,2,0
20251052245,2025-08-08,2025-08-08,1,40.5708333333333,-7.64861111111111,35.7,35.7,35.7,19.9,19.9,19.9,80.0,80,80,26.0,26,26,0.0,0.0,0.0,0.0,0.0,0.0,0.0,0.0,0.0,18.0,18.0,18.0,38.5,38.5,38.5,234.0,234,234,25.72,25.72,25.72,46653.97,46653.97,46653.97,6.59,6.59,6.59,1,0
20251052835,2025-08-08,2025-08-09,2,41.0314479997423,-7.29259799957275,39.25,39.4,39.1,20.9,21.6,20.2,68.5,71,66,13.0,14,12,0.0,0.0,0.0,0.0,0.0,0.0,0.0,0.0,0.0,16.35,17.9,14.8,36.2,38.9,33.5,181.5,191,172,25.445,26.1,24.79,46774.16,46800.0,46748.32,6.57,6.61,6.53,2,0
20251056435,2025-08-09,2025-08-09,1,41.6113680002424,-8.07773999955919,34.1,34.1,34.1,19.2,19.2,19.2,78.0,78,78,25.0,25,25,0.0,0.0,0.0,0.0,0.0,0.0,0.0,0.0,0.0,17.2,17.2,17.2,39.2,39.2,39.2,264.0,264,264,24.56,24.56,24.56,46633.93,46633.93,46633.93,5.89,5.89,5.89,1,0
20251056789,2025-08-09,2025-08-24,16,40.7088888888889,-7.36444444444444,33.4875,38.0,27.9,18.81875,23.3,13.6,76.6875,98,51,22.375,29,16,0.00625,0.1,0.0,0.00625,0.1,0.0,0.0625,1.0,0.0,16.45625,20.0,10.0,37.41875,46.8,26.3,190.25,316,41,24.704375,26.64,22.04,45373.468125,46638.46,39797.9,6.0925,7.53,5.19,16,0
20251059438,2025-08-10,2025-08-10,1,41.7636069997152,-8.44403800010681,33.3,33.3,33.3,20.7,20.7,20.7,79.0,79,79,34.0,34,34,0.0,0.0,0.0,0.0,0.0,0.0,0.0,0.0,0.0,13.6,13.6,13.6,37.8,37.8,37.8,200.0,200,200,26.34,26.34,26.34,46558.69,46558.69,46558.69,5.79,5.79,5.79,1,0
20251061026,2025-08-10,2025-08-10,1,41.2072660001119,-8.20109499997563,35.3,35.3,35.3,20.4,20.4,20.4,74.0,74,74,27.0,27,27,0.0,0.0,0.0,0.0,0.0,0.0,0.0,0.0,0.0,18.2,18.2,18.2,41.8,41.8,41.8,262.0,262,262,26.21,26.21,26.21,46457.98,46457.98,46457.98,6.1,6.1,6.1,1,0
20251061274,2025-08-10,2025-08-10,1,41.1820570002662,-8.19510899967617,35.1,35.1,35.1,20.3,20.3,20.3,76.0,76,76,30.0,30,30,0.0,0.0,0.0,0.0,0.0,0.0,0.0,0.0,0.0,19.8,19.8,19.8,43.9,43.9,43.9,268.0,268,268,26.32,26.32,26.32,46453.99,46453.99,46453.99,6.1,6.1,6.1,1,0
20251061487,2025-08-10,2025-08-10,1,41.3638888888889,-8.16055555555556,35.2,35.2,35.2,19.6,19.6,19.6,75.0,75,75,28.0,28,28,0.0,0.0,0.0,0.0,0.0,0.0,0.0,0.0,0.0,18.2,18.2,18.2,42.5,42.5,42.5,246.0,246,246,25.99,25.99,25.99,46497.01,46497.01,46497.01,6.19,6.19,6.19,1,0
20251061762,2025-08-10,2025-08-13,4,40.2001729999979,-7.77307000001272,34.875,35.5,33.7,20.175,20.6,19.7,65.5,74,60,19.5,24,15,0.275,0.9,0.0,0.275,0.9,0.0,0.75,2.0,0.0,14.4,15.6,13.0,39.5,42.1,36.0,216.0,333,82,24.965,26.8,22.78,45639.884999999995,46459.21,43568.81,5.975,6.57,5.5,4,0
20251062255,2025-08-10,2025-08-10,1,41.2118970002068,-8.20461200025347,35.2,35.2,35.2,20.2,20.2,20.2,74.0,74,74,27.0,27,27,0.0,0.0,0.0,0.0,0.0,0.0,0.0,0.0,0.0,18.2,18.2,18.2,41.8,41.8,41.8,262.0,262,262,26.21,26.21,26.21,46457.98,46457.98,46457.98,6.08,6.08,6.08,1,0
20251063729,2025-08-10,2025-08-16,7,41.0976019997067,-7.55556000020769,35.228571428571435,36.7,33.5,19.428571428571427,20.4,18.3,66.28571428571429,87,55,16.714285714285715,23,13,0.014285714285714287,0.1,0.0,0.014285714285714287,0.1,0.0,0.14285714285714285,1.0,0.0,16.1,18.8,12.1,37.385714285714286,42.5,28.8,221.57142857142858,276,184,23.814285714285713,26.35,20.12,45352.392857142855,46635.16,42363.33,5.978571428571429,6.89,4.84,7,0
20251066381,2025-08-11,2025-08-11,1,41.2139949999915,-8.20142200006379,34.9,34.9,34.9,18.9,18.9,18.9,80.0,80,80,24.0,24,24,0.1,0.1,0.1,0.1,0.1,0.1,1.0,1.0,1.0,10.7,10.7,10.7,28.4,28.4,28.4,317.0,317,317,22.57,22.57,22.57,39201.65,39201.65,39201.65,5.26,5.26,5.26,1,0
20251067523,2025-08-11,2025-08-12,2,41.9540469998784,-8.44827200041877,31.5,32.0,31.0,19.5,21.8,17.2,62.0,64,60,25.5,26,25,0.0,0.0,0.0,0.0,0.0,0.0,0.0,0.0,0.0,10.75,12.3,9.2,38.5,47.5,29.5,227.5,248,207,24.939999999999998,25.55,24.33,44820.07,46440.14,43200.0,5.654999999999999,5.67,5.64,2,0
20251073564,2025-08-12,2025-08-13,2,38.2327777777778,-7.87,40.75,41.9,39.6,25.4,25.9,24.9,46.5,47,46,13.5,15,12,0.0,0.0,0.0,0.0,0.0,0.0,0.0,0.0,0.0,15.850000000000001,17.6,14.1,31.5,37.4,25.6,225.0,276,174,24.515,25.15,23.88,44678.020000000004,46113.35,43242.69,7.32,7.96,6.68,2,0
20251073685,2025-08-12,2025-08-13,2,38.0598969999949,-8.40764600012037,42.75,43.6,41.9,22.85,23.6,22.1,57.0,64,50,12.0,14,10,0.0,0.0,0.0,0.0,0.0,0.0,0.0,0.0,0.0,20.5,23.2,17.8,46.45,51.1,41.8,283.0,283,283,25.134999999999998,25.56,24.71,46014.925,46039.39,45990.46,6.984999999999999,7.01,6.96,2,0
20251074986,2025-08-12,2025-08-13,2,40.0137669997745,-7.14379199981689,37.75,38.4,37.1,23.45,24.5,22.4,46.5,53,40,16.0,18,14,0.0,0.0,0.0,0.0,0.0,0.0,0.0,0.0,0.0,17.3,20.5,14.1,39.05,44.3,33.8,176.5,303,50,22.325000000000003,23.17,21.48,44882.854999999996,46441.88,43323.83,6.745,7.08,6.41,2,0
20251075005,2025-08-12,2025-08-13,2,41.8180555555556,-8.50444444444445,31.85,31.9,31.8,19.2,20.2,18.2,73.0,81,65,32.0,34,30,0.0,0.0,0.0,0.0,0.0,0.0,0.0,0.0,0.0,12.7,14.4,11.0,34.0,36.0,32.0,319.0,343,295,24.55,25.6,23.5,46314.585,46343.4,46285.77,5.465,5.65,5.28,2,0
20251075557,2025-08-13,2025-08-21,9,40.7956800005171,-7.64779299947951,30.65555555555555,34.7,26.0,17.133333333333333,21.2,12.5,82.22222222222223,100,65,24.88888888888889,32,18,0.07777777777777778,0.7,0.0,0.07777777777777778,0.7,0.0,0.3333333333333333,3.0,0.0,15.211111111111112,17.5,12.2,35.400000000000006,39.2,30.2,217.55555555555554,334,27,24.83888888888889,26.23,22.89,45211.16222222222,46390.98,40962.52,5.673333333333334,6.4,4.91,9,0
20251075711,2025-08-13,2025-08-14,2,41.6322829998864,-7.10164499998093,35.900000000000006,37.1,34.7,21.450000000000003,21.6,21.3,65.5,72,59,19.0,23,15,0.1,0.2,0.0,0.1,0.2,0.0,0.5,1.0,0.0,15.55,19.2,11.9,34.0,39.2,28.8,197.0,205,189,24.34,24.69,23.99,46531.16,46559.76,46502.56,6.01,6.17,5.85,2,0
20251075979,2025-08-13,2025-08-25,13,40.2308299997118,-7.81971999989616,28.592307692307692,33.6,22.4,16.923076923076923,21.1,12.3,75.61538461538461,99,52,28.846153846153847,41,20,0.05384615384615384,0.6,0.0,0.05384615384615384,0.6,0.0,0.23076923076923078,2.0,0.0,16.43846153846154,22.6,10.4,43.41538461538461,55.8,33.1,264.53846153846155,340,85,24.533846153846152,26.35,22.92,45306.72076923077,46331.7,41867.92,5.391538461538461,6.75,4.45,13,0
20251078483,2025-08-13,2025-08-14,2,40.5941670004527,-7.95117699993981,35.45,36.0,34.9,20.75,21.1,20.4,75.0,79,71,26.0,28,24,0.3,0.6,0.0,0.3,0.6,0.0,1.0,2.0,0.0,12.55,13.2,11.9,27.75,28.1,27.4,228.5,263,194,24.915,25.41,24.42,46291.68,46318.99,46264.37,5.904999999999999,6.0,5.81,2,0
20251078764,2025-08-13,2025-08-15,3,41.9396179999246,-7.17037500010596,32.93333333333333,34.3,31.4,20.2,20.4,19.9,59.666666666666664,66,55,23.0,28,17,0.5,1.5,0.0,0.5,1.5,0.0,1.3333333333333333,4.0,0.0,17.466666666666665,21.8,15.2,40.43333333333333,48.6,35.3,157.66666666666666,177,140,24.856666666666666,26.07,23.65,46548.806666666664,46606.66,46490.99,6.3066666666666675,7.14,5.54,2,0
20251079616,2025-08-13,2025-08-15,3,41.0497569995456,-8.07150199996101,33.5,35.0,32.7,21.2,22.0,20.3,74.0,89,66,27.0,32,23,0.13333333333333333,0.4,0.0,0.13333333333333333,0.4,0.0,0.3333333333333333,1.0,0.0,12.533333333333333,15.4,9.5,38.9,51.5,31.0,226.0,287,175,25.423333333333332,25.95,24.64,46253.86666666667,46309.47,46198.3,5.78,5.99,5.52,3,0
20251083724,2025-08-14,2025-08-19,6,40.0800159994761,-8.20156099994977,29.083333333333332,34.5,23.0,16.183333333333334,19.9,13.2,88.83333333333333,100,73,33.166666666666664,49,20,0.0,0.0,0.0,0.0,0.0,0.0,0.0,0.0,0.0,15.666666666666666,21.6,9.7,41.166666666666664,55.8,27.7,270.5,329,162,24.746666666666666,26.09,24.0,44417.043333333335,46180.38,40911.11,5.1866666666666665,6.27,4.15,6,0
20251083812,2025-08-14,2025-08-16,3,39.3747069999907,-7.47009000009961,38.199999999999996,39.4,37.1,22.7,23.6,22.1,63.333333333333336,71,58,15.666666666666666,19,14,0.0,0.0,0.0,0.0,0.0,0.0,0.0,0.0,0.0,15.066666666666668,16.2,13.7,34.53333333333333,36.7,32.0,204.66666666666666,224,192,25.666666666666668,26.15,24.88,46112.31666666667,46239.05,45985.01,6.98,7.38,6.19,3,0
20251086741,2025-08-14,2025-08-15,2,41.9171620000071,-8.48459199998114,30.5,32.0,29.0,18.3,19.0,17.6,85.5,87,84,35.5,41,30,0.0,0.0,0.0,0.0,0.0,0.0,0.0,0.0,0.0,14.05,15.3,12.8,42.650000000000006,43.2,42.1,189.5,190,189,26.064999999999998,26.11,26.02,46237.325,46266.21,46208.44,5.59,5.76,5.42,2,0
20251086744,2025-08-14,2025-08-15,2,41.8779170004527,-8.51873799999555,28.8,30.6,27.0,17.25,18.0,16.5,86.0,88,84,39.5,47,32,0.0,0.0,0.0,0.0,0.0,0.0,0.0,0.0,0.0,12.75,13.9,11.6,36.9,37.8,36.0,182.0,185,179,25.98,26.04,25.92,46234.06,46262.86,46205.26,5.32,5.55,5.09,2,0
20251086908,2025-08-15,2025-08-15,1,41.1296600002713,-7.1230769999822,40.6,40.6,40.6,21.8,21.8,21.8,67.0,67,67,13.0,13,13,0.0,0.0,0.0,0.0,0.0,0.0,0.0,0.0,0.0,19.0,19.0,19.0,47.9,47.9,47.9,196.0,196,196,25.9,25.9,25.9,46402.42,46402.42,46402.42,7.56,7.56,7.56,1,0
20251087059,2025-08-15,2025-08-16,2,41.2973499997457,-7.20153200003836,37.5,37.8,37.2,19.2,20.2,18.2,79.0,94,64,14.0,14,14,0.0,0.0,0.0,0.0,0.0,0.0,0.0,0.0,0.0,18.450000000000003,20.6,16.3,42.3,46.8,37.8,198.0,211,185,25.47,25.91,25.03,46357.619999999995,46426.15,46289.09,6.574999999999999,7.38,5.77,2,0
20251088478,2025-08-15,2025-08-18,4,40.6126699998644,-7.20956000010173,32.800000000000004,35.7,27.3,18.2,20.3,15.1,78.75,93,59,19.25,25,14,0.0,0.0,0.0,0.0,0.0,0.0,0.0,0.0,0.0,19.1,23.2,16.0,44.925,54.0,38.2,239.25,287,183,24.5775,26.4,23.58,44393.8625,46308.37,39052.93,6.3975,7.91,5.47,4,0
20251089043,2025-08-15,2025-08-15,1,41.7759850003984,-7.31635700013902,34.3,34.3,34.3,18.7,18.7,18.7,76.0,76,76,16.0,16,16,0.0,0.0,0.0,0.0,0.0,0.0,0.0,0.0,0.0,21.8,21.8,21.8,47.2,47.2,47.2,163.0,163,163,25.98,25.98,25.98,46452.53,46452.53,46452.53,6.69,6.69,6.69,1,0
20251089323,2025-08-15,2025-08-19,5,41.0757869995965,-6.84339300049676,34.92,38.8,28.7,18.94,21.6,15.7,72.4,91,50,16.8,23,12,0.0,0.0,0.0,0.0,0.0,0.0,0.0,0.0,0.0,16.52,20.7,12.7,39.08,47.5,30.2,253.0,306,180,24.71,25.95,23.5,44766.64,46390.59,39235.22,6.35,7.72,5.7,5,0
20251090518,2025-08-15,2025-08-16,2,39.9530555555556,-8.25666666666667,32.0,32.0,32.0,17.65,18.9,16.4,90.5,95,86,29.0,32,26,0.0,0.0,0.0,0.0,0.0,0.0,0.0,0.0,0.0,15.55,18.8,12.3,36.7,45.7,27.7,249.5,348,151,24.549999999999997,25.79,23.31,46033.975,46060.52,46007.43,5.5600000000000005,5.88,5.24,2,0
20251090859,2025-08-15,2025-08-16,2,39.4485009998745,-7.67653900040521,38.099999999999994,39.3,36.9,19.9,20.5,19.3,83.5,87,80,18.5,22,15,0.0,0.0,0.0,0.0,0.0,0.0,0.0,0.0,0.0,12.85,13.1,12.6,28.450000000000003,30.6,26.3,221.5,237,206,25.22,25.84,24.6,46060.125,46124.23,45996.02,6.4,6.88,5.92,2,0
20251092098,2025-08-15,2025-08-16,2,41.985,-8.49111111111111,30.7,31.2,30.2,16.45,18.2,14.7,96.0,100,92,44.5,45,44,0.0,0.0,0.0,0.0,0.0,0.0,0.0,0.0,0.0,12.399999999999999,15.7,9.1,33.5,41.4,25.6,266.0,326,206,25.37,25.64,25.1,45917.97,46180.16,45655.78,5.24,5.5,4.98,2,0
20251094351,2025-08-16,2025-08-16,1,41.2582029999627,-8.33142999966939,32.4,32.4,32.4,15.7,15.7,15.7,98.0,98,98,36.0,36,36,0.0,0.0,0.0,0.0,0.0,0.0,0.0,0.0,0.0,11.7,11.7,11.7,29.9,29.9,29.9,279.0,279,279,25.17,25.17,25.17,45955.37,45955.37,45955.37,5.38,5.38,5.38,1,0
20251095028,2025-08-16,2025-08-18,3,41.3698360000716,-7.99446900049845,30.733333333333334,33.9,28.8,16.7,17.3,15.9,94.33333333333333,98,91,34.666666666666664,40,29,0.09999999999999999,0.3,0.0,0.09999999999999999,0.3,0.0,0.6666666666666666,2.0,0.0,14.366666666666667,17.5,12.0,34.56666666666667,40.7,29.9,279.0,288,268,24.50333333333333,25.4,23.72,44731.60333333333,46157.69,41936.17,5.213333333333334,5.54,5.0,3,0
20251095202,2025-08-16,2025-08-24,9,40.3155555555556,-7.25361111111111,32.08888888888889,37.7,28.2,18.355555555555554,23.1,15.3,65.88888888888889,87,47,20.555555555555557,26,12,0.0,0.0,0.0,0.0,0.0,0.0,0.0,0.0,0.0,17.48888888888889,21.9,12.2,37.55555555555556,45.0,28.8,150.11111111111111,355,0,24.694444444444443,25.89,23.13,45083.903333333335,46129.61,41399.04,6.5088888888888885,7.3,5.93,9,0
20251095354,2025-08-16,2025-08-16,1,37.1769444444444,-8.35388888888889,35.2,35.2,35.2,21.1,21.1,21.1,74.0,74,74,25.0,25,25,0.0,0.0,0.0,0.0,0.0,0.0,0.0,0.0,0.0,17.6,17.6,17.6,37.8,37.8,37.8,32.0,32,32,25.49,25.49,25.49,45642.05,45642.05,45642.05,6.84,6.84,6.84,1,0
20251095745,2025-08-16,2025-08-17,2,41.3919969998466,-7.96587699996101,32.55,34.8,30.3,18.0,18.2,17.8,96.0,98,94,32.5,35,30,0.15,0.3,0.0,0.15,0.3,0.0,1.0,2.0,0.0,12.8,13.6,12.0,31.5,33.1,29.9,278.0,288,268,24.56,25.4,23.72,46129.32,46157.69,46100.95,5.355,5.63,5.08,2,0
20251095887,2025-08-16,2025-08-20,5,40.9867730000284,-7.76074799961514,28.880000000000003,35.1,24.7,15.959999999999999,18.5,13.3,85.4,99,72,29.0,37,16,0.0,0.0,0.0,0.0,0.0,0.0,0.0,0.0,0.0,15.919999999999998,21.2,11.8,38.519999999999996,48.2,30.2,281.0,312,213,24.722,25.85,23.79,44577.898,46235.09,40246.2,5.214,5.87,4.66,5,0
20251100058,2025-08-17,2025-08-17,1,37.2016666666667,-8.49027777777778,39.7,39.7,39.7,23.6,23.6,23.6,55.0,55,55,20.0,20,20,0.0,0.0,0.0,0.0,0.0,0.0,0.0,0.0,0.0,18.0,18.0,18.0,34.2,34.2,34.2,354.0,354,354,24.99,24.99,24.99,45532.92,45532.92,45532.92,7.82,7.82,7.82,1,0
20251100629,2025-08-17,2025-08-20,4,41.4094790003035,-7.20941399998135,32.35,37.9,28.8,18.25,22.1,15.7,74.25,87,62,19.5,24,13,0.0,0.0,0.0,0.0,0.0,0.0,0.0,0.0,0.0,18.675,21.3,15.0,43.0,46.4,37.1,316.75,345,260,24.314999999999998,25.08,23.48,44292.9725,46172.61,39367.05,6.1675,6.38,5.98,4,0
20251101093,2025-08-17,2025-08-17,1,41.2597399997711,-8.33081700007121,28.3,28.3,28.3,16.1,16.1,16.1,98.0,98,98,36.0,36,36,0.4,0.4,0.4,0.4,0.4,0.4,1.0,1.0,1.0,13.6,13.6,13.6,33.1,33.1,33.1,273.0,273,273,23.54,23.54,23.54,46064.34,46064.34,46064.34,4.85,4.85,4.85,1,0
20251104135,2025-08-18,2025-08-21,4,41.8800080002679,-7.63634000009961,24.849999999999998,25.9,23.4,13.700000000000001,16.6,12.0,89.5,97,76,34.25,36,32,0.0,0.0,0.0,0.0,0.0,0.0,0.0,0.0,0.0,19.75,21.9,18.5,44.375,49.3,40.0,335.25,339,332,23.1425,24.35,21.82,44046.020000000004,45656.98,40728.39,4.995,5.72,4.55,4,0
20251104992,2025-08-18,2025-08-18,1,39.7061111111111,-8.69388888888889,25.8,25.8,25.8,16.3,16.3,16.3,99.0,99,99,53.0,53,53,0.0,0.0,0.0,0.0,0.0,0.0,0.0,0.0,0.0,21.8,21.8,21.8,47.2,47.2,47.2,327.0,327,327,23.13,23.13,23.13,36065.27,36065.27,36065.27,4.26,4.26,4.26,1,0
20251106001,2025-08-18,2025-08-18,1,37.1941666666667,-8.64083333333333,31.8,31.8,31.8,19.9,19.9,19.9,83.0,83,83,33.0,33,33,0.0,0.0,0.0,0.0,0.0,0.0,0.0,0.0,0.0,21.6,21.6,21.6,46.8,46.8,46.8,347.0,347,347,22.73,22.73,22.73,44634.14,44634.14,44634.14,6.98,6.98,6.98,1,0
20251110328,2025-08-19,2025-08-20,2,41.2111370001899,-7.28399000002278,26.45,26.7,26.2,12.7,13.0,12.4,99.0,100,98,27.0,29,25,0.0,0.0,0.0,0.0,0.0,0.0,0.0,0.0,0.0,19.200000000000003,21.8,16.6,47.35,52.6,42.1,301.0,322,280,24.505,24.74,24.27,45377.445,45856.92,44897.97,5.12,5.16,5.08,2,0
20251111302,2025-08-19,2025-08-19,1,41.0596799998813,-8.41085000038147,26.2,26.2,26.2,15.1,15.1,15.1,100.0,100,100,48.0,48,48,0.0,0.0,0.0,0.0,0.0,0.0,0.0,0.0,0.0,19.5,19.5,19.5,46.1,46.1,46.1,296.0,296,296,24.46,24.46,24.46,45836.06,45836.06,45836.06,4.57,4.57,4.57,1,0
20251111623,2025-08-19,2025-08-19,1,39.4937370003594,-7.71037700017293,30.4,30.4,30.4,16.0,16.0,16.0,89.0,89,89,22.0,22,22,0.0,0.0,0.0,0.0,0.0,0.0,0.0,0.0,0.0,24.4,24.4,24.4,48.6,48.6,48.6,292.0,292,292,25.5,25.5,25.5,45601.42,45601.42,45601.42,6.22,6.22,6.22,1,0
20251111896,2025-08-19,2025-08-20,2,39.7135480001238,-7.90941999965244,29.6,30.0,29.2,16.65,17.4,15.9,79.0,81,77,23.0,24,22,0.0,0.0,0.0,0.0,0.0,0.0,0.0,0.0,0.0,23.95,24.2,23.7,48.599999999999994,49.3,47.9,319.5,324,315,25.38,25.63,25.13,45563.740000000005,45631.5,45495.98,6.199999999999999,6.31,6.09,2,0
20251112690,2025-08-19,2025-08-20,2,41.4231479999754,-8.18021800041199,27.35,27.7,27.0,14.0,14.4,13.6,99.5,100,99,33.0,34,32,0.0,0.0,0.0,0.0,0.0,0.0,0.0,0.0,0.0,22.5,22.7,22.3,50.599999999999994,50.8,50.4,290.0,291,289,24.255,24.63,23.88,44450.149999999994,45888.34,43011.96,4.88,4.93,4.83,2,0
20251114566,2025-08-20,2025-08-20,1,38.8966666666667,-7.92111111111111,30.6,30.6,30.6,16.3,16.3,16.3,91.0,91,91,27.0,27,27,0.0,0.0,0.0,0.0,0.0,0.0,0.0,0.0,0.0,23.7,23.7,23.7,47.2,47.2,47.2,316.0,316,316,25.06,25.06,25.06,45390.15,45390.15,45390.15,6.07,6.07,6.07,1,0
20251114666,2025-08-20,2025-08-20,1,38.2352777777778,-7.72361111111111,29.8,29.8,29.8,16.1,16.1,16.1,86.0,86,86,25.0,25,25,0.0,0.0,0.0,0.0,0.0,0.0,0.0,0.0,0.0,21.0,21.0,21.0,41.4,41.4,41.4,322.0,322,322,25.18,25.18,25.18,45295.54,45295.54,45295.54,6.36,6.36,6.36,1,0
20251115714,2025-08-20,2025-08-23,4,40.7755730003781,-6.95815000004239,29.025,31.7,26.2,14.125,14.9,13.4,78.75,92,58,23.5,27,20,0.0,0.0,0.0,0.0,0.0,0.0,0.0,0.0,0.0,15.125,20.7,11.2,32.5,38.9,25.9,176.0,345,6,24.94,25.45,23.85,45438.4,45653.41,45222.2,5.5975,5.9,5.4,4,0
20251115738,2025-08-20,2025-08-21,2,41.2133333333333,-8.53361111111111,26.6,28.1,25.1,14.7,15.0,14.4,97.0,97,97,46.5,52,41,0.0,0.0,0.0,0.0,0.0,0.0,0.0,0.0,0.0,18.799999999999997,19.2,18.4,45.0,46.1,43.9,313.5,318,309,24.27,24.33,24.21,45641.215,45713.57,45568.86,4.53,4.65,4.41,2,0
20251121261,2025-08-21,2025-08-21,1,38.3036111111111,-7.65444444444444,31.4,31.4,31.4,15.7,15.7,15.7,88.0,88,88,26.0,26,26,0.0,0.0,0.0,0.0,0.0,0.0,0.0,0.0,0.0,20.0,20.0,20.0,40.0,40.0,40.0,325.0,325,325,25.11,25.11,25.11,45174.95,45174.95,45174.95,6.05,6.05,6.05,1,0
20251122239,2025-08-21,2025-08-22,2,41.5297222222222,-8.07666666666667,27.45,28.9,26.0,11.85,13.1,10.6,88.5,94,83,28.5,29,28,0.0,0.0,0.0,0.0,0.0,0.0,0.0,0.0,0.0,11.25,12.4,10.1,30.2,33.8,26.6,55.5,57,54,24.634999999999998,24.97,24.3,45534.115,45607.84,45460.39,4.805,4.99,4.62,2,0
20251123354,2025-08-22,2025-08-22,1,41.576404999627,-8.07383499993218,29.4,29.4,29.4,16.5,16.5,16.5,81.0,81,81,31.0,31,31,0.0,0.0,0.0,0.0,0.0,0.0,0.0,0.0,0.0,14.2,14.2,14.2,33.8,33.8,33.8,53.0,53,53,24.67,24.67,24.67,45469.81,45469.81,45469.81,5.61,5.61,5.61,1,0
20251124699,2025-08-22,2025-08-23,2,41.1780949995253,-7.25514199998644,31.3,32.1,30.5,16.05,16.1,16.0,66.0,74,58,20.0,21,19,0.0,0.0,0.0,0.0,0.0,0.0,0.0,0.0,0.0,10.2,12.1,8.3,29.700000000000003,37.1,22.3,190.5,357,24,24.68,24.86,24.5,45340.17,45413.55,45266.79,5.27,5.33,5.21,2,0
20251125093,2025-08-22,2025-08-23,2,41.1258699999915,-7.73329000049167,31.049999999999997,31.9,30.2,15.4,15.5,15.3,80.0,81,79,23.0,24,22,0.0,0.0,0.0,0.0,0.0,0.0,0.0,0.0,0.0,10.6,13.9,7.3,30.25,36.4,24.1,217.0,342,92,24.495,25.05,23.94,45340.175,45413.55,45266.8,5.215,5.35,5.08,2,0
20251126312,2025-08-22,2025-08-24,3,40.9558333333333,-7.76722222222222,28.133333333333336,29.4,26.8,15.5,16.3,14.1,73.33333333333333,78,69,26.333333333333332,28,23,0.0,0.0,0.0,0.0,0.0,0.0,0.0,0.0,0.0,13.633333333333333,14.4,12.6,31.8,33.1,30.6,100.66666666666667,264,3,24.026666666666667,25.09,23.37,45239.65,45385.64,45093.32,5.13,5.33,4.77,3,0
20251128854,2025-08-23,2025-08-23,1,41.8502370000051,-8.49663500044081,30.5,30.5,30.5,16.3,16.3,16.3,77.0,77,77,25.0,25,25,0.0,0.0,0.0,0.0,0.0,0.0,0.0,0.0,0.0,12.1,12.1,12.1,33.1,33.1,33.1,231.0,231,231,24.7,24.7,24.7,45357.14,45357.14,45357.14,5.33,5.33,5.33,1,0
20251130320,2025-08-23,2025-08-24,2,39.9135999997457,-8.15364000002543,30.700000000000003,32.2,29.2,16.9,17.8,16.0,84.5,88,81,31.5,37,26,0.0,0.0,0.0,0.0,0.0,0.0,0.0,0.0,0.0,14.7,16.2,13.2,36.4,40.0,32.8,321.0,323,319,23.240000000000002,23.34,23.14,44608.13,45107.99,44108.27,5.185,5.56,4.81,2,0
20251130551,2025-08-23,2025-08-23,1,39.8924870003594,-8.21729300002257,32.3,32.3,32.3,17.9,17.9,17.9,81.0,81,81,26.0,26,26,0.0,0.0,0.0,0.0,0.0,0.0,0.0,0.0,0.0,16.2,16.2,16.2,40.0,40.0,40.0,323.0,323,323,23.34,23.34,23.34,45107.99,45107.99,45107.99,5.57,5.57,5.57,1,0
20251134614,2025-08-24,2025-08-24,1,41.6128320005205,-8.5254570002026,24.8,24.8,24.8,14.9,14.9,14.9,98.0,98,98,51.0,51,51,0.0,0.0,0.0,0.0,0.0,0.0,0.0,0.0,0.0,14.8,14.8,14.8,35.6,35.6,35.6,253.0,253,253,23.44,23.44,23.44,43755.2,43755.2,43755.2,4.19,4.19,4.19,1,0
20251134722,2025-08-24,2025-08-25,2,41.5025,-8.03833333333333,28.45,29.0,27.9,14.15,14.4,13.9,87.0,88,86,35.0,38,32,0.0,0.0,0.0,0.0,0.0,0.0,0.0,0.0,0.0,14.0,14.2,13.8,36.2,36.4,36.0,255.5,259,252,23.79,24.51,23.07,45086.79,45162.1,45011.48,4.9399999999999995,5.08,4.8,2,0
20251135071,2025-08-24,2025-08-26,3,41.2366400000784,-7.64041800022125,30.099999999999998,31.3,29.1,14.666666666666666,15.6,13.7,85.0,94,80,28.666666666666668,30,28,0.0,0.0,0.0,0.0,0.0,0.0,0.0,0.0,0.0,15.700000000000001,17.1,14.3,38.86666666666667,40.7,36.7,273.3333333333333,279,266,24.25666666666667,24.53,23.73,44978.213333333326,45127.59,44828.56,5.1499999999999995,5.18,5.09,3,0
20251135340,2025-08-24,2025-08-24,1,41.6278719997406,-8.12910200013055,27.5,27.5,27.5,16.3,16.3,16.3,89.0,89,89,47.0,47,47,0.0,0.0,0.0,0.0,0.0,0.0,0.0,0.0,0.0,11.9,11.9,11.9,32.0,32.0,32.0,262.0,262,262,24.16,24.16,24.16,45179.44,45179.44,45179.44,4.67,4.67,4.67,1,0
20251139974,2025-08-25,2025-08-25,1,41.6724770000246,-8.05585199991862,27.4,27.4,27.4,15.4,15.4,15.4,91.0,91,91,48.0,48,48,0.0,0.0,0.0,0.0,0.0,0.0,0.0,0.0,0.0,12.9,12.9,12.9,34.2,34.2,34.2,253.0,253,253,24.2,24.2,24.2,45028.07,45028.07,45028.07,4.65,4.65,4.65,1,0
20251140190,2025-08-25,2025-08-25,1,41.8715459998449,-8.35357999987072,28.3,28.3,28.3,14.3,14.3,14.3,99.0,99,99,48.0,48,48,0.0,0.0,0.0,0.0,0.0,0.0,0.0,0.0,0.0,13.2,13.2,13.2,35.3,35.3,35.3,322.0,322,322,23.72,23.72,23.72,44540.18,44540.18,44540.18,4.69,4.69,4.69,1,0
20251140551,2025-08-25,2025-08-26,2,41.7216666666667,-7.87361111111111,29.15,29.8,28.5,15.5,16.1,14.9,85.5,86,85,30.0,32,28,0.0,0.0,0.0,0.0,0.0,0.0,0.0,0.0,0.0,13.600000000000001,13.8,13.4,31.15,33.5,28.8,261.0,280,242,24.67,24.75,24.59,44960.08,45036.38,44883.78,5.109999999999999,5.22,5.0,2,0
20251141408,2025-08-25,2025-08-26,2,41.318254999982,-7.80406499995126,28.35,29.4,27.3,14.9,16.0,13.8,83.5,91,76,27.5,30,25,0.0,0.0,0.0,0.0,0.0,0.0,0.0,0.0,0.0,14.75,15.6,13.9,40.5,42.8,38.2,274.5,282,267,24.509999999999998,24.54,24.48,44911.565,44986.72,44836.41,5.029999999999999,5.1,4.96,2,0
20251145018,2025-08-26,2025-08-27,2,41.8637279997932,-8.34596799956428,23.7,26.5,20.9,12.95,13.9,12.0,94.5,97,92,44.0,48,40,1.4,2.8,0.0,1.4,2.8,0.0,3.5,7.0,0.0,15.700000000000001,16.6,14.8,40.5,42.5,38.5,329.5,338,321,19.03,23.81,14.25,36790.979999999996,44899.68,28682.28,3.5999999999999996,4.51,2.69,1,0
20251149815,2025-08-27,2025-08-27,1,40.9474319998423,-7.94160799980164,20.3,20.3,20.3,10.6,10.6,10.6,97.0,97,97,45.0,45,45,0.0,0.0,0.0,0.0,0.0,0.0,0.0,0.0,0.0,19.5,19.5,19.5,43.6,43.6,43.6,302.0,302,302,19.75,19.75,19.75,44639.31,44639.31,44639.31,3.52,3.52,3.52,1,0
20251150291,2025-08-27,2025-08-27,1,41.9621280002594,-8.45281499995126,20.6,20.6,20.6,12.1,12.1,12.1,98.0,98,98,53.0,53,53,2.7,2.7,2.7,2.7,2.7,2.7,8.0,8.0,8.0,13.7,13.7,13.7,38.5,38.5,38.5,320.0,320,320,13.81,13.81,13.81,25764.63,25764.63,25764.63,2.53,2.53,2.53,0,0
20251151199,2025-08-27,2025-08-27,1,41.505,-8.12361111111111,21.0,21.0,21.0,10.3,10.3,10.3,100.0,100,100,44.0,44,44,0.4,0.4,0.4,0.4,0.4,0.4,3.0,3.0,3.0,20.5,20.5,20.5,45.4,45.4,45.4,275.0,275,275,15.62,15.62,15.62,28396.53,28396.53,28396.53,3.04,3.04,3.04,1,0
20251153335,2025-08-28,2025-08-30,3,41.7654219998254,-7.13477299994893,23.933333333333334,26.0,21.4,12.633333333333333,13.5,10.9,89.0,96,83,36.666666666666664,43,33,0.06666666666666667,0.1,0.0,0.06666666666666667,0.1,0.0,0.6666666666666666,1.0,0.0,20.366666666666667,24.8,14.8,44.86666666666667,54.0,32.0,290.3333333333333,311,265,20.669999999999998,23.28,17.4,42870.82666666667,44583.64,41752.69,4.273333333333333,4.61,3.85,3,0
20251153778,2025-08-28,2025-08-28,1,38.7416666666667,-8.37138888888889,26.0,26.0,26.0,16.7,16.7,16.7,98.0,98,98,34.0,34,34,0.0,0.0,0.0,0.0,0.0,0.0,0.0,0.0,0.0,20.8,20.8,20.8,43.2,43.2,43.2,318.0,318,318,24.02,24.02,24.02,42878.8,42878.8,42878.8,5.19,5.19,5.19,1,0
20251154385,2025-08-28,2025-08-28,1,40.5999550003476,-8.55561500019497,23.1,23.1,23.1,14.5,14.5,14.5,97.0,97,97,44.0,44,44,1.1,1.1,1.1,1.1,1.1,1.1,5.0,5.0,5.0,21.7,21.7,21.7,46.8,46.8,46.8,328.0,328,328,22.31,22.31,22.31,44463.29,44463.29,44463.29,4.22,4.22,4.22,0,0
20251161852,2025-08-30,2025-08-30,1,41.9414120001263,-6.95516000005934,23.1,23.1,23.1,12.5,12.5,12.5,99.0,99,99,38.0,38,38,0.0,0.0,0.0,0.0,0.0,0.0,0.0,0.0,0.0,16.2,16.2,16.2,38.9,38.9,38.9,279.0,279,279,21.23,21.23,21.23,43107.54,43107.54,43107.54,4.08,4.08,4.08,1,0
20251172043,2025-09-01,2025-09-01,1,41.8054730002085,-7.57050800005595,17.6,17.6,17.6,9.1,9.1,9.1,92.0,92,92,42.0,42,42,0.0,0.0,0.0,0.0,0.0,0.0,0.0,0.0,0.0,17.1,17.1,17.1,39.2,39.2,39.2,280.0,280,280,16.86,16.86,16.86,39622.85,39622.85,39622.85,3.08,3.08,3.08,1,0
20251172122,2025-09-01,2025-09-01,1,41.4494869995117,-7.15876699977451,24.1,24.1,24.1,12.1,12.1,12.1,91.0,91,91,32.0,32,32,0.0,0.0,0.0,0.0,0.0,0.0,0.0,0.0,0.0,18.6,18.6,18.6,42.8,42.8,42.8,277.0,277,277,18.68,18.68,18.68,42528.48,42528.48,42528.48,4.13,4.13,4.13,1,0
20251172525,2025-09-01,2025-09-01,1,39.0775269995795,-7.47437700006697,25.5,25.5,25.5,12.6,12.6,12.6,94.0,94,94,27.0,27,27,0.0,0.0,0.0,0.0,0.0,0.0,0.0,0.0,0.0,20.5,20.5,20.5,41.4,41.4,41.4,308.0,308,308,21.82,21.82,21.82,43033.97,43033.97,43033.97,5.0,5.0,5.0,1,0
20251172800,2025-09-01,2025-09-01,1,41.8058333333333,-7.94888888888889,16.3,16.3,16.3,9.6,9.6,9.6,100.0,100,100,58.0,58,58,2.0,2.0,2.0,2.0,2.0,2.0,16.0,16.0,16.0,14.3,14.3,14.3,44.6,44.6,44.6,256.0,256,256,16.94,16.94,16.94,39375.38,39375.38,39375.38,2.6,2.6,2.6,0,0
20251176865,2025-09-02,2025-09-02,1,41.0391399998135,-8.22519999980926,23.5,23.5,23.5,15.0,15.0,15.0,96.0,96,96,66.0,66,66,0.4,0.4,0.4,0.4,0.4,0.4,2.0,2.0,2.0,17.1,17.1,17.1,38.5,38.5,38.5,214.0,214,214,12.34,12.34,12.34,23089.56,23089.56,23089.56,2.42,2.42,2.42,1,0
20251182136,2025-09-03,2025-09-03,1,41.7631820000543,-7.23100300047133,20.9,20.9,20.9,11.8,11.8,11.8,98.0,98,98,62.0,62,62,0.2,0.2,0.2,0.2,0.2,0.2,2.0,2.0,2.0,20.6,20.6,20.6,46.1,46.1,46.1,244.0,244,244,9.42,9.42,9.42,16331.49,16331.49,16331.49,2.05,2.05,2.05,1,0
20251185583,2025-09-04,2025-09-04,1,40.6361111111111,-7.41611111111111,26.0,26.0,26.0,10.8,10.8,10.8,100.0,100,100,32.0,32,32,0.0,0.0,0.0,0.0,0.0,0.0,0.0,0.0,0.0,12.4,12.4,12.4,30.2,30.2,30.2,313.0,313,313,21.29,21.29,21.29,42905.52,42905.52,42905.52,4.23,4.23,4.23,1,0
20251186559,2025-09-04,2025-09-04,1,39.4628819995456,-7.76451699998644,28.5,28.5,28.5,12.8,12.8,12.8,91.0,91,91,29.0,29,29,0.0,0.0,0.0,0.0,0.0,0.0,0.0,0.0,0.0,16.9,16.9,16.9,32.8,32.8,32.8,320.0,320,320,22.95,22.95,22.95,42936.67,42936.67,42936.67,5.01,5.01,5.01,1,0
20251187781,2025-09-04,2025-09-05,2,38.5200299999449,-8.87432499991523,28.549999999999997,29.9,27.2,16.9,17.7,16.1,87.5,90,85,34.0,40,28,0.0,0.0,0.0,0.0,0.0,0.0,0.0,0.0,0.0,22.65,23.0,22.3,46.65,49.0,44.3,358.0,359,357,22.155,22.17,22.14,39534.235,40490.58,38577.89,5.175000000000001,5.37,4.98,2,0
20251190421,2025-09-05,2025-09-05,1,41.8072222222222,-7.8475,24.0,24.0,24.0,8.9,8.9,8.9,93.0,93,93,30.0,30,30,0.0,0.0,0.0,0.0,0.0,0.0,0.0,0.0,0.0,12.1,12.1,12.1,29.5,29.5,29.5,87.0,87,87,23.46,23.46,23.46,43335.63,43335.63,43335.63,4.08,4.08,4.08,1,0
20251191424,2025-09-05,2025-09-05,1,41.4571420001984,-7.41227300008138,26.4,26.4,26.4,11.5,11.5,11.5,90.0,90,90,29.0,29,29,0.0,0.0,0.0,0.0,0.0,0.0,0.0,0.0,0.0,14.3,14.3,14.3,29.2,29.2,29.2,15.0,15,15,23.16,23.16,23.16,43315.38,43315.38,43315.38,4.28,4.28,4.28,1,0
20251194344,2025-09-06,2025-09-06,1,41.9660329998864,-6.97142199993134,27.5,27.5,27.5,16.1,16.1,16.1,71.0,71,71,25.0,25,25,0.1,0.1,0.1,0.1,0.1,0.1,1.0,1.0,1.0,21.3,21.3,21.3,51.5,51.5,51.5,182.0,182,182,21.92,21.92,21.92,38049.77,38049.77,38049.77,5.35,5.35,5.35,1,0
20251194456,2025-09-06,2025-09-07,2,40.3515470000108,-7.76000999980503,25.75,30.1,21.4,13.95,14.3,13.6,86.0,94,78,47.5,66,29,2.8,5.6,0.0,2.8,5.6,0.0,4.0,8.0,0.0,22.4,23.3,21.5,42.65,42.8,42.5,195.5,202,189,16.165,21.46,10.87,30971.024999999998,42557.34,19384.71,3.6550000000000002,4.99,2.32,1,0
20251196090,2025-09-06,2025-09-06,1,41.1643099996779,-8.23573000007205,27.8,27.8,27.8,11.9,11.9,11.9,96.0,96,96,40.0,40,40,0.0,0.0,0.0,0.0,0.0,0.0,0.0,0.0,0.0,19.8,19.8,19.8,44.6,44.6,44.6,263.0,263,263,20.6,20.6,20.6,40083.08,40083.08,40083.08,4.14,4.14,4.14,1,0
20251196138,2025-09-06,2025-09-07,2,40.9067780001958,-6.93464800000191,27.5,31.2,23.8,14.75,15.1,14.4,84.5,90,79,32.5,46,19,0.9,1.8,0.0,0.9,1.8,0.0,2.0,4.0,0.0,21.25,24.3,18.2,44.3,49.0,39.6,209.5,228,191,17.060000000000002,21.78,12.34,29264.015,38138.0,20390.03,4.775,6.33,3.22,1,0
20251196449,2025-09-06,2025-09-07,2,40.9437349997626,-6.99141999986437,28.55,32.2,24.9,14.8,16.3,13.3,84.5,86,83,30.5,43,18,1.05,2.1,0.0,1.05,2.1,0.0,2.5,5.0,0.0,20.35,23.0,17.7,44.8,49.3,40.3,209.5,225,194,17.375,21.61,13.14,33310.729999999996,39637.13,26984.33,4.87,6.18,3.56,1,0
20251198095,2025-09-07,2025-09-07,1,41.8005550000072,-7.28285300042894,21.4,21.4,21.4,12.2,12.2,12.2,90.0,90,90,43.0,43,43,1.1,1.1,1.1,1.1,1.1,1.1,7.0,7.0,7.0,16.4,16.4,16.4,34.9,34.9,34.9,229.0,229,229,12.64,12.64,12.64,22846.72,22846.72,22846.72,2.72,2.72,2.72,0,0
20251204333,2025-09-08,2025-09-09,2,41.7875849999322,-7.33908299975925,20.6,20.7,20.5,8.1,9.6,6.6,98.5,100,97,34.5,41,28,0.05,0.1,0.0,0.05,0.1,0.0,0.5,1.0,0.0,21.700000000000003,22.6,20.8,46.95,47.5,46.4,307.5,311,304,20.090000000000003,22.01,18.17,40566.31,42003.01,39129.61,3.76,4.21,3.31,2,0
20251206188,2025-09-08,2025-09-08,1,41.5297179995643,-6.87343499978383,22.5,22.5,22.5,11.0,11.0,11.0,96.0,96,96,31.0,31,31,0.0,0.0,0.0,0.0,0.0,0.0,0.0,0.0,0.0,18.6,18.6,18.6,39.6,39.6,39.6,299.0,299,299,21.65,21.65,21.65,42494.96,42494.96,42494.96,4.31,4.31,4.31,1,0
20251208945,2025-09-09,2025-09-09,1,38.9742120001051,-9.00416300005383,22.4,22.4,22.4,14.6,14.6,14.6,84.0,84,84,43.0,43,43,0.0,0.0,0.0,0.0,0.0,0.0,0.0,0.0,0.0,28.3,28.3,28.3,57.2,57.2,57.2,337.0,337,337,19.75,19.75,19.75,40687.97,40687.97,40687.97,4.42,4.42,4.42,1,0
20251209436,2025-09-09,2025-09-09,1,41.2849070000648,-7.68156799952189,20.4,20.4,20.4,8.8,8.8,8.8,86.0,86,86,35.0,35,35,0.0,0.0,0.0,0.0,0.0,0.0,0.0,0.0,0.0,17.2,17.2,17.2,43.2,43.2,43.2,293.0,293,293,20.25,20.25,20.25,39711.25,39711.25,39711.25,3.62,3.62,3.62,1,0
20251209669,2025-09-09,2025-09-09,1,41.8058219999737,-7.24149000008901,19.7,19.7,19.7,5.8,5.8,5.8,97.0,97,97,41.0,41,41,0.1,0.1,0.1,0.1,0.1,0.1,1.0,1.0,1.0,20.8,20.8,20.8,46.4,46.4,46.4,304.0,304,304,18.17,18.17,18.17,39129.61,39129.61,39129.61,3.23,3.23,3.23,1,0
20251223411,2025-09-12,2025-09-15,4,41.4013429999352,-7.55901000022888,22.45,24.5,20.1,11.1,13.2,8.6,98.5,100,97,43.5,52,37,0.075,0.3,0.0,0.075,0.3,0.0,0.25,1.0,0.0,13.45,15.4,11.8,33.3,38.5,28.1,292.0,317,279,19.5175,20.84,16.79,38726.1675,39932.03,35327.86,3.5225,3.88,2.98,4,0
20251224210,2025-09-12,2025-09-12,1,39.8090579997169,-7.72701000001695,30.5,30.5,30.5,16.0,16.0,16.0,91.0,91,91,37.0,37,37,0.0,0.0,0.0,0.0,0.0,0.0,0.0,0.0,0.0,17.2,17.2,17.2,36.4,36.4,36.4,325.0,325,325,19.8,19.8,19.8,40270.99,40270.99,40270.99,4.61,4.61,4.61,1,0
20251225088,2025-09-12,2025-09-13,2,41.3599120002323,-7.26444799953037,27.65,27.9,27.4,13.75,15.2,12.3,99.0,100,98,36.0,41,31,0.1,0.2,0.0,0.1,0.2,0.0,0.5,1.0,0.0,15.85,18.2,13.5,38.0,42.5,33.5,270.5,271,270,17.855,19.79,15.92,39683.765,39767.53,39600.0,3.815,4.18,3.45,2,0
20251232250,2025-09-14,2025-09-14,1,38.8626680003272,-9.09166499985589,27.3,27.3,27.3,18.9,18.9,18.9,92.0,92,92,53.0,53,53,0.0,0.0,0.0,0.0,0.0,0.0,0.0,0.0,0.0,26.4,26.4,26.4,51.1,51.1,51.1,343.0,343,343,19.7,19.7,19.7,40034.51,40034.51,40034.51,4.18,4.18,4.18,1,0
20251233390,2025-09-14,2025-09-14,1,41.8728770001729,-7.6892370001475,26.5,26.5,26.5,14.1,14.1,14.1,98.0,98,98,41.0,41,41,0.0,0.0,0.0,0.0,0.0,0.0,0.0,0.0,0.0,11.5,11.5,11.5,30.2,30.2,30.2,303.0,303,303,20.88,20.88,20.88,39922.55,39922.55,39922.55,3.98,3.98,3.98,1,0
20251233987,2025-09-14,2025-09-15,2,38.8881880002552,-9.0746100001865,26.3,26.6,26.0,16.85,17.5,16.2,96.5,98,95,52.0,56,48,0.0,0.0,0.0,0.0,0.0,0.0,0.0,0.0,0.0,26.2,26.9,25.5,51.3,54.4,48.2,337.5,339,336,20.105,20.96,19.25,38311.985,39916.88,36707.09,4.0,4.23,3.77,2,0
20251236542,2025-09-15,2025-09-15,1,41.9114080005222,-7.14542199982537,24.6,24.6,24.6,11.9,11.9,11.9,98.0,98,98,38.0,38,38,0.0,0.0,0.0,0.0,0.0,0.0,0.0,0.0,0.0,14.5,14.5,14.5,35.6,35.6,35.6,321.0,321,321,20.98,20.98,20.98,40437.27,40437.27,40437.27,4.13,4.13,4.13,1,0
20251237396,2025-09-15,2025-09-15,1,39.2793279997508,-7.47001499997245,33.4,33.4,33.4,18.6,18.6,18.6,78.0,78,78,25.0,25,25,0.0,0.0,0.0,0.0,0.0,0.0,0.0,0.0,0.0,16.1,16.1,16.1,33.5,33.5,33.5,323.0,323,323,21.41,21.41,21.41,40551.88,40551.88,40551.88,5.39,5.39,5.39,1,0
20251237727,2025-09-15,2025-09-15,1,41.4535649998983,-7.56066500027974,26.4,26.4,26.4,12.5,12.5,12.5,97.0,97,97,32.0,32,32,0.0,0.0,0.0,0.0,0.0,0.0,0.0,0.0,0.0,14.0,14.0,14.0,28.4,28.4,28.4,320.0,320,320,20.76,20.76,20.76,39761.87,39761.87,39761.87,4.12,4.12,4.12,1,0
20251239360,2025-09-15,2025-09-15,1,38.8014419999388,-9.33086800045437,25.9,25.9,25.9,16.3,16.3,16.3,98.0,98,98,54.0,54,54,0.0,0.0,0.0,0.0,0.0,0.0,0.0,0.0,0.0,23.2,23.2,23.2,52.2,52.2,52.2,353.0,353,353,21.05,21.05,21.05,37131.9,37131.9,37131.9,4.0,4.0,4.0,1,0
20251240039,2025-09-16,2025-09-16,1,41.1426470004188,-7.11600799984402,31.8,31.8,31.8,14.1,14.1,14.1,86.0,86,86,19.0,19,19,0.0,0.0,0.0,0.0,0.0,0.0,0.0,0.0,0.0,6.9,6.9,6.9,20.2,20.2,20.2,360.0,360,360,21.41,21.41,21.41,40732.25,40732.25,40732.25,4.21,4.21,4.21,1,0
20251242187,2025-09-16,2025-09-16,1,41.8805555555556,-7.72833333333333,25.0,25.0,25.0,8.1,8.1,8.1,87.0,87,87,16.0,16,16,0.0,0.0,0.0,0.0,0.0,0.0,0.0,0.0,0.0,10.8,10.8,10.8,23.4,23.4,23.4,115.0,115,115,21.92,21.92,21.92,40855.33,40855.33,40855.33,4.29,4.29,4.29,1,0
20251252286,2025-09-18,2025-09-18,1,41.4477369997236,-8.09782000011868,29.5,29.5,29.5,11.8,11.8,11.8,75.0,75,75,25.0,25,25,0.0,0.0,0.0,0.0,0.0,0.0,0.0,0.0,0.0,12.3,12.3,12.3,31.7,31.7,31.7,32.0,32,32,18.39,18.39,18.39,36602.25,36602.25,36602.25,4.06,4.06,4.06,1,0
20251254727,2025-09-19,2025-09-19,1,41.561337000529,-7.66315000004239,29.8,29.8,29.8,16.5,16.5,16.5,69.0,69,69,27.0,27,27,0.0,0.0,0.0,0.0,0.0,0.0,0.0,0.0,0.0,15.7,15.7,15.7,41.4,41.4,41.4,213.0,213,213,17.48,17.48,17.48,32746.36,32746.36,32746.36,4.22,4.22,4.22,1,0
20251256344,2025-09-19,2025-09-20,2,40.9863199999597,-7.87818700048659,23.45,27.2,19.7,13.0,17.9,8.1,81.0,98,64,33.5,37,30,1.35,2.2,0.5,1.35,2.2,0.5,3.0,5.0,1.0,14.7,16.3,13.1,41.05,45.0,37.1,236.0,281,191,14.355,16.05,12.66,29848.92,29950.04,29747.8,3.0,3.88,2.12,1,0
20251256684,2025-09-19,2025-09-20,2,40.7660200002458,-7.78600700007545,26.950000000000003,30.3,23.6,14.3,17.6,11.0,77.0,88,66,33.5,41,26,0.65,1.3,0.0,0.65,1.3,0.0,1.0,2.0,0.0,19.0,19.9,18.1,44.65,47.9,41.4,241.0,283,199,15.995000000000001,16.05,15.94,34412.979999999996,39600.0,29225.96,3.87,4.64,3.1,1,0
20251257198,2025-09-19,2025-09-25,7,40.4391699997584,-7.90472000016107,25.071428571428573,31.5,21.2,12.171428571428573,18.9,8.9,68.28571428571429,95,51,27.857142857142858,45,22,0.0,0.0,0.0,0.0,0.0,0.0,0.0,0.0,0.0,17.285714285714285,21.7,12.2,37.199999999999996,43.6,25.9,133.71428571428572,340,35,18.924285714285713,20.68,14.72,37705.88285714285,39923.96,25661.72,4.288571428571429,5.33,3.39,7,0
20251259812,2025-09-19,2025-09-20,2,41.7205630000432,-8.2553130001492,22.450000000000003,27.1,17.8,13.85,18.2,9.5,79.0,93,65,47.5,64,31,3.1,6.2,0.0,3.1,6.2,0.0,2.5,5.0,0.0,13.399999999999999,15.2,11.6,41.05,46.1,36.0,227.0,252,202,13.834999999999999,17.9,9.77,30609.855,34706.49,26513.22,2.825,3.99,1.66,1,0
20251260064,2025-09-20,2025-09-20,1,41.8801629998949,-7.72089700010088,14.5,14.5,14.5,5.1,5.1,5.1,92.0,92,92,51.0,51,51,10.7,10.7,10.7,10.7,10.7,10.7,8.0,8.0,8.0,16.3,16.3,16.3,43.2,43.2,43.2,238.0,238,238,11.94,11.94,11.94,26876.43,26876.43,26876.43,2.19,2.19,2.19,0,0
20251266274,2025-09-21,2025-09-26,6,37.2349500000477,-8.82537399980757,23.566666666666666,26.7,20.1,14.166666666666666,15.4,12.0,75.16666666666667,82,65,38.666666666666664,58,28,0.0,0.0,0.0,0.0,0.0,0.0,0.0,0.0,0.0,18.533333333333335,30.1,12.1,40.75,62.3,25.6,258.0,351,35,20.955000000000002,21.48,20.34,39623.98666666667,39689.98,39600.0,4.423333333333333,4.78,4.17,6,1
20251266543,2025-09-21,2025-09-21,1,41.3572222222222,-8.00444444444445,19.0,19.0,19.0,7.2,7.2,7.2,100.0,100,100,40.0,40,40,0.0,0.0,0.0,0.0,0.0,0.0,0.0,0.0,0.0,20.5,20.5,20.5,47.5,47.5,47.5,326.0,326,326,17.63,17.63,17.63,39600.0,39600.0,39600.0,3.18,3.18,3.18,1,0
20251267051,2025-09-21,2025-09-21,1,41.5919299999873,-8.09968299971687,17.0,17.0,17.0,7.2,7.2,7.2,97.0,97,97,44.0,44,44,0.0,0.0,0.0,0.0,0.0,0.0,0.0,0.0,0.0,17.8,17.8,17.8,42.1,42.1,42.1,334.0,334,334,17.27,17.27,17.27,39843.29,39843.29,39843.29,2.88,2.88,2.88,1,0
20251267660,2025-09-21,2025-09-21,1,37.0347222222222,-7.94583333333333,28.3,28.3,28.3,17.4,17.4,17.4,68.0,68,68,16.0,16,16,0.0,0.0,0.0,0.0,0.0,0.0,0.0,0.0,0.0,19.6,19.6,19.6,41.0,41.0,41.0,335.0,335,335,21.13,21.13,21.13,39757.69,39757.69,39757.69,5.88,5.88,5.88,1,0
20251271098,2025-09-22,2025-09-24,3,41.8689480000072,-7.68847700013055,16.400000000000002,17.8,13.8,6.333333333333333,6.9,5.8,87.0,99,70,37.333333333333336,43,34,0.0,0.0,0.0,0.0,0.0,0.0,0.0,0.0,0.0,16.5,25.4,11.8,38.53333333333333,56.2,29.5,188.33333333333334,353,71,19.006666666666668,19.85,18.01,39653.943333333336,39865.71,39479.73,3.0033333333333334,3.19,2.69,3,0
20251271504,2025-09-22,2025-09-23,2,40.4593129995134,-7.60536699983809,18.75,20.3,17.2,7.15,7.8,6.5,77.5,82,73,30.0,30,30,0.0,0.0,0.0,0.0,0.0,0.0,0.0,0.0,0.0,14.75,15.7,13.8,39.4,41.0,37.8,69.5,83,56,20.935,21.08,20.79,40019.54,40082.47,39956.61,3.9050000000000002,4.19,3.62,2,0
20251273932,2025-09-23,2025-09-23,1,41.0788888888889,-8.33222222222222,21.7,21.7,21.7,9.1,9.1,9.1,72.0,72,72,28.0,28,28,0.0,0.0,0.0,0.0,0.0,0.0,0.0,0.0,0.0,12.8,12.8,12.8,31.3,31.3,31.3,69.0,69,69,20.06,20.06,20.06,39759.8,39759.8,39759.8,3.8,3.8,3.8,1,0
20251274765,2025-09-23,2025-09-23,1,41.0716020001305,-7.8658000002967,18.6,18.6,18.6,7.5,7.5,7.5,69.0,69,69,30.0,30,30,0.0,0.0,0.0,0.0,0.0,0.0,0.0,0.0,0.0,16.9,16.9,16.9,49.3,49.3,49.3,91.0,91,91,20.24,20.24,20.24,39832.45,39832.45,39832.45,3.65,3.65,3.65,1,0
20251275187,2025-09-23,2025-09-23,1,40.7236460002263,-8.27870999972026,22.5,22.5,22.5,11.9,11.9,11.9,62.0,62,62,30.0,30,30,0.0,0.0,0.0,0.0,0.0,0.0,0.0,0.0,0.0,20.6,20.6,20.6,52.9,52.9,52.9,74.0,74,74,20.07,20.07,20.07,39758.55,39758.55,39758.55,4.3,4.3,4.3,1,0
20251278734,2025-09-23,2025-09-24,2,41.1865430000093,-8.24204999976688,21.9,22.0,21.8,10.0,10.4,9.6,62.5,63,62,26.0,27,25,0.0,0.0,0.0,0.0,0.0,0.0,0.0,0.0,0.0,19.65,21.3,18.0,45.75,49.0,42.5,89.0,90,88,19.159999999999997,20.08,18.24,39664.375,39761.71,39567.04,3.9450000000000003,3.99,3.9,2,0
20251282896,2025-09-24,2025-09-25,2,41.7166666666667,-7.87194444444444,19.0,20.3,17.7,7.9,8.4,7.4,72.5,76,69,34.5,36,33,0.0,0.0,0.0,0.0,0.0,0.0,0.0,0.0,0.0,11.350000000000001,12.8,9.9,27.200000000000003,30.6,23.8,74.5,76,73,19.285,19.85,18.72,39539.125,39597.32,39480.93,3.32,3.51,3.13,2,0
20251285992,2025-09-25,2025-09-25,1,39.334310000009,-7.51560500038995,27.7,27.7,27.7,14.2,14.2,14.2,37.0,37,37,17.0,17,17,0.0,0.0,0.0,0.0,0.0,0.0,0.0,0.0,0.0,13.9,13.9,13.9,25.6,25.6,25.6,29.0,29,29,20.34,20.34,20.34,39548.48,39548.48,39548.48,5.42,5.42,5.42,1,0
20251291266,2025-09-26,2025-09-27,2,41.843017999861,-7.84969799995422,18.2,19.9,16.5,9.25,9.7,8.8,80.0,95,65,27.0,27,27,2.7,5.4,0.0,2.7,5.4,0.0,5.0,10.0,0.0,18.0,23.1,12.9,45.75,58.7,32.8,189.5,228,151,13.790000000000001,19.69,7.89,22782.865,39425.61,6140.12,2.99,3.68,2.3,1,0
20251292328,2025-09-26,2025-09-26,1,42.0185930000411,-8.14679999987284,20.3,20.3,20.3,9.4,9.4,9.4,72.0,72,72,27.0,27,27,0.0,0.0,0.0,0.0,0.0,0.0,0.0,0.0,0.0,12.0,12.0,12.0,33.5,33.5,33.5,220.0,220,220,19.41,19.41,19.41,39429.53,39429.53,39429.53,3.59,3.59,3.59,1,0
20251293983,2025-09-26,2025-09-27,2,40.2515920000606,-7.5215919997957,22.45,24.9,20.0,13.149999999999999,13.6,12.7,77.5,100,55,21.0,21,21,5.4,10.8,0.0,5.4,10.8,0.0,4.0,8.0,0.0,12.95,13.0,12.9,39.45,44.3,34.6,224.5,280,169,15.67,20.11,11.23,31805.495000000003,39488.11,24122.88,3.35,4.36,2.34,1,0
20251296882,2025-09-27,2025-09-27,1,40.4688709999455,-8.5818940003713,22.2,22.2,22.2,10.5,10.5,10.5,100.0,100,100,50.0,50,50,15.0,15.0,15.0,15.0,15.0,15.0,10.0,10.0,10.0,33.9,33.9,33.9,63.7,63.7,63.7,170.0,170,170,8.18,8.18,8.18,13887.99,13887.99,13887.99,1.89,1.89,1.89,0,1
20251297222,2025-09-27,2025-09-27,1,40.2049720001221,-8.08478000005086,23.0,23.0,23.0,9.2,9.2,9.2,96.0,96,96,38.0,38,38,5.8,5.8,5.8,5.8,5.8,5.8,9.0,9.0,9.0,27.1,27.1,27.1,59.8,59.8,59.8,169.0,169,169,10.4,10.4,10.4,16763.55,16763.55,16763.55,2.33,2.33,2.33,0,0
20251298048,2025-09-27,2025-09-28,2,41.5002599999971,-7.14761199951172,25.4,25.5,25.3,13.05,15.9,10.2,81.0,94,68,29.0,39,19,7.4,12.8,2.0,7.4,12.8,2.0,7.0,12.0,2.0,18.5,19.9,17.1,47.35,49.0,45.7,94.0,148,40,11.145,12.42,9.87,22843.36,27875.99,17810.73,2.88,2.95,2.81,0,0
20251312299,2025-09-30,2025-09-30,1,41.4986111111111,-8.12722222222222,23.4,23.4,23.4,10.2,10.2,10.2,80.0,80,80,31.0,31,31,0.0,0.0,0.0,0.0,0.0,0.0,0.0,0.0,0.0,14.1,14.1,14.1,34.2,34.2,34.2,59.0,59,59,18.35,18.35,18.35,38919.16,38919.16,38919.16,3.58,3.58,3.58,1,0
20251316746,2025-10-01,2025-10-01,1,39.4005880000194,-8.78742699993981,28.7,28.7,28.7,17.3,17.3,17.3,66.0,66,66,33.0,33,33,0.0,0.0,0.0,0.0,0.0,0.0,0.0,0.0,0.0,16.4,16.4,16.4,33.5,33.5,33.5,358.0,358,358,18.3,18.3,18.3,39098.94,39098.94,39098.94,4.43,4.43,4.43,1,0
20251321671,2025-10-02,2025-10-02,1,40.5637330002255,-7.63589799986945,29.0,29.0,29.0,14.5,14.5,14.5,74.0,74,74,26.0,26,26,0.0,0.0,0.0,0.0,0.0,0.0,0.0,0.0,0.0,17.7,17.7,17.7,31.0,31.0,31.0,69.0,69,69,18.14,18.14,18.14,38689.41,38689.41,38689.41,4.34,4.34,4.34,1,0
20251325845,2025-10-03,2025-10-03,1,41.7945519998339,-7.24990699979994,25.0,25.0,25.0,8.7,8.7,8.7,94.0,94,94,24.0,24,24,0.0,0.0,0.0,0.0,0.0,0.0,0.0,0.0,0.0,14.9,14.9,14.9,30.6,30.6,30.6,306.0,306,306,17.05,17.05,17.05,38414.32,38414.32,38414.32,3.41,3.41,3.41,1,0
20251336807,2025-10-05,2025-10-06,2,41.862238000234,-7.743222000334,19.25,20.5,18.0,6.3,7.5,5.1,82.0,100,64,39.0,42,36,0.0,0.0,0.0,0.0,0.0,0.0,0.0,0.0,0.0,15.4,17.6,13.2,35.1,39.2,31.0,104.5,141,68,17.575,17.63,17.52,38245.225,38328.75,38161.7,3.255,3.56,2.95,2,0
