incident_id,start_date,end_date,n_days,lat_first,lon_first,mean_temp_max,temp_max_max,temp_max_min,mean_temp_min,temp_min_max,temp_min_min,rh_max_mean,rh_max_max,rh_max_min,rh_min_mean,rh_min_max,rh_min_min,precip_sum_mean,precip_sum_max,precip_sum_min,rain_sum_mean,rain_sum_max,rain_sum_min,precip_hours_mean,precip_hours_max,precip_hours_min,wind_max_mean,wind_max_max,wind_max_min,gust_max_mean,gust_max_max,gust_max_min,wind_dir_mean,wind_dir_max,wind_dir_min,radiation_mean,radiation_max,radiation_min,sunshine_mean,sunshine_max,sunshine_min,et0_mean,et0_max,et0_min,dry_day_sum,high_wind_sum
2022_01_0006195,2022-01-21,2022-01-22,2,40.9794444444444,-8.11666666666667,8.15,8.4,7.9,0.29999999999999993,1.9,-1.3,80.5,84,77,54.0,55,53,0.0,0.0,0.0,0.0,0.0,0.0,0.0,0.0,0.0,16.2,17.3,15.1,54.55,54.7,54.4,103.5,105,102,10.655000000000001,10.83,10.48,31197.980000000003,31263.72,31132.24,1.375,1.38,1.37,2,0
2022_01_0008319,2022-01-28,2022-01-29,2,40.8145780001746,-8.27305800014072,13.6,14.5,12.7,5.05,5.6,4.5,55.0,57,53,35.5,37,34,0.0,0.0,0.0,0.0,0.0,0.0,0.0,0.0,0.0,19.0,20.7,17.3,54.9,60.5,49.3,90.5,91,90,11.885,11.95,11.82,32280.355,32372.44,32188.27,2.49,2.63,2.35,2,0
2022_01_0011155,2022-02-06,2022-02-06,1,40.9883333333333,-8.10777777777778,11.1,11.1,11.1,0.2,0.2,0.2,83.0,83,83,46.0,46,46,0.0,0.0,0.0,0.0,0.0,0.0,0.0,0.0,0.0,11.6,11.6,11.6,38.2,38.2,38.2,104.0,104,104,12.83,12.83,12.83,33625.16,33625.16,33625.16,1.72,1.72,1.72,1,0
2022_01_0011659,2022-02-08,2022-02-08,1,41.0141666666667,-8.00722222222222,12.8,12.8,12.8,0.6,0.6,0.6,92.0,92,92,47.0,47,47,0.0,0.0,0.0,0.0,0.0,0.0,0.0,0.0,0.0,13.4,13.4,13.4,53.3,53.3,53.3,96.0,96,96,13.06,13.06,13.06,33932.05,33932.05,33932.05,1.85,1.85,1.85,1,0
2022_01_0017883,2022-02-28,2022-02-28,1,40.8721240001255,-8.29395499971178,13.7,13.7,13.7,2.3,2.3,2.3,100.0,100,100,57.0,57,57,0.0,0.0,0.0,0.0,0.0,0.0,0.0,0.0,0.0,11.5,11.5,11.5,33.5,33.5,33.5,153.0,153,153,15.12,15.12,15.12,34630.68,34630.68,34630.68,2.08,2.08,2.08,1,0
2022_01_0028549,2022-04-04,2022-04-04,1,40.9768050003052,-8.15765000025431,11.9,11.9,11.9,0.1,0.1,0.1,63.0,63,63,31.0,31,31,0.0,0.0,0.0,0.0,0.0,0.0,0.0,0.0,0.0,18.0,18.0,18.0,46.8,46.8,46.8,83.0,83,83,24.25,24.25,24.25,42125.71,42125.71,42125.71,3.39,3.39,3.39,1,0
2022_01_0060403,2022-07-07,2022-07-09,3,40.6440270000034,-8.33496900002162,34.1,35.1,33.2,21.066666666666666,21.6,20.7,72.33333333333333,75,70,25.0,27,23,0.0,0.0,0.0,0.0,0.0,0.0,0.0,0.0,0.0,29.8,35.1,21.8,54.23333333333333,63.4,41.0,53.0,63,33,29.96666666666667,30.25,29.74,49574.08666666667,49600.64,49546.7,8.103333333333333,8.51,7.7,3,2
2022_01_0060450,2022-07-07,2022-07-07,1,40.7439329995049,-8.47766400019328,33.3,33.3,33.3,21.8,21.8,21.8,74.0,74,74,28.0,28,28,0.0,0.0,0.0,0.0,0.0,0.0,0.0,0.0,0.0,33.6,33.6,33.6,60.8,60.8,60.8,67.0,67,67,29.75,29.75,29.75,49616.48,49616.48,49616.48,8.22,8.22,8.22,1,1
2022_01_0061252,2022-07-09,2022-07-09,1,41.0458333333333,-8.45944444444445,35.0,35.0,35.0,21.2,21.2,21.2,71.0,71,71,31.0,31,31,0.0,0.0,0.0,0.0,0.0,0.0,0.0,0.0,0.0,13.9,13.9,13.9,30.2,30.2,30.2,11.0,11,11,30.02,30.02,30.02,49625.94,49625.94,49625.94,7.5,7.5,7.5,1,0
2022_01_0062374,2022-07-12,2022-07-12,1,40.7917359998491,-8.45065999997987,39.7,39.7,39.7,27.0,27.0,27.0,53.0,53,53,19.0,19,19,0.0,0.0,0.0,0.0,0.0,0.0,0.0,0.0,0.0,23.6,23.6,23.6,45.0,45.0,45.0,83.0,83,83,26.92,26.92,26.92,42891.78,42891.78,42891.78,9.18,9.18,9.18,1,0
2022_01_0062745,2022-07-13,2022-07-15,3,40.7664019997915,-8.50894499990675,34.36666666666667,39.2,28.7,21.433333333333334,23.3,18.6,69.66666666666667,89,52,33.666666666666664,52,23,0.0,0.0,0.0,0.0,0.0,0.0,0.0,0.0,0.0,19.966666666666665,26.0,15.5,39.73333333333333,46.8,33.5,225.66666666666666,360,18,24.159999999999997,26.77,21.72,42372.829999999994,48976.11,32809.07,6.646666666666667,8.07,5.3,3,0
2022_01_0067400,2022-07-25,2022-07-25,1,40.8617929999034,-8.42658699989319,29.0,29.0,29.0,13.8,13.8,13.8,96.0,96,96,40.0,40,40,0.0,0.0,0.0,0.0,0.0,0.0,0.0,0.0,0.0,16.8,16.8,16.8,43.9,43.9,43.9,358.0,358,358,28.22,28.22,28.22,48004.96,48004.96,48004.96,5.71,5.71,5.71,1,0
2022_01_0078608,2022-08-28,2022-08-28,1,40.5770030000475,-8.57600900014242,26.5,26.5,26.5,14.8,14.8,14.8,100.0,100,100,49.0,49,49,0.0,0.0,0.0,0.0,0.0,0.0,0.0,0.0,0.0,15.2,15.2,15.2,34.9,34.9,34.9,297.0,297,297,22.2,22.2,22.2,43601.3,43601.3,43601.3,4.35,4.35,4.35,1,0
2022_02_0016962,2022-07-07,2022-07-07,1,38.0152777777778,-7.54444444444444,38.3,38.3,38.3,19.6,19.6,19.6,85.0,85,85,15.0,15,15,0.0,0.0,0.0,0.0,0.0,0.0,0.0,0.0,0.0,13.6,13.6,13.6,24.8,24.8,24.8,300.0,300,300,29.69,29.69,29.69,47927.54,47927.54,47927.54,6.98,6.98,6.98,1,0
2022_02_0017430,2022-07-12,2022-07-13,2,37.9897222222222,-7.34111111111111,41.45,42.6,40.3,23.6,23.6,23.6,39.5,44,35,8.0,8,8,0.0,0.0,0.0,0.0,0.0,0.0,0.0,0.0,0.0,17.9,19.0,16.8,40.35,40.7,40.0,151.0,161,141,24.98,28.35,21.61,42949.345,47386.34,38512.35,8.34,8.85,7.83,2,0
2022_02_0019270,2022-07-31,2022-08-01,2,37.9927777777778,-7.53638888888889,40.3,40.4,40.2,23.55,23.8,23.3,53.5,56,51,16.0,16,16,0.0,0.0,0.0,0.0,0.0,0.0,0.0,0.0,0.0,17.4,19.9,14.9,34.35,41.0,27.7,267.5,276,259,27.69,27.71,27.67,46792.42,46800.0,46784.84,7.359999999999999,7.79,6.93,2,0
2022_03_0005006,2022-01-18,2022-01-19,2,41.6676980000072,-8.23325700018141,13.5,14.0,13.0,3.3,3.4,3.2,84.5,85,84,53.5,58,49,0.0,0.0,0.0,0.0,0.0,0.0,0.0,0.0,0.0,8.850000000000001,9.4,8.3,20.15,22.7,17.6,84.5,89,80,9.855,10.05,9.66,30824.15,30843.52,30804.78,1.35,1.35,1.35,2,0
2022_03_0005285,2022-01-19,2022-01-19,1,41.4655555555556,-8.07611111111111,11.2,11.2,11.2,-1.7,-1.7,-1.7,78.0,78,78,41.0,41,41,0.0,0.0,0.0,0.0,0.0,0.0,0.0,0.0,0.0,8.4,8.4,8.4,20.5,20.5,20.5,87.0,87,87,10.34,10.34,10.34,30959.82,30959.82,30959.82,1.36,1.36,1.36,1,0
2022_03_0005488,2022-01-20,2022-01-20,1,41.5491666666667,-8.12611111111111,10.1,10.1,10.1,2.2,2.2,2.2,69.0,69,69,49.0,49,49,0.0,0.0,0.0,0.0,0.0,0.0,0.0,0.0,0.0,15.1,15.1,15.1,37.1,37.1,37.1,64.0,64,64,10.22,10.22,10.22,30939.17,30939.17,30939.17,1.61,1.61,1.61,1,0
2022_03_0006060,2022-01-22,2022-01-22,1,41.4994830004374,-8.51146700011359,11.7,11.7,11.7,3.5,3.5,3.5,67.0,67,67,48.0,48,48,0.0,0.0,0.0,0.0,0.0,0.0,0.0,0.0,0.0,21.6,21.6,21.6,41.0,41.0,41.0,95.0,95,95,10.29,10.29,10.29,31000.15,31000.15,31000.15,2.06,2.06,2.06,1,0
2022_03_0006242,2022-01-22,2022-01-22,1,41.5074770000246,-8.13585999992159,7.7,7.7,7.7,-0.8,-0.8,-0.8,75.0,75,75,50.0,50,50,0.0,0.0,0.0,0.0,0.0,0.0,0.0,0.0,0.0,22.8,22.8,22.8,54.0,54.0,54.0,68.0,68,68,10.58,10.58,10.58,31106.78,31106.78,31106.78,1.59,1.59,1.59,1,0
2022_03_0006312,2022-01-22,2022-01-23,2,41.6462909995185,-8.14633399963379,10.75,11.6,9.9,2.35,2.7,2.0,71.5,80,63,47.0,47,47,0.0,0.0,0.0,0.0,0.0,0.0,0.0,0.0,0.0,17.65,22.7,12.6,42.3,53.3,31.3,90.5,93,88,10.54,10.62,10.46,31073.775,31103.0,31044.55,1.815,1.94,1.69,2,0
2022_03_0006366,2022-01-23,2022-01-23,1,41.5802530002594,-8.01563300026788,8.2,8.2,8.2,-2.4,-2.4,-2.4,78.0,78,78,48.0,48,48,0.0,0.0,0.0,0.0,0.0,0.0,0.0,0.0,0.0,12.4,12.4,12.4,32.0,32.0,32.0,47.0,47,47,10.84,10.84,10.84,31209.33,31209.33,31209.33,1.33,1.33,1.33,1,0
2022_03_0006479,2022-01-23,2022-01-23,1,41.5803249994914,-8.01470499992371,8.3,8.3,8.3,-2.4,-2.4,-2.4,78.0,78,78,48.0,48,48,0.0,0.0,0.0,0.0,0.0,0.0,0.0,0.0,0.0,12.4,12.4,12.4,32.0,32.0,32.0,47.0,47,47,10.84,10.84,10.84,31209.33,31209.33,31209.33,1.33,1.33,1.33,1,0
2022_03_0007219,2022-01-25,2022-01-25,1,41.6734619998932,-8.09320199966431,9.0,9.0,9.0,1.0,1.0,1.0,81.0,81,81,54.0,54,54,0.0,0.0,0.0,0.0,0.0,0.0,0.0,0.0,0.0,12.3,12.3,12.3,33.8,33.8,33.8,77.0,77,77,10.8,10.8,10.8,31351.62,31351.62,31351.62,1.37,1.37,1.37,1,0
2022_03_0007548,2022-01-26,2022-01-27,2,41.5813888888889,-8.07,12.65,14.3,11.0,5.55,5.8,5.3,71.0,74,68,47.0,50,44,0.0,0.0,0.0,0.0,0.0,0.0,0.0,0.0,0.0,18.4,19.1,17.7,43.95,44.3,43.6,79.5,83,76,10.879999999999999,10.9,10.86,31551.825,31624.34,31479.31,1.975,2.18,1.77,2,0
2022_03_0008042,2022-01-28,2022-01-28,1,41.5130555555556,-8.10388888888889,12.1,12.1,12.1,0.7,0.7,0.7,68.0,68,68,35.0,35,35,0.0,0.0,0.0,0.0,0.0,0.0,0.0,0.0,0.0,15.6,15.6,15.6,45.4,45.4,45.4,61.0,61,61,11.78,11.78,11.78,31907.2,31907.2,31907.2,2.07,2.07,2.07,1,0
2022_03_0008095,2022-01-28,2022-01-28,1,41.6757830005222,-8.08316800011529,11.9,11.9,11.9,4.5,4.5,4.5,51.0,51,51,31.0,31,31,0.0,0.0,0.0,0.0,0.0,0.0,0.0,0.0,0.0,18.4,18.4,18.4,56.2,56.2,56.2,75.0,75,75,11.72,11.72,11.72,31921.82,31921.82,31921.82,2.72,2.72,2.72,1,0
2022_03_0008114,2022-01-28,2022-01-28,1,41.5761111111111,-7.96277777777778,11.1,11.1,11.1,-1.5,-1.5,-1.5,77.0,77,77,32.0,32,32,0.0,0.0,0.0,0.0,0.0,0.0,0.0,0.0,0.0,15.1,15.1,15.1,43.6,43.6,43.6,54.0,54,54,11.82,11.82,11.82,31904.08,31904.08,31904.08,1.89,1.89,1.89,1,0
2022_03_0008168,2022-01-28,2022-01-29,2,41.6768199994829,-8.30226500007841,14.85,15.6,14.1,6.25,6.6,5.9,51.0,54,48,31.0,32,30,0.0,0.0,0.0,0.0,0.0,0.0,0.0,0.0,0.0,17.5,18.2,16.8,43.05,45.4,40.7,80.0,82,78,11.675,11.73,11.62,31996.46,32085.89,31907.03,2.88,2.94,2.82,2,0
2022_03_0008180,2022-01-28,2022-01-29,2,41.6278219996558,-8.25243299987581,13.95,14.7,13.2,5.300000000000001,5.7,4.9,51.0,54,48,30.5,32,29,0.0,0.0,0.0,0.0,0.0,0.0,0.0,0.0,0.0,17.5,18.2,16.8,43.05,45.4,40.7,80.0,82,78,11.675,11.73,11.62,31996.46,32085.89,31907.03,2.79,2.85,2.73,2,0
2022_03_0008182,2022-01-28,2022-01-28,1,41.7733333333333,-8.24916666666667,10.9,10.9,10.9,-1.0,-1.0,-1.0,69.0,69,69,23.0,23,23,0.0,0.0,0.0,0.0,0.0,0.0,0.0,0.0,0.0,12.7,12.7,12.7,53.3,53.3,53.3,67.0,67,67,11.78,11.78,11.78,31881.39,31881.39,31881.39,1.95,1.95,1.95,1,0
2022_03_0008253,2022-01-29,2022-01-29,1,41.5808299997118,-8.35111000001431,16.0,16.0,16.0,5.5,5.5,5.5,56.0,56,56,31.0,31,31,0.0,0.0,0.0,0.0,0.0,0.0,0.0,0.0,0.0,17.3,17.3,17.3,41.4,41.4,41.4,91.0,91,91,11.66,11.66,11.66,32091.08,32091.08,32091.08,2.8,2.8,2.8,1,0
2022_03_0008389,2022-01-29,2022-01-29,1,41.5191969998678,-8.26109699991014,14.8,14.8,14.8,4.8,4.8,4.8,53.0,53,53,35.0,35,35,0.0,0.0,0.0,0.0,0.0,0.0,0.0,0.0,0.0,19.8,19.8,19.8,40.7,40.7,40.7,78.0,78,78,11.75,11.75,11.75,32125.31,32125.31,32125.31,2.81,2.81,2.81,1,0
2022_03_0008391,2022-01-29,2022-01-29,1,41.7387869999144,-8.32344199975332,16.6,16.6,16.6,0.6,0.6,0.6,70.0,70,70,41.0,41,41,0.0,0.0,0.0,0.0,0.0,0.0,0.0,0.0,0.0,10.8,10.8,10.8,29.9,29.9,29.9,54.0,54,54,11.69,11.69,11.69,32051.73,32051.73,32051.73,1.94,1.94,1.94,1,0
2022_03_0008417,2022-01-29,2022-01-29,1,41.6909380001492,-8.04327299965752,16.8,16.8,16.8,4.5,4.5,4.5,58.0,58,58,28.0,28,28,0.0,0.0,0.0,0.0,0.0,0.0,0.0,0.0,0.0,14.2,14.2,14.2,40.3,40.3,40.3,74.0,74,74,11.75,11.75,11.75,32066.03,32066.03,32066.03,2.46,2.46,2.46,1,0
2022_03_0008441,2022-01-29,2022-01-29,1,41.7343300000164,-8.30211000005404,16.9,16.9,16.9,0.9,0.9,0.9,70.0,70,70,42.0,42,42,0.0,0.0,0.0,0.0,0.0,0.0,0.0,0.0,0.0,10.8,10.8,10.8,29.9,29.9,29.9,54.0,54,54,11.69,11.69,11.69,32051.73,32051.73,32051.73,1.95,1.95,1.95,1,0
2022_03_0008444,2022-01-29,2022-01-29,1,41.43,-8.14083333333333,14.0,14.0,14.0,-1.3,-1.3,-1.3,74.0,74,74,38.0,38,38,0.0,0.0,0.0,0.0,0.0,0.0,0.0,0.0,0.0,13.7,13.7,13.7,35.3,35.3,35.3,74.0,74,74,11.84,11.84,11.84,32159.22,32159.22,32159.22,1.91,1.91,1.91,1,0
2022_03_0008446,2022-01-29,2022-01-29,1,41.5436111111111,-8.03805555555556,13.0,13.0,13.0,-1.7,-1.7,-1.7,70.0,70,70,35.0,35,35,0.0,0.0,0.0,0.0,0.0,0.0,0.0,0.0,0.0,13.9,13.9,13.9,37.4,37.4,37.4,64.0,64,64,11.92,11.92,11.92,32153.29,32153.29,32153.29,1.92,1.92,1.92,1,0
2022_03_0008615,2022-01-30,2022-01-30,1,41.631454000473,-8.09951800028483,15.6,15.6,15.6,4.6,4.6,4.6,66.0,66,66,33.0,33,33,0.0,0.0,0.0,0.0,0.0,0.0,0.0,0.0,0.0,11.9,11.9,11.9,30.6,30.6,30.6,87.0,87,87,11.53,11.53,11.53,32190.72,32190.72,32190.72,2.29,2.29,2.29,1,0
2022_03_0008771,2022-01-30,2022-01-30,1,41.5691666666667,-7.83722222222222,13.6,13.6,13.6,-1.5,-1.5,-1.5,67.0,67,67,21.0,21,21,0.0,0.0,0.0,0.0,0.0,0.0,0.0,0.0,0.0,12.2,12.2,12.2,29.2,29.2,29.2,50.0,50,50,11.78,11.78,11.78,32254.6,32254.6,32254.6,1.96,1.96,1.96,1,0
2022_03_0008793,2022-01-30,2022-01-30,1,41.5283333333333,-8.03111111111111,13.3,13.3,13.3,-1.4,-1.4,-1.4,70.0,70,70,33.0,33,33,0.0,0.0,0.0,0.0,0.0,0.0,0.0,0.0,0.0,11.8,11.8,11.8,30.2,30.2,30.2,59.0,59,59,11.73,11.73,11.73,32259.31,32259.31,32259.31,1.84,1.84,1.84,1,0
2022_03_0008817,2022-01-30,2022-01-30,1,41.5372222222222,-8.09805555555556,12.3,12.3,12.3,-2.5,-2.5,-2.5,69.0,69,69,33.0,33,33,0.0,0.0,0.0,0.0,0.0,0.0,0.0,0.0,0.0,11.8,11.8,11.8,30.2,30.2,30.2,59.0,59,59,11.73,11.73,11.73,32259.31,32259.31,32259.31,1.78,1.78,1.78,1,0
2022_03_0008936,2022-01-31,2022-01-31,1,41.5450820000966,-8.31461499955919,15.9,15.9,15.9,0.3,0.3,0.3,81.0,81,81,40.0,40,40,0.0,0.0,0.0,0.0,0.0,0.0,0.0,0.0,0.0,10.5,10.5,10.5,23.4,23.4,23.4,83.0,83,83,11.76,11.76,11.76,32497.25,32497.25,32497.25,1.7,1.7,1.7,1,0
2022_03_0009236,2022-01-31,2022-02-01,2,41.6477820004357,-8.10941299968296,15.2,15.7,14.7,3.8,5.5,2.1,73.0,77,69,39.5,44,35,0.0,0.0,0.0,0.0,0.0,0.0,0.0,0.0,0.0,15.450000000000001,18.1,12.8,38.5,46.4,30.6,71.0,80,62,11.625,11.81,11.44,32436.260000000002,32489.58,32382.94,2.0500000000000003,2.24,1.86,2,0
2022_03_0009417,2022-02-01,2022-02-01,1,41.7238169998593,-8.24011800024245,12.6,12.6,12.6,2.7,2.7,2.7,73.0,73,73,50.0,50,50,0.0,0.0,0.0,0.0,0.0,0.0,0.0,0.0,0.0,13.1,13.1,13.1,58.7,58.7,58.7,71.0,71,71,11.57,11.57,11.57,32578.91,32578.91,32578.91,1.82,1.82,1.82,1,0
2022_03_0009514,2022-02-01,2022-02-02,2,41.6825,-8.24222222222222,13.350000000000001,14.3,12.4,5.199999999999999,6.6,3.8,73.0,79,67,51.5,53,50,0.0,0.0,0.0,0.0,0.0,0.0,0.0,0.0,0.0,22.8,25.8,19.8,70.4,77.8,63.0,80.0,85,75,11.695,11.86,11.53,32655.725,32805.97,32505.48,2.09,2.15,2.03,2,0
2022_03_0011768,2022-02-09,2022-02-09,1,41.5166666666667,-8.22361111111111,16.5,16.5,16.5,4.9,4.9,4.9,86.0,86,86,52.0,52,52,0.0,0.0,0.0,0.0,0.0,0.0,0.0,0.0,0.0,12.8,12.8,12.8,24.1,24.1,24.1,70.0,70,70,12.69,12.69,12.69,33949.47,33949.47,33949.47,2.02,2.02,2.02,1,0
2022_03_0012199,2022-02-10,2022-02-10,1,41.6738888888889,-7.98916666666667,13.5,13.5,13.5,4.5,4.5,4.5,92.0,92,92,62.0,62,62,0.5,0.5,0.5,0.5,0.5,0.5,2.0,2.0,2.0,14.2,14.2,14.2,33.5,33.5,33.5,277.0,277,277,12.03,12.03,12.03,32004.33,32004.33,32004.33,1.65,1.65,1.65,1,0
2022_03_0012339,2022-02-10,2022-02-10,1,41.7530555555556,-8.30916666666667,14.9,14.9,14.9,5.6,5.6,5.6,92.0,92,92,51.0,51,51,0.3,0.3,0.3,0.3,0.3,0.3,1.0,1.0,1.0,11.8,11.8,11.8,34.2,34.2,34.2,181.0,181,181,11.91,11.91,11.91,34048.83,34048.83,34048.83,1.77,1.77,1.77,1,0
2022_03_0016535,2022-02-24,2022-02-25,2,41.7349549999502,-8.22598999977112,14.05,14.8,13.3,5.4,5.5,5.3,71.5,75,68,50.0,58,42,0.0,0.0,0.0,0.0,0.0,0.0,0.0,0.0,0.0,17.0,17.5,16.5,51.15,53.3,49.0,63.0,71,55,14.754999999999999,15.4,14.11,34211.630000000005,34575.68,33847.58,2.38,2.66,2.1,2,0
2022_03_0016847,2022-02-25,2022-02-25,1,41.7305599996779,-8.33443999999099,17.3,17.3,17.3,4.1,4.1,4.1,82.0,82,82,40.0,40,40,0.0,0.0,0.0,0.0,0.0,0.0,0.0,0.0,0.0,11.4,11.4,11.4,37.8,37.8,37.8,49.0,49,49,15.45,15.45,15.45,35471.67,35471.67,35471.67,2.53,2.53,2.53,1,0
2022_03_0017024,2022-02-26,2022-02-26,1,41.5955555555556,-8.19388888888889,13.3,13.3,13.3,6.5,6.5,6.5,92.0,92,92,51.0,51,51,0.0,0.0,0.0,0.0,0.0,0.0,0.0,0.0,0.0,21.6,21.6,21.6,51.5,51.5,51.5,91.0,91,91,13.01,13.01,13.01,34242.29,34242.29,34242.29,2.48,2.48,2.48,1,0
2022_03_0017654,2022-02-28,2022-02-28,1,41.4194444444444,-8.22027777777778,17.1,17.1,17.1,4.7,4.7,4.7,96.0,96,96,53.0,53,53,0.0,0.0,0.0,0.0,0.0,0.0,0.0,0.0,0.0,10.8,10.8,10.8,24.1,24.1,24.1,114.0,114,114,14.01,14.01,14.01,33202.64,33202.64,33202.64,2.2,2.2,2.2,1,0
2022_03_0023239,2022-03-19,2022-03-19,1,41.6281529998779,-8.17542800002628,16.2,16.2,16.2,8.5,8.5,8.5,76.0,76,76,48.0,48,48,0.0,0.0,0.0,0.0,0.0,0.0,0.0,0.0,0.0,16.9,16.9,16.9,41.8,41.8,41.8,111.0,111,111,17.59,17.59,17.59,39319.97,39319.97,39319.97,2.99,2.99,2.99,1,0
2022_03_0025044,2022-03-25,2022-03-25,1,41.53,-8.03888888888889,15.6,15.6,15.6,7.2,7.2,7.2,88.0,88,88,52.0,52,52,1.9,1.9,1.9,1.9,1.9,1.9,3.0,3.0,3.0,18.1,18.1,18.1,46.1,46.1,46.1,69.0,69,69,14.1,14.1,14.1,35654.0,35654.0,35654.0,2.29,2.29,2.29,0,0
2022_03_0026164,2022-03-28,2022-03-28,1,41.4730555555556,-8.09944444444444,17.4,17.4,17.4,8.1,8.1,8.1,84.0,84,84,52.0,52,52,0.0,0.0,0.0,0.0,0.0,0.0,0.0,0.0,0.0,10.1,10.1,10.1,27.4,27.4,27.4,74.0,74,74,16.97,16.97,16.97,31888.73,31888.73,31888.73,2.79,2.79,2.79,1,0
2022_03_0026218,2022-03-29,2022-03-29,1,41.4933333333333,-8.09555555555556,16.6,16.6,16.6,7.4,7.4,7.4,88.0,88,88,55.0,55,55,5.5,5.5,5.5,5.5,5.5,5.5,5.0,5.0,5.0,11.6,11.6,11.6,33.5,33.5,33.5,41.0,41,41,17.13,17.13,17.13,40583.73,40583.73,40583.73,2.62,2.62,2.62,0,0
2022_03_0026753,2022-03-30,2022-03-30,1,41.415,-8.1575,14.8,14.8,14.8,3.4,3.4,3.4,97.0,97,97,49.0,49,49,0.0,0.0,0.0,0.0,0.0,0.0,0.0,0.0,0.0,17.1,17.1,17.1,37.4,37.4,37.4,321.0,321,321,18.94,18.94,18.94,41313.16,41313.16,41313.16,2.72,2.72,2.72,1,0
2022_03_0028274,2022-04-04,2022-04-04,1,41.4122222222222,-8.00916666666667,13.5,13.5,13.5,1.5,1.5,1.5,63.0,63,63,30.0,30,30,0.0,0.0,0.0,0.0,0.0,0.0,0.0,0.0,0.0,23.1,23.1,23.1,61.2,61.2,61.2,67.0,67,67,24.26,24.26,24.26,42258.77,42258.77,42258.77,3.73,3.73,3.73,1,0
2022_03_0028491,2022-04-05,2022-04-05,1,41.7362920000818,-8.29715499983893,15.3,15.3,15.3,0.4,0.4,0.4,81.0,81,81,35.0,35,35,0.0,0.0,0.0,0.0,0.0,0.0,0.0,0.0,0.0,13.6,13.6,13.6,30.6,30.6,30.6,40.0,40,40,18.41,18.41,18.41,35468.91,35468.91,35468.91,2.8,2.8,2.8,1,0
2022_03_0031981,2022-04-17,2022-04-17,1,41.5311111111111,-8.03,22.0,22.0,22.0,9.4,9.4,9.4,100.0,100,100,37.0,37,37,0.0,0.0,0.0,0.0,0.0,0.0,0.0,0.0,0.0,11.0,11.0,11.0,26.6,26.6,26.6,3.0,3,3,22.05,22.05,22.05,42436.85,42436.85,42436.85,3.84,3.84,3.84,1,0
2022_03_0032419,2022-04-19,2022-04-19,1,41.6915400001738,-8.21466000027127,11.5,11.5,11.5,4.1,4.1,4.1,88.0,88,88,53.0,53,53,1.2,1.2,1.2,1.2,1.2,1.2,5.0,5.0,5.0,24.5,24.5,24.5,72.4,72.4,72.4,5.0,5,5,23.0,23.0,23.0,45352.51,45352.51,45352.51,2.85,2.85,2.85,0,0
2022_03_0032928,2022-04-20,2022-04-21,2,41.4526019999716,-8.39110500017802,14.45,15.3,13.6,4.199999999999999,4.6,3.8,90.5,94,87,50.0,59,41,4.25,8.5,0.0,4.25,8.5,0.0,6.0,12.0,0.0,22.9,23.3,22.5,51.45,53.6,49.3,275.5,344,207,18.535,22.5,14.57,38136.94,45465.95,30807.93,2.91,3.61,2.21,1,0
2022_03_0037525,2022-05-06,2022-05-06,1,41.4208333333333,-8.01166666666667,23.8,23.8,23.8,10.0,10.0,10.0,91.0,91,91,36.0,36,36,0.0,0.0,0.0,0.0,0.0,0.0,0.0,0.0,0.0,12.1,12.1,12.1,30.2,30.2,30.2,70.0,70,70,28.08,28.08,28.08,46800.0,46800.0,46800.0,4.95,4.95,4.95,1,0
2022_03_0037839,2022-05-07,2022-05-07,1,41.7350920000341,-8.44436999956767,23.8,23.8,23.8,10.2,10.2,10.2,83.0,83,83,39.0,39,39,0.0,0.0,0.0,0.0,0.0,0.0,0.0,0.0,0.0,9.1,9.1,9.1,23.4,23.4,23.4,26.0,26,26,25.52,25.52,25.52,45888.21,45888.21,45888.21,4.75,4.75,4.75,1,0
2022_03_0038066,2022-05-07,2022-05-08,2,41.4588888888889,-8.04666666666667,23.95,24.4,23.5,10.2,11.4,9.0,83.0,84,82,31.5,35,28,0.0,0.0,0.0,0.0,0.0,0.0,0.0,0.0,0.0,10.35,12.0,8.7,27.0,30.6,23.4,71.5,89,54,27.28,27.42,27.14,45318.475,46840.61,43796.34,5.025,5.07,4.98,2,0
2022_03_0038131,2022-05-07,2022-05-08,2,41.7388469998042,-8.31063799964057,25.1,25.6,24.6,11.45,11.9,11.0,84.5,86,83,40.0,41,39,0.0,0.0,0.0,0.0,0.0,0.0,0.0,0.0,0.0,9.55,10.0,9.1,23.6,23.8,23.4,191.0,356,26,26.189999999999998,26.86,25.52,44564.43,45888.21,43240.65,4.98,5.12,4.84,2,0
2022_03_0038335,2022-05-08,2022-05-08,1,41.5616666666667,-8.12305555555556,24.4,24.4,24.4,11.2,11.2,11.2,91.0,91,91,42.0,42,42,0.0,0.0,0.0,0.0,0.0,0.0,0.0,0.0,0.0,11.7,11.7,11.7,26.3,26.3,26.3,33.0,33,33,27.03,27.03,27.03,42513.52,42513.52,42513.52,5.19,5.19,5.19,1,0
2022_03_0038411,2022-05-08,2022-05-09,2,41.4719444444444,-8.10277777777778,25.4,25.7,25.1,11.399999999999999,11.6,11.2,90.5,91,90,37.5,40,35,0.0,0.0,0.0,0.0,0.0,0.0,0.0,0.0,0.0,10.9,11.8,10.0,27.7,29.5,25.9,190.0,356,24,27.695,28.25,27.14,45024.229999999996,46836.59,43211.87,5.234999999999999,5.34,5.13,2,0
2022_03_0039398,2022-05-11,2022-05-11,1,41.3558333333333,-8.11972222222222,22.9,22.9,22.9,8.8,8.8,8.8,100.0,100,100,44.0,44,44,0.0,0.0,0.0,0.0,0.0,0.0,0.0,0.0,0.0,12.4,12.4,12.4,28.4,28.4,28.4,260.0,260,260,27.86,27.86,27.86,43179.6,43179.6,43179.6,4.73,4.73,4.73,1,0
2022_03_0055988,2022-06-30,2022-06-30,1,41.5561580000983,-8.25062700000074,23.1,23.1,23.1,11.7,11.7,11.7,88.0,88,88,46.0,46,46,0.0,0.0,0.0,0.0,0.0,0.0,0.0,0.0,0.0,21.4,21.4,21.4,48.2,48.2,48.2,329.0,329,329,26.92,26.92,26.92,46952.11,46952.11,46952.11,4.68,4.68,4.68,1,0
2022_03_0057668,2022-07-05,2022-07-05,1,41.6142700004578,-8.52621200031704,28.9,28.9,28.9,16.5,16.5,16.5,100.0,100,100,49.0,49,49,0.0,0.0,0.0,0.0,0.0,0.0,0.0,0.0,0.0,11.2,11.2,11.2,27.0,27.0,27.0,31.0,31,31,27.55,27.55,27.55,44914.83,44914.83,44914.83,5.36,5.36,5.36,1,0
2022_03_0058579,2022-07-08,2022-07-08,1,41.5779709996118,-8.26783999999364,33.3,33.3,33.3,20.4,20.4,20.4,76.0,76,76,27.0,27,27,0.0,0.0,0.0,0.0,0.0,0.0,0.0,0.0,0.0,19.5,19.5,19.5,45.4,45.4,45.4,75.0,75,75,30.46,30.46,30.46,50048.7,50048.7,50048.7,7.72,7.72,7.72,1,0
2022_03_0058972,2022-07-09,2022-07-09,1,41.4527000000742,-8.43658300002416,34.9,34.9,34.9,19.6,19.6,19.6,75.0,75,75,23.0,23,23,0.0,0.0,0.0,0.0,0.0,0.0,0.0,0.0,0.0,20.5,20.5,20.5,42.1,42.1,42.1,95.0,95,95,30.19,30.19,30.19,49876.75,49876.75,49876.75,7.62,7.62,7.62,1,0
2022_03_0059012,2022-07-09,2022-07-09,1,41.434439999991,-8.51166700045268,36.7,36.7,36.7,20.5,20.5,20.5,75.0,75,75,22.0,22,22,0.0,0.0,0.0,0.0,0.0,0.0,0.0,0.0,0.0,20.8,20.8,20.8,40.0,40.0,40.0,94.0,94,94,30.06,30.06,30.06,49821.38,49821.38,49821.38,7.94,7.94,7.94,1,0
2022_03_0059019,2022-07-09,2022-07-09,1,41.5069444444444,-8.14555555555556,32.7,32.7,32.7,17.9,17.9,17.9,69.0,69,69,23.0,23,23,0.0,0.0,0.0,0.0,0.0,0.0,0.0,0.0,0.0,17.3,17.3,17.3,39.2,39.2,39.2,59.0,59,59,30.48,30.48,30.48,50061.71,50061.71,50061.71,7.09,7.09,7.09,1,0
2022_03_0059043,2022-07-09,2022-07-09,1,41.4322222222222,-8.09805555555556,32.2,32.2,32.2,15.8,15.8,15.8,62.0,62,62,22.0,22,22,0.0,0.0,0.0,0.0,0.0,0.0,0.0,0.0,0.0,14.1,14.1,14.1,34.9,34.9,34.9,66.0,66,66,30.4,30.4,30.4,50044.07,50044.07,50044.07,6.77,6.77,6.77,1,0
2022_03_0060142,2022-07-12,2022-07-12,1,41.4194444444444,-8.16888888888889,37.2,37.2,37.2,22.7,22.7,22.7,77.0,77,77,21.0,21,21,0.0,0.0,0.0,0.0,0.0,0.0,0.0,0.0,0.0,16.7,16.7,16.7,37.1,37.1,37.1,62.0,62,62,28.18,28.18,28.18,49150.72,49150.72,49150.72,7.82,7.82,7.82,1,0
2022_03_0060337,2022-07-13,2022-07-13,1,41.4255555555556,-8.155,36.1,36.1,36.1,23.7,23.7,23.7,62.0,62,62,30.0,30,30,0.0,0.0,0.0,0.0,0.0,0.0,0.0,0.0,0.0,14.7,14.7,14.7,31.0,31.0,31.0,42.0,42,42,25.83,25.83,25.83,47467.48,47467.48,47467.48,7.08,7.08,7.08,1,0
2022_03_0060372,2022-07-13,2022-07-14,2,41.5238888888889,-8.19055555555556,36.099999999999994,36.9,35.3,23.35,24.6,22.1,59.0,68,50,29.0,32,26,0.05,0.1,0.0,0.05,0.1,0.0,0.5,1.0,0.0,16.65,16.7,16.6,41.55,45.7,37.4,49.5,50,49,25.740000000000002,26.41,25.07,44675.34,49142.48,40208.2,7.24,7.35,7.13,2,0
2022_03_0060429,2022-07-13,2022-07-13,1,41.3525,-8.02611111111111,35.5,35.5,35.5,21.7,21.7,21.7,61.0,61,61,31.0,31,31,0.0,0.0,0.0,0.0,0.0,0.0,0.0,0.0,0.0,10.1,10.1,10.1,23.0,23.0,23.0,52.0,52,52,25.45,25.45,25.45,48900.62,48900.62,48900.62,6.38,6.38,6.38,1,0
2022_03_0060589,2022-07-13,2022-07-13,1,41.4419444444444,-8.03333333333333,35.4,35.4,35.4,21.4,21.4,21.4,63.0,63,63,31.0,31,31,0.0,0.0,0.0,0.0,0.0,0.0,0.0,0.0,0.0,11.0,11.0,11.0,29.5,29.5,29.5,33.0,33,33,26.09,26.09,26.09,48914.12,48914.12,48914.12,6.53,6.53,6.53,1,0
2022_03_0060975,2022-07-14,2022-07-14,1,41.5505555555556,-7.94416666666667,36.0,36.0,36.0,19.0,19.0,19.0,62.0,62,62,20.0,20,20,0.1,0.1,0.1,0.1,0.1,0.1,1.0,1.0,1.0,16.6,16.6,16.6,51.1,51.1,51.1,31.0,31,31,24.13,24.13,24.13,38801.94,38801.94,38801.94,6.35,6.35,6.35,1,0
2022_03_0060994,2022-07-14,2022-07-15,2,41.6254679997762,-8.26752800001039,34.1,36.1,32.1,23.35,25.2,21.5,69.0,84,54,28.5,30,27,0.0,0.0,0.0,0.0,0.0,0.0,0.0,0.0,0.0,17.75,19.2,16.3,48.95,52.9,45.0,82.0,110,54,26.925,27.68,26.17,46477.795,49382.65,43572.94,7.074999999999999,7.39,6.76,2,0
2022_03_0061435,2022-07-15,2022-07-16,2,41.4705555555556,-8.01555555555556,33.75,35.0,32.5,20.65,22.7,18.6,67.5,81,54,32.5,41,24,0.0,0.0,0.0,0.0,0.0,0.0,0.0,0.0,0.0,15.3,15.7,14.9,38.5,42.1,34.9,292.5,296,289,27.005000000000003,27.26,26.75,48646.735,49136.27,48157.2,6.3100000000000005,6.66,5.96,2,0
2022_03_0061659,2022-07-16,2022-07-17,2,41.4708333333333,-8.00388888888889,32.8,32.9,32.7,18.8,18.8,18.8,83.0,85,81,42.0,43,41,0.0,0.0,0.0,0.0,0.0,0.0,0.0,0.0,0.0,15.25,15.6,14.9,37.45,40.0,34.9,288.5,296,281,27.5,28.25,26.75,48604.994999999995,49052.79,48157.2,6.065,6.15,5.98,2,0
2022_03_0061784,2022-07-16,2022-07-17,2,41.4702777777778,-8.00944444444444,31.95,32.0,31.9,17.95,18.0,17.9,83.0,85,81,42.0,43,41,0.0,0.0,0.0,0.0,0.0,0.0,0.0,0.0,0.0,15.25,15.6,14.9,37.45,40.0,34.9,288.5,296,281,27.5,28.25,26.75,48604.994999999995,49052.79,48157.2,5.97,6.05,5.89,2,0
2022_03_0061939,2022-07-17,2022-07-17,1,41.4152777777778,-8.18083333333333,32.0,32.0,32.0,18.7,18.7,18.7,84.0,84,84,41.0,41,41,0.0,0.0,0.0,0.0,0.0,0.0,0.0,0.0,0.0,16.3,16.3,16.3,33.5,33.5,33.5,281.0,281,281,28.54,28.54,28.54,48997.47,48997.47,48997.47,6.18,6.18,6.18,1,0
2022_03_0065051,2022-07-26,2022-07-26,1,41.7146079995897,-8.35979200045268,26.5,26.5,26.5,15.7,15.7,15.7,88.0,88,88,42.0,42,42,0.0,0.0,0.0,0.0,0.0,0.0,0.0,0.0,0.0,12.8,12.8,12.8,31.0,31.0,31.0,323.0,323,323,28.54,28.54,28.54,48275.72,48275.72,48275.72,5.47,5.47,5.47,1,0
2022_03_0065577,2022-07-27,2022-07-27,1,41.7224280002382,-8.40398499992159,26.9,26.9,26.9,13.7,13.7,13.7,89.0,89,89,40.0,40,40,0.0,0.0,0.0,0.0,0.0,0.0,0.0,0.0,0.0,15.8,15.8,15.8,38.2,38.2,38.2,324.0,324,324,28.3,28.3,28.3,47894.98,47894.98,47894.98,5.36,5.36,5.36,1,0
2022_03_0066364,2022-07-30,2022-07-30,1,41.4555555555556,-8.10611111111111,33.5,33.5,33.5,19.1,19.1,19.1,62.0,62,62,24.0,24,24,0.0,0.0,0.0,0.0,0.0,0.0,0.0,0.0,0.0,17.1,17.1,17.1,43.6,43.6,43.6,49.0,49,49,28.02,28.02,28.02,47700.87,47700.87,47700.87,6.95,6.95,6.95,1,0
2022_03_0067054,2022-07-31,2022-08-01,2,41.7488299994999,-8.37937099986606,34.0,34.1,33.9,21.3,21.5,21.1,65.5,67,64,31.5,35,28,0.0,0.0,0.0,0.0,0.0,0.0,0.0,0.0,0.0,11.5,12.0,11.0,31.15,32.8,29.5,35.0,54,16,27.3,27.85,26.75,47645.525,47706.68,47584.37,6.535,6.76,6.31,2,0
2022_03_0067219,2022-08-01,2022-08-01,1,41.4230555555556,-8.04416666666667,35.5,35.5,35.5,20.8,20.8,20.8,61.0,61,61,24.0,24,24,0.0,0.0,0.0,0.0,0.0,0.0,0.0,0.0,0.0,13.7,13.7,13.7,33.5,33.5,33.5,39.0,39,39,27.34,27.34,27.34,47263.48,47263.48,47263.48,6.67,6.67,6.67,1,0
2022_03_0067416,2022-08-01,2022-08-02,2,41.4275,-8.01472222222222,34.900000000000006,36.6,33.2,21.65,21.8,21.5,73.0,79,67,29.0,34,24,0.0,0.0,0.0,0.0,0.0,0.0,0.0,0.0,0.0,14.25,14.6,13.9,36.0,37.1,34.9,138.0,268,8,26.884999999999998,27.06,26.71,47359.415,47365.48,47353.35,6.425000000000001,6.78,6.07,2,0
2022_03_0067977,2022-08-03,2022-08-04,2,41.4658333333333,-8.06138888888889,28.65,28.8,28.5,15.55,15.7,15.4,96.0,96,96,45.0,46,44,0.05,0.1,0.0,0.05,0.1,0.0,0.5,1.0,0.0,14.05,14.3,13.8,36.349999999999994,37.4,35.3,269.5,270,269,26.89,27.54,26.24,47195.435,47243.91,47146.96,5.445,5.48,5.41,2,0
2022_03_0067999,2022-08-03,2022-08-03,1,41.53,-8.11972222222222,27.1,27.1,27.1,14.3,14.3,14.3,100.0,100,100,47.0,47,47,0.0,0.0,0.0,0.0,0.0,0.0,0.0,0.0,0.0,13.7,13.7,13.7,32.8,32.8,32.8,259.0,259,259,27.48,27.48,27.48,47250.75,47250.75,47250.75,5.33,5.33,5.33,1,0
2022_03_0068208,2022-08-04,2022-08-04,1,41.5266666666667,-8.10972222222222,27.8,27.8,27.8,14.6,14.6,14.6,98.0,98,98,43.0,43,43,0.0,0.0,0.0,0.0,0.0,0.0,0.0,0.0,0.0,13.7,13.7,13.7,32.4,32.4,32.4,265.0,265,265,26.37,26.37,26.37,47152.1,47152.1,47152.1,5.34,5.34,5.34,1,0
2022_03_0068483,2022-08-05,2022-08-05,1,41.5263888888889,-8.12472222222222,29.9,29.9,29.9,16.4,16.4,16.4,87.0,87,87,34.0,34,34,0.0,0.0,0.0,0.0,0.0,0.0,0.0,0.0,0.0,18.2,18.2,18.2,43.2,43.2,43.2,358.0,358,358,26.98,26.98,26.98,46977.06,46977.06,46977.06,5.65,5.65,5.65,1,0
2022_03_0068788,2022-08-06,2022-08-06,1,41.5222222222222,-8.13888888888889,30.0,30.0,30.0,18.9,18.9,18.9,84.0,84,84,32.0,32,32,0.0,0.0,0.0,0.0,0.0,0.0,0.0,0.0,0.0,15.9,15.9,15.9,36.0,36.0,36.0,33.0,33,33,26.87,26.87,26.87,46951.92,46951.92,46951.92,5.96,5.96,5.96,1,0
2022_03_0068861,2022-08-06,2022-08-06,1,41.3609119998084,-8.58224999957615,27.7,27.7,27.7,17.3,17.3,17.3,100.0,100,100,55.0,55,55,0.0,0.0,0.0,0.0,0.0,0.0,0.0,0.0,0.0,13.9,13.9,13.9,33.8,33.8,33.8,258.0,258,258,26.11,26.11,26.11,46818.74,46818.74,46818.74,4.87,4.87,4.87,1,0
2022_03_0068919,2022-08-06,2022-08-07,2,41.4661111111111,-8.04555555555556,30.65,31.5,29.8,17.549999999999997,17.9,17.2,87.5,92,83,37.5,45,30,0.1,0.2,0.0,0.1,0.2,0.0,1.0,2.0,0.0,15.05,15.2,14.9,38.5,38.5,38.5,248.5,263,234,25.735,26.85,24.62,46910.195,46974.32,46846.07,5.4350000000000005,5.73,5.14,2,0
2022_03_0069584,2022-08-08,2022-08-08,1,41.4727777777778,-7.99833333333333,29.4,29.4,29.4,16.3,16.3,16.3,95.0,95,95,49.0,49,49,0.0,0.0,0.0,0.0,0.0,0.0,0.0,0.0,0.0,14.6,14.6,14.6,33.5,33.5,33.5,277.0,277,277,25.98,25.98,25.98,46657.21,46657.21,46657.21,5.32,5.32,5.32,1,0
2022_03_0069783,2022-08-09,2022-08-09,1,41.5030555555556,-8.13944444444444,30.5,30.5,30.5,16.4,16.4,16.4,89.0,89,89,36.0,36,36,0.0,0.0,0.0,0.0,0.0,0.0,0.0,0.0,0.0,18.8,18.8,18.8,44.6,44.6,44.6,281.0,281,281,26.6,26.6,26.6,46643.0,46643.0,46643.0,5.74,5.74,5.74,1,0
2022_03_0070038,2022-08-09,2022-08-10,2,41.4694444444444,-8.0825,32.75,33.4,32.1,17.65,17.9,17.4,82.5,84,81,26.0,28,24,1.1,2.2,0.0,1.1,2.2,0.0,1.5,3.0,0.0,16.35,19.1,13.6,44.85,46.1,43.6,171.0,212,130,24.869999999999997,26.61,23.13,46625.015,46671.86,46578.17,5.385,5.68,5.09,1,0
2022_03_0070257,2022-08-10,2022-08-10,1,41.5503860000107,-8.24329399956597,31.0,31.0,31.0,19.5,19.5,19.5,90.0,90,90,47.0,47,47,0.0,0.0,0.0,0.0,0.0,0.0,0.0,0.0,0.0,16.3,16.3,16.3,38.5,38.5,38.5,261.0,261,261,24.24,24.24,24.24,46493.07,46493.07,46493.07,5.16,5.16,5.16,1,0
2022_03_0071764,2022-08-15,2022-08-15,1,41.5091666666667,-8.08555555555555,22.8,22.8,22.8,11.1,11.1,11.1,100.0,100,100,42.0,42,42,0.0,0.0,0.0,0.0,0.0,0.0,0.0,0.0,0.0,17.7,17.7,17.7,46.8,46.8,46.8,243.0,243,243,25.79,25.79,25.79,46299.77,46299.77,46299.77,4.54,4.54,4.54,1,0
2022_03_0072853,2022-08-19,2022-08-19,1,41.4186111111111,-8.00111111111111,32.3,32.3,32.3,17.4,17.4,17.4,68.0,68,68,23.0,23,23,0.0,0.0,0.0,0.0,0.0,0.0,0.0,0.0,0.0,16.5,16.5,16.5,35.3,35.3,35.3,63.0,63,63,25.43,25.43,25.43,45924.32,45924.32,45924.32,6.19,6.19,6.19,1,0
2022_03_0072943,2022-08-19,2022-08-19,1,41.4391930002636,-8.43792800002628,31.6,31.6,31.6,17.8,17.8,17.8,67.0,67,67,22.0,22,22,0.0,0.0,0.0,0.0,0.0,0.0,0.0,0.0,0.0,17.6,17.6,17.6,36.4,36.4,36.4,71.0,71,71,25.3,25.3,25.3,45924.32,45924.32,45924.32,6.42,6.42,6.42,1,0
2022_03_0073015,2022-08-19,2022-08-19,1,41.4788888888889,-8.08972222222222,29.8,29.8,29.8,13.6,13.6,13.6,76.0,76,76,24.0,24,24,0.0,0.0,0.0,0.0,0.0,0.0,0.0,0.0,0.0,14.0,14.0,14.0,36.4,36.4,36.4,57.0,57,57,25.77,25.77,25.77,45934.92,45934.92,45934.92,5.42,5.42,5.42,1,0
2022_03_0074032,2022-08-22,2022-08-23,2,41.6972630002764,-8.51410499996609,33.05,33.4,32.7,18.45,20.0,16.9,79.5,90,69,34.0,36,32,0.3,0.6,0.0,0.3,0.6,0.0,0.5,1.0,0.0,11.3,12.6,10.0,28.05,31.3,24.8,4.0,7,1,23.185,23.99,22.38,44727.745,45524.55,43930.94,5.39,5.51,5.27,2,0
2022_03_0074212,2022-08-23,2022-08-23,1,41.7117020003001,-8.40351300001144,34.0,34.0,34.0,19.5,19.5,19.5,79.0,79,79,32.0,32,32,0.1,0.1,0.1,0.1,0.1,0.1,1.0,1.0,1.0,10.9,10.9,10.9,28.8,28.8,28.8,353.0,353,353,22.88,22.88,22.88,44580.98,44580.98,44580.98,5.34,5.34,5.34,1,0
2022_03_0074241,2022-08-23,2022-08-23,1,41.4108333333333,-8.01166666666667,34.4,34.4,34.4,21.4,21.4,21.4,64.0,64,64,25.0,25,25,0.0,0.0,0.0,0.0,0.0,0.0,0.0,0.0,0.0,15.0,15.0,15.0,37.1,37.1,37.1,47.0,47,47,22.84,22.84,22.84,45338.68,45338.68,45338.68,5.9,5.9,5.9,1,0
2022_03_0074257,2022-08-23,2022-08-24,2,41.7121570004357,-8.3810749997033,30.25,33.3,27.2,18.75,20.0,17.5,84.0,99,69,45.5,59,32,0.3,0.6,0.0,0.3,0.6,0.0,0.5,1.0,0.0,10.35,10.7,10.0,26.8,28.8,24.8,121.5,236,7,22.875,23.37,22.38,44578.055,45225.17,43930.94,4.855,5.27,4.44,2,0
2022_03_0074258,2022-08-23,2022-08-24,2,41.7131900003221,-8.43010999997457,30.35,33.4,27.3,18.8,20.0,17.6,84.0,99,69,45.5,59,32,0.3,0.6,0.0,0.3,0.6,0.0,0.5,1.0,0.0,10.35,10.7,10.0,26.8,28.8,24.8,121.5,236,7,22.875,23.37,22.38,44578.055,45225.17,43930.94,4.855,5.27,4.44,2,0
2022_03_0074269,2022-08-23,2022-08-24,2,41.4945180002848,-8.22986799981859,30.299999999999997,33.9,26.7,19.8,22.3,17.3,75.5,93,58,40.5,56,25,0.0,0.0,0.0,0.0,0.0,0.0,0.0,0.0,0.0,17.25,20.7,13.8,39.05,44.3,33.8,152.0,233,71,23.255000000000003,23.6,22.91,45273.32,45347.79,45198.85,5.484999999999999,6.43,4.54,2,0
2022_03_0074354,2022-08-23,2022-08-24,2,41.7240750000212,-8.40170799997118,29.85,32.9,26.8,18.3,19.5,17.1,84.0,99,69,45.5,59,32,0.3,0.6,0.0,0.3,0.6,0.0,0.5,1.0,0.0,10.35,10.7,10.0,26.8,28.8,24.8,121.5,236,7,22.875,23.37,22.38,44578.055,45225.17,43930.94,4.8100000000000005,5.23,4.39,2,0
2022_03_0075115,2022-08-26,2022-08-26,1,41.5425449996524,-8.07401700019836,29.7,29.7,29.7,17.4,17.4,17.4,71.0,71,71,30.0,30,30,0.0,0.0,0.0,0.0,0.0,0.0,0.0,0.0,0.0,16.9,16.9,16.9,44.3,44.3,44.3,59.0,59,59,22.91,22.91,22.91,44899.12,44899.12,44899.12,5.14,5.14,5.14,1,0
2022_03_0075241,2022-08-26,2022-08-26,1,41.4389970000585,-8.44280700047811,32.5,32.5,32.5,21.1,21.1,21.1,67.0,67,67,31.0,31,31,0.0,0.0,0.0,0.0,0.0,0.0,0.0,0.0,0.0,16.2,16.2,16.2,34.6,34.6,34.6,89.0,89,89,23.08,23.08,23.08,44891.14,44891.14,44891.14,5.74,5.74,5.74,1,0
2022_03_0075271,2022-08-26,2022-08-26,1,41.5328679996067,-8.11380700005425,29.2,29.2,29.2,17.7,17.7,17.7,66.0,66,66,29.0,29,29,0.0,0.0,0.0,0.0,0.0,0.0,0.0,0.0,0.0,20.7,20.7,20.7,46.8,46.8,46.8,65.0,65,65,22.86,22.86,22.86,44899.12,44899.12,44899.12,5.41,5.41,5.41,1,0
2022_03_0075546,2022-08-27,2022-08-27,1,41.5368120000097,-8.11137800004747,28.1,28.1,28.1,17.1,17.1,17.1,73.0,73,73,32.0,32,32,0.0,0.0,0.0,0.0,0.0,0.0,0.0,0.0,0.0,15.2,15.2,15.2,35.3,35.3,35.3,34.0,34,34,22.31,22.31,22.31,44748.53,44748.53,44748.53,5.14,5.14,5.14,1,0
2022_03_0075606,2022-08-27,2022-08-28,2,41.5147222222222,-8.02361111111111,30.05,30.5,29.6,18.3,19.5,17.1,79.0,85,73,35.0,37,33,0.0,0.0,0.0,0.0,0.0,0.0,0.0,0.0,0.0,15.7,16.2,15.2,36.55,37.8,35.3,162.0,290,34,22.365000000000002,22.42,22.31,44673.065,44748.53,44597.6,5.175000000000001,5.4,4.95,2,0
2022_03_0075708,2022-08-27,2022-08-28,2,41.615998000039,-8.24491200023227,28.9,29.4,28.4,18.799999999999997,20.2,17.4,80.0,83,77,40.5,44,37,0.0,0.0,0.0,0.0,0.0,0.0,0.0,0.0,0.0,13.9,14.5,13.3,33.8,35.6,32.0,182.0,284,80,23.145,23.47,22.82,44680.5,44756.16,44604.84,5.135,5.42,4.85,2,0
2022_03_0076505,2022-08-30,2022-08-30,1,41.5388888888889,-8.03472222222222,23.6,23.6,23.6,11.6,11.6,11.6,100.0,100,100,42.0,42,42,0.0,0.0,0.0,0.0,0.0,0.0,0.0,0.0,0.0,14.5,14.5,14.5,36.4,36.4,36.4,248.0,248,248,23.53,23.53,23.53,42912.16,42912.16,42912.16,4.23,4.23,4.23,1,0
2022_03_0076745,2022-08-31,2022-08-31,1,41.6872229999966,-8.39879799948798,27.0,27.0,27.0,14.2,14.2,14.2,92.0,92,92,42.0,42,42,0.0,0.0,0.0,0.0,0.0,0.0,0.0,0.0,0.0,15.6,15.6,15.6,40.3,40.3,40.3,307.0,307,307,19.4,19.4,19.4,43230.01,43230.01,43230.01,3.75,3.75,3.75,1,0
2022_03_0076748,2022-08-31,2022-09-01,2,41.6984179994795,-8.38736299991608,24.55,26.5,22.6,14.3,14.6,14.0,90.5,97,84,51.5,62,41,0.15,0.3,0.0,0.15,0.3,0.0,1.5,3.0,0.0,12.5,14.2,10.8,31.3,35.6,27.0,282.5,303,262,17.515,21.17,13.86,39539.235,44011.27,35067.2,3.2800000000000002,3.96,2.6,2,0
2022_03_0077086,2022-09-01,2022-09-02,2,41.6711650000678,-8.34597599983215,23.1,24.3,21.9,13.55,14.2,12.9,99.5,100,99,51.5,60,43,0.3,0.6,0.0,0.3,0.6,0.0,3.0,6.0,0.0,14.850000000000001,17.1,12.6,34.75,40.0,29.5,285.0,307,263,15.725,16.79,14.66,36814.985,38130.61,35499.36,3.0,3.29,2.71,2,0
2022_03_0077833,2022-09-04,2022-09-04,1,41.7500230000003,-8.30450300004747,19.3,19.3,19.3,12.7,12.7,12.7,99.0,99,99,61.0,61,61,7.3,7.3,7.3,7.3,7.3,7.3,18.0,18.0,18.0,21.0,21.0,21.0,57.2,57.2,57.2,206.0,206,206,13.15,13.15,13.15,27575.23,27575.23,27575.23,2.3,2.3,2.3,0,0
2022_04_0001699,2022-01-18,2022-01-18,1,41.9138989999559,-7.03480499996079,9.2,9.2,9.2,-1.7,-1.7,-1.7,80.0,80,80,39.0,39,39,0.0,0.0,0.0,0.0,0.0,0.0,0.0,0.0,0.0,7.8,7.8,7.8,18.4,18.4,18.4,82.0,82,82,9.93,9.93,9.93,30693.27,30693.27,30693.27,1.2,1.2,1.2,1,0
2022_04_0002704,2022-01-28,2022-01-29,2,41.9819300005171,-6.79621900028653,8.7,9.9,7.5,1.65,1.9,1.4,44.0,44,44,26.5,28,25,0.0,0.0,0.0,0.0,0.0,0.0,0.0,0.0,0.0,17.55,19.8,15.3,52.35,56.5,48.2,47.5,53,42,11.795,11.81,11.78,31719.699999999997,31724.67,31714.73,2.49,2.62,2.36,2,0
2022_04_0002768,2022-01-28,2022-01-28,1,41.9255249998305,-7.00474199983809,9.9,9.9,9.9,3.3,3.3,3.3,40.0,40,40,25.0,25,25,0.0,0.0,0.0,0.0,0.0,0.0,0.0,0.0,0.0,22.8,22.8,22.8,54.0,54.0,54.0,72.0,72,72,11.75,11.75,11.75,31764.96,31764.96,31764.96,3.11,3.11,3.11,1,0
2022_04_0002806,2022-01-28,2022-01-29,2,41.8816579998864,-6.84529200024075,11.95,12.6,11.3,0.85,2.4,-0.7,51.5,54,49,30.0,33,27,0.0,0.0,0.0,0.0,0.0,0.0,0.0,0.0,0.0,18.1,21.5,14.7,36.35,42.5,30.2,59.0,60,58,11.75,11.77,11.73,31802.92,31845.16,31760.68,2.54,2.81,2.27,2,0
2022_04_0002830,2022-01-29,2022-01-29,1,41.928740000195,-6.74624800046285,12.5,12.5,12.5,0.9,0.9,0.9,46.0,46,46,22.0,22,22,0.0,0.0,0.0,0.0,0.0,0.0,0.0,0.0,0.0,16.5,16.5,16.5,37.1,37.1,37.1,50.0,50,50,11.76,11.76,11.76,31779.16,31779.16,31779.16,2.52,2.52,2.52,1,0
2022_04_0002896,2022-01-29,2022-01-29,1,41.8861420000924,-7.0960149998135,14.4,14.4,14.4,-1.5,-1.5,-1.5,56.0,56,56,24.0,24,24,0.0,0.0,0.0,0.0,0.0,0.0,0.0,0.0,0.0,16.6,16.6,16.6,34.9,34.9,34.9,81.0,81,81,11.78,11.78,11.78,31907.71,31907.71,31907.71,2.41,2.41,2.41,1,0
2022_04_0002901,2022-01-29,2022-01-30,2,41.8931480005052,-6.99567600038317,12.649999999999999,12.7,12.6,1.2999999999999998,1.4,1.2,55.0,66,44,23.0,23,23,0.0,0.0,0.0,0.0,0.0,0.0,0.0,0.0,0.0,15.3,16.2,14.4,36.0,40.3,31.7,78.5,79,78,11.725,11.79,11.66,31948.07,32022.1,31874.04,2.475,2.72,2.23,2,0
2022_04_0002973,2022-01-30,2022-01-30,1,41.9050150002374,-7.10874900023143,13.7,13.7,13.7,-0.7,-0.7,-0.7,80.0,80,80,18.0,18,18,0.0,0.0,0.0,0.0,0.0,0.0,0.0,0.0,0.0,13.1,13.1,13.1,22.0,22.0,22.0,6.0,6,6,11.58,11.58,11.58,31964.22,31964.22,31964.22,1.83,1.83,1.83,1,0
2022_04_0003115,2022-01-31,2022-01-31,1,41.9106800005171,-7.13878999974993,12.1,12.1,12.1,-2.7,-2.7,-2.7,81.0,81,81,24.0,24,24,0.0,0.0,0.0,0.0,0.0,0.0,0.0,0.0,0.0,12.9,12.9,12.9,25.9,25.9,25.9,16.0,16,16,11.7,11.7,11.7,32126.29,32126.29,32126.29,1.79,1.79,1.79,1,0
2022_04_0003135,2022-01-31,2022-01-31,1,41.9340330000056,-7.16891299989488,12.6,12.6,12.6,-2.2,-2.2,-2.2,81.0,81,81,24.0,24,24,0.0,0.0,0.0,0.0,0.0,0.0,0.0,0.0,0.0,12.9,12.9,12.9,25.9,25.9,25.9,16.0,16,16,11.7,11.7,11.7,32126.29,32126.29,32126.29,1.82,1.82,1.82,1,0
2022_04_0003484,2022-02-03,2022-02-03,1,41.940501999855,-7.03560500012504,11.3,11.3,11.3,2.4,2.4,2.4,87.0,87,87,53.0,53,53,0.0,0.0,0.0,0.0,0.0,0.0,0.0,0.0,0.0,8.4,8.4,8.4,21.6,21.6,21.6,3.0,3,3,9.88,9.88,9.88,26863.42,26863.42,26863.42,1.4,1.4,1.4,1,0
2022_04_0004349,2022-02-11,2022-02-11,1,41.2242530001534,-6.72072000000212,15.6,15.6,15.6,4.3,4.3,4.3,92.0,92,92,43.0,43,43,0.7,0.7,0.7,0.7,0.7,0.7,3.0,3.0,3.0,9.5,9.5,9.5,23.8,23.8,23.8,125.0,125,125,12.13,12.13,12.13,33751.39,33751.39,33751.39,1.82,1.82,1.82,1,0
2022_04_0005950,2022-02-27,2022-02-27,1,41.9591579998864,-7.09570199966431,12.8,12.8,12.8,3.1,3.1,3.1,91.0,91,91,50.0,50,50,0.0,0.0,0.0,0.0,0.0,0.0,0.0,0.0,0.0,9.9,9.9,9.9,25.2,25.2,25.2,278.0,278,278,13.71,13.71,13.71,36707.37,36707.37,36707.37,1.9,1.9,1.9,1,0
2022_04_0009335,2022-04-02,2022-04-02,1,41.9129399998983,-7.0704150001208,7.7,7.7,7.7,-4.3,-4.3,-4.3,81.0,81,81,41.0,41,41,0.0,0.0,0.0,0.0,0.0,0.0,0.0,0.0,0.0,14.7,14.7,14.7,31.7,31.7,31.7,41.0,41,41,16.07,16.07,16.07,32086.9,32086.9,32086.9,2.13,2.13,2.13,1,0
2022_04_0009392,2022-04-03,2022-04-03,1,41.4532870001263,-6.38105299949646,9.2,9.2,9.2,-2.3,-2.3,-2.3,86.0,86,86,35.0,35,35,0.1,0.1,0.1,0.1,0.1,0.1,1.0,1.0,1.0,23.4,23.4,23.4,47.2,47.2,47.2,64.0,64,64,22.75,22.75,22.75,42748.64,42748.64,42748.64,3.05,3.05,3.05,1,0
2022_04_0009530,2022-04-04,2022-04-04,1,41.6657750002543,-6.98519199993875,12.4,12.4,12.4,-0.1,-0.1,-0.1,68.0,68,68,23.0,23,23,0.0,0.0,0.0,0.0,0.0,0.0,0.0,0.0,0.0,31.3,31.3,31.3,61.9,61.9,61.9,72.0,72,72,23.92,23.92,23.92,42411.74,42411.74,42411.74,3.83,3.83,3.83,1,1
2022_04_0009803,2022-04-06,2022-04-06,1,41.8600250000424,-6.97602499961853,14.5,14.5,14.5,0.3,0.3,0.3,90.0,90,90,41.0,41,41,0.0,0.0,0.0,0.0,0.0,0.0,0.0,0.0,0.0,18.4,18.4,18.4,40.7,40.7,40.7,288.0,288,288,23.95,23.95,23.95,43331.21,43331.21,43331.21,3.43,3.43,3.43,1,0
2022_04_0011310,2022-04-20,2022-04-21,2,41.7890610000822,-7.12984199947781,13.7,13.8,13.6,2.3000000000000003,4.2,0.4,84.0,92,76,35.5,40,31,2.15,4.3,0.0,2.15,4.3,0.0,3.5,7.0,0.0,23.0,28.8,17.2,45.7,57.6,33.8,304.5,342,267,20.245,21.12,19.37,38483.19,39186.77,37779.61,3.33,3.68,2.98,1,0
2022_04_0012812,2022-05-04,2022-05-04,1,41.6542449998856,-6.50608500003815,21.8,21.8,21.8,7.5,7.5,7.5,83.0,83,83,23.0,23,23,0.0,0.0,0.0,0.0,0.0,0.0,0.0,0.0,0.0,18.3,18.3,18.3,36.4,36.4,36.4,57.0,57,57,25.8,25.8,25.8,46819.5,46819.5,46819.5,5.03,5.03,5.03,1,0
2022_04_0015479,2022-05-27,2022-05-27,1,41.4313900004493,-6.75527999983894,32.3,32.3,32.3,13.7,13.7,13.7,65.0,65,65,12.0,12,12,0.0,0.0,0.0,0.0,0.0,0.0,0.0,0.0,0.0,15.9,15.9,15.9,39.6,39.6,39.6,64.0,64,64,30.27,30.27,30.27,49261.06,49261.06,49261.06,7.92,7.92,7.92,1,0
2022_04_0017916,2022-06-15,2022-06-15,1,41.6318699995677,-6.61585199991862,37.6,37.6,37.6,17.3,17.3,17.3,57.0,57,57,11.0,11,11,0.1,0.1,0.1,0.1,0.1,0.1,1.0,1.0,1.0,30.1,30.1,30.1,60.8,60.8,60.8,203.0,203,203,25.72,25.72,25.72,41845.63,41845.63,41845.63,7.31,7.31,7.31,1,1
2022_04_0018170,2022-06-17,2022-06-17,1,41.7230555555556,-7.17638888888889,37.3,37.3,37.3,20.2,20.2,20.2,62.0,62,62,14.0,14,14,0.2,0.2,0.2,0.2,0.2,0.2,1.0,1.0,1.0,31.2,31.2,31.2,59.0,59.0,59.0,105.0,105,105,20.44,20.44,20.44,35683.75,35683.75,35683.75,7.97,7.97,7.97,1,1
2022_04_0020546,2022-07-07,2022-07-11,5,41.1995949999491,-7.32546700000763,34.64,36.9,31.5,16.4,19.7,14.5,66.0,80,60,12.4,14,10,0.0,0.0,0.0,0.0,0.0,0.0,0.0,0.0,0.0,15.680000000000001,19.9,11.8,40.18,49.7,32.8,149.8,320,40,29.486,30.64,26.51,48996.206,50152.42,44903.62,7.178,7.51,6.28,5,0
2022_04_0020836,2022-07-09,2022-07-09,1,41.513595000373,-7.13410300003158,38.3,38.3,38.3,19.7,19.7,19.7,56.0,56,56,11.0,11,11,0.0,0.0,0.0,0.0,0.0,0.0,0.0,0.0,0.0,12.1,12.1,12.1,30.2,30.2,30.2,286.0,286,286,30.47,30.47,30.47,50267.22,50267.22,50267.22,7.4,7.4,7.4,1,0
2022_04_0021316,2022-07-12,2022-07-12,1,41.1548999998305,-7.33959799978468,41.4,41.4,41.4,25.5,25.5,25.5,58.0,58,58,8.0,8,8,0.0,0.0,0.0,0.0,0.0,0.0,0.0,0.0,0.0,12.0,12.0,12.0,32.8,32.8,32.8,38.0,38,38,27.94,27.94,27.94,45202.68,45202.68,45202.68,7.26,7.26,7.26,1,0
2022_04_0021762,2022-07-15,2022-07-17,3,41.8686560000314,-6.52758499993218,37.96666666666667,38.8,36.7,23.900000000000002,24.5,22.9,37.0,38,36,13.666666666666666,17,11,0.0,0.0,0.0,0.0,0.0,0.0,0.0,0.0,0.0,22.066666666666666,26.3,19.8,45.6,51.1,42.1,85.66666666666667,113,64,25.72666666666667,28.44,20.94,45706.91333333333,49354.76,39768.39,8.78,9.5,7.48,3,0
2022_04_0021855,2022-07-15,2022-07-15,1,41.4192670000924,-6.4009120000071,38.5,38.5,38.5,23.5,23.5,23.5,39.0,39,39,14.0,14,14,0.0,0.0,0.0,0.0,0.0,0.0,0.0,0.0,0.0,24.9,24.9,24.9,51.5,51.5,51.5,75.0,75,75,28.15,28.15,28.15,48136.0,48136.0,48136.0,8.75,8.75,8.75,1,0
2022_04_0021896,2022-07-15,2022-07-16,2,41.1013230000602,-7.05152000003391,40.45,41.4,39.5,22.8,24.5,21.1,63.0,76,50,12.0,13,11,0.0,0.0,0.0,0.0,0.0,0.0,0.0,0.0,0.0,15.9,17.1,14.7,38.7,40.7,36.7,147.5,166,129,25.95,27.66,24.24,45865.54,47849.26,43881.82,7.404999999999999,8.34,6.47,2,0
2022_04_0021954,2022-07-16,2022-07-16,1,41.1962269994948,-7.31848500000106,40.6,40.6,40.6,21.1,21.1,21.1,68.0,68,68,12.0,12,12,0.0,0.0,0.0,0.0,0.0,0.0,0.0,0.0,0.0,17.3,17.3,17.3,43.9,43.9,43.9,208.0,208,208,26.51,26.51,26.51,47367.76,47367.76,47367.76,7.16,7.16,7.16,1,0
2022_04_0022043,2022-07-16,2022-07-16,1,41.1888230000602,-7.29955499966939,40.0,40.0,40.0,21.2,21.2,21.2,71.0,71,71,12.0,12,12,0.0,0.0,0.0,0.0,0.0,0.0,0.0,0.0,0.0,17.3,17.3,17.3,42.5,42.5,42.5,210.0,210,210,26.64,26.64,26.64,47365.82,47365.82,47365.82,7.31,7.31,7.31,1,0
2022_04_0023927,2022-07-27,2022-07-27,1,41.7391949998008,-6.56014799965753,31.8,31.8,31.8,16.7,16.7,16.7,73.0,73,73,19.0,19,19,0.0,0.0,0.0,0.0,0.0,0.0,0.0,0.0,0.0,18.2,18.2,18.2,38.2,38.2,38.2,328.0,328,328,28.64,28.64,28.64,47648.79,47648.79,47648.79,6.89,6.89,6.89,1,0
2022_04_0024045,2022-07-28,2022-07-29,2,41.7047270001305,-7.17134300020006,32.0,32.9,31.1,17.299999999999997,17.4,17.2,74.0,77,71,26.0,26,26,0.0,0.0,0.0,0.0,0.0,0.0,0.0,0.0,0.0,22.75,26.0,19.5,44.650000000000006,52.6,36.7,320.5,323,318,27.215,28.07,26.36,47206.119999999995,47509.85,46902.39,6.865,6.87,6.86,2,0
2022_04_0024099,2022-07-28,2022-07-28,1,41.4076920000712,-6.36070000012716,32.1,32.1,32.1,16.5,16.5,16.5,74.0,74,74,20.0,20,20,0.0,0.0,0.0,0.0,0.0,0.0,0.0,0.0,0.0,25.9,25.9,25.9,53.3,53.3,53.3,265.0,265,265,27.64,27.64,27.64,47335.1,47335.1,47335.1,6.57,6.57,6.57,1,0
2022_04_0024522,2022-07-31,2022-07-31,1,41.8188020000193,-6.68296499994066,36.4,36.4,36.4,19.6,19.6,19.6,61.0,61,61,17.0,17,17,0.0,0.0,0.0,0.0,0.0,0.0,0.0,0.0,0.0,14.5,14.5,14.5,34.2,34.2,34.2,28.0,28,28,28.31,28.31,28.31,47251.54,47251.54,47251.54,7.31,7.31,7.31,1,0
2022_04_0025397,2022-08-05,2022-08-05,1,41.7338650000095,-6.61710499998596,33.0,33.0,33.0,18.8,18.8,18.8,70.0,70,70,20.0,20,20,0.0,0.0,0.0,0.0,0.0,0.0,0.0,0.0,0.0,16.3,16.3,16.3,34.2,34.2,34.2,55.0,55,55,27.1,27.1,27.1,46838.06,46838.06,46838.06,6.53,6.53,6.53,1,0
2022_04_0026824,2022-08-13,2022-08-13,1,41.8947469997406,-7.15377700010936,30.2,30.2,30.2,15.8,15.8,15.8,94.0,94,94,17.0,17,17,0.0,0.0,0.0,0.0,0.0,0.0,0.0,0.0,0.0,21.4,21.4,21.4,46.4,46.4,46.4,254.0,254,254,26.34,26.34,26.34,46620.18,46620.18,46620.18,6.25,6.25,6.25,1,0
2022_04_0028165,2022-08-21,2022-08-22,2,41.2087970002492,-7.27396200021108,31.9,32.8,31.0,15.7,16.3,15.1,77.0,85,69,22.0,23,21,0.0,0.0,0.0,0.0,0.0,0.0,0.0,0.0,0.0,14.3,17.5,11.1,37.1,43.2,31.0,154.5,280,29,24.57,24.72,24.42,45531.03,45603.95,45458.11,5.895,5.94,5.85,2,0
2022_04_0028737,2022-08-24,2022-08-25,2,41.2125,-7.25922000037299,32.15,33.1,31.2,17.25,19.2,15.3,86.5,98,75,22.5,25,20,0.0,0.0,0.0,0.0,0.0,0.0,0.0,0.0,0.0,13.25,17.1,9.4,35.8,45.0,26.6,279.0,305,253,22.225,23.44,21.01,44705.365,45015.89,44394.84,5.165,5.39,4.94,2,0
2022_04_0031129,2022-09-11,2022-09-11,1,41.2148620001475,-7.29922300020854,31.7,31.7,31.7,14.2,14.2,14.2,93.0,93,93,20.0,20,20,0.0,0.0,0.0,0.0,0.0,0.0,0.0,0.0,0.0,15.0,15.0,15.0,38.9,38.9,38.9,201.0,201,201,21.39,21.39,21.39,40942.57,40942.57,40942.57,4.96,4.96,4.96,1,0
2022_04_0031179,2022-09-11,2022-09-11,1,41.4623900000254,-6.37902199957106,31.6,31.6,31.6,15.7,15.7,15.7,92.0,92,92,20.0,20,20,0.0,0.0,0.0,0.0,0.0,0.0,0.0,0.0,0.0,16.1,16.1,16.1,36.4,36.4,36.4,187.0,187,187,21.73,21.73,21.73,41651.22,41651.22,41651.22,5.44,5.44,5.44,1,0
2022_05_0002032,2022-01-23,2022-01-23,1,40.3922222222222,-7.26083333333333,10.1,10.1,10.1,-0.7,-0.7,-0.7,86.0,86,86,51.0,51,51,0.0,0.0,0.0,0.0,0.0,0.0,0.0,0.0,0.0,10.8,10.8,10.8,24.5,24.5,24.5,102.0,102,102,11.3,11.3,11.3,31610.48,31610.48,31610.48,1.35,1.35,1.35,1,0
2022_05_0002609,2022-01-29,2022-01-29,1,40.3145979997847,-7.60489299986098,5.0,5.0,5.0,-2.2,-2.2,-2.2,50.0,50,50,27.0,27,27,0.0,0.0,0.0,0.0,0.0,0.0,0.0,0.0,0.0,18.9,18.9,18.9,78.1,78.1,78.1,90.0,90,90,12.75,12.75,12.75,32657.98,32657.98,32657.98,2.06,2.06,2.06,1,0
2022_05_0015557,2022-06-07,2022-06-08,2,40.0733333333333,-7.62416666666667,22.4,24.0,20.8,12.899999999999999,13.2,12.6,95.0,99,91,47.5,60,35,0.1,0.2,0.0,0.1,0.2,0.0,1.0,2.0,0.0,24.1,25.0,23.2,56.5,61.2,51.8,312.0,312,312,24.495,29.55,19.44,40221.71,48536.43,31906.99,4.62,5.67,3.57,2,0
2022_05_0018816,2022-07-08,2022-07-08,1,39.7370370001263,-7.31710999998781,37.2,37.2,37.2,20.7,20.7,20.7,43.0,43,43,10.0,10,10,0.0,0.0,0.0,0.0,0.0,0.0,0.0,0.0,0.0,13.5,13.5,13.5,31.7,31.7,31.7,41.0,41,41,30.36,30.36,30.36,49116.75,49116.75,49116.75,7.74,7.74,7.74,1,0
2022_05_0019606,2022-07-14,2022-07-14,1,40.2934219996134,-7.48638299994998,41.1,41.1,41.1,26.9,26.9,26.9,34.0,34,34,11.0,11,11,0.0,0.0,0.0,0.0,0.0,0.0,0.0,0.0,0.0,20.2,20.2,20.2,40.3,40.3,40.3,34.0,34,34,27.37,27.37,27.37,48226.02,48226.02,48226.02,8.88,8.88,8.88,1,0
2022_05_0019966,2022-07-17,2022-07-20,4,40.1579140000873,-7.43709000004662,34.400000000000006,39.2,30.3,19.675,23.3,16.4,68.0,79,57,19.25,29,12,0.0,0.0,0.0,0.0,0.0,0.0,0.0,0.0,0.0,17.55,22.1,13.3,37.075,43.9,29.2,180.5,276,15,29.1875,29.79,28.02,48404.305,48519.67,48269.59,6.965,7.86,6.18,4,0
2022_05_0021065,2022-07-26,2022-07-27,2,39.8573819997576,-7.45852000024584,34.3,34.4,34.2,18.95,20.4,17.5,61.5,66,57,20.5,22,19,0.0,0.0,0.0,0.0,0.0,0.0,0.0,0.0,0.0,24.05,25.3,22.8,48.6,50.0,47.2,312.5,313,312,28.384999999999998,28.41,28.36,47311.21,47363.85,47258.57,7.720000000000001,7.73,7.71,2,0
2022_05_0022298,2022-08-06,2022-08-14,9,40.3121770000458,-7.49690500047472,29.91111111111111,31.2,26.0,18.188888888888886,20.9,12.2,64.11111111111111,78,53,22.77777777777778,29,17,0.0,0.0,0.0,0.0,0.0,0.0,0.0,0.0,0.0,14.966666666666665,17.5,13.1,41.34444444444445,50.4,35.6,197.0,319,145,27.00222222222222,28.22,24.0,46587.765555555554,46883.66,46358.35,6.023333333333333,6.42,5.51,9,0
2022_05_0023003,2022-08-12,2022-08-12,1,40.1337199999889,-7.44536199993557,33.1,33.1,33.1,18.1,18.1,18.1,80.0,80,80,16.0,16,16,0.0,0.0,0.0,0.0,0.0,0.0,0.0,0.0,0.0,14.0,14.0,14.0,33.8,33.8,33.8,235.0,235,235,26.58,26.58,26.58,46454.3,46454.3,46454.3,6.32,6.32,6.32,1,0
2022_05_0023285,2022-08-15,2022-08-15,1,40.0375279998779,-7.34329799969991,31.8,31.8,31.8,17.3,17.3,17.3,66.0,66,66,19.0,19,19,0.0,0.0,0.0,0.0,0.0,0.0,0.0,0.0,0.0,21.3,21.3,21.3,45.7,45.7,45.7,305.0,305,305,26.21,26.21,26.21,46254.57,46254.57,46254.57,6.59,6.59,6.59,1,0
2022_05_0023620,2022-08-18,2022-08-18,1,39.7011520000299,-8.21150700039334,32.7,32.7,32.7,15.5,15.5,15.5,81.0,81,81,19.0,19,19,0.0,0.0,0.0,0.0,0.0,0.0,0.0,0.0,0.0,25.1,25.1,25.1,46.1,46.1,46.1,354.0,354,354,25.74,25.74,25.74,45800.09,45800.09,45800.09,6.48,6.48,6.48,1,0
2022_05_0025105,2022-08-31,2022-08-31,1,39.8458299997118,-7.4754270002577,30.8,30.8,30.8,13.0,13.0,13.0,87.0,87,87,22.0,22,22,0.0,0.0,0.0,0.0,0.0,0.0,0.0,0.0,0.0,19.6,19.6,19.6,39.6,39.6,39.6,302.0,302,302,24.08,24.08,24.08,43999.46,43999.46,43999.46,5.52,5.52,5.52,1,0
2022_06_0017316,2022-04-18,2022-04-18,1,40.1950269995795,-8.27991299947103,18.6,18.6,18.6,10.9,10.9,10.9,99.0,99,99,67.0,67,67,0.0,0.0,0.0,0.0,0.0,0.0,0.0,0.0,0.0,20.6,20.6,20.6,41.4,41.4,41.4,307.0,307,307,17.4,17.4,17.4,34965.84,34965.84,34965.84,2.74,2.74,2.74,1,0
2022_06_0030743,2022-06-29,2022-06-29,1,40.0453399997287,-8.65573799981011,22.6,22.6,22.6,15.0,15.0,15.0,97.0,97,97,41.0,41,41,0.2,0.2,0.2,0.2,0.2,0.2,2.0,2.0,2.0,29.0,29.0,29.0,54.4,54.4,54.4,341.0,341,341,23.63,23.63,23.63,35521.86,35521.86,35521.86,4.52,4.52,4.52,1,0
2022_06_0035297,2022-07-21,2022-07-21,1,40.4784159999424,-7.83475699994299,32.3,32.3,32.3,17.1,17.1,17.1,91.0,91,91,32.0,32,32,0.0,0.0,0.0,0.0,0.0,0.0,0.0,0.0,0.0,22.2,22.2,22.2,41.8,41.8,41.8,236.0,236,236,29.2,29.2,29.2,47993.24,47993.24,47993.24,6.75,6.75,6.75,1,0
2022_06_0035500,2022-07-22,2022-07-22,1,40.1645339997609,-8.2674139999681,31.1,31.1,31.1,16.9,16.9,16.9,98.0,98,98,38.0,38,38,0.0,0.0,0.0,0.0,0.0,0.0,0.0,0.0,0.0,16.4,16.4,16.4,36.4,36.4,36.4,313.0,313,313,27.99,27.99,27.99,45967.62,45967.62,45967.62,5.85,5.85,5.85,1,0
2022_06_0036046,2022-07-25,2022-07-26,2,40.3048940001594,-8.28250500043233,31.75,32.2,31.3,16.25,17.2,15.3,96.5,98,95,34.5,35,34,0.1,0.2,0.0,0.1,0.2,0.0,0.5,1.0,0.0,25.3,25.8,24.8,50.2,52.2,48.2,293.0,297,289,27.93,27.95,27.91,47735.634999999995,47741.95,47729.32,6.25,6.36,6.14,2,0
2022_06_0037010,2022-07-30,2022-07-31,2,40.0391699997584,-8.12582999971178,35.4,36.0,34.8,19.65,20.6,18.7,70.0,74,66,23.0,23,23,0.0,0.0,0.0,0.0,0.0,0.0,0.0,0.0,0.0,18.85,20.5,17.2,44.099999999999994,46.8,41.4,341.5,345,338,24.905,25.3,24.51,47209.28999999999,47259.99,47158.59,6.475,6.51,6.44,2,0
2022_06_0038586,2022-08-07,2022-08-07,1,40.1512139999867,-8.52862600008647,27.4,27.4,27.4,13.8,13.8,13.8,100.0,100,100,47.0,47,47,0.0,0.0,0.0,0.0,0.0,0.0,0.0,0.0,0.0,16.4,16.4,16.4,35.6,35.6,35.6,297.0,297,297,25.59,25.59,25.59,42747.34,42747.34,42747.34,4.95,4.95,4.95,1,0
2022_06_0039193,2022-08-10,2022-08-11,2,40.4047200001611,-7.84,32.75,35.2,30.3,18.9,20.3,17.5,82.0,91,73,32.5,39,26,0.1,0.2,0.0,0.1,0.2,0.0,1.0,2.0,0.0,20.7,21.0,20.4,43.75,44.3,43.2,225.5,262,189,24.82,26.19,23.45,46458.75,46485.45,46432.05,5.8149999999999995,6.07,5.56,2,0
2022_06_0040952,2022-08-19,2022-08-19,1,40.3894399997923,-7.91222000016107,33.3,33.3,33.3,16.3,16.3,16.3,55.0,55,55,18.0,18,18,0.0,0.0,0.0,0.0,0.0,0.0,0.0,0.0,0.0,9.4,9.4,9.4,23.8,23.8,23.8,84.0,84,84,25.63,25.63,25.63,45767.54,45767.54,45767.54,5.91,5.91,5.91,1,0
2022_06_0043817,2022-09-03,2022-09-03,1,40.4480450005002,-8.62113099998898,23.5,23.5,23.5,12.8,12.8,12.8,96.0,96,96,43.0,43,43,0.0,0.0,0.0,0.0,0.0,0.0,0.0,0.0,0.0,17.2,17.2,17.2,36.7,36.7,36.7,304.0,304,304,22.83,22.83,22.83,42884.92,42884.92,42884.92,4.13,4.13,4.13,1,0
2022_07_0011658,2022-05-26,2022-05-26,1,38.5561111111111,-7.56277777777778,30.5,30.5,30.5,16.4,16.4,16.4,46.0,46,46,15.0,15,15,0.0,0.0,0.0,0.0,0.0,0.0,0.0,0.0,0.0,16.4,16.4,16.4,37.8,37.8,37.8,63.0,63,63,29.62,29.62,29.62,47258.21,47258.21,47258.21,7.87,7.87,7.87,1,0
2022_07_0013178,2022-06-12,2022-06-12,1,38.54,-8.52416666666667,38.7,38.7,38.7,19.1,19.1,19.1,87.0,87,87,20.0,20,20,0.0,0.0,0.0,0.0,0.0,0.0,0.0,0.0,0.0,24.0,24.0,24.0,42.5,42.5,42.5,316.0,316,316,28.46,28.46,28.46,48417.16,48417.16,48417.16,7.48,7.48,7.48,1,0
2022_07_0013646,2022-06-17,2022-06-17,1,38.2647222222222,-7.17777777777778,35.0,35.0,35.0,17.6,17.6,17.6,77.0,77,77,25.0,25,25,1.8,1.8,1.8,1.8,1.8,1.8,4.0,4.0,4.0,16.6,16.6,16.6,35.3,35.3,35.3,222.0,222,222,27.67,27.67,27.67,47544.57,47544.57,47544.57,6.94,6.94,6.94,0,0
2022_07_0015933,2022-07-13,2022-07-14,2,38.5986111111111,-8.49583333333333,41.9,43.8,40.0,23.15,23.7,22.6,61.0,63,59,9.5,10,9,0.0,0.0,0.0,0.0,0.0,0.0,0.0,0.0,0.0,20.7,21.0,20.4,43.75,43.9,43.6,187.5,223,152,22.395,22.81,21.98,41616.740000000005,42875.3,40358.18,7.675,8.43,6.92,2,0
2022_07_0015941,2022-07-13,2022-07-13,1,38.7116666666667,-8.03444444444444,42.8,42.8,42.8,24.6,24.6,24.6,42.0,42,42,8.0,8,8,0.0,0.0,0.0,0.0,0.0,0.0,0.0,0.0,0.0,21.7,21.7,21.7,44.3,44.3,44.3,166.0,166,166,25.9,25.9,25.9,47774.69,47774.69,47774.69,8.99,8.99,8.99,1,0
2022_07_0016000,2022-07-14,2022-07-14,1,38.7166666666667,-8.03638888888889,42.1,42.1,42.1,26.1,26.1,26.1,38.0,38,38,9.0,9,9,0.0,0.0,0.0,0.0,0.0,0.0,0.0,0.0,0.0,24.2,24.2,24.2,47.2,47.2,47.2,193.0,193,193,27.04,27.04,27.04,48133.39,48133.39,48133.39,9.59,9.59,9.59,1,0
2022_08_0035308,2022-07-12,2022-07-14,3,37.0408333333333,-7.97305555555556,32.333333333333336,33.2,31.1,24.666666666666668,25.1,24.3,64.0,68,60,28.666666666666668,31,26,0.0,0.0,0.0,0.0,0.0,0.0,0.0,0.0,0.0,28.46666666666667,32.9,24.9,51.699999999999996,59.0,44.3,102.66666666666667,105,101,25.459999999999997,28.27,20.45,43513.013333333336,47379.89,35997.93,7.789999999999999,8.37,7.23,3,1
2022_08_0035441,2022-07-13,2022-07-13,1,37.0811111111111,-8.09861111111111,34.2,34.2,34.2,25.5,25.5,25.5,57.0,57,57,23.0,23,23,0.0,0.0,0.0,0.0,0.0,0.0,0.0,0.0,0.0,31.6,31.6,31.6,58.3,58.3,58.3,115.0,115,115,27.49,27.49,27.49,47383.52,47383.52,47383.52,9.11,9.11,9.11,1,1
2022_08_0038271,2022-07-25,2022-07-27,3,37.4208333333333,-8.32222222222222,33.56666666666667,38.6,28.7,18.966666666666665,20.9,16.5,75.0,89,61,26.666666666666668,42,11,0.0,0.0,0.0,0.0,0.0,0.0,0.0,0.0,0.0,25.066666666666666,27.9,20.6,49.9,55.4,42.1,325.0,333,318,28.383333333333336,28.84,27.9,47065.76333333333,47153.38,46999.27,7.553333333333334,9.02,5.98,3,0
2022_09_0002661,2022-01-20,2022-01-20,1,40.9758333333333,-7.31388888888889,9.7,9.7,9.7,-1.8,-1.8,-1.8,88.0,88,88,49.0,49,49,0.0,0.0,0.0,0.0,0.0,0.0,0.0,0.0,0.0,11.6,11.6,11.6,26.3,26.3,26.3,21.0,21,21,10.52,10.52,10.52,31239.44,31239.44,31239.44,1.31,1.31,1.31,1,0
2022_09_0004081,2022-01-30,2022-01-30,1,40.3333333333333,-6.92111111111111,12.9,12.9,12.9,0.6,0.6,0.6,53.0,53,53,25.0,25,25,0.0,0.0,0.0,0.0,0.0,0.0,0.0,0.0,0.0,12.0,12.0,12.0,28.4,28.4,28.4,86.0,86,86,11.99,11.99,11.99,32526.04,32526.04,32526.04,2.31,2.31,2.31,1,0
2022_09_0004284,2022-02-01,2022-02-01,1,40.3288888888889,-6.91833333333333,9.6,9.6,9.6,0.6,0.6,0.6,92.0,92,92,47.0,47,47,0.0,0.0,0.0,0.0,0.0,0.0,0.0,0.0,0.0,33.7,33.7,33.7,73.1,73.1,73.1,30.0,30,30,12.16,12.16,12.16,32878.48,32878.48,32878.48,1.84,1.84,1.84,1,1
2022_09_0005524,2022-02-11,2022-02-11,1,40.3308333333333,-7.6725,12.9,12.9,12.9,5.4,5.4,5.4,87.0,87,87,58.0,58,58,0.3,0.3,0.3,0.3,0.3,0.3,2.0,2.0,2.0,9.7,9.7,9.7,24.5,24.5,24.5,341.0,341,341,11.47,11.47,11.47,32482.69,32482.69,32482.69,1.68,1.68,1.68,1,0
2022_09_0006334,2022-02-17,2022-02-17,1,40.7219444444444,-7.37388888888889,15.4,15.4,15.4,7.7,7.7,7.7,100.0,100,100,57.0,57,57,0.1,0.1,0.1,0.1,0.1,0.1,1.0,1.0,1.0,15.0,15.0,15.0,28.4,28.4,28.4,242.0,242,242,12.9,12.9,12.9,31283.01,31283.01,31283.01,1.89,1.89,1.89,1,0
2022_09_0006855,2022-02-21,2022-02-21,1,40.715,-7.16361111111111,16.8,16.8,16.8,0.1,0.1,0.1,99.0,99,99,38.0,38,38,0.0,0.0,0.0,0.0,0.0,0.0,0.0,0.0,0.0,14.7,14.7,14.7,34.2,34.2,34.2,39.0,39,39,15.44,15.44,15.44,35691.77,35691.77,35691.77,2.4,2.4,2.4,1,0
2022_09_0007191,2022-02-23,2022-02-24,2,40.4116666666667,-7.23666666666667,17.85,18.0,17.7,5.5,6.0,5.0,59.0,61,57,25.5,27,24,0.0,0.0,0.0,0.0,0.0,0.0,0.0,0.0,0.0,17.75,20.2,15.3,31.0,36.4,25.6,85.5,91,80,12.495,12.79,12.2,28429.39,29471.63,27387.15,2.7,2.81,2.59,2,0
2022_09_0007854,2022-02-28,2022-02-28,1,40.3386111111111,-7.66111111111111,9.5,9.5,9.5,5.1,5.1,5.1,80.0,80,80,57.0,57,57,0.0,0.0,0.0,0.0,0.0,0.0,0.0,0.0,0.0,8.7,8.7,8.7,29.9,29.9,29.9,183.0,183,183,15.71,15.71,15.71,37291.95,37291.95,37291.95,2.0,2.0,2.0,1,0
2022_09_0008133,2022-03-02,2022-03-02,1,40.5355555555556,-6.97416666666667,12.7,12.7,12.7,3.7,3.7,3.7,99.0,99,99,53.0,53,53,0.4,0.4,0.4,0.4,0.4,0.4,1.0,1.0,1.0,15.6,15.6,15.6,34.6,34.6,34.6,307.0,307,307,12.16,12.16,12.16,32527.35,32527.35,32527.35,1.76,1.76,1.76,1,0
2022_09_0012981,2022-04-07,2022-04-07,1,40.9844444444444,-7.15944444444444,18.7,18.7,18.7,5.8,5.8,5.8,90.0,90,90,32.0,32,32,0.0,0.0,0.0,0.0,0.0,0.0,0.0,0.0,0.0,17.6,17.6,17.6,40.0,40.0,40.0,252.0,252,252,19.58,19.58,19.58,42280.13,42280.13,42280.13,3.58,3.58,3.58,1,0
2022_09_0014786,2022-04-21,2022-04-21,1,40.5380555555556,-7.36055555555556,10.7,10.7,10.7,0.7,0.7,0.7,90.0,90,90,56.0,56,56,3.8,3.8,3.8,3.8,3.8,3.8,7.0,7.0,7.0,16.2,16.2,16.2,40.7,40.7,40.7,278.0,278,278,19.93,19.93,19.93,38485.16,38485.16,38485.16,2.57,2.57,2.57,0,0
2022_09_0015201,2022-04-24,2022-04-24,1,40.805,-7.2425,15.6,15.6,15.6,5.5,5.5,5.5,99.0,99,99,49.0,49,49,0.3,0.3,0.3,0.3,0.3,0.3,3.0,3.0,3.0,13.2,13.2,13.2,27.0,27.0,27.0,252.0,252,252,14.6,14.6,14.6,30783.39,30783.39,30783.39,2.46,2.46,2.46,1,0
2022_09_0015308,2022-04-25,2022-04-25,1,40.8027777777778,-7.24388888888889,17.5,17.5,17.5,5.7,5.7,5.7,94.0,94,94,44.0,44,44,0.1,0.1,0.1,0.1,0.1,0.1,1.0,1.0,1.0,18.7,18.7,18.7,39.6,39.6,39.6,213.0,213,213,17.82,17.82,17.82,34132.27,34132.27,34132.27,3.17,3.17,3.17,1,0
2022_09_0015912,2022-04-29,2022-04-29,1,40.7972222222222,-6.99361111111111,23.6,23.6,23.6,6.8,6.8,6.8,93.0,93,93,35.0,35,35,0.0,0.0,0.0,0.0,0.0,0.0,0.0,0.0,0.0,10.8,10.8,10.8,27.7,27.7,27.7,15.0,15,15,26.37,26.37,26.37,46470.32,46470.32,46470.32,4.69,4.69,4.69,1,0
2022_09_0016194,2022-05-01,2022-05-01,1,40.9166666666667,-7.32583333333333,21.2,21.2,21.2,9.8,9.8,9.8,86.0,86,86,27.0,27,27,0.0,0.0,0.0,0.0,0.0,0.0,0.0,0.0,0.0,20.0,20.0,20.0,41.8,41.8,41.8,290.0,290,290,27.89,27.89,27.89,46666.43,46666.43,46666.43,5.14,5.14,5.14,1,0
2022_09_0021851,2022-06-17,2022-06-17,1,40.57,-7.02444444444444,33.5,33.5,33.5,22.9,22.9,22.9,54.0,54,54,24.0,24,24,1.0,1.0,1.0,1.0,1.0,1.0,2.0,2.0,2.0,25.5,25.5,25.5,56.9,56.9,56.9,155.0,155,155,24.87,24.87,24.87,42119.89,42119.89,42119.89,8.34,8.34,8.34,0,0
2022_09_0023593,2022-07-02,2022-07-03,2,40.5736111111111,-7.2025,29.3,31.6,27.0,16.85,18.5,15.2,74.5,83,66,27.0,31,23,0.2,0.4,0.0,0.2,0.4,0.0,0.5,1.0,0.0,15.05,17.0,13.1,35.099999999999994,37.4,32.8,279.5,286,273,27.185,28.72,25.65,47769.845,49164.53,46375.16,6.045,6.53,5.56,2,0
2022_09_0024139,2022-07-07,2022-07-08,2,40.4191666666667,-7.28583333333333,34.5,35.3,33.7,17.8,17.8,17.8,61.0,67,55,13.0,14,12,0.0,0.0,0.0,0.0,0.0,0.0,0.0,0.0,0.0,22.85,25.0,20.7,45.9,47.9,43.9,31.0,37,25,30.564999999999998,30.75,30.38,49679.335,49719.85,49638.82,8.315000000000001,8.39,8.24,2,0
2022_09_0024514,2022-07-10,2022-07-10,1,40.7038888888889,-7.29055555555556,39.2,39.2,39.2,19.2,19.2,19.2,53.0,53,53,12.0,12,12,0.0,0.0,0.0,0.0,0.0,0.0,0.0,0.0,0.0,21.6,21.6,21.6,53.6,53.6,53.6,299.0,299,299,29.16,29.16,29.16,49714.67,49714.67,49714.67,7.94,7.94,7.94,1,0
2022_09_0024594,2022-07-11,2022-07-11,1,40.9872222222222,-6.92111111111111,40.0,40.0,40.0,20.1,20.1,20.1,71.0,71,71,12.0,12,12,0.6,0.6,0.6,0.6,0.6,0.6,1.0,1.0,1.0,16.3,16.3,16.3,58.0,58.0,58.0,260.0,260,260,26.18,26.18,26.18,42222.19,42222.19,42222.19,6.14,6.14,6.14,1,0
2022_09_0024643,2022-07-11,2022-07-11,1,40.9944444444444,-7.01722222222222,40.3,40.3,40.3,20.7,20.7,20.7,70.0,70,70,11.0,11,11,0.3,0.3,0.3,0.3,0.3,0.3,1.0,1.0,1.0,13.8,13.8,13.8,55.1,55.1,55.1,288.0,288,288,26.44,26.44,26.44,41959.16,41959.16,41959.16,6.38,6.38,6.38,1,0
2022_09_0024657,2022-07-11,2022-07-11,1,41.0805555555556,-7.11055555555556,40.5,40.5,40.5,21.6,21.6,21.6,74.0,74,74,12.0,12,12,0.1,0.1,0.1,0.1,0.1,0.1,1.0,1.0,1.0,19.4,19.4,19.4,51.8,51.8,51.8,279.0,279,279,26.5,26.5,26.5,41666.55,41666.55,41666.55,6.43,6.43,6.43,1,0
2022_09_0024951,2022-07-13,2022-07-15,3,40.415,-7.80361111111111,39.1,39.9,37.6,24.066666666666666,25.6,21.7,52.0,68,33,16.333333333333332,19,14,0.0,0.0,0.0,0.0,0.0,0.0,0.0,0.0,0.0,17.233333333333334,18.7,16.1,38.0,42.8,32.0,198.33333333333334,237,142,25.376666666666665,27.18,24.19,46799.293333333335,48836.95,43690.31,7.286666666666666,7.48,7.03,3,0
2022_09_0025248,2022-07-15,2022-07-16,2,40.6366666666667,-7.24722222222222,38.45,38.9,38.0,22.15,23.0,21.3,57.0,63,51,13.0,14,12,0.0,0.0,0.0,0.0,0.0,0.0,0.0,0.0,0.0,20.75,22.4,19.1,42.45,44.6,40.3,191.0,194,188,27.92,28.72,27.12,47966.225,48766.21,47166.24,8.42,9.05,7.79,2,0
2022_09_0025480,2022-07-16,2022-07-16,1,40.7033333333333,-7.10083333333333,39.0,39.0,39.0,20.7,20.7,20.7,67.0,67,67,13.0,13,13,0.0,0.0,0.0,0.0,0.0,0.0,0.0,0.0,0.0,19.7,19.7,19.7,40.3,40.3,40.3,189.0,189,189,26.5,26.5,26.5,46763.19,46763.19,46763.19,7.78,7.78,7.78,1,0
2022_09_0025688,2022-07-18,2022-07-18,1,40.7688888888889,-7.04083333333333,32.2,32.2,32.2,18.5,18.5,18.5,78.0,78,78,20.0,20,20,0.0,0.0,0.0,0.0,0.0,0.0,0.0,0.0,0.0,25.1,25.1,25.1,53.6,53.6,53.6,212.0,212,212,29.14,29.14,29.14,48604.86,48604.86,48604.86,7.93,7.93,7.93,1,0
2022_09_0025706,2022-07-18,2022-07-19,2,40.5536111111111,-7.27555555555556,27.25,29.0,25.5,14.9,16.3,13.5,83.5,91,76,28.5,35,22,0.0,0.0,0.0,0.0,0.0,0.0,0.0,0.0,0.0,24.25,28.9,19.6,47.349999999999994,55.8,38.9,256.0,307,205,29.365,29.58,29.15,48389.545,48547.52,48231.57,6.545,7.25,5.84,2,0
2022_09_0026145,2022-07-21,2022-07-21,1,40.3008333333333,-7.16027777777778,34.3,34.3,34.3,20.6,20.6,20.6,46.0,46,46,15.0,15,15,0.0,0.0,0.0,0.0,0.0,0.0,0.0,0.0,0.0,20.7,20.7,20.7,41.8,41.8,41.8,143.0,143,143,29.43,29.43,29.43,47870.16,47870.16,47870.16,8.86,8.86,8.86,1,0
2022_09_0026168,2022-07-21,2022-07-21,1,40.8883333333333,-7.14416666666667,37.0,37.0,37.0,19.8,19.8,19.8,62.0,62,62,13.0,13,13,0.0,0.0,0.0,0.0,0.0,0.0,0.0,0.0,0.0,20.9,20.9,20.9,45.0,45.0,45.0,265.0,265,265,29.35,29.35,29.35,48326.85,48326.85,48326.85,7.77,7.77,7.77,1,0
2022_09_0026754,2022-07-26,2022-07-27,2,40.4013888888889,-7.25,31.05,31.1,31.0,18.15,19.2,17.1,62.5,66,59,24.5,27,22,0.0,0.0,0.0,0.0,0.0,0.0,0.0,0.0,0.0,22.35,22.7,22.0,42.65,44.3,41.0,346.5,348,345,28.79,28.83,28.75,47452.575,47506.25,47398.9,7.965,8.12,7.81,2,0
2022_09_0027522,2022-08-01,2022-08-02,2,40.5649099996355,-7.29832699987623,37.35,38.2,36.5,23.05,23.6,22.5,55.5,58,53,13.5,15,12,0.0,0.0,0.0,0.0,0.0,0.0,0.0,0.0,0.0,20.2,22.2,18.2,42.3,46.1,38.5,224.5,225,224,27.545,28.16,26.93,46973.365000000005,47053.82,46892.91,7.390000000000001,7.5,7.28,2,0
2022_09_0028010,2022-08-05,2022-08-05,1,40.4775,-7.16138888888889,31.4,31.4,31.4,18.6,18.6,18.6,73.0,73,73,18.0,18,18,0.0,0.0,0.0,0.0,0.0,0.0,0.0,0.0,0.0,18.8,18.8,18.8,41.0,41.0,41.0,190.0,190,190,28.27,28.27,28.27,46837.8,46837.8,46837.8,7.13,7.13,7.13,1,0
2022_09_0028156,2022-08-06,2022-08-06,1,40.6016666666667,-7.19472222222222,32.3,32.3,32.3,17.7,17.7,17.7,83.0,83,83,13.0,13,13,0.0,0.0,0.0,0.0,0.0,0.0,0.0,0.0,0.0,21.3,21.3,21.3,46.4,46.4,46.4,195.0,195,195,27.95,27.95,27.95,46838.54,46838.54,46838.54,6.89,6.89,6.89,1,0
2022_09_0028752,2022-08-10,2022-08-11,2,40.6158333333333,-7.2775,33.15,34.3,32.0,20.85,22.1,19.6,75.0,85,65,23.5,24,23,0.05,0.1,0.0,0.05,0.1,0.0,0.5,1.0,0.0,18.299999999999997,18.7,17.9,41.75,44.6,38.9,188.5,217,160,24.545,26.69,22.4,46592.955,46619.9,46566.01,6.18,6.18,6.18,2,0
2022_09_0028812,2022-08-11,2022-08-11,1,40.5519444444444,-7.14611111111111,30.9,30.9,30.9,18.9,18.9,18.9,79.0,79,79,25.0,25,25,0.0,0.0,0.0,0.0,0.0,0.0,0.0,0.0,0.0,20.5,20.5,20.5,41.8,41.8,41.8,196.0,196,196,26.96,26.96,26.96,46622.94,46622.94,46622.94,6.61,6.61,6.61,1,0
2022_09_0028875,2022-08-11,2022-08-12,2,40.6666666666667,-7.16972222222222,32.8,32.8,32.8,18.25,19.8,16.7,83.0,86,80,19.0,22,16,0.0,0.0,0.0,0.0,0.0,0.0,0.0,0.0,0.0,18.25,20.0,16.5,39.25,41.4,37.1,213.0,218,208,26.924999999999997,26.97,26.88,46604.18,46631.29,46577.07,6.895,6.9,6.89,2,0
2022_09_0029128,2022-08-13,2022-08-14,2,40.5672222222222,-7.34694444444444,26.4,28.2,24.6,12.75,15.1,10.4,84.0,99,69,22.5,28,17,0.0,0.0,0.0,0.0,0.0,0.0,0.0,0.0,0.0,22.799999999999997,25.9,19.7,48.05,54.0,42.1,277.0,299,255,26.11,26.9,25.32,46460.91,46488.19,46433.63,5.775,6.13,5.42,2,0
2022_09_0029298,2022-08-14,2022-08-15,2,40.6797222222222,-7.07805555555556,27.65,27.9,27.4,12.65,13.3,12.0,93.5,99,88,24.0,26,22,0.0,0.0,0.0,0.0,0.0,0.0,0.0,0.0,0.0,20.950000000000003,23.8,18.1,41.4,45.4,37.4,285.0,295,275,26.66,26.87,26.45,46413.875,46467.87,46359.88,5.955,6.15,5.76,2,0
2022_09_0029372,2022-08-15,2022-08-15,1,40.5525,-7.14333333333333,26.8,26.8,26.8,13.4,13.4,13.4,81.0,81,81,24.0,24,24,0.0,0.0,0.0,0.0,0.0,0.0,0.0,0.0,0.0,23.1,23.1,23.1,41.8,41.8,41.8,307.0,307,307,26.51,26.51,26.51,46336.34,46336.34,46336.34,6.16,6.16,6.16,1,0
2022_09_0029798,2022-08-18,2022-08-19,2,40.5163888888889,-7.55388888888889,29.85,31.6,28.1,16.35,18.6,14.1,56.5,68,45,19.0,20,18,0.0,0.0,0.0,0.0,0.0,0.0,0.0,0.0,0.0,16.25,18.2,14.3,36.0,39.2,32.8,60.5,64,57,26.08,26.31,25.85,45857.715,45927.23,45788.2,6.495,6.7,6.29,2,0
2022_09_0030100,2022-08-20,2022-08-20,1,40.9019444444444,-6.93444444444444,34.5,34.5,34.5,16.5,16.5,16.5,63.0,63,63,14.0,14,14,0.0,0.0,0.0,0.0,0.0,0.0,0.0,0.0,0.0,17.7,17.7,17.7,39.2,39.2,39.2,274.0,274,274,25.59,25.59,25.59,45698.2,45698.2,45698.2,6.65,6.65,6.65,1,0
2022_09_0030243,2022-08-21,2022-08-21,1,40.4563888888889,-7.70611111111111,31.4,31.4,31.4,17.2,17.2,17.2,75.0,75,75,27.0,27,27,0.0,0.0,0.0,0.0,0.0,0.0,0.0,0.0,0.0,16.3,16.3,16.3,36.4,36.4,36.4,260.0,260,260,25.19,25.19,25.19,45497.15,45497.15,45497.15,5.56,5.56,5.56,1,0
2022_09_0030810,2022-08-25,2022-08-25,1,40.7527777777778,-7.43138888888889,32.1,32.1,32.1,14.8,14.8,14.8,96.0,96,96,19.0,19,19,0.0,0.0,0.0,0.0,0.0,0.0,0.0,0.0,0.0,15.8,15.8,15.8,30.6,30.6,30.6,277.0,277,277,23.99,23.99,23.99,44958.02,44958.02,44958.02,5.05,5.05,5.05,1,0
2022_09_0030935,2022-08-26,2022-08-27,2,40.3161779997084,-7.22668999989827,32.5,33.2,31.8,20.2,20.5,19.9,56.5,59,54,21.0,22,20,0.0,0.0,0.0,0.0,0.0,0.0,0.0,0.0,0.0,20.1,26.0,14.2,39.05,46.8,31.3,105.5,186,25,23.55,24.67,22.43,44024.625,44620.84,43428.41,6.365,6.51,6.22,2,0
2022_09_0031332,2022-08-29,2022-08-30,2,40.3319449996948,-7.66222199969821,23.950000000000003,24.1,23.8,12.95,13.3,12.6,93.5,98,89,31.0,33,29,1.1,2.2,0.0,1.1,2.2,0.0,1.5,3.0,0.0,12.600000000000001,13.4,11.8,49.85,56.5,43.2,216.5,263,170,24.5,25.0,24.0,44258.875,44331.38,44186.37,4.57,4.73,4.41,1,0
2022_09_0032238,2022-09-06,2022-09-06,1,40.8813888888889,-6.83611111111111,24.2,24.2,24.2,15.5,15.5,15.5,95.0,95,95,33.0,33,33,0.0,0.0,0.0,0.0,0.0,0.0,0.0,0.0,0.0,19.2,19.2,19.2,45.4,45.4,45.4,252.0,252,252,20.11,20.11,20.11,41799.05,41799.05,41799.05,4.4,4.4,4.4,1,0
2022_09_0032828,2022-09-11,2022-09-11,1,40.9453600003984,-6.97436700026194,33.6,33.6,33.6,17.0,17.0,17.0,84.0,84,84,20.0,20,20,0.0,0.0,0.0,0.0,0.0,0.0,0.0,0.0,0.0,17.2,17.2,17.2,40.3,40.3,40.3,189.0,189,189,21.12,21.12,21.12,40842.34,40842.34,40842.34,5.62,5.62,5.62,1,0
2022_09_0032842,2022-09-11,2022-09-11,1,40.7846600000064,-7.58057799975077,29.7,29.7,29.7,16.2,16.2,16.2,92.0,92,92,30.0,30,30,0.0,0.0,0.0,0.0,0.0,0.0,0.0,0.0,0.0,19.6,19.6,19.6,39.6,39.6,39.6,214.0,214,214,21.78,21.78,21.78,40843.81,40843.81,40843.81,4.91,4.91,4.91,1,0
2022_10_0005411,2022-01-28,2022-01-28,1,39.4829880004459,-8.88395200000869,13.9,13.9,13.9,7.6,7.6,7.6,57.0,57,57,44.0,44,44,0.0,0.0,0.0,0.0,0.0,0.0,0.0,0.0,0.0,25.3,25.3,25.3,50.4,50.4,50.4,76.0,76,76,11.78,11.78,11.78,32731.03,32731.03,32731.03,2.93,2.93,2.93,1,0
2022_10_0039917,2022-07-01,2022-07-01,1,40.0169700000021,-8.67355700016022,26.0,26.0,26.0,12.1,12.1,12.1,96.0,96,96,39.0,39,39,0.0,0.0,0.0,0.0,0.0,0.0,0.0,0.0,0.0,20.8,20.8,20.8,42.5,42.5,42.5,340.0,340,340,29.83,29.83,29.83,49539.1,49539.1,49539.1,5.74,5.74,5.74,1,0
2022_10_0041094,2022-07-06,2022-07-06,1,39.8004860000147,-8.32927199999491,32.0,32.0,32.0,17.7,17.7,17.7,98.0,98,98,32.0,32,32,0.0,0.0,0.0,0.0,0.0,0.0,0.0,0.0,0.0,20.7,20.7,20.7,41.0,41.0,41.0,341.0,341,341,28.43,28.43,28.43,48963.49,48963.49,48963.49,6.58,6.58,6.58,1,0
2022_10_0041579,2022-07-08,2022-07-09,2,39.7106379996406,-8.91673699999849,36.15,36.9,35.4,18.700000000000003,19.1,18.3,75.0,81,69,21.0,28,14,0.0,0.0,0.0,0.0,0.0,0.0,0.0,0.0,0.0,17.0,18.1,15.9,36.55,37.8,35.3,179.0,326,32,30.259999999999998,30.46,30.06,49177.31,49227.35,49127.27,7.515000000000001,8.17,6.86,2,0
2022_10_0041582,2022-07-08,2022-07-16,9,39.8740799999237,-8.51338900036282,35.77777777777778,40.8,29.6,19.233333333333334,23.8,14.2,72.22222222222223,95,53,21.333333333333332,38,12,0.0,0.0,0.0,0.0,0.0,0.0,0.0,0.0,0.0,21.61111111111111,28.2,17.5,44.67777777777778,55.1,36.7,225.77777777777777,344,17,27.195555555555554,30.41,21.58,45303.11,49274.22,33638.08,7.253333333333334,8.99,5.76,9,0
2022_10_0042647,2022-07-12,2022-07-16,5,39.7731049998601,-8.7142550002204,36.96,41.5,31.3,18.96,22.7,15.2,82.0,100,58,22.8,39,12,0.0,0.0,0.0,0.0,0.0,0.0,0.0,0.0,0.0,22.64,28.9,15.8,47.3,55.8,36.0,212.8,306,73,24.798000000000002,28.62,19.66,42348.22,48819.65,32457.22,6.766,9.3,5.69,5,0
2022_10_0042686,2022-07-12,2022-07-14,3,39.8003539999988,-8.83018500010173,41.43333333333333,43.4,39.6,20.533333333333335,22.3,17.3,76.33333333333333,93,64,14.0,16,11,0.0,0.0,0.0,0.0,0.0,0.0,0.0,0.0,0.0,25.833333333333332,27.5,23.9,49.93333333333334,51.8,49.0,149.0,282,31,22.05,26.41,19.77,37167.166666666664,45473.68,27837.72,7.3066666666666675,9.33,5.74,3,0
2022_10_0043001,2022-07-12,2022-07-16,5,39.9285280005137,-8.59284699969822,38.760000000000005,41.5,35.2,21.18,24.5,16.8,69.6,95,54,17.4,26,12,0.0,0.0,0.0,0.0,0.0,0.0,0.0,0.0,0.0,22.339999999999996,28.2,17.5,46.440000000000005,55.1,36.7,203.6,318,106,25.806,28.61,21.58,42795.47,48849.3,33638.08,7.465999999999999,9.1,6.59,5,0
2022_10_0044470,2022-07-17,2022-07-17,1,39.8619430001577,-8.719626999961,34.4,34.4,34.4,16.1,16.1,16.1,100.0,100,100,26.0,26,26,0.0,0.0,0.0,0.0,0.0,0.0,0.0,0.0,0.0,23.4,23.4,23.4,46.1,46.1,46.1,278.0,278,278,28.0,28.0,28.0,48464.16,48464.16,48464.16,6.23,6.23,6.23,1,0
2022_10_0045975,2022-07-23,2022-07-23,1,39.912742000156,-8.48712300009198,31.1,31.1,31.1,15.4,15.4,15.4,100.0,100,100,40.0,40,40,0.0,0.0,0.0,0.0,0.0,0.0,0.0,0.0,0.0,16.4,16.4,16.4,35.6,35.6,35.6,313.0,313,313,28.61,28.61,28.61,48120.0,48120.0,48120.0,5.99,5.99,5.99,1,0
2022_10_0047739,2022-07-30,2022-07-30,1,39.8566770002577,-8.63667699999279,34.8,34.8,34.8,15.1,15.1,15.1,100.0,100,100,30.0,30,30,0.0,0.0,0.0,0.0,0.0,0.0,0.0,0.0,0.0,20.1,20.1,20.1,41.4,41.4,41.4,292.0,292,292,27.27,27.27,27.27,47369.04,47369.04,47369.04,6.11,6.11,6.11,1,0
2022_10_0048235,2022-08-01,2022-08-01,1,39.7637230004205,-8.68240500026279,32.0,32.0,32.0,18.0,18.0,18.0,91.0,91,91,40.0,40,40,0.0,0.0,0.0,0.0,0.0,0.0,0.0,0.0,0.0,18.2,18.2,18.2,38.5,38.5,38.5,295.0,295,295,27.47,27.47,27.47,47160.1,47160.1,47160.1,6.28,6.28,6.28,1,0
2022_10_0052133,2022-08-17,2022-08-18,2,39.2997079997592,-8.99651000022888,26.55,30.0,23.1,15.85,16.5,15.2,86.5,88,85,37.5,49,26,0.0,0.0,0.0,0.0,0.0,0.0,0.0,0.0,0.0,33.650000000000006,37.7,29.6,56.85,62.6,51.1,339.5,340,339,24.975,25.76,24.19,45740.11,45766.19,45714.03,5.73,6.34,5.12,2,1
2022_10_0052563,2022-08-19,2022-08-19,1,39.7867600001229,-8.84405600017971,34.6,34.6,34.6,15.0,15.0,15.0,86.0,86,86,20.0,20,20,0.0,0.0,0.0,0.0,0.0,0.0,0.0,0.0,0.0,21.6,21.6,21.6,43.9,43.9,43.9,25.0,25,25,25.41,25.41,25.41,45675.41,45675.41,45675.41,6.87,6.87,6.87,1,0
2022_11_0137425,2022-06-29,2022-06-29,1,38.8407999997669,-9.32914699978299,20.4,20.4,20.4,15.6,15.6,15.6,98.0,98,98,53.0,53,53,0.3,0.3,0.3,0.3,0.3,0.3,3.0,3.0,3.0,33.6,33.6,33.6,64.8,64.8,64.8,344.0,344,344,23.71,23.71,23.71,43866.32,43866.32,43866.32,4.19,4.19,4.19,1,1
2022_11_0138869,2022-07-01,2022-07-01,1,38.7599650001526,-9.32432799975077,23.8,23.8,23.8,14.7,14.7,14.7,91.0,91,91,50.0,50,50,0.0,0.0,0.0,0.0,0.0,0.0,0.0,0.0,0.0,28.8,28.8,28.8,60.1,60.1,60.1,348.0,348,348,29.94,29.94,29.94,49120.76,49120.76,49120.76,5.49,5.49,5.49,1,0
2022_11_0146108,2022-07-10,2022-07-10,1,38.9527777777778,-9.18555555555556,30.3,30.3,30.3,18.1,18.1,18.1,85.0,85,85,26.0,26,26,0.0,0.0,0.0,0.0,0.0,0.0,0.0,0.0,0.0,23.8,23.8,23.8,46.4,46.4,46.4,339.0,339,339,29.99,29.99,29.99,48952.99,48952.99,48952.99,7.34,7.34,7.34,1,0
2022_11_0146138,2022-07-10,2022-07-10,1,38.9484030003018,-9.10676799986098,31.8,31.8,31.8,18.4,18.4,18.4,74.0,74,74,19.0,19,19,0.0,0.0,0.0,0.0,0.0,0.0,0.0,0.0,0.0,26.1,26.1,26.1,50.4,50.4,50.4,327.0,327,327,29.9,29.9,29.9,48921.99,48921.99,48921.99,8.58,8.58,8.58,1,0
2022_11_0146375,2022-07-10,2022-07-10,1,38.869239999983,-9.29713999960158,29.9,29.9,29.9,18.3,18.3,18.3,85.0,85,85,29.0,29,29,0.0,0.0,0.0,0.0,0.0,0.0,0.0,0.0,0.0,24.2,24.2,24.2,47.9,47.9,47.9,355.0,355,355,30.08,30.08,30.08,48916.79,48916.79,48916.79,7.68,7.68,7.68,1,0
2022_11_0146438,2022-07-10,2022-07-10,1,38.8188350000646,-9.2591770002577,32.8,32.8,32.8,19.0,19.0,19.0,72.0,72,72,18.0,18,18,0.0,0.0,0.0,0.0,0.0,0.0,0.0,0.0,0.0,26.9,26.9,26.9,52.6,52.6,52.6,337.0,337,337,29.98,29.98,29.98,48926.91,48926.91,48926.91,9.09,9.09,9.09,1,0
2022_11_0162162,2022-07-31,2022-08-01,2,38.9163888888889,-9.26722222222222,33.0,34.5,31.5,16.9,17.1,16.7,98.0,99,97,28.0,34,22,0.0,0.0,0.0,0.0,0.0,0.0,0.0,0.0,0.0,16.85,17.1,16.6,35.8,36.7,34.9,316.0,317,315,27.65,27.89,27.41,46504.97,47078.63,45931.31,6.1899999999999995,6.51,5.87,2,0
2022_11_0162194,2022-07-31,2022-08-01,2,39.1163299994999,-9.0180200000604,34.0,35.3,32.7,18.2,18.4,18.0,94.0,95,93,29.5,37,22,0.0,0.0,0.0,0.0,0.0,0.0,0.0,0.0,0.0,22.35,23.2,21.5,41.75,42.8,40.7,297.0,299,295,27.57,27.69,27.45,47023.21,47051.33,46995.09,6.645,6.97,6.32,2,0
2022_11_0163785,2022-08-02,2022-08-02,1,38.8446719996134,-9.28837900002797,25.9,25.9,25.9,17.4,17.4,17.4,100.0,100,100,56.0,56,56,0.0,0.0,0.0,0.0,0.0,0.0,0.0,0.0,0.0,26.6,26.6,26.6,47.9,47.9,47.9,336.0,336,336,26.77,26.77,26.77,43269.14,43269.14,43269.14,4.77,4.77,4.77,1,0
2022_11_0174938,2022-08-19,2022-08-19,1,38.8709729999966,-9.18618200010724,36.1,36.1,36.1,19.7,19.7,19.7,58.0,58,58,13.0,13,13,0.0,0.0,0.0,0.0,0.0,0.0,0.0,0.0,0.0,21.9,21.9,21.9,45.4,45.4,45.4,7.0,7,7,25.79,25.79,25.79,45544.77,45544.77,45544.77,8.07,8.07,8.07,1,0
2022_11_0175618,2022-08-20,2022-08-20,1,38.9788619995117,-9.00893600040012,34.3,34.3,34.3,18.5,18.5,18.5,83.0,83,83,27.0,27,27,0.0,0.0,0.0,0.0,0.0,0.0,0.0,0.0,0.0,24.5,24.5,24.5,47.9,47.9,47.9,325.0,325,325,25.31,25.31,25.31,45432.17,45432.17,45432.17,7.06,7.06,7.06,1,0
2022_11_0176188,2022-08-21,2022-08-22,2,39.1119599999322,-9.05222400003009,27.45,29.4,25.5,16.4,16.7,16.1,95.5,97,94,41.5,43,40,0.0,0.0,0.0,0.0,0.0,0.0,0.0,0.0,0.0,29.25,30.4,28.1,50.400000000000006,52.6,48.2,329.5,331,328,24.015,24.19,23.84,44001.744999999995,45091.35,42912.14,5.055,5.29,4.82,2,1
2022_12_0009397,2022-05-10,2022-05-10,1,39.0045269997915,-7.50004700000087,32.6,32.6,32.6,16.5,16.5,16.5,85.0,85,85,22.0,22,22,0.0,0.0,0.0,0.0,0.0,0.0,0.0,0.0,0.0,17.6,17.6,17.6,39.2,39.2,39.2,232.0,232,232,27.66,27.66,27.66,46800.0,46800.0,46800.0,6.32,6.32,6.32,1,0
2022_12_0009656,2022-05-13,2022-05-13,1,39.0252979999118,-7.71966300010681,31.7,31.7,31.7,16.3,16.3,16.3,72.0,72,72,24.0,24,24,0.0,0.0,0.0,0.0,0.0,0.0,0.0,0.0,0.0,16.9,16.9,16.9,31.7,31.7,31.7,185.0,185,185,25.73,25.73,25.73,42037.0,42037.0,42037.0,5.52,5.52,5.52,1,0
2022_12_0013666,2022-06-28,2022-06-28,1,38.9790679995219,-7.78075199974908,30.6,30.6,30.6,12.3,12.3,12.3,90.0,90,90,22.0,22,22,0.0,0.0,0.0,0.0,0.0,0.0,0.0,0.0,0.0,22.8,22.8,22.8,46.8,46.8,46.8,299.0,299,299,30.55,30.55,30.55,49287.86,49287.86,49287.86,6.72,6.72,6.72,1,0
2022_12_0015581,2022-07-17,2022-07-17,1,39.1590420002408,-7.76844499998622,38.3,38.3,38.3,21.7,21.7,21.7,73.0,73,73,16.0,16,16,0.0,0.0,0.0,0.0,0.0,0.0,0.0,0.0,0.0,21.3,21.3,21.3,43.2,43.2,43.2,216.0,216,216,26.73,26.73,26.73,47872.33,47872.33,47872.33,7.51,7.51,7.51,1,0
2022_12_0020694,2022-09-11,2022-09-11,1,39.5479329999288,-7.6498630004459,34.4,34.4,34.4,19.0,19.0,19.0,76.0,76,76,23.0,23,23,0.0,0.0,0.0,0.0,0.0,0.0,0.0,0.0,0.0,15.7,15.7,15.7,35.6,35.6,35.6,210.0,210,210,21.48,21.48,21.48,39815.91,39815.91,39815.91,5.71,5.71,5.71,1,0
2022_13_0009527,2022-01-17,2022-01-17,1,41.1293050003052,-8.25495299975077,11.9,11.9,11.9,3.2,3.2,3.2,90.0,90,90,61.0,61,61,0.0,0.0,0.0,0.0,0.0,0.0,0.0,0.0,0.0,14.1,14.1,14.1,31.7,31.7,31.7,88.0,88,88,9.81,9.81,9.81,30888.02,30888.02,30888.02,1.24,1.24,1.24,1,0
2022_13_0011613,2022-01-20,2022-01-20,1,41.3451879999373,-8.27848299980164,13.2,13.2,13.2,0.5,0.5,0.5,79.0,79,79,49.0,49,49,0.0,0.0,0.0,0.0,0.0,0.0,0.0,0.0,0.0,11.6,11.6,11.6,27.0,27.0,27.0,78.0,78,78,10.18,10.18,10.18,30958.96,30958.96,30958.96,1.49,1.49,1.49,1,0
2022_13_0017343,2022-01-29,2022-01-29,1,41.0949819999271,-8.15738199975755,15.8,15.8,15.8,3.5,3.5,3.5,70.0,70,70,43.0,43,43,0.0,0.0,0.0,0.0,0.0,0.0,0.0,0.0,0.0,14.8,14.8,14.8,34.9,34.9,34.9,90.0,90,90,11.96,11.96,11.96,32310.38,32310.38,32310.38,2.29,2.29,2.29,1,0
2022_13_0017536,2022-01-29,2022-01-29,1,41.0943179999457,-8.15179300003582,15.3,15.3,15.3,3.0,3.0,3.0,70.0,70,70,42.0,42,42,0.0,0.0,0.0,0.0,0.0,0.0,0.0,0.0,0.0,14.8,14.8,14.8,34.9,34.9,34.9,90.0,90,90,11.96,11.96,11.96,32310.38,32310.38,32310.38,2.25,2.25,2.25,1,0
2022_13_0017645,2022-01-29,2022-01-29,1,41.1038400000996,-8.14490699979994,13.3,13.3,13.3,2.8,2.8,2.8,60.0,60,60,44.0,44,44,0.0,0.0,0.0,0.0,0.0,0.0,0.0,0.0,0.0,16.7,16.7,16.7,47.2,47.2,47.2,103.0,103,103,12.04,12.04,12.04,32323.91,32323.91,32323.91,2.23,2.23,2.23,1,0
2022_13_0019971,2022-02-02,2022-02-02,1,41.3578080002467,-8.24688199996948,16.0,16.0,16.0,4.5,4.5,4.5,93.0,93,93,51.0,51,51,0.0,0.0,0.0,0.0,0.0,0.0,0.0,0.0,0.0,14.6,14.6,14.6,33.5,33.5,33.5,101.0,101,101,11.75,11.75,11.75,32764.24,32764.24,32764.24,1.83,1.83,1.83,1,0
2022_13_0020215,2022-02-02,2022-02-02,1,41.3598399999407,-8.24910200013055,15.9,15.9,15.9,4.3,4.3,4.3,93.0,93,93,51.0,51,51,0.0,0.0,0.0,0.0,0.0,0.0,0.0,0.0,0.0,14.6,14.6,14.6,33.5,33.5,33.5,101.0,101,101,11.75,11.75,11.75,32764.24,32764.24,32764.24,1.82,1.82,1.82,1,0
2022_13_0022564,2022-02-06,2022-02-06,1,41.2946219995287,-8.58347299999661,15.4,15.4,15.4,5.2,5.2,5.2,87.0,87,87,50.0,50,50,0.0,0.0,0.0,0.0,0.0,0.0,0.0,0.0,0.0,19.5,19.5,19.5,33.8,33.8,33.8,77.0,77,77,12.31,12.31,12.31,33542.28,33542.28,33542.28,2.14,2.14,2.14,1,0
2022_13_0022674,2022-02-06,2022-02-06,1,41.1381520001094,-8.09622799979316,10.6,10.6,10.6,1.5,1.5,1.5,88.0,88,88,51.0,51,51,0.0,0.0,0.0,0.0,0.0,0.0,0.0,0.0,0.0,15.3,15.3,15.3,41.4,41.4,41.4,103.0,103,103,12.66,12.66,12.66,33583.83,33583.83,33583.83,1.61,1.61,1.61,1,0
2022_13_0023078,2022-02-07,2022-02-07,1,41.2426949999068,-8.42618300014072,16.2,16.2,16.2,5.3,5.3,5.3,73.0,73,73,46.0,46,46,0.0,0.0,0.0,0.0,0.0,0.0,0.0,0.0,0.0,17.9,17.9,17.9,36.4,36.4,36.4,70.0,70,70,12.7,12.7,12.7,33717.45,33717.45,33717.45,2.56,2.56,2.56,1,0
2022_13_0023805,2022-02-08,2022-02-08,1,41.3558080000348,-8.23471200002564,16.8,16.8,16.8,5.8,5.8,5.8,78.0,78,78,50.0,50,50,0.0,0.0,0.0,0.0,0.0,0.0,0.0,0.0,0.0,19.8,19.8,19.8,40.0,40.0,40.0,92.0,92,92,12.77,12.77,12.77,33832.48,33832.48,33832.48,2.25,2.25,2.25,1,0
2022_13_0034114,2022-02-25,2022-02-25,1,41.1115749994914,-8.19584799978468,14.9,14.9,14.9,6.8,6.8,6.8,67.0,67,67,48.0,48,48,0.0,0.0,0.0,0.0,0.0,0.0,0.0,0.0,0.0,23.2,23.2,23.2,68.4,68.4,68.4,92.0,92,92,15.47,15.47,15.47,33563.3,33563.3,33563.3,2.89,2.89,2.89,1,0
2022_13_0055662,2022-04-02,2022-04-02,1,41.1701239999135,-8.2968940003713,14.2,14.2,14.2,3.3,3.3,3.3,69.0,69,69,34.0,34,34,0.0,0.0,0.0,0.0,0.0,0.0,0.0,0.0,0.0,17.0,17.0,17.0,37.1,37.1,37.1,64.0,64,64,23.63,23.63,23.63,42239.61,42239.61,42239.61,3.45,3.45,3.45,1,0
2022_13_0056032,2022-04-03,2022-04-03,1,41.0230970001221,-8.49312699953715,14.8,14.8,14.8,5.1,5.1,5.1,66.0,66,66,31.0,31,31,0.0,0.0,0.0,0.0,0.0,0.0,0.0,0.0,0.0,20.6,20.6,20.6,37.8,37.8,37.8,61.0,61,61,22.67,22.67,22.67,42274.49,42274.49,42274.49,4.0,4.0,4.0,1,0
2022_13_0057228,2022-04-05,2022-04-05,1,41.1670570000013,-8.19784200032552,15.6,15.6,15.6,4.3,4.3,4.3,74.0,74,74,36.0,36,36,0.0,0.0,0.0,0.0,0.0,0.0,0.0,0.0,0.0,19.9,19.9,19.9,42.5,42.5,42.5,65.0,65,65,22.01,22.01,22.01,41834.52,41834.52,41834.52,3.73,3.73,3.73,1,0
2022_13_0065929,2022-04-20,2022-04-20,1,41.3212849998474,-8.38586199998856,13.4,13.4,13.4,2.6,2.6,2.6,91.0,91,91,42.0,42,42,0.0,0.0,0.0,0.0,0.0,0.0,0.0,0.0,0.0,22.8,22.8,22.8,47.2,47.2,47.2,339.0,339,339,21.78,21.78,21.78,45447.13,45447.13,45447.13,3.21,3.21,3.21,1,0
2022_13_0070520,2022-04-28,2022-04-28,1,41.4197320000331,-8.68644599994024,20.4,20.4,20.4,8.2,8.2,8.2,97.0,97,97,51.0,51,51,0.0,0.0,0.0,0.0,0.0,0.0,0.0,0.0,0.0,19.4,19.4,19.4,35.6,35.6,35.6,342.0,342,342,23.66,23.66,23.66,44819.52,44819.52,44819.52,3.71,3.71,3.71,1,0
2022_13_0075695,2022-05-06,2022-05-06,1,41.4309280003442,-8.73658199999067,23.8,23.8,23.8,11.5,11.5,11.5,95.0,95,95,46.0,46,46,0.0,0.0,0.0,0.0,0.0,0.0,0.0,0.0,0.0,15.2,15.2,15.2,32.4,32.4,32.4,7.0,7,7,27.8,27.8,27.8,46800.0,46800.0,46800.0,4.74,4.74,4.74,1,0
2022_13_0076280,2022-05-07,2022-05-07,1,41.3476869996389,-8.64259799957275,24.4,24.4,24.4,12.5,12.5,12.5,95.0,95,95,43.0,43,43,0.0,0.0,0.0,0.0,0.0,0.0,0.0,0.0,0.0,17.9,17.9,17.9,32.8,32.8,32.8,47.0,47,47,26.55,26.55,26.55,45214.88,45214.88,45214.88,4.87,4.87,4.87,1,0
2022_13_0076321,2022-05-07,2022-05-07,1,41.3272030003866,-8.5191099998686,26.6,26.6,26.6,13.6,13.6,13.6,93.0,93,93,32.0,32,32,0.0,0.0,0.0,0.0,0.0,0.0,0.0,0.0,0.0,23.4,23.4,23.4,40.7,40.7,40.7,78.0,78,78,26.67,26.67,26.67,43867.05,43867.05,43867.05,5.43,5.43,5.43,1,0
2022_13_0080301,2022-05-13,2022-05-13,1,41.3241149997711,-8.45265699995889,26.6,26.6,26.6,12.0,12.0,12.0,88.0,88,88,35.0,35,35,0.0,0.0,0.0,0.0,0.0,0.0,0.0,0.0,0.0,13.0,13.0,13.0,30.2,30.2,30.2,287.0,287,287,27.75,27.75,27.75,46654.63,46654.63,46654.63,5.37,5.37,5.37,1,0
2022_13_0080433,2022-05-13,2022-05-13,1,41.3006149999963,-8.50012200000385,26.2,26.2,26.2,12.4,12.4,12.4,90.0,90,90,39.0,39,39,0.0,0.0,0.0,0.0,0.0,0.0,0.0,0.0,0.0,12.0,12.0,12.0,28.4,28.4,28.4,280.0,280,280,27.69,27.69,27.69,46829.68,46829.68,46829.68,5.19,5.19,5.19,1,0
2022_13_0084330,2022-05-19,2022-05-19,1,41.1955219999949,-8.0269120004442,21.2,21.2,21.2,5.6,5.6,5.6,100.0,100,100,54.0,54,54,0.0,0.0,0.0,0.0,0.0,0.0,0.0,0.0,0.0,10.8,10.8,10.8,33.5,33.5,33.5,295.0,295,295,27.14,27.14,27.14,44838.87,44838.87,44838.87,4.52,4.52,4.52,1,0
2022_13_0088977,2022-05-26,2022-05-26,1,41.2680230000284,-8.49954700046115,28.5,28.5,28.5,15.8,15.8,15.8,89.0,89,89,38.0,38,38,0.0,0.0,0.0,0.0,0.0,0.0,0.0,0.0,0.0,22.4,22.4,22.4,40.3,40.3,40.3,66.0,66,66,29.29,29.29,29.29,48596.55,48596.55,48596.55,6.47,6.47,6.47,1,0
2022_13_0089578,2022-05-27,2022-05-27,1,41.2420620001687,-8.57802499983046,31.3,31.3,31.3,18.6,18.6,18.6,89.0,89,89,24.0,24,24,0.0,0.0,0.0,0.0,0.0,0.0,0.0,0.0,0.0,28.8,28.8,28.8,49.3,49.3,49.3,70.0,70,70,29.21,29.21,29.21,48950.01,48950.01,48950.01,7.52,7.52,7.52,1,0
2022_13_0117961,2022-07-09,2022-07-10,2,41.1118900002374,-8.31027999983893,32.9,35.0,30.8,19.05,20.0,18.1,69.5,79,60,32.0,41,23,0.0,0.0,0.0,0.0,0.0,0.0,0.0,0.0,0.0,14.8,14.8,14.8,34.05,36.4,31.7,178.5,260,97,29.91,30.27,29.55,49726.41,49792.89,49659.93,6.635,7.25,6.02,2,0
2022_13_0118627,2022-07-10,2022-07-10,1,41.0769444444444,-8.34138888888889,30.4,30.4,30.4,17.7,17.7,17.7,79.0,79,79,40.0,40,40,0.0,0.0,0.0,0.0,0.0,0.0,0.0,0.0,0.0,14.8,14.8,14.8,36.4,36.4,36.4,260.0,260,260,29.55,29.55,29.55,49659.93,49659.93,49659.93,5.97,5.97,5.97,1,0
2022_13_0118909,2022-07-10,2022-07-11,2,41.1972350003984,-7.93762200011147,31.55,33.2,29.9,15.5,16.9,14.1,83.0,92,74,31.0,37,25,0.0,0.0,0.0,0.0,0.0,0.0,0.0,0.0,0.0,12.600000000000001,14.4,10.8,39.95,44.3,35.6,291.5,296,287,27.994999999999997,29.06,26.93,49256.335,49829.47,48683.2,5.9350000000000005,6.43,5.44,2,0
2022_13_0118976,2022-07-10,2022-07-10,1,41.1425449996524,-7.93204300032722,32.8,32.8,32.8,18.9,18.9,18.9,77.0,77,77,33.0,33,33,0.0,0.0,0.0,0.0,0.0,0.0,0.0,0.0,0.0,15.2,15.2,15.2,36.4,36.4,36.4,218.0,218,218,29.59,29.59,29.59,49652.6,49652.6,49652.6,6.36,6.36,6.36,1,0
2022_13_0119149,2022-07-10,2022-07-11,2,41.2165500005086,-7.90704999976688,31.25,32.9,29.6,15.200000000000001,16.6,13.8,83.0,92,74,31.0,37,25,0.0,0.0,0.0,0.0,0.0,0.0,0.0,0.0,0.0,12.600000000000001,14.4,10.8,39.95,44.3,35.6,291.5,296,287,27.994999999999997,29.06,26.93,49256.335,49829.47,48683.2,5.9,6.39,5.41,2,0
2022_13_0120949,2022-07-13,2022-07-13,1,41.3000060000002,-8.20477399984996,37.7,37.7,37.7,24.7,24.7,24.7,58.0,58,58,25.0,25,25,0.0,0.0,0.0,0.0,0.0,0.0,0.0,0.0,0.0,13.7,13.7,13.7,29.5,29.5,29.5,35.0,35,35,24.48,24.48,24.48,44255.64,44255.64,44255.64,7.17,7.17,7.17,1,0
2022_13_0121271,2022-07-13,2022-07-13,1,41.3000060000002,-8.20477399984996,37.7,37.7,37.7,24.7,24.7,24.7,58.0,58,58,25.0,25,25,0.0,0.0,0.0,0.0,0.0,0.0,0.0,0.0,0.0,13.7,13.7,13.7,29.5,29.5,29.5,35.0,35,35,24.48,24.48,24.48,44255.64,44255.64,44255.64,7.17,7.17,7.17,1,0
2022_13_0121442,2022-07-13,2022-07-13,1,41.3029070001178,-8.48331000010173,38.9,38.9,38.9,28.6,28.6,28.6,46.0,46,46,20.0,20,20,0.0,0.0,0.0,0.0,0.0,0.0,0.0,0.0,0.0,17.8,17.8,17.8,33.5,33.5,33.5,67.0,67,67,23.69,23.69,23.69,43537.73,43537.73,43537.73,8.09,8.09,8.09,1,0
2022_13_0121804,2022-07-14,2022-07-17,4,41.190902999772,-7.93049400011698,34.3,36.1,32.4,21.049999999999997,23.9,18.4,70.75,81,56,26.75,35,23,0.025,0.1,0.0,0.025,0.1,0.0,0.25,1.0,0.0,14.575,16.1,13.2,40.6,50.4,34.6,208.5,279,112,26.9725,28.65,24.45,46450.0625,48982.68,41068.97,6.3575,6.74,5.85,4,0
2022_13_0121963,2022-07-14,2022-07-14,1,41.1969444444444,-8.23583333333333,36.4,36.4,36.4,25.0,25.0,25.0,56.0,56,56,25.0,25,25,0.0,0.0,0.0,0.0,0.0,0.0,0.0,0.0,0.0,16.5,16.5,16.5,40.3,40.3,40.3,68.0,68,68,25.29,25.29,25.29,40330.08,40330.08,40330.08,7.34,7.34,7.34,1,0
2022_13_0122224,2022-07-14,2022-07-15,2,41.2252350001865,-8.24881800015767,35.849999999999994,37.3,34.4,23.4,25.8,21.0,65.0,74,56,29.0,33,25,0.0,0.0,0.0,0.0,0.0,0.0,0.0,0.0,0.0,15.1,16.5,13.7,36.9,40.3,33.5,164.5,261,68,26.475,27.66,25.29,44722.825,49115.57,40330.08,6.895,7.44,6.35,2,0
2022_13_0122232,2022-07-14,2022-07-16,3,41.1074199999703,-8.04190000004239,33.43333333333333,35.9,31.6,23.3,25.9,21.1,62.333333333333336,69,53,36.333333333333336,44,32,0.0,0.0,0.0,0.0,0.0,0.0,0.0,0.0,0.0,14.299999999999999,16.3,13.0,37.766666666666666,42.8,33.8,211.33333333333334,293,83,26.46666666666667,27.68,24.6,45999.03666666666,49087.62,41926.49,6.23,6.69,5.8,3,0
2022_13_0122261,2022-07-14,2022-07-14,1,41.3351499999894,-8.62122700002458,33.5,33.5,33.5,21.4,21.4,21.4,72.0,72,72,30.0,30,30,0.0,0.0,0.0,0.0,0.0,0.0,0.0,0.0,0.0,19.2,19.2,19.2,37.1,37.1,37.1,13.0,13,13,22.32,22.32,22.32,35313.47,35313.47,35313.47,6.6,6.6,6.6,1,0
2022_13_0122945,2022-07-15,2022-07-15,1,41.3030550000403,-8.54072700023651,30.0,30.0,30.0,20.5,20.5,20.5,77.0,77,77,45.0,45,45,0.0,0.0,0.0,0.0,0.0,0.0,0.0,0.0,0.0,15.9,15.9,15.9,37.4,37.4,37.4,247.0,247,247,26.01,26.01,26.01,49215.93,49215.93,49215.93,5.58,5.58,5.58,1,0
2022_13_0123799,2022-07-16,2022-07-16,1,41.1613669999441,-8.24449700037638,31.9,31.9,31.9,17.4,17.4,17.4,91.0,91,91,35.0,35,35,0.0,0.0,0.0,0.0,0.0,0.0,0.0,0.0,0.0,14.1,14.1,14.1,32.4,32.4,32.4,281.0,281,281,27.16,27.16,27.16,46899.86,46899.86,46899.86,5.9,5.9,5.9,1,0
2022_13_0124406,2022-07-17,2022-07-18,2,41.2199199999703,-7.91212699996101,29.6,33.4,25.8,15.15,16.5,13.8,81.5,89,74,27.5,35,20,0.05,0.1,0.0,0.05,0.1,0.0,0.5,1.0,0.0,16.9,17.9,15.9,49.5,56.5,42.5,262.0,276,248,28.765,28.99,28.54,48706.195,48786.87,48625.52,5.765000000000001,6.32,5.21,2,0
2022_13_0124550,2022-07-17,2022-07-17,1,41.1040620001157,-8.0215330002043,34.7,34.7,34.7,21.6,21.6,21.6,77.0,77,77,32.0,32,32,0.0,0.0,0.0,0.0,0.0,0.0,0.0,0.0,0.0,14.5,14.5,14.5,40.0,40.0,40.0,266.0,266,266,28.63,28.63,28.63,48649.3,48649.3,48649.3,6.21,6.21,6.21,1,0
2022_13_0124754,2022-07-17,2022-07-18,2,41.0986469999949,-8.32079699993134,28.200000000000003,30.3,26.1,16.45,17.8,15.1,92.0,98,86,44.0,45,43,0.0,0.0,0.0,0.0,0.0,0.0,0.0,0.0,0.0,19.200000000000003,20.8,17.6,43.95,47.9,40.0,263.0,275,251,28.65,28.66,28.64,48552.675,48775.99,48329.36,5.609999999999999,5.92,5.3,2,0
2022_13_0124767,2022-07-17,2022-07-17,1,41.1641319995456,-8.24430500030518,33.6,33.6,33.6,20.8,20.8,20.8,79.0,79,79,40.0,40,40,0.0,0.0,0.0,0.0,0.0,0.0,0.0,0.0,0.0,15.4,15.4,15.4,37.1,37.1,37.1,266.0,266,266,28.62,28.62,28.62,48654.62,48654.62,48654.62,6.26,6.26,6.26,1,0
2022_13_0125380,2022-07-18,2022-07-18,1,41.1444444444444,-8.41194444444444,25.8,25.8,25.8,17.5,17.5,17.5,97.0,97,97,51.0,51,51,0.5,0.5,0.5,0.5,0.5,0.5,3.0,3.0,3.0,21.9,21.9,21.9,44.3,44.3,44.3,230.0,230,230,28.28,28.28,28.28,48244.54,48244.54,48244.54,5.23,5.23,5.23,1,0
2022_13_0125456,2022-07-18,2022-07-19,2,41.0978229999542,-8.31975999991099,25.0,26.2,23.8,15.55,15.9,15.2,92.5,98,87,46.0,47,45,0.15,0.3,0.0,0.15,0.3,0.0,1.5,3.0,0.0,17.95,20.8,15.1,42.3,47.9,36.7,257.0,263,251,25.945,28.66,23.23,45529.885,48329.36,42730.41,4.82,5.3,4.34,2,0
2022_13_0128807,2022-07-23,2022-07-23,1,41.1825019995372,-8.23174500041538,31.5,31.5,31.5,16.3,16.3,16.3,88.0,88,88,29.0,29,29,0.0,0.0,0.0,0.0,0.0,0.0,0.0,0.0,0.0,13.0,13.0,13.0,31.3,31.3,31.3,181.0,181,181,28.46,28.46,28.46,48443.03,48443.03,48443.03,6.08,6.08,6.08,1,0
2022_13_0129919,2022-07-25,2022-07-27,3,41.2489670001136,-7.88883200009664,22.766666666666666,23.7,22.1,9.566666666666666,11.5,7.5,88.33333333333333,95,82,35.666666666666664,37,34,0.0,0.0,0.0,0.0,0.0,0.0,0.0,0.0,0.0,15.766666666666667,17.1,14.3,49.333333333333336,53.3,45.7,285.0,291,280,28.429999999999996,28.54,28.34,47948.193333333336,48030.7,47841.76,5.1433333333333335,5.25,5.07,3,0
2022_13_0130274,2022-07-25,2022-07-26,2,41.1296119997236,-8.55541200002035,25.05,25.3,24.8,16.35,17.2,15.5,94.0,97,91,55.0,60,50,0.0,0.0,0.0,0.0,0.0,0.0,0.0,0.0,0.0,24.4,25.1,23.7,48.25,49.3,47.2,329.5,334,325,27.855,28.07,27.64,48153.355,48162.05,48144.66,4.965,5.09,4.84,2,0
2022_13_0130929,2022-07-26,2022-07-27,2,41.3010450000233,-8.55700500011444,27.700000000000003,28.3,27.1,16.35,17.6,15.1,91.5,96,87,43.0,47,39,0.0,0.0,0.0,0.0,0.0,0.0,0.0,0.0,0.0,20.65,21.0,20.3,43.0,43.2,42.8,307.5,317,298,28.060000000000002,28.17,27.95,48075.455,48144.45,48006.46,5.640000000000001,5.88,5.4,2,0
2022_13_0131610,2022-07-27,2022-07-27,1,41.1476180002424,-8.00723800023397,26.6,26.6,26.6,13.0,13.0,13.0,90.0,90,90,35.0,35,35,0.0,0.0,0.0,0.0,0.0,0.0,0.0,0.0,0.0,17.7,17.7,17.7,52.6,52.6,52.6,275.0,275,275,28.51,28.51,28.51,47837.51,47837.51,47837.51,5.63,5.63,5.63,1,0
2022_13_0132316,2022-07-28,2022-07-28,1,41.256646999783,-8.13288500044081,26.2,26.2,26.2,14.0,14.0,14.0,92.0,92,92,47.0,47,47,0.0,0.0,0.0,0.0,0.0,0.0,0.0,0.0,0.0,16.5,16.5,16.5,44.3,44.3,44.3,280.0,280,280,26.75,26.75,26.75,47723.64,47723.64,47723.64,5.13,5.13,5.13,1,0
2022_13_0132513,2022-07-29,2022-07-29,1,41.1633729998271,-7.9038700000445,30.5,30.5,30.5,14.7,14.7,14.7,97.0,97,97,37.0,37,37,0.0,0.0,0.0,0.0,0.0,0.0,0.0,0.0,0.0,11.0,11.0,11.0,33.1,33.1,33.1,278.0,278,278,28.03,28.03,28.03,47590.34,47590.34,47590.34,5.78,5.78,5.78,1,0
2022_13_0133564,2022-07-30,2022-07-31,2,41.0774349996779,-8.50266200012631,36.55,36.6,36.5,22.6,23.6,21.6,66.0,67,65,26.0,27,25,0.0,0.0,0.0,0.0,0.0,0.0,0.0,0.0,0.0,19.549999999999997,21.4,17.7,40.3,42.8,37.8,186.5,359,14,27.240000000000002,27.34,27.14,47548.035,47607.76,47488.31,7.58,7.78,7.38,2,0
2022_13_0134048,2022-07-31,2022-07-31,1,41.1080350001653,-8.1536900001102,37.4,37.4,37.4,23.2,23.2,23.2,56.0,56,56,23.0,23,23,0.0,0.0,0.0,0.0,0.0,0.0,0.0,0.0,0.0,16.1,16.1,16.1,45.7,45.7,45.7,116.0,116,116,26.11,26.11,26.11,47470.41,47470.41,47470.41,7.01,7.01,7.01,1,0
2022_13_0134243,2022-07-31,2022-07-31,1,41.3004369999965,-8.41175800005595,36.6,36.6,36.6,22.4,22.4,22.4,56.0,56,56,21.0,21,21,0.0,0.0,0.0,0.0,0.0,0.0,0.0,0.0,0.0,18.5,18.5,18.5,38.9,38.9,38.9,60.0,60,60,27.53,27.53,27.53,47484.69,47484.69,47484.69,7.47,7.47,7.47,1,0
2022_13_0134336,2022-07-31,2022-08-25,26,41.2744279999203,-8.01032199965583,30.326923076923077,37.9,21.4,17.284615384615385,22.6,12.5,87.46153846153847,99,57,38.11538461538461,61,21,0.19615384615384615,4.9,0.0,0.19615384615384615,4.9,0.0,0.7307692307692307,17.0,0.0,15.400000000000002,20.6,8.8,34.32692307692308,44.3,23.0,219.26923076923077,329,22,24.887307692307694,27.62,17.37,45441.54807692308,47478.68,36000.0,5.396538461538461,7.45,3.43,25,0
2022_13_0134366,2022-07-31,2022-07-31,1,41.1463888888889,-8.41666666666667,37.4,37.4,37.4,24.1,24.1,24.1,67.0,67,67,24.0,24,24,0.0,0.0,0.0,0.0,0.0,0.0,0.0,0.0,0.0,20.8,20.8,20.8,37.4,37.4,37.4,35.0,35,35,27.26,27.26,27.26,47490.81,47490.81,47490.81,7.79,7.79,7.79,1,0
2022_13_0134424,2022-07-31,2022-07-31,1,41.2612970002492,-8.19905000050863,38.4,38.4,38.4,24.5,24.5,24.5,57.0,57,57,21.0,21,21,0.0,0.0,0.0,0.0,0.0,0.0,0.0,0.0,0.0,18.0,18.0,18.0,40.0,40.0,40.0,58.0,58,58,27.33,27.33,27.33,47482.05,47482.05,47482.05,7.6,7.6,7.6,1,0
2022_13_0134553,2022-07-31,2022-08-01,2,41.1911111111111,-8.28138888888889,37.1,37.6,36.6,22.9,23.4,22.4,58.5,62,55,23.5,25,22,0.0,0.0,0.0,0.0,0.0,0.0,0.0,0.0,0.0,16.25,17.7,14.8,37.599999999999994,40.3,34.9,124.0,140,108,26.675,26.71,26.64,47417.384999999995,47473.2,47361.57,7.095,7.43,6.76,2,0
2022_13_0134615,2022-07-31,2022-08-01,2,41.0912130000856,-8.13946299976773,36.25,37.3,35.2,22.25,22.6,21.9,65.0,69,61,26.0,30,22,0.0,0.0,0.0,0.0,0.0,0.0,0.0,0.0,0.0,17.05,19.1,15.0,40.150000000000006,43.2,37.1,187.5,257,118,26.6,26.72,26.48,47420.59,47476.71,47364.47,6.65,6.87,6.43,2,0
2022_13_0134781,2022-08-01,2022-08-01,1,41.1287580002679,-8.25029000000821,36.8,36.8,36.8,22.5,22.5,22.5,62.0,62,62,25.0,25,25,0.0,0.0,0.0,0.0,0.0,0.0,0.0,0.0,0.0,14.8,14.8,14.8,34.9,34.9,34.9,140.0,140,140,26.64,26.64,26.64,47361.57,47361.57,47361.57,6.78,6.78,6.78,1,0
2022_13_0135038,2022-08-01,2022-08-01,1,41.18,-8.31611111111111,35.6,35.6,35.6,22.4,22.4,22.4,69.0,69,69,26.0,26,26,0.0,0.0,0.0,0.0,0.0,0.0,0.0,0.0,0.0,16.3,16.3,16.3,37.1,37.1,37.1,293.0,293,293,26.96,26.96,26.96,47371.48,47371.48,47371.48,6.67,6.67,6.67,1,0
2022_13_0135090,2022-08-01,2022-08-01,1,41.0771450000339,-8.49835199991862,33.4,33.4,33.4,21.9,21.9,21.9,76.0,76,76,36.0,36,36,0.0,0.0,0.0,0.0,0.0,0.0,0.0,0.0,0.0,14.3,14.3,14.3,34.9,34.9,34.9,276.0,276,276,26.88,26.88,26.88,47373.96,47373.96,47373.96,6.14,6.14,6.14,1,0
2022_13_0137164,2022-08-04,2022-08-04,1,41.1294444444444,-8.44,27.0,27.0,27.0,17.4,17.4,17.4,94.0,94,94,53.0,53,53,0.0,0.0,0.0,0.0,0.0,0.0,0.0,0.0,0.0,13.0,13.0,13.0,31.7,31.7,31.7,232.0,232,232,26.06,26.06,26.06,47096.82,47096.82,47096.82,4.94,4.94,4.94,1,0
2022_13_0138413,2022-08-06,2022-08-06,1,41.3060899999407,-8.45172299994363,29.4,29.4,29.4,16.9,16.9,16.9,100.0,100,100,43.0,43,43,0.0,0.0,0.0,0.0,0.0,0.0,0.0,0.0,0.0,14.8,14.8,14.8,35.6,35.6,35.6,262.0,262,262,26.52,26.52,26.52,46844.88,46844.88,46844.88,5.15,5.15,5.15,1,0
2022_13_0139614,2022-08-08,2022-08-08,1,41.113293999566,-8.40320000012716,28.0,28.0,28.0,16.4,16.4,16.4,97.0,97,97,48.0,48,48,0.0,0.0,0.0,0.0,0.0,0.0,0.0,0.0,0.0,14.4,14.4,14.4,34.6,34.6,34.6,275.0,275,275,26.26,26.26,26.26,46571.84,46571.84,46571.84,5.18,5.18,5.18,1,0
2022_13_0141586,2022-08-11,2022-08-11,1,41.3911100000805,-8.21118300014072,28.8,28.8,28.8,17.1,17.1,17.1,94.0,94,94,48.0,48,48,0.0,0.0,0.0,0.0,0.0,0.0,0.0,0.0,0.0,18.0,18.0,18.0,39.2,39.2,39.2,264.0,264,264,25.78,25.78,25.78,46456.21,46456.21,46456.21,5.07,5.07,5.07,1,0
2022_13_0142913,2022-08-13,2022-08-14,2,41.1772170003255,-7.95047700001134,23.450000000000003,24.3,22.6,12.8,13.6,12.0,92.0,94,90,41.5,44,39,0.0,0.0,0.0,0.0,0.0,0.0,0.0,0.0,0.0,17.1,18.1,16.1,50.75,53.3,48.2,282.0,284,280,25.770000000000003,26.44,25.1,46367.229999999996,46395.19,46339.27,4.695,4.89,4.5,2,0
2022_13_0143121,2022-08-14,2022-08-14,1,41.1702070000437,-7.93889899995592,23.3,23.3,23.3,12.7,12.7,12.7,94.0,94,94,44.0,44,44,0.0,0.0,0.0,0.0,0.0,0.0,0.0,0.0,0.0,16.1,16.1,16.1,48.2,48.2,48.2,284.0,284,284,25.1,25.1,25.1,46339.27,46339.27,46339.27,4.58,4.58,4.58,1,0
2022_13_0143161,2022-08-14,2022-08-14,1,41.2791280004713,-8.1432449997796,25.1,25.1,25.1,14.9,14.9,14.9,93.0,93,93,43.0,43,43,0.0,0.0,0.0,0.0,0.0,0.0,0.0,0.0,0.0,17.7,17.7,17.7,37.1,37.1,37.1,305.0,305,305,21.73,21.73,21.73,43200.0,43200.0,43200.0,4.31,4.31,4.31,1,0
2022_13_0143309,2022-08-14,2022-08-14,1,41.2066666666667,-8.40805555555556,24.9,24.9,24.9,15.1,15.1,15.1,94.0,94,94,42.0,42,42,0.0,0.0,0.0,0.0,0.0,0.0,0.0,0.0,0.0,17.2,17.2,17.2,37.8,37.8,37.8,314.0,314,314,21.14,21.14,21.14,43200.0,43200.0,43200.0,4.22,4.22,4.22,1,0
2022_13_0143331,2022-08-14,2022-08-14,1,41.1105555555556,-8.38638888888889,25.4,25.4,25.4,15.9,15.9,15.9,94.0,94,94,40.0,40,40,0.4,0.4,0.4,0.4,0.4,0.4,4.0,4.0,4.0,17.8,17.8,17.8,39.6,39.6,39.6,319.0,319,319,21.46,21.46,21.46,44493.55,44493.55,44493.55,4.29,4.29,4.29,1,0
2022_13_0143732,2022-08-15,2022-08-15,1,41.2077777777778,-8.40805555555556,24.0,24.0,24.0,14.3,14.3,14.3,99.0,99,99,44.0,44,44,0.0,0.0,0.0,0.0,0.0,0.0,0.0,0.0,0.0,17.0,17.0,17.0,37.8,37.8,37.8,283.0,283,283,24.33,24.33,24.33,41606.16,41606.16,41606.16,4.47,4.47,4.47,1,0
2022_13_0143834,2022-08-15,2022-08-15,1,41.1204329999288,-8.00691699981689,25.2,25.2,25.2,14.6,14.6,14.6,98.0,98,98,44.0,44,44,0.2,0.2,0.2,0.2,0.2,0.2,2.0,2.0,2.0,15.5,15.5,15.5,43.9,43.9,43.9,271.0,271,271,25.85,25.85,25.85,46218.09,46218.09,46218.09,4.74,4.74,4.74,1,0
2022_13_0143916,2022-08-15,2022-08-15,1,41.1377869998084,-7.96717700001266,24.4,24.4,24.4,13.5,13.5,13.5,98.0,98,98,42.0,42,42,0.1,0.1,0.1,0.1,0.1,0.1,1.0,1.0,1.0,17.4,17.4,17.4,47.5,47.5,47.5,263.0,263,263,25.85,25.85,25.85,46252.22,46252.22,46252.22,4.74,4.74,4.74,1,0
2022_13_0146550,2022-08-20,2022-08-20,1,41.0747222222222,-8.34388888888889,31.5,31.5,31.5,18.1,18.1,18.1,78.0,78,78,28.0,28,28,0.0,0.0,0.0,0.0,0.0,0.0,0.0,0.0,0.0,14.4,14.4,14.4,34.6,34.6,34.6,254.0,254,254,25.25,25.25,25.25,45728.52,45728.52,45728.52,5.73,5.73,5.73,1,0
2022_13_0147349,2022-08-21,2022-08-21,1,41.1983100001017,-8.2060520002577,28.6,28.6,28.6,15.6,15.6,15.6,100.0,100,100,35.0,35,35,0.0,0.0,0.0,0.0,0.0,0.0,0.0,0.0,0.0,15.8,15.8,15.8,37.1,37.1,37.1,281.0,281,281,24.02,24.02,24.02,45603.95,45603.95,45603.95,4.92,4.92,4.92,1,0
2022_13_0148099,2022-08-22,2022-08-22,1,41.1555555555556,-8.43,35.2,35.2,35.2,17.5,17.5,17.5,97.0,97,97,28.0,28,28,0.0,0.0,0.0,0.0,0.0,0.0,0.0,0.0,0.0,15.2,15.2,15.2,30.2,30.2,30.2,2.0,2,2,23.98,23.98,23.98,45448.68,45448.68,45448.68,6.0,6.0,6.0,1,0
2022_13_0148618,2022-08-23,2022-08-23,1,41.3045269997915,-8.5229570002026,34.7,34.7,34.7,21.4,21.4,21.4,78.0,78,78,30.0,30,30,0.0,0.0,0.0,0.0,0.0,0.0,0.0,0.0,0.0,17.6,17.6,17.6,36.4,36.4,36.4,62.0,62,62,23.26,23.26,23.26,42077.13,42077.13,42077.13,6.33,6.33,6.33,1,0
2022_13_0148741,2022-08-23,2022-08-23,1,41.275,-8.29746999952528,35.1,35.1,35.1,23.0,23.0,23.0,69.0,69,69,30.0,30,30,0.4,0.4,0.4,0.4,0.4,0.4,1.0,1.0,1.0,16.7,16.7,16.7,35.3,35.3,35.3,50.0,50,50,23.48,23.48,23.48,45320.49,45320.49,45320.49,6.37,6.37,6.37,1,0
2022_13_0148876,2022-08-23,2022-08-24,2,41.0816666666667,-8.34555555555556,28.900000000000002,33.7,24.1,19.549999999999997,21.4,17.7,83.0,92,74,48.0,64,32,0.0,0.0,0.0,0.0,0.0,0.0,0.0,0.0,0.0,15.950000000000001,16.1,15.8,37.25,37.8,36.7,299.5,344,255,21.174999999999997,23.63,18.72,43414.25,43969.1,42859.4,4.79,6.14,3.44,2,0
2022_13_0148965,2022-08-23,2022-08-24,2,41.175384999911,-8.22072000000212,30.3,34.6,26.0,20.049999999999997,22.7,17.4,82.0,96,68,45.0,59,31,0.0,0.0,0.0,0.0,0.0,0.0,0.0,0.0,0.0,16.15,19.2,13.1,38.150000000000006,43.2,33.1,178.5,256,101,23.5,23.52,23.48,45228.825,45302.36,45155.29,5.3149999999999995,6.27,4.36,2,0
2022_13_0149297,2022-08-24,2022-08-24,1,41.1783100001017,-8.22108500003815,25.6,25.6,25.6,16.9,16.9,16.9,96.0,96,96,59.0,59,59,0.0,0.0,0.0,0.0,0.0,0.0,0.0,0.0,0.0,13.1,13.1,13.1,33.1,33.1,33.1,256.0,256,256,23.48,23.48,23.48,45155.29,45155.29,45155.29,4.31,4.31,4.31,1,0
2022_13_0150600,2022-08-26,2022-08-26,1,41.1170970000161,-8.07418999989827,31.7,31.7,31.7,17.9,17.9,17.9,83.0,83,83,35.0,35,35,0.0,0.0,0.0,0.0,0.0,0.0,0.0,0.0,0.0,13.0,13.0,13.0,31.0,31.0,31.0,342.0,342,342,22.64,22.64,22.64,44851.4,44851.4,44851.4,5.02,5.02,5.02,1,0
2022_13_0152407,2022-08-29,2022-08-29,1,41.2628700002034,-8.51955800003476,24.2,24.2,24.2,15.9,15.9,15.9,97.0,97,97,53.0,53,53,0.0,0.0,0.0,0.0,0.0,0.0,0.0,0.0,0.0,17.6,17.6,17.6,38.5,38.5,38.5,220.0,220,220,22.82,22.82,22.82,44419.07,44419.07,44419.07,4.11,4.11,4.11,1,0
2022_13_0153219,2022-08-30,2022-08-31,2,41.1884849998686,-8.23064199977451,24.200000000000003,24.6,23.8,11.4,11.9,10.9,98.5,99,98,43.5,44,43,0.0,0.0,0.0,0.0,0.0,0.0,0.0,0.0,0.0,15.2,16.5,13.9,36.75,40.0,33.5,267.5,268,267,22.93,23.61,22.25,43439.975,43490.88,43389.07,4.08,4.21,3.95,2,0
2022_13_0154178,2022-09-01,2022-09-01,1,41.2933079995049,-8.00248700009452,23.7,23.7,23.7,13.1,13.1,13.1,100.0,100,100,49.0,49,49,0.1,0.1,0.1,0.1,0.1,0.1,1.0,1.0,1.0,14.7,14.7,14.7,36.7,36.7,36.7,285.0,285,285,17.72,17.72,17.72,38409.94,38409.94,38409.94,3.41,3.41,3.41,1,0
2022_13_0155312,2022-09-03,2022-09-03,1,41.3049220000373,-8.4085820002026,22.0,22.0,22.0,11.3,11.3,11.3,99.0,99,99,37.0,37,37,0.0,0.0,0.0,0.0,0.0,0.0,0.0,0.0,0.0,18.0,18.0,18.0,39.2,39.2,39.2,256.0,256,256,22.73,22.73,22.73,42980.36,42980.36,42980.36,3.97,3.97,3.97,1,0
2022_13_0155907,2022-09-04,2022-09-04,1,41.3046100001865,-8.44208500014411,22.0,22.0,22.0,14.0,14.0,14.0,96.0,96,96,56.0,56,56,2.6,2.6,2.6,2.6,2.6,2.6,14.0,14.0,14.0,26.5,26.5,26.5,57.6,57.6,57.6,204.0,204,204,17.5,17.5,17.5,42330.34,42330.34,42330.34,3.19,3.19,3.19,0,0
2022_13_0160313,2022-09-12,2022-09-12,1,41.115335000356,-8.3911420000924,25.3,25.3,25.3,19.4,19.4,19.4,88.0,88,88,55.0,55,55,6.4,6.4,6.4,6.4,6.4,6.4,13.0,13.0,13.0,16.3,16.3,16.3,47.9,47.9,47.9,144.0,144,144,9.6,9.6,9.6,18001.55,18001.55,18001.55,2.41,2.41,2.41,0,0
2022_14_0022164,2022-04-19,2022-04-19,1,39.1825,-8.74194444444444,16.9,16.9,16.9,11.3,11.3,11.3,77.0,77,77,45.0,45,45,0.0,0.0,0.0,0.0,0.0,0.0,0.0,0.0,0.0,41.3,41.3,41.3,76.3,76.3,76.3,339.0,339,339,23.85,23.85,23.85,45034.29,45034.29,45034.29,4.39,4.39,4.39,1,1
2022_14_0032448,2022-06-02,2022-06-02,1,39.4447222222222,-8.31,25.3,25.3,25.3,16.2,16.2,16.2,97.0,97,97,32.0,32,32,1.4,1.4,1.4,1.4,1.4,1.4,7.0,7.0,7.0,22.0,22.0,22.0,41.0,41.0,41.0,206.0,206,206,22.13,22.13,22.13,37216.86,37216.86,37216.86,4.92,4.92,4.92,0,0
2022_14_0036279,2022-06-18,2022-06-18,1,39.57,-8.16722222222222,28.2,28.2,28.2,16.4,16.4,16.4,90.0,90,90,28.0,28,28,0.0,0.0,0.0,0.0,0.0,0.0,0.0,0.0,0.0,25.5,25.5,25.5,54.4,54.4,54.4,271.0,271,271,26.36,26.36,26.36,41533.96,41533.96,41533.96,5.64,5.64,5.64,1,0
2022_14_0038264,2022-06-27,2022-06-27,1,39.5758333333333,-8.16361111111111,26.0,26.0,26.0,11.9,11.9,11.9,81.0,81,81,30.0,30,30,0.0,0.0,0.0,0.0,0.0,0.0,0.0,0.0,0.0,27.8,27.8,27.8,55.4,55.4,55.4,327.0,327,327,30.58,30.58,30.58,49556.82,49556.82,49556.82,6.55,6.55,6.55,1,0
2022_14_0040181,2022-07-05,2022-07-05,1,39.6570000002119,-8.63799999978807,28.8,28.8,28.8,15.2,15.2,15.2,99.0,99,99,53.0,53,53,0.0,0.0,0.0,0.0,0.0,0.0,0.0,0.0,0.0,19.2,19.2,19.2,38.5,38.5,38.5,300.0,300,300,28.59,28.59,28.59,46154.02,46154.02,46154.02,5.36,5.36,5.36,1,0
2022_14_0040428,2022-07-06,2022-07-07,2,39.4491666666667,-8.23972222222222,37.05,38.6,35.5,20.049999999999997,22.2,17.9,83.0,99,67,20.0,24,16,0.0,0.0,0.0,0.0,0.0,0.0,0.0,0.0,0.0,25.7,27.4,24.0,48.05,50.0,46.1,182.5,314,51,28.245,29.55,26.94,46450.945,49065.07,43836.82,7.8149999999999995,8.94,6.69,2,0
2022_14_0040647,2022-07-07,2022-07-17,11,39.8019444444444,-8.4875,36.61818181818182,42.0,30.8,19.39090909090909,24.2,15.0,73.36363636363636,95,53,21.09090909090909,35,11,0.0,0.0,0.0,0.0,0.0,0.0,0.0,0.0,0.0,23.009090909090908,29.8,19.2,46.10909090909091,55.8,38.2,224.0909090909091,334,15,27.424545454545456,30.36,21.95,46206.29090909091,49281.38,34138.71,7.533636363636364,9.28,6.19,11,0
2022_14_0040954,2022-07-08,2022-07-09,2,39.7163199996948,-8.64904500007629,37.2,37.8,36.6,20.05,20.8,19.3,62.5,66,59,16.0,16,16,0.0,0.0,0.0,0.0,0.0,0.0,0.0,0.0,0.0,22.25,23.5,21.0,44.1,47.5,40.7,153.0,303,3,30.22,30.39,30.05,49161.29,49172.39,49150.19,8.205,8.49,7.92,2,0
2022_14_0041383,2022-07-10,2022-07-10,1,39.0488888888889,-8.66305555555556,36.8,36.8,36.8,21.8,21.8,21.8,62.0,62,62,16.0,16,16,0.0,0.0,0.0,0.0,0.0,0.0,0.0,0.0,0.0,23.4,23.4,23.4,45.0,45.0,45.0,318.0,318,318,29.57,29.57,29.57,48880.22,48880.22,48880.22,8.6,8.6,8.6,1,0
2022_14_0041838,2022-07-12,2022-07-17,6,39.7636111111111,-8.66111111111111,37.53333333333333,41.6,34.7,19.133333333333333,23.1,15.7,80.0,99,53,19.166666666666668,26,11,0.0,0.0,0.0,0.0,0.0,0.0,0.0,0.0,0.0,23.5,26.9,18.7,49.449999999999996,58.0,38.2,231.66666666666666,306,107,25.758333333333336,28.68,21.16,44122.37,48787.98,34852.22,7.146666666666667,9.41,6.44,6,0
2022_14_0042155,2022-07-13,2022-07-17,5,39.755,-8.66444444444445,37.06,41.7,34.9,19.64,23.2,15.9,78.4,99,53,20.8,26,11,0.0,0.0,0.0,0.0,0.0,0.0,0.0,0.0,0.0,22.86,26.9,18.7,48.9,58.0,38.2,250.6,306,107,25.625999999999998,28.68,21.16,44103.078,48787.98,34852.22,6.709999999999999,7.51,6.45,5,0
2022_14_0045644,2022-07-27,2022-07-27,1,39.5588888888889,-7.85472222222222,33.8,33.8,33.8,16.9,16.9,16.9,82.0,82,82,22.0,22,22,0.0,0.0,0.0,0.0,0.0,0.0,0.0,0.0,0.0,24.7,24.7,24.7,47.5,47.5,47.5,289.0,289,289,28.32,28.32,28.32,47360.61,47360.61,47360.61,7.51,7.51,7.51,1,0
2022_14_0046480,2022-07-31,2022-08-01,2,39.7330555555556,-8.49055555555556,36.9,39.0,34.8,20.7,21.7,19.7,77.0,83,71,29.5,36,23,0.0,0.0,0.0,0.0,0.0,0.0,0.0,0.0,0.0,22.8,25.1,20.5,45.55,49.7,41.4,305.5,307,304,27.265,27.51,27.02,47169.28,47245.25,47093.31,7.375,7.49,7.26,2,0
2022_14_0046727,2022-08-01,2022-08-02,2,39.7386111111111,-8.63722222222222,30.95,31.7,30.2,17.25,17.7,16.8,95.5,100,91,43.0,46,40,0.0,0.0,0.0,0.0,0.0,0.0,0.0,0.0,0.0,18.65,19.1,18.2,39.25,40.0,38.5,293.0,295,291,27.585,27.7,27.47,47038.854999999996,47160.1,46917.61,5.885,6.24,5.53,2,0
2022_14_0049021,2022-08-11,2022-08-11,1,39.2505555555556,-8.90194444444444,30.0,30.0,30.0,17.3,17.3,17.3,90.0,90,90,37.0,37,37,0.0,0.0,0.0,0.0,0.0,0.0,0.0,0.0,0.0,19.4,19.4,19.4,35.3,35.3,35.3,256.0,256,256,24.67,24.67,24.67,41745.45,41745.45,41745.45,5.19,5.19,5.19,1,0
2022_14_0049300,2022-08-12,2022-08-13,2,39.6432299995422,-8.26858500003815,31.55,33.0,30.1,16.0,16.1,15.9,95.5,100,91,26.0,32,20,0.0,0.0,0.0,0.0,0.0,0.0,0.0,0.0,0.0,23.85,24.0,23.7,45.35,45.7,45.0,310.5,313,308,25.85,26.11,25.59,46191.69,46217.7,46165.68,5.98,6.01,5.95,2,0
2022_14_0049695,2022-08-14,2022-08-14,1,39.6367750000954,-8.26540799988641,28.3,28.3,28.3,15.6,15.6,15.6,96.0,96,96,33.0,33,33,0.0,0.0,0.0,0.0,0.0,0.0,0.0,0.0,0.0,28.2,28.2,28.2,54.0,54.0,54.0,327.0,327,327,26.02,26.02,26.02,46113.46,46113.46,46113.46,5.81,5.81,5.81,1,0
2022_14_0049908,2022-08-15,2022-08-16,2,39.7118800004323,-8.47595399962531,27.05,28.1,26.0,17.049999999999997,17.7,16.4,94.0,98,90,39.0,39,39,0.05,0.1,0.0,0.05,0.1,0.0,0.5,1.0,0.0,27.85,31.0,24.7,48.2,53.6,42.8,324.0,326,322,22.95,25.25,20.65,44432.104999999996,44785.22,44078.99,5.205,5.51,4.9,2,1
2022_14_0050816,2022-08-19,2022-08-19,1,39.7266666666667,-8.63222222222222,34.8,34.8,34.8,16.0,16.0,16.0,77.0,77,77,16.0,16,16,0.0,0.0,0.0,0.0,0.0,0.0,0.0,0.0,0.0,25.7,25.7,25.7,49.3,49.3,49.3,28.0,28,28,25.47,25.47,25.47,45675.41,45675.41,45675.41,7.47,7.47,7.47,1,0
2022_14_0050823,2022-08-19,2022-08-22,4,39.7770619996389,-8.6315210003323,31.45,35.2,26.2,15.85,16.4,15.1,92.5,100,77,31.0,40,16,0.0,0.0,0.0,0.0,0.0,0.0,0.0,0.0,0.0,24.15,26.1,20.4,47.525,51.5,42.1,244.5,325,28,24.5,25.47,23.54,42727.9975,45675.41,39344.08,5.92,7.53,4.69,4,0
2022_14_0051399,2022-08-21,2022-08-22,2,39.6909209998449,-8.55046000000503,31.6,34.7,28.5,15.95,16.4,15.5,99.0,99,99,31.0,33,29,0.0,0.0,0.0,0.0,0.0,0.0,0.0,0.0,0.0,30.85,32.4,29.3,52.9,55.8,50.0,322.0,325,319,23.990000000000002,24.07,23.91,43905.285,44020.98,43789.59,5.955,6.44,5.47,2,1
2022_14_0051622,2022-08-22,2022-08-22,1,39.7238888888889,-8.65444444444444,32.1,32.1,32.1,16.0,16.0,16.0,99.0,99,99,34.0,34,34,0.0,0.0,0.0,0.0,0.0,0.0,0.0,0.0,0.0,24.4,24.4,24.4,47.2,47.2,47.2,317.0,317,317,23.62,23.62,23.62,40353.39,40353.39,40353.39,5.54,5.54,5.54,1,0
2022_14_0051626,2022-08-22,2022-08-22,1,39.2675,-8.92527777777778,30.5,30.5,30.5,17.6,17.6,17.6,95.0,95,95,40.0,40,40,0.0,0.0,0.0,0.0,0.0,0.0,0.0,0.0,0.0,28.2,28.2,28.2,48.6,48.6,48.6,322.0,322,322,23.55,23.55,23.55,42467.31,42467.31,42467.31,5.56,5.56,5.56,1,0
2022_15_0035039,2022-04-20,2022-04-20,1,38.6625699996948,-8.66515000025431,17.8,17.8,17.8,9.4,9.4,9.4,74.0,74,74,38.0,38,38,0.4,0.4,0.4,0.4,0.4,0.4,2.0,2.0,2.0,33.6,33.6,33.6,66.6,66.6,66.6,338.0,338,338,25.34,25.34,25.34,45101.3,45101.3,45101.3,4.78,4.78,4.78,1,1
2022_15_0053003,2022-06-12,2022-06-12,1,38.3758930004968,-8.52789699978299,38.1,38.1,38.1,20.0,20.0,20.0,83.0,83,83,16.0,16,16,0.0,0.0,0.0,0.0,0.0,0.0,0.0,0.0,0.0,24.3,24.3,24.3,48.2,48.2,48.2,282.0,282,282,28.05,28.05,28.05,48178.68,48178.68,48178.68,7.41,7.41,7.41,1,0
2022_15_0053715,2022-06-14,2022-06-14,1,38.5963780000475,-8.9964479997423,32.4,32.4,32.4,17.7,17.7,17.7,97.0,97,97,34.0,34,34,0.0,0.0,0.0,0.0,0.0,0.0,0.0,0.0,0.0,13.8,13.8,13.8,31.3,31.3,31.3,239.0,239,239,28.92,28.92,28.92,48605.65,48605.65,48605.65,6.09,6.09,6.09,1,0
2022_15_0063113,2022-07-12,2022-07-12,1,38.6337099999852,-8.74138000011444,40.7,40.7,40.7,21.5,21.5,21.5,63.0,63,63,9.0,9,9,0.0,0.0,0.0,0.0,0.0,0.0,0.0,0.0,0.0,19.9,19.9,19.9,40.3,40.3,40.3,123.0,123,123,19.47,19.47,19.47,25230.04,25230.04,25230.04,7.19,7.19,7.19,1,0
2022_15_0076464,2022-08-20,2022-08-21,2,38.6587049998177,-9.25027900000413,31.8,34.6,29.0,19.65,21.1,18.2,80.0,88,72,34.5,39,30,0.0,0.0,0.0,0.0,0.0,0.0,0.0,0.0,0.0,19.85,21.4,18.3,39.400000000000006,42.1,36.7,179.5,356,3,25.215,25.4,25.03,45318.285,45384.19,45252.38,5.975,6.49,5.46,2,0
2022_16_0000072,2022-01-01,2022-01-01,1,41.9422222222222,-8.58555555555555,18.4,18.4,18.4,12.5,12.5,12.5,77.0,77,77,44.0,44,44,0.1,0.1,0.1,0.1,0.1,0.1,1.0,1.0,1.0,22.0,22.0,22.0,57.2,57.2,57.2,171.0,171,171,6.83,6.83,6.83,19225.31,19225.31,19225.31,2.85,2.85,2.85,1,0
2022_16_0000092,2022-01-01,2022-01-01,1,41.8388888888889,-8.33416666666667,18.7,18.7,18.7,12.4,12.4,12.4,81.0,81,81,47.0,47,47,1.9,1.9,1.9,1.9,1.9,1.9,2.0,2.0,2.0,16.7,16.7,16.7,60.8,60.8,60.8,167.0,167,167,6.9,6.9,6.9,20698.41,20698.41,20698.41,2.23,2.23,2.23,0,0
2022_16_0002469,2022-01-27,2022-01-27,1,41.9935179996491,-8.46347700013055,15.1,15.1,15.1,1.4,1.4,1.4,82.0,82,82,58.0,58,58,0.0,0.0,0.0,0.0,0.0,0.0,0.0,0.0,0.0,8.0,8.0,8.0,20.9,20.9,20.9,82.0,82,82,10.78,10.78,10.78,31491.31,31491.31,31491.31,1.47,1.47,1.47,1,0
2022_16_0002561,2022-01-27,2022-01-27,1,42.0786111111111,-8.22555555555556,12.4,12.4,12.4,1.6,1.6,1.6,85.0,85,85,59.0,59,59,0.0,0.0,0.0,0.0,0.0,0.0,0.0,0.0,0.0,9.3,9.3,9.3,27.4,27.4,27.4,91.0,91,91,10.76,10.76,10.76,31492.53,31492.53,31492.53,1.46,1.46,1.46,1,0
2022_16_0002587,2022-01-28,2022-01-28,1,41.9119444444444,-8.48277777777778,14.4,14.4,14.4,0.4,0.4,0.4,84.0,84,84,30.0,30,30,0.0,0.0,0.0,0.0,0.0,0.0,0.0,0.0,0.0,9.7,9.7,9.7,32.4,32.4,32.4,78.0,78,78,11.61,11.61,11.61,31811.66,31811.66,31811.66,1.75,1.75,1.75,1,0
2022_16_0002607,2022-01-28,2022-01-28,1,41.9691669999229,-8.45229700009028,12.7,12.7,12.7,-1.1,-1.1,-1.1,86.0,86,86,46.0,46,46,0.0,0.0,0.0,0.0,0.0,0.0,0.0,0.0,0.0,9.8,9.8,9.8,27.4,27.4,27.4,86.0,86,86,11.46,11.46,11.46,31720.07,31720.07,31720.07,1.55,1.55,1.55,1,0
2022_16_0002650,2022-01-28,2022-01-28,1,41.8741550000509,-8.23639500008689,15.4,15.4,15.4,1.5,1.5,1.5,85.0,85,85,30.0,30,30,0.0,0.0,0.0,0.0,0.0,0.0,0.0,0.0,0.0,10.2,10.2,10.2,31.7,31.7,31.7,59.0,59,59,11.62,11.62,11.62,31831.84,31831.84,31831.84,1.87,1.87,1.87,1,0
2022_16_0002677,2022-01-28,2022-01-28,1,41.9613888888889,-8.52333333333333,14.1,14.1,14.1,0.0,0.0,0.0,84.0,84,84,30.0,30,30,0.0,0.0,0.0,0.0,0.0,0.0,0.0,0.0,0.0,9.7,9.7,9.7,32.4,32.4,32.4,78.0,78,78,11.61,11.61,11.61,31811.66,31811.66,31811.66,1.73,1.73,1.73,1,0
2022_16_0002693,2022-01-28,2022-01-28,1,41.8847222222222,-8.46833333333333,15.4,15.4,15.4,0.2,0.2,0.2,79.0,79,79,43.0,43,43,0.0,0.0,0.0,0.0,0.0,0.0,0.0,0.0,0.0,10.1,10.1,10.1,33.1,33.1,33.1,52.0,52,52,11.51,11.51,11.51,31816.5,31816.5,31816.5,1.76,1.76,1.76,1,0
2022_16_0002695,2022-01-28,2022-01-28,1,41.7586111111111,-8.46444444444444,14.9,14.9,14.9,0.5,0.5,0.5,86.0,86,86,29.0,29,29,0.0,0.0,0.0,0.0,0.0,0.0,0.0,0.0,0.0,10.7,10.7,10.7,34.9,34.9,34.9,48.0,48,48,11.59,11.59,11.59,31851.93,31851.93,31851.93,1.85,1.85,1.85,1,0
2022_16_0002696,2022-01-28,2022-01-28,1,41.9663888888889,-8.44972222222222,14.3,14.3,14.3,0.2,0.2,0.2,84.0,84,84,30.0,30,30,0.0,0.0,0.0,0.0,0.0,0.0,0.0,0.0,0.0,9.7,9.7,9.7,32.4,32.4,32.4,78.0,78,78,11.61,11.61,11.61,31811.66,31811.66,31811.66,1.74,1.74,1.74,1,0
2022_16_0002697,2022-01-28,2022-01-28,1,42.035,-8.25944444444444,12.8,12.8,12.8,1.1,1.1,1.1,87.0,87,87,29.0,29,29,0.0,0.0,0.0,0.0,0.0,0.0,0.0,0.0,0.0,11.5,11.5,11.5,46.4,46.4,46.4,98.0,98,98,11.57,11.57,11.57,31736.91,31736.91,31736.91,1.89,1.89,1.89,1,0
2022_16_0002698,2022-01-28,2022-01-28,1,41.9511111111111,-8.44472222222222,14.8,14.8,14.8,0.7,0.7,0.7,84.0,84,84,30.0,30,30,0.0,0.0,0.0,0.0,0.0,0.0,0.0,0.0,0.0,9.7,9.7,9.7,32.4,32.4,32.4,78.0,78,78,11.61,11.61,11.61,31811.66,31811.66,31811.66,1.77,1.77,1.77,1,0
2022_16_0002706,2022-01-28,2022-01-28,1,42.0212630001704,-8.58715500010385,12.4,12.4,12.4,-0.4,-0.4,-0.4,87.0,87,87,50.0,50,50,0.0,0.0,0.0,0.0,0.0,0.0,0.0,0.0,0.0,11.4,11.4,11.4,28.1,28.1,28.1,63.0,63,63,11.38,11.38,11.38,31702.75,31702.75,31702.75,1.47,1.47,1.47,1,0
2022_16_0002715,2022-01-28,2022-01-28,1,41.9077777777778,-8.37611111111111,15.0,15.0,15.0,1.0,1.0,1.0,84.0,84,84,30.0,30,30,0.0,0.0,0.0,0.0,0.0,0.0,0.0,0.0,0.0,9.7,9.7,9.7,32.4,32.4,32.4,78.0,78,78,11.61,11.61,11.61,31811.66,31811.66,31811.66,1.78,1.78,1.78,1,0
2022_16_0002737,2022-01-29,2022-01-29,1,41.7875,-8.2575,14.8,14.8,14.8,-0.4,-0.4,-0.4,72.0,72,72,16.0,16,16,0.0,0.0,0.0,0.0,0.0,0.0,0.0,0.0,0.0,12.1,12.1,12.1,44.6,44.6,44.6,76.0,76,76,11.9,11.9,11.9,32059.65,32059.65,32059.65,1.98,1.98,1.98,1,0
2022_16_0002748,2022-01-29,2022-01-29,1,42.0430555555556,-8.195,13.4,13.4,13.4,0.1,0.1,0.1,63.0,63,63,15.0,15,15,0.0,0.0,0.0,0.0,0.0,0.0,0.0,0.0,0.0,12.4,12.4,12.4,41.0,41.0,41.0,120.0,120,120,11.66,11.66,11.66,31905.88,31905.88,31905.88,2.26,2.26,2.26,1,0
2022_16_0002751,2022-01-29,2022-01-29,1,41.8780555555556,-8.31972222222222,15.5,15.5,15.5,1.2,1.2,1.2,59.0,59,59,24.0,24,24,0.0,0.0,0.0,0.0,0.0,0.0,0.0,0.0,0.0,13.5,13.5,13.5,38.5,38.5,38.5,49.0,49,49,11.82,11.82,11.82,32025.94,32025.94,32025.94,2.08,2.08,2.08,1,0
2022_16_0002806,2022-01-29,2022-01-29,1,41.9803130001492,-8.56206199963887,13.6,13.6,13.6,-0.8,-0.8,-0.8,70.0,70,70,38.0,38,38,0.0,0.0,0.0,0.0,0.0,0.0,0.0,0.0,0.0,7.1,7.1,7.1,26.6,26.6,26.6,105.0,105,105,11.63,11.63,11.63,31971.72,31971.72,31971.72,1.67,1.67,1.67,1,0
2022_16_0002809,2022-01-29,2022-01-30,2,41.7269444444444,-8.58944444444444,17.2,17.4,17.0,-0.25,0.4,-0.9,82.0,82,82,34.5,36,33,0.0,0.0,0.0,0.0,0.0,0.0,0.0,0.0,0.0,9.3,9.8,8.8,19.25,22.3,16.2,29.0,36,22,11.46,11.53,11.39,32072.495,32123.32,32021.67,1.8050000000000002,1.84,1.77,2,0
2022_16_0002814,2022-01-29,2022-01-30,2,41.8696729999118,-8.44339699957106,17.2,17.5,16.9,4.35,7.2,1.5,66.0,66,66,29.0,30,28,0.0,0.0,0.0,0.0,0.0,0.0,0.0,0.0,0.0,9.2,9.2,9.2,19.6,20.5,18.7,46.5,55,38,11.48,11.54,11.42,32034.025,32085.58,31982.47,2.03,2.09,1.97,2,0
2022_16_0002858,2022-01-30,2022-01-30,1,41.7786111111111,-8.26833333333333,15.4,15.4,15.4,-1.6,-1.6,-1.6,76.0,76,76,27.0,27,27,0.0,0.0,0.0,0.0,0.0,0.0,0.0,0.0,0.0,10.2,10.2,10.2,27.4,27.4,27.4,52.0,52,52,11.6,11.6,11.6,32152.41,32152.41,32152.41,1.89,1.89,1.89,1,0
2022_16_0002886,2022-01-30,2022-01-30,1,42.0094444444444,-8.11833333333333,12.0,12.0,12.0,1.9,1.9,1.9,64.0,64,64,14.0,14,14,0.0,0.0,0.0,0.0,0.0,0.0,0.0,0.0,0.0,10.2,10.2,10.2,25.6,25.6,25.6,109.0,109,109,11.68,11.68,11.68,32108.69,32108.69,32108.69,2.15,2.15,2.15,1,0
2022_16_0002890,2022-01-30,2022-01-30,1,41.9880555555556,-8.28638888888889,13.5,13.5,13.5,3.4,3.4,3.4,65.0,65,65,14.0,14,14,0.0,0.0,0.0,0.0,0.0,0.0,0.0,0.0,0.0,10.2,10.2,10.2,25.6,25.6,25.6,109.0,109,109,11.68,11.68,11.68,32108.69,32108.69,32108.69,2.25,2.25,2.25,1,0
2022_16_0002901,2022-01-30,2022-01-30,1,41.9083333333333,-8.48,15.2,15.2,15.2,1.4,1.4,1.4,59.0,59,59,35.0,35,35,0.0,0.0,0.0,0.0,0.0,0.0,0.0,0.0,0.0,6.4,6.4,6.4,18.7,18.7,18.7,57.0,57,57,11.61,11.61,11.61,32098.45,32098.45,32098.45,1.86,1.86,1.86,1,0
2022_16_0002924,2022-01-30,2022-01-30,1,41.9438888888889,-8.37472222222222,14.5,14.5,14.5,0.7,0.7,0.7,59.0,59,59,34.0,34,34,0.0,0.0,0.0,0.0,0.0,0.0,0.0,0.0,0.0,6.4,6.4,6.4,18.7,18.7,18.7,57.0,57,57,11.61,11.61,11.61,32098.45,32098.45,32098.45,1.83,1.83,1.83,1,0
2022_16_0002927,2022-01-30,2022-01-30,1,41.9302777777778,-8.49944444444444,13.5,13.5,13.5,-0.2,-0.2,-0.2,59.0,59,59,34.0,34,34,0.0,0.0,0.0,0.0,0.0,0.0,0.0,0.0,0.0,6.4,6.4,6.4,18.7,18.7,18.7,57.0,57,57,11.61,11.61,11.61,32098.45,32098.45,32098.45,1.78,1.78,1.78,1,0
2022_16_0002935,2022-01-30,2022-01-31,2,41.7605555555556,-8.77083333333333,15.95,17.2,14.7,2.2,2.4,2.0,79.0,80,78,39.5,51,28,0.0,0.0,0.0,0.0,0.0,0.0,0.0,0.0,0.0,12.5,14.8,10.2,34.55,45.7,23.4,41.0,42,40,11.495000000000001,11.61,11.38,32278.665,32378.96,32178.37,1.88,1.89,1.87,2,0
2022_16_0002936,2022-01-30,2022-01-30,1,41.9127777777778,-8.50833333333333,14.8,14.8,14.8,1.1,1.1,1.1,59.0,59,59,34.0,34,34,0.0,0.0,0.0,0.0,0.0,0.0,0.0,0.0,0.0,6.4,6.4,6.4,18.7,18.7,18.7,57.0,57,57,11.61,11.61,11.61,32098.45,32098.45,32098.45,1.84,1.84,1.84,1,0
2022_16_0002950,2022-01-30,2022-01-30,1,41.8861111111111,-8.47111111111111,15.5,15.5,15.5,3.9,3.9,3.9,71.0,71,71,32.0,32,32,0.0,0.0,0.0,0.0,0.0,0.0,0.0,0.0,0.0,8.5,8.5,8.5,21.2,21.2,21.2,30.0,30,30,11.51,11.51,11.51,32101.88,32101.88,32101.88,1.95,1.95,1.95,1,0
2022_16_0002951,2022-01-30,2022-01-30,1,41.9141666666667,-8.40833333333333,15.0,15.0,15.0,9.8,9.8,9.8,57.0,57,57,23.0,23,23,0.0,0.0,0.0,0.0,0.0,0.0,0.0,0.0,0.0,7.1,7.1,7.1,16.9,16.9,16.9,33.0,33,33,11.53,11.53,11.53,32082.75,32082.75,32082.75,1.91,1.91,1.91,1,0
2022_16_0003017,2022-01-31,2022-01-31,1,41.9946729999118,-8.14581999990675,9.9,9.9,9.9,0.2,0.2,0.2,94.0,94,94,30.0,30,30,0.0,0.0,0.0,0.0,0.0,0.0,0.0,0.0,0.0,11.2,11.2,11.2,40.3,40.3,40.3,46.0,46,46,11.78,11.78,11.78,32301.19,32301.19,32301.19,1.75,1.75,1.75,1,0
2022_16_0003032,2022-01-31,2022-02-01,2,41.9480555555556,-8.48777777777778,13.95,14.0,13.9,0.9500000000000001,1.1,0.8,84.5,86,83,42.5,56,29,0.0,0.0,0.0,0.0,0.0,0.0,0.0,0.0,0.0,11.9,12.3,11.5,42.45,43.9,41.0,61.5,72,51,11.629999999999999,11.87,11.39,32437.825,32494.58,32381.07,1.75,1.96,1.54,2,0
2022_16_0003039,2022-01-31,2022-01-31,1,41.9688150000572,-8.57910300042894,12.6,12.6,12.6,1.6,1.6,1.6,84.0,84,84,22.0,22,22,0.0,0.0,0.0,0.0,0.0,0.0,0.0,0.0,0.0,11.1,11.1,11.1,40.3,40.3,40.3,65.0,65,65,11.74,11.74,11.74,32272.96,32272.96,32272.96,1.93,1.93,1.93,1,0
2022_16_0003064,2022-01-31,2022-02-01,2,42.0080555555556,-8.57194444444444,13.75,14.7,12.8,3.0999999999999996,3.8,2.4,85.0,89,81,50.0,58,42,0.0,0.0,0.0,0.0,0.0,0.0,0.0,0.0,0.0,13.0,13.6,12.4,39.05,40.7,37.4,32.0,43,21,11.434999999999999,11.67,11.2,32359.775,32461.42,32258.13,1.615,1.68,1.55,2,0
2022_16_0003087,2022-01-31,2022-02-01,2,42.0046280002594,-8.58215300030179,12.05,13.0,11.1,1.4,2.1,0.7,84.5,88,81,49.5,58,41,0.0,0.0,0.0,0.0,0.0,0.0,0.0,0.0,0.0,13.0,13.6,12.4,39.05,40.7,37.4,32.0,43,21,11.434999999999999,11.67,11.2,32359.775,32461.42,32258.13,1.525,1.58,1.47,2,0
2022_16_0003101,2022-01-31,2022-02-01,2,41.8380555555556,-8.33138888888889,14.75,15.4,14.1,1.9500000000000002,3.1,0.8,85.5,88,83,45.0,55,35,0.0,0.0,0.0,0.0,0.0,0.0,0.0,0.0,0.0,11.0,11.1,10.9,37.45,37.8,37.1,24.5,36,13,11.545,11.78,11.31,32443.245,32498.92,32387.57,1.725,1.89,1.56,2,0
2022_16_0003142,2022-02-01,2022-02-02,2,41.8419444444444,-8.32222222222222,15.950000000000001,16.6,15.3,2.55,4.3,0.8,86.5,88,85,53.5,55,52,0.0,0.0,0.0,0.0,0.0,0.0,0.0,0.0,0.0,11.55,12.2,10.9,37.1,37.1,37.1,87.0,138,36,11.45,11.59,11.31,32553.605,32608.29,32498.92,1.67,1.78,1.56,2,0
2022_16_0003225,2022-02-02,2022-02-02,1,42.0325230005052,-8.5757820002238,18.2,18.2,18.2,5.5,5.5,5.5,84.0,84,84,46.0,46,46,0.0,0.0,0.0,0.0,0.0,0.0,0.0,0.0,0.0,10.4,10.4,10.4,28.8,28.8,28.8,180.0,180,180,11.48,11.48,11.48,32572.23,32572.23,32572.23,1.77,1.77,1.77,1,0
2022_16_0003240,2022-02-02,2022-02-02,1,41.8567330000136,-8.3274449994829,15.7,15.7,15.7,2.8,2.8,2.8,84.0,84,84,50.0,50,50,0.0,0.0,0.0,0.0,0.0,0.0,0.0,0.0,0.0,9.4,9.4,9.4,45.0,45.0,45.0,72.0,72,72,11.8,11.8,11.8,32737.08,32737.08,32737.08,1.72,1.72,1.72,1,0
2022_16_0003356,2022-02-03,2022-02-03,1,41.9144444444444,-8.4725,12.9,12.9,12.9,4.0,4.0,4.0,100.0,100,100,66.0,66,66,0.2,0.2,0.2,0.2,0.2,0.2,2.0,2.0,2.0,12.1,12.1,12.1,31.0,31.0,31.0,181.0,181,181,8.81,8.81,8.81,31562.49,31562.49,31562.49,1.29,1.29,1.29,1,0
2022_16_0003716,2022-02-07,2022-02-07,1,41.7633333333333,-8.54111111111111,17.6,17.6,17.6,2.1,2.1,2.1,86.0,86,86,48.0,48,48,0.0,0.0,0.0,0.0,0.0,0.0,0.0,0.0,0.0,10.6,10.6,10.6,21.2,21.2,21.2,25.0,25,25,12.52,12.52,12.52,33552.86,33552.86,33552.86,1.84,1.84,1.84,1,0
2022_16_0003843,2022-02-08,2022-02-08,1,41.7155555555556,-8.5225,16.8,16.8,16.8,2.2,2.2,2.2,80.0,80,80,40.0,40,40,0.0,0.0,0.0,0.0,0.0,0.0,0.0,0.0,0.0,10.5,10.5,10.5,25.6,25.6,25.6,77.0,77,77,12.82,12.82,12.82,33731.6,33731.6,33731.6,1.95,1.95,1.95,1,0
2022_16_0004044,2022-02-09,2022-02-09,1,41.9713888888889,-8.52861111111111,14.2,14.2,14.2,4.9,4.9,4.9,82.0,82,82,49.0,49,49,0.0,0.0,0.0,0.0,0.0,0.0,0.0,0.0,0.0,12.5,12.5,12.5,32.8,32.8,32.8,162.0,162,162,12.58,12.58,12.58,33810.09,33810.09,33810.09,2.06,2.06,2.06,1,0
2022_16_0004177,2022-02-10,2022-02-10,1,41.7894444444444,-8.36722222222222,16.4,16.4,16.4,5.5,5.5,5.5,89.0,89,89,57.0,57,57,0.2,0.2,0.2,0.2,0.2,0.2,1.0,1.0,1.0,11.2,11.2,11.2,31.7,31.7,31.7,134.0,134,134,11.37,11.37,11.37,33557.21,33557.21,33557.21,1.71,1.71,1.71,1,0
2022_16_0004188,2022-02-10,2022-02-11,2,41.9694444444444,-8.40166666666667,14.85,15.6,14.1,5.3,6.5,4.1,93.0,98,88,60.5,66,55,0.30000000000000004,0.4,0.2,0.30000000000000004,0.4,0.2,2.5,3.0,2.0,10.149999999999999,12.2,8.1,28.8,34.6,23.0,180.5,188,173,10.745000000000001,10.99,10.5,30019.760000000002,31452.31,28587.21,1.645,1.83,1.46,2,0
2022_16_0004205,2022-02-10,2022-02-11,2,41.7447222222222,-8.51222222222222,15.05,15.8,14.3,3.4,4.1,2.7,91.0,94,88,60.5,66,55,0.2,0.4,0.0,0.2,0.4,0.0,0.5,1.0,0.0,10.25,12.5,8.0,25.9,30.6,21.2,107.5,160,55,11.120000000000001,11.49,10.75,32418.46,34048.83,30788.09,1.5899999999999999,1.69,1.49,2,0
2022_16_0005624,2022-02-24,2022-02-25,2,41.7780555555556,-8.35916666666667,13.850000000000001,14.9,12.8,4.8,4.8,4.8,82.5,87,78,52.0,62,42,0.0,0.0,0.0,0.0,0.0,0.0,0.0,0.0,0.0,16.8,17.6,16.0,52.0,52.9,51.1,56.5,57,56,14.86,15.61,14.11,35060.89,35436.86,34684.92,2.245,2.53,1.96,2,0
2022_16_0006535,2022-03-06,2022-03-06,1,41.8025,-8.22722222222222,5.8,5.8,5.8,-1.2,-1.2,-1.2,92.0,92,92,50.0,50,50,0.0,0.0,0.0,0.0,0.0,0.0,0.0,0.0,0.0,11.7,11.7,11.7,38.2,38.2,38.2,43.0,43,43,13.27,13.27,13.27,38004.83,38004.83,38004.83,1.51,1.51,1.51,1,0
2022_16_0006549,2022-03-06,2022-03-06,1,41.9755555555556,-8.45611111111111,10.2,10.2,10.2,-0.4,-0.4,-0.4,87.0,87,87,43.0,43,43,0.0,0.0,0.0,0.0,0.0,0.0,0.0,0.0,0.0,13.4,13.4,13.4,37.8,37.8,37.8,44.0,44,44,16.16,16.16,16.16,37740.22,37740.22,37740.22,2.02,2.02,2.02,1,0
2022_16_0006566,2022-03-06,2022-03-07,2,41.8761111111111,-8.44527777777778,12.0,12.3,11.7,2.1500000000000004,2.2,2.1,87.0,88,86,42.5,43,42,1.0,2.0,0.0,1.0,2.0,0.0,2.0,4.0,0.0,14.850000000000001,16.6,13.1,45.2,50.8,39.6,89.5,162,17,15.375,15.79,14.96,34353.395000000004,37903.4,30803.39,2.125,2.17,2.08,1,0
2022_16_0007764,2022-03-19,2022-03-20,2,41.8819444444444,-8.29472222222222,16.05,16.3,15.8,5.3,5.8,4.8,86.5,88,85,48.5,50,47,0.0,0.0,0.0,0.0,0.0,0.0,0.0,0.0,0.0,13.2,14.7,11.7,35.8,39.6,32.0,101.5,119,84,15.465,16.94,13.99,33691.985,39443.86,27940.11,2.4850000000000003,2.6,2.37,2,0
2022_16_0007775,2022-03-20,2022-03-20,1,41.8483333333333,-8.23388888888889,15.8,15.8,15.8,5.8,5.8,5.8,85.0,85,85,50.0,50,50,0.0,0.0,0.0,0.0,0.0,0.0,0.0,0.0,0.0,11.7,11.7,11.7,32.0,32.0,32.0,84.0,84,84,13.99,13.99,13.99,27940.11,27940.11,27940.11,2.37,2.37,2.37,1,0
2022_16_0009403,2022-04-04,2022-04-05,2,41.8744444444444,-8.17222222222222,14.8,15.8,13.8,-0.35,0.5,-1.2,81.5,84,79,34.0,34,34,0.0,0.0,0.0,0.0,0.0,0.0,0.0,0.0,0.0,12.4,13.8,11.0,36.2,41.4,31.0,54.0,55,53,22.83,24.29,21.37,41748.07,42966.52,40529.62,3.2649999999999997,3.36,3.17,2,0
2022_16_0009557,2022-04-06,2022-04-06,1,42.0491666666667,-8.21666666666667,11.4,11.4,11.4,1.2,1.2,1.2,98.0,98,98,56.0,56,56,0.0,0.0,0.0,0.0,0.0,0.0,0.0,0.0,0.0,13.9,13.9,13.9,40.3,40.3,40.3,289.0,289,289,22.58,22.58,22.58,42980.05,42980.05,42980.05,2.66,2.66,2.66,1,0
2022_16_0009688,2022-04-07,2022-04-07,1,42.06,-8.25611111111111,11.7,11.7,11.7,6.6,6.6,6.6,97.0,97,97,71.0,71,71,1.1,1.1,1.1,1.1,1.1,1.1,7.0,7.0,7.0,22.1,22.1,22.1,55.8,55.8,55.8,224.0,224,224,7.65,7.65,7.65,5652.53,5652.53,5652.53,1.16,1.16,1.16,0,0
2022_16_0009707,2022-04-07,2022-04-07,1,42.0586111111111,-8.26861111111111,11.9,11.9,11.9,6.8,6.8,6.8,97.0,97,97,71.0,71,71,1.1,1.1,1.1,1.1,1.1,1.1,7.0,7.0,7.0,22.1,22.1,22.1,55.8,55.8,55.8,224.0,224,224,7.65,7.65,7.65,5652.53,5652.53,5652.53,1.17,1.17,1.17,0,0
2022_16_0010774,2022-04-18,2022-04-19,2,41.8769444444444,-8.45277777777778,14.95,17.0,12.9,6.9,7.5,6.3,92.0,92,92,57.0,58,56,0.30000000000000004,0.4,0.2,0.30000000000000004,0.4,0.2,2.0,2.0,2.0,25.45,26.2,24.7,72.35,73.1,71.6,351.0,351,351,20.445,20.92,19.97,43779.75,45370.77,42188.73,2.83,2.93,2.73,2,0
2022_16_0011857,2022-04-29,2022-04-29,1,41.9594444444444,-8.53222222222222,20.5,20.5,20.5,7.7,7.7,7.7,90.0,90,90,55.0,55,55,0.0,0.0,0.0,0.0,0.0,0.0,0.0,0.0,0.0,10.1,10.1,10.1,27.0,27.0,27.0,12.0,12,12,26.0,26.0,26.0,46758.34,46758.34,46758.34,4.29,4.29,4.29,1,0
2022_16_0012292,2022-05-03,2022-05-04,2,41.9941666666667,-8.56694444444445,18.85,19.3,18.4,5.75,6.5,5.0,90.0,90,90,48.0,48,48,0.2,0.3,0.1,0.2,0.3,0.1,1.0,1.0,1.0,15.05,17.2,12.9,38.15,44.3,32.0,36.5,37,36,24.65,24.66,24.64,46800.0,46800.0,46800.0,3.91,3.97,3.85,2,0
2022_16_0012308,2022-05-04,2022-05-04,1,42.0455169995626,-8.19084999985165,16.4,16.4,16.4,4.5,4.5,4.5,100.0,100,100,51.0,51,51,0.0,0.0,0.0,0.0,0.0,0.0,0.0,0.0,0.0,14.3,14.3,14.3,42.5,42.5,42.5,53.0,53,53,24.9,24.9,24.9,46800.0,46800.0,46800.0,3.65,3.65,3.65,1,0
2022_16_0019658,2022-07-09,2022-07-10,2,41.8702777777778,-8.34305555555556,31.05,32.1,30.0,16.6,16.7,16.5,84.0,86,82,42.0,54,30,0.0,0.0,0.0,0.0,0.0,0.0,0.0,0.0,0.0,10.2,10.7,9.7,23.75,24.8,22.7,192.0,338,46,30.275,30.48,30.07,50118.765,50190.35,50047.18,6.145,6.39,5.9,2,0
2022_16_0019675,2022-07-09,2022-07-10,2,41.9047222222222,-8.43055555555556,33.1,34.7,31.5,18.3,18.8,17.8,82.0,84,80,38.0,46,30,0.0,0.0,0.0,0.0,0.0,0.0,0.0,0.0,0.0,11.0,12.6,9.4,27.0,30.6,23.4,183.0,343,23,30.134999999999998,30.32,29.95,50156.76,50227.98,50085.54,6.279999999999999,6.42,6.14,2,0
2022_16_0020104,2022-07-12,2022-07-16,5,41.8538888888889,-8.24666666666667,33.839999999999996,35.8,31.1,21.880000000000003,22.9,19.3,75.0,93,64,34.4,40,31,0.0,0.0,0.0,0.0,0.0,0.0,0.0,0.0,0.0,10.9,12.7,9.5,34.839999999999996,39.6,29.5,99.8,220,21,27.426,28.14,26.68,48392.79,49865.39,44294.27,6.33,6.74,5.78,5,0
2022_16_0020113,2022-07-13,2022-07-13,1,41.9713888888889,-8.48,34.9,34.9,34.9,22.6,22.6,22.6,65.0,65,65,33.0,33,33,0.0,0.0,0.0,0.0,0.0,0.0,0.0,0.0,0.0,11.8,11.8,11.8,34.6,34.6,34.6,127.0,127,127,27.31,27.31,27.31,49758.51,49758.51,49758.51,6.51,6.51,6.51,1,0
2022_16_0020175,2022-07-13,2022-07-13,1,41.8927777777778,-8.79555555555556,37.6,37.6,37.6,25.3,25.3,25.3,64.0,64,64,27.0,27,27,0.0,0.0,0.0,0.0,0.0,0.0,0.0,0.0,0.0,16.2,16.2,16.2,40.7,40.7,40.7,93.0,93,93,26.78,26.78,26.78,48268.29,48268.29,48268.29,6.85,6.85,6.85,1,0
2022_16_0020181,2022-07-13,2022-07-14,2,41.8911111111111,-8.78916666666667,37.75,37.9,37.6,25.65,25.7,25.6,63.0,64,62,28.5,30,27,0.0,0.0,0.0,0.0,0.0,0.0,0.0,0.0,0.0,17.65,19.1,16.2,45.55,50.4,40.7,69.0,93,45,25.32,26.78,23.86,42098.100000000006,48268.29,35927.91,6.71,6.89,6.53,2,0
2022_16_0020182,2022-07-13,2022-07-14,2,42.0371700000763,-8.57351199997796,36.2,37.0,35.4,24.799999999999997,25.7,23.9,71.0,71,71,29.5,33,26,0.0,0.0,0.0,0.0,0.0,0.0,0.0,0.0,0.0,14.55,15.4,13.7,38.849999999999994,42.8,34.9,59.0,96,22,25.73,27.05,24.41,43648.155,49616.84,37679.47,6.455,6.61,6.3,2,0
2022_16_0020427,2022-07-15,2022-07-15,1,42.0405819998847,-8.1399100001653,29.7,29.7,29.7,18.6,18.6,18.6,91.0,91,91,25.0,25,25,0.0,0.0,0.0,0.0,0.0,0.0,0.0,0.0,0.0,15.3,15.3,15.3,59.8,59.8,59.8,146.0,146,146,26.39,26.39,26.39,49254.43,49254.43,49254.43,6.1,6.1,6.1,1,0
2022_16_0021953,2022-07-27,2022-07-27,1,41.7522222222222,-8.46777777777778,26.1,26.1,26.1,12.9,12.9,12.9,89.0,89,89,40.0,40,40,0.0,0.0,0.0,0.0,0.0,0.0,0.0,0.0,0.0,15.8,15.8,15.8,38.2,38.2,38.2,324.0,324,324,28.3,28.3,28.3,47894.98,47894.98,47894.98,5.26,5.26,5.26,1,0
2022_16_0022286,2022-07-29,2022-07-29,1,41.8158333333333,-8.60194444444445,28.0,28.0,28.0,17.2,17.2,17.2,94.0,94,94,54.0,54,54,0.0,0.0,0.0,0.0,0.0,0.0,0.0,0.0,0.0,18.4,18.4,18.4,49.0,49.0,49.0,349.0,349,349,27.32,27.32,27.32,48009.68,48009.68,48009.68,5.52,5.52,5.52,1,0
2022_16_0022425,2022-07-30,2022-07-31,2,41.6352399999566,-8.71964799986945,34.7,35.1,34.3,19.85,21.7,18.0,79.0,83,75,35.5,38,33,0.0,0.0,0.0,0.0,0.0,0.0,0.0,0.0,0.0,15.95,16.3,15.6,33.65,33.8,33.5,355.0,355,355,27.36,27.43,27.29,47801.055,47866.23,47735.88,6.615,6.63,6.6,2,0
2022_16_0022933,2022-08-03,2022-08-03,1,42.086011999978,-8.35012699999743,30.7,30.7,30.7,17.8,17.8,17.8,100.0,100,100,53.0,53,53,0.0,0.0,0.0,0.0,0.0,0.0,0.0,0.0,0.0,15.3,15.3,15.3,32.4,32.4,32.4,304.0,304,304,26.57,26.57,26.57,47479.96,47479.96,47479.96,5.57,5.57,5.57,1,0
2022_16_0023209,2022-08-05,2022-08-05,1,41.8319444444444,-8.43861111111111,30.7,30.7,30.7,17.7,17.7,17.7,87.0,87,87,47.0,47,47,0.0,0.0,0.0,0.0,0.0,0.0,0.0,0.0,0.0,11.6,11.6,11.6,29.5,29.5,29.5,351.0,351,351,26.17,26.17,26.17,47095.34,47095.34,47095.34,5.56,5.56,5.56,1,0
2022_16_0023291,2022-08-06,2022-08-06,1,41.9469444444444,-8.43027777777778,29.8,29.8,29.8,17.5,17.5,17.5,89.0,89,89,48.0,48,48,0.0,0.0,0.0,0.0,0.0,0.0,0.0,0.0,0.0,12.2,12.2,12.2,31.0,31.0,31.0,322.0,322,322,26.61,26.61,26.61,47154.61,47154.61,47154.61,5.32,5.32,5.32,1,0
2022_16_0023347,2022-08-06,2022-08-07,2,41.9497222222222,-8.43305555555555,28.5,29.2,27.8,16.75,16.9,16.6,94.0,99,89,53.0,58,48,0.0,0.0,0.0,0.0,0.0,0.0,0.0,0.0,0.0,11.75,12.2,11.3,30.25,31.0,29.5,320.5,322,319,26.205,26.61,25.8,47035.14,47154.61,46915.67,5.08,5.26,4.9,2,0
2022_16_0023352,2022-08-06,2022-08-06,1,41.7961111111111,-8.50833333333333,30.1,30.1,30.1,18.9,18.9,18.9,93.0,93,93,48.0,48,48,0.0,0.0,0.0,0.0,0.0,0.0,0.0,0.0,0.0,10.4,10.4,10.4,28.4,28.4,28.4,267.0,267,267,26.42,26.42,26.42,47025.66,47025.66,47025.66,5.22,5.22,5.22,1,0
2022_16_0023368,2022-08-06,2022-08-06,1,41.8311111111111,-8.44166666666667,28.9,28.9,28.9,18.0,18.0,18.0,88.0,88,88,49.0,49,49,0.0,0.0,0.0,0.0,0.0,0.0,0.0,0.0,0.0,10.9,10.9,10.9,29.5,29.5,29.5,309.0,309,309,26.41,26.41,26.41,47031.64,47031.64,47031.64,5.13,5.13,5.13,1,0
2022_16_0024022,2022-08-10,2022-08-11,2,41.7741666666667,-8.40333333333333,28.45,30.4,26.5,17.75,18.5,17.0,96.0,100,92,55.0,60,50,0.2,0.4,0.0,0.2,0.4,0.0,1.0,2.0,0.0,12.649999999999999,14.1,11.2,33.650000000000006,36.7,30.6,258.0,288,228,24.88,25.95,23.81,46461.59,46505.9,46417.28,4.8100000000000005,4.91,4.71,2,0
2022_16_0024432,2022-08-13,2022-08-13,1,41.7719444444444,-8.39944444444444,24.6,24.6,24.6,14.5,14.5,14.5,100.0,100,100,59.0,59,59,0.0,0.0,0.0,0.0,0.0,0.0,0.0,0.0,0.0,12.2,12.2,12.2,34.2,34.2,34.2,250.0,250,250,25.89,25.89,25.89,46025.23,46025.23,46025.23,4.54,4.54,4.54,1,0
2022_16_0025084,2022-08-18,2022-08-19,2,41.8988888888889,-8.48472222222222,25.3,27.6,23.0,12.0,13.1,10.9,85.5,88,83,40.5,44,37,0.0,0.0,0.0,0.0,0.0,0.0,0.0,0.0,0.0,12.75,13.1,12.4,37.6,41.0,34.2,27.0,34,20,25.75,25.98,25.52,46020.735,46050.16,45991.31,4.92,5.12,4.72,2,0
2022_16_0025225,2022-08-19,2022-08-20,2,41.8994444444444,-8.48777777777778,27.7,28.0,27.4,13.8,14.7,12.9,87.0,91,83,39.5,42,37,0.0,0.0,0.0,0.0,0.0,0.0,0.0,0.0,0.0,11.75,12.4,11.1,33.1,34.2,32.0,189.0,358,20,25.369999999999997,25.52,25.22,45921.375,45991.31,45851.44,5.035,5.1,4.97,2,0
2022_16_0025465,2022-08-21,2022-08-21,1,42.0442050001356,-8.46165500005086,26.2,26.2,26.2,14.6,14.6,14.6,100.0,100,100,46.0,46,46,0.0,0.0,0.0,0.0,0.0,0.0,0.0,0.0,0.0,14.8,14.8,14.8,34.6,34.6,34.6,309.0,309,309,23.48,23.48,23.48,45005.88,45005.88,45005.88,4.32,4.32,4.32,1,0
2022_16_0025480,2022-08-21,2022-08-22,2,42.0491666666667,-8.545,30.35,33.4,27.3,16.9,18.1,15.7,97.5,100,95,42.5,46,39,0.0,0.0,0.0,0.0,0.0,0.0,0.0,0.0,0.0,15.55,16.3,14.8,34.05,34.6,33.5,155.0,309,1,23.595,23.71,23.48,45289.195,45572.51,45005.88,4.99,5.55,4.43,2,0
2022_16_0025632,2022-08-22,2022-08-22,1,41.8636111111111,-8.34972222222222,30.5,30.5,30.5,16.2,16.2,16.2,90.0,90,90,43.0,43,43,0.0,0.0,0.0,0.0,0.0,0.0,0.0,0.0,0.0,12.1,12.1,12.1,33.8,33.8,33.8,16.0,16,16,24.12,24.12,24.12,45543.68,45543.68,45543.68,5.24,5.24,5.24,1,0
2022_16_0025819,2022-08-23,2022-08-24,2,41.7719444444444,-8.40305555555556,30.85,33.4,28.3,19.15,20.3,18.0,85.5,98,73,46.0,59,33,0.0,0.0,0.0,0.0,0.0,0.0,0.0,0.0,0.0,9.8,10.2,9.4,29.15,29.5,28.8,127.5,238,17,22.985,23.35,22.62,45309.195,45384.42,45233.97,4.86,5.19,4.53,2,0
2022_16_0026099,2022-08-25,2022-08-25,1,41.8113299994999,-8.61331299993727,30.4,30.4,30.4,18.0,18.0,18.0,95.0,95,95,42.0,42,42,0.0,0.0,0.0,0.0,0.0,0.0,0.0,0.0,0.0,18.1,18.1,18.1,44.3,44.3,44.3,11.0,11,11,23.3,23.3,23.3,45082.86,45082.86,45082.86,5.34,5.34,5.34,1,0
2022_16_0026455,2022-08-28,2022-08-28,1,41.7982949998644,-8.3926379998525,29.5,29.5,29.5,16.8,16.8,16.8,91.0,91,91,41.0,41,41,0.0,0.0,0.0,0.0,0.0,0.0,0.0,0.0,0.0,9.4,9.4,9.4,27.4,27.4,27.4,256.0,256,256,23.89,23.89,23.89,44626.64,44626.64,44626.64,4.82,4.82,4.82,1,0
2022_16_0026882,2022-08-31,2022-08-31,1,41.76,-8.46222222222222,24.6,24.6,24.6,11.4,11.4,11.4,90.0,90,90,43.0,43,43,0.0,0.0,0.0,0.0,0.0,0.0,0.0,0.0,0.0,13.5,13.5,13.5,36.4,36.4,36.4,324.0,324,324,21.51,21.51,21.51,44018.66,44018.66,44018.66,3.85,3.85,3.85,1,0
2022_16_0027410,2022-09-05,2022-09-05,1,41.7911111111111,-8.39583333333333,19.8,19.8,19.8,16.4,16.4,16.4,97.0,97,97,80.0,80,80,27.8,27.8,27.8,27.8,27.8,27.8,24.0,24.0,24.0,17.4,17.4,17.4,57.6,57.6,57.6,192.0,192,192,8.01,8.01,8.01,18584.82,18584.82,18584.82,1.36,1.36,1.36,0,0
2022_17_0001687,2022-01-19,2022-01-19,1,41.8794444444444,-7.7275,9.0,9.0,9.0,-2.1,-2.1,-2.1,72.0,72,72,28.0,28,28,0.0,0.0,0.0,0.0,0.0,0.0,0.0,0.0,0.0,11.5,11.5,11.5,22.3,22.3,22.3,96.0,96,96,10.27,10.27,10.27,30838.82,30838.82,30838.82,1.53,1.53,1.53,1,0
2022_17_0001724,2022-01-20,2022-01-20,1,41.8797222222222,-7.72555555555556,6.8,6.8,6.8,-1.4,-1.4,-1.4,80.0,80,80,49.0,49,49,0.0,0.0,0.0,0.0,0.0,0.0,0.0,0.0,0.0,14.2,14.2,14.2,31.3,31.3,31.3,108.0,108,108,10.31,10.31,10.31,30930.06,30930.06,30930.06,1.29,1.29,1.29,1,0
2022_17_0001991,2022-01-22,2022-01-22,1,41.8067199998432,-7.57006500005722,4.0,4.0,4.0,-5.0,-5.0,-5.0,85.0,85,85,46.0,46,46,0.0,0.0,0.0,0.0,0.0,0.0,0.0,0.0,0.0,11.5,11.5,11.5,26.3,26.3,26.3,91.0,91,91,10.66,10.66,10.66,31090.26,31090.26,31090.26,1.17,1.17,1.17,1,0
2022_17_0002489,2022-01-27,2022-01-27,1,41.8102777777778,-7.66888888888889,9.1,9.1,9.1,-0.1,-0.1,-0.1,70.0,70,70,41.0,41,41,0.0,0.0,0.0,0.0,0.0,0.0,0.0,0.0,0.0,11.5,11.5,11.5,23.8,23.8,23.8,43.0,43,43,11.07,11.07,11.07,31646.96,31646.96,31646.96,1.61,1.61,1.61,1,0
2022_17_0002597,2022-01-28,2022-01-28,1,41.88,-7.72166666666667,6.4,6.4,6.4,-0.9,-0.9,-0.9,55.0,55,55,32.0,32,32,0.0,0.0,0.0,0.0,0.0,0.0,0.0,0.0,0.0,19.6,19.6,19.6,51.5,51.5,51.5,105.0,105,105,11.81,11.81,11.81,31824.81,31824.81,31824.81,2.18,2.18,2.18,1,0
2022_17_0002615,2022-01-28,2022-01-28,1,41.8013888888889,-7.83083333333333,8.7,8.7,8.7,2.4,2.4,2.4,57.0,57,57,33.0,33,33,0.0,0.0,0.0,0.0,0.0,0.0,0.0,0.0,0.0,18.9,18.9,18.9,40.7,40.7,40.7,89.0,89,89,11.84,11.84,11.84,31844.8,31844.8,31844.8,2.38,2.38,2.38,1,0
2022_17_0002653,2022-01-28,2022-01-28,1,41.8111111111111,-7.94888888888889,10.7,10.7,10.7,-1.2,-1.2,-1.2,69.0,69,69,23.0,23,23,0.0,0.0,0.0,0.0,0.0,0.0,0.0,0.0,0.0,12.7,12.7,12.7,53.3,53.3,53.3,67.0,67,67,11.78,11.78,11.78,31881.39,31881.39,31881.39,1.94,1.94,1.94,1,0
2022_17_0002663,2022-01-28,2022-01-28,1,41.7919444444444,-7.74666666666667,9.5,9.5,9.5,-1.3,-1.3,-1.3,66.0,66,66,23.0,23,23,0.0,0.0,0.0,0.0,0.0,0.0,0.0,0.0,0.0,14.3,14.3,14.3,29.5,29.5,29.5,63.0,63,63,11.74,11.74,11.74,31798.59,31798.59,31798.59,2.05,2.05,2.05,1,0
2022_17_0002668,2022-01-28,2022-01-28,1,41.636238000128,-7.78149300045437,11.4,11.4,11.4,1.8,1.8,1.8,63.0,63,63,33.0,33,33,0.0,0.0,0.0,0.0,0.0,0.0,0.0,0.0,0.0,17.3,17.3,17.3,39.2,39.2,39.2,49.0,49,49,11.85,11.85,11.85,31884.42,31884.42,31884.42,2.24,2.24,2.24,1,0
2022_17_0002701,2022-01-28,2022-01-29,2,41.8491666666667,-7.75694444444444,9.5,9.9,9.1,-0.7000000000000001,-0.3,-1.1,56.0,61,51,23.5,24,23,0.0,0.0,0.0,0.0,0.0,0.0,0.0,0.0,0.0,15.200000000000001,16.1,14.3,34.2,36.7,31.7,128.5,146,111,11.79,11.88,11.7,31860.77,31942.36,31779.18,2.2800000000000002,2.4,2.16,2,0
2022_17_0002714,2022-01-29,2022-01-29,1,41.8755555555556,-7.76,9.7,9.7,9.7,-0.5,-0.5,-0.5,51.0,51,51,24.0,24,24,0.0,0.0,0.0,0.0,0.0,0.0,0.0,0.0,0.0,16.1,16.1,16.1,31.7,31.7,31.7,146.0,146,146,11.88,11.88,11.88,31942.36,31942.36,31942.36,2.38,2.38,2.38,1,0
2022_17_0002743,2022-01-29,2022-01-29,1,41.8144444444444,-7.95777777777778,14.6,14.6,14.6,-0.6,-0.6,-0.6,72.0,72,72,16.0,16,16,0.0,0.0,0.0,0.0,0.0,0.0,0.0,0.0,0.0,12.1,12.1,12.1,44.6,44.6,44.6,76.0,76,76,11.9,11.9,11.9,32059.65,32059.65,32059.65,1.97,1.97,1.97,1,0
2022_17_0002749,2022-01-29,2022-01-29,1,41.48762299988,-7.63645299990972,10.8,10.8,10.8,-1.6,-1.6,-1.6,65.0,65,65,36.0,36,36,0.0,0.0,0.0,0.0,0.0,0.0,0.0,0.0,0.0,14.7,14.7,14.7,34.6,34.6,34.6,109.0,109,109,11.93,11.93,11.93,32108.65,32108.65,32108.65,1.81,1.81,1.81,1,0
2022_17_0002751,2022-01-29,2022-01-29,1,41.7561111111111,-7.69388888888889,10.8,10.8,10.8,-1.1,-1.1,-1.1,57.0,57,57,20.0,20,20,0.0,0.0,0.0,0.0,0.0,0.0,0.0,0.0,0.0,11.2,11.2,11.2,22.0,22.0,22.0,17.0,17,17,11.93,11.93,11.93,32049.47,32049.47,32049.47,1.87,1.87,1.87,1,0
2022_17_0002752,2022-01-29,2022-01-29,1,41.7941666666667,-7.81,9.9,9.9,9.9,0.3,0.3,0.3,51.0,51,51,31.0,31,31,0.0,0.0,0.0,0.0,0.0,0.0,0.0,0.0,0.0,12.6,12.6,12.6,29.9,29.9,29.9,94.0,94,94,11.98,11.98,11.98,32015.19,32015.19,32015.19,2.17,2.17,2.17,1,0
2022_17_0002781,2022-01-29,2022-01-29,1,41.8613888888889,-7.91416666666667,9.4,9.4,9.4,1.0,1.0,1.0,42.0,42,42,31.0,31,31,0.0,0.0,0.0,0.0,0.0,0.0,0.0,0.0,0.0,15.0,15.0,15.0,42.1,42.1,42.1,120.0,120,120,11.96,11.96,11.96,31995.28,31995.28,31995.28,2.4,2.4,2.4,1,0
2022_17_0002784,2022-01-29,2022-01-29,1,41.7952777777778,-7.71027777777778,10.1,10.1,10.1,1.8,1.8,1.8,38.0,38,38,18.0,18,18,0.0,0.0,0.0,0.0,0.0,0.0,0.0,0.0,0.0,12.0,12.0,12.0,24.1,24.1,24.1,48.0,48,48,11.91,11.91,11.91,31961.73,31961.73,31961.73,2.14,2.14,2.14,1,0
2022_17_0002834,2022-01-29,2022-01-29,1,41.7143779998355,-7.80458300007714,10.4,10.4,10.4,0.1,0.1,0.1,51.0,51,51,31.0,31,31,0.0,0.0,0.0,0.0,0.0,0.0,0.0,0.0,0.0,13.4,13.4,13.4,41.8,41.8,41.8,80.0,80,80,11.94,11.94,11.94,32093.07,32093.07,32093.07,2.13,2.13,2.13,1,0
2022_17_0002843,2022-01-29,2022-01-29,1,41.7093599997626,-7.83976699988047,9.9,9.9,9.9,-0.4,-0.4,-0.4,50.0,50,50,31.0,31,31,0.0,0.0,0.0,0.0,0.0,0.0,0.0,0.0,0.0,13.4,13.4,13.4,41.8,41.8,41.8,80.0,80,80,11.94,11.94,11.94,32093.07,32093.07,32093.07,2.09,2.09,2.09,1,0
2022_17_0002847,2022-01-29,2022-01-30,2,41.3613669999441,-7.85243299987581,12.85,13.2,12.5,0.15000000000000002,0.4,-0.1,66.0,68,64,34.5,39,30,0.0,0.0,0.0,0.0,0.0,0.0,0.0,0.0,0.0,13.100000000000001,13.4,12.8,33.45,34.9,32.0,107.0,108,106,11.77,11.85,11.69,32084.11,32116.54,32051.68,1.865,1.9,1.83,2,0
2022_17_0002867,2022-01-30,2022-01-30,1,41.8872222222222,-7.7525,10.9,10.9,10.9,2.6,2.6,2.6,45.0,45,45,25.0,25,25,0.0,0.0,0.0,0.0,0.0,0.0,0.0,0.0,0.0,14.3,14.3,14.3,36.0,36.0,36.0,115.0,115,115,11.78,11.78,11.78,32100.78,32100.78,32100.78,2.33,2.33,2.33,1,0
2022_17_0002894,2022-01-30,2022-01-30,1,41.7319444444444,-8.00722222222222,14.9,14.9,14.9,1.8,1.8,1.8,59.0,59,59,29.0,29,29,0.0,0.0,0.0,0.0,0.0,0.0,0.0,0.0,0.0,13.0,13.0,13.0,43.6,43.6,43.6,88.0,88,88,11.68,11.68,11.68,32186.79,32186.79,32186.79,1.99,1.99,1.99,1,0
2022_17_0002910,2022-01-30,2022-01-30,1,41.795,-7.72611111111111,11.5,11.5,11.5,1.8,1.8,1.8,61.0,61,61,18.0,18,18,0.0,0.0,0.0,0.0,0.0,0.0,0.0,0.0,0.0,10.3,10.3,10.3,17.6,17.6,17.6,16.0,16,16,11.75,11.75,11.75,32135.64,32135.64,32135.64,1.99,1.99,1.99,1,0
2022_17_0002917,2022-01-30,2022-01-30,1,41.4767039998372,-7.72967700004578,10.7,10.7,10.7,-1.8,-1.8,-1.8,58.0,58,58,28.0,28,28,0.0,0.0,0.0,0.0,0.0,0.0,0.0,0.0,0.0,11.2,11.2,11.2,29.9,29.9,29.9,111.0,111,111,11.77,11.77,11.77,32211.65,32211.65,32211.65,1.83,1.83,1.83,1,0
2022_17_0002998,2022-01-31,2022-01-31,1,41.8575,-7.76833333333333,10.7,10.7,10.7,2.3,2.3,2.3,82.0,82,82,28.0,28,28,0.0,0.0,0.0,0.0,0.0,0.0,0.0,0.0,0.0,18.3,18.3,18.3,39.2,39.2,39.2,330.0,330,330,11.86,11.86,11.86,32300.44,32300.44,32300.44,2.22,2.22,2.22,1,0
2022_17_0003066,2022-01-31,2022-01-31,1,41.7978569995032,-7.57293499999576,11.8,11.8,11.8,1.7,1.7,1.7,76.0,76,76,26.0,26,26,0.0,0.0,0.0,0.0,0.0,0.0,0.0,0.0,0.0,19.1,19.1,19.1,38.5,38.5,38.5,341.0,341,341,11.92,11.92,11.92,32319.56,32319.56,32319.56,2.24,2.24,2.24,1,0
2022_17_0003081,2022-01-31,2022-01-31,1,41.8222222222222,-7.83166666666667,11.5,11.5,11.5,1.4,1.4,1.4,76.0,76,76,26.0,26,26,0.0,0.0,0.0,0.0,0.0,0.0,0.0,0.0,0.0,19.1,19.1,19.1,38.5,38.5,38.5,341.0,341,341,11.92,11.92,11.92,32319.56,32319.56,32319.56,2.22,2.22,2.22,1,0
2022_17_0003104,2022-01-31,2022-01-31,1,41.8213888888889,-7.8625,11.4,11.4,11.4,2.3,2.3,2.3,85.0,85,85,26.0,26,26,0.0,0.0,0.0,0.0,0.0,0.0,0.0,0.0,0.0,15.0,15.0,15.0,29.9,29.9,29.9,358.0,358,358,12.0,12.0,12.0,32386.42,32386.42,32386.42,2.25,2.25,2.25,1,0
2022_17_0003108,2022-01-31,2022-02-01,2,41.7894444444444,-8.015,9.65,10.3,9.0,0.39999999999999997,1.2,-0.4,81.5,84,79,41.0,57,25,0.0,0.0,0.0,0.0,0.0,0.0,0.0,0.0,0.0,16.4,17.8,15.0,33.3,36.7,29.9,219.0,358,80,11.835,12.0,11.67,32442.519999999997,32498.62,32386.42,1.84,2.16,1.52,2,0
2022_17_0003199,2022-02-01,2022-02-01,1,41.7430555555556,-7.69416666666667,10.5,10.5,10.5,-1.3,-1.3,-1.3,83.0,83,83,55.0,55,55,0.0,0.0,0.0,0.0,0.0,0.0,0.0,0.0,0.0,10.3,10.3,10.3,23.0,23.0,23.0,27.0,27,27,11.63,11.63,11.63,32445.89,32445.89,32445.89,1.43,1.43,1.43,1,0
2022_17_0003247,2022-02-01,2022-02-01,1,41.7833333333333,-7.77555555555556,10.7,10.7,10.7,-0.2,-0.2,-0.2,82.0,82,82,54.0,54,54,0.0,0.0,0.0,0.0,0.0,0.0,0.0,0.0,0.0,11.0,11.0,11.0,21.6,21.6,21.6,34.0,34,34,11.62,11.62,11.62,32427.65,32427.65,32427.65,1.52,1.52,1.52,1,0
2022_17_0003254,2022-02-01,2022-02-01,1,41.7154649999407,-7.78746699995465,10.1,10.1,10.1,1.0,1.0,1.0,77.0,77,77,55.0,55,55,0.0,0.0,0.0,0.0,0.0,0.0,0.0,0.0,0.0,17.7,17.7,17.7,54.0,54.0,54.0,72.0,72,72,11.64,11.64,11.64,32502.46,32502.46,32502.46,1.68,1.68,1.68,1,0
2022_17_0003323,2022-02-02,2022-02-02,1,41.7925,-7.82527777777778,10.3,10.3,10.3,3.1,3.1,3.1,86.0,86,86,58.0,58,58,0.0,0.0,0.0,0.0,0.0,0.0,0.0,0.0,0.0,25.3,25.3,25.3,51.1,51.1,51.1,122.0,122,122,12.06,12.06,12.06,32773.98,32773.98,32773.98,1.76,1.76,1.76,1,0
2022_17_0003324,2022-02-02,2022-02-02,1,41.8076699998644,-7.6800599998898,11.3,11.3,11.3,4.1,4.1,4.1,86.0,86,86,59.0,59,59,0.0,0.0,0.0,0.0,0.0,0.0,0.0,0.0,0.0,25.3,25.3,25.3,51.1,51.1,51.1,122.0,122,122,12.06,12.06,12.06,32773.98,32773.98,32773.98,1.82,1.82,1.82,1,0
2022_17_0003911,2022-02-07,2022-02-07,1,41.79,-7.83222222222222,11.2,11.2,11.2,-0.2,-0.2,-0.2,82.0,82,82,44.0,44,44,0.0,0.0,0.0,0.0,0.0,0.0,0.0,0.0,0.0,12.5,12.5,12.5,24.8,24.8,24.8,76.0,76,76,12.94,12.94,12.94,33552.86,33552.86,33552.86,1.87,1.87,1.87,1,0
2022_17_0004025,2022-02-08,2022-02-08,1,41.8094444444444,-7.76166666666667,12.5,12.5,12.5,1.0,1.0,1.0,88.0,88,88,48.0,48,48,0.0,0.0,0.0,0.0,0.0,0.0,0.0,0.0,0.0,12.2,12.2,12.2,29.5,29.5,29.5,114.0,114,114,13.1,13.1,13.1,33711.27,33711.27,33711.27,1.75,1.75,1.75,1,0
2022_17_0004087,2022-02-09,2022-02-09,1,41.6686499999629,-7.89057299984826,11.9,11.9,11.9,3.4,3.4,3.4,88.0,88,88,51.0,51,51,0.0,0.0,0.0,0.0,0.0,0.0,0.0,0.0,0.0,10.5,10.5,10.5,25.2,25.2,25.2,7.0,7,7,12.96,12.96,12.96,33909.91,33909.91,33909.91,1.83,1.83,1.83,1,0
2022_17_0004125,2022-02-09,2022-02-09,1,41.7608333333333,-7.20444444444444,14.9,14.9,14.9,0.8,0.8,0.8,82.0,82,82,39.0,39,39,0.0,0.0,0.0,0.0,0.0,0.0,0.0,0.0,0.0,8.4,8.4,8.4,20.5,20.5,20.5,62.0,62,62,12.84,12.84,12.84,33870.14,33870.14,33870.14,1.85,1.85,1.85,1,0
2022_17_0004188,2022-02-10,2022-02-10,1,41.4830650001102,-7.73495999998516,13.2,13.2,13.2,1.3,1.3,1.3,91.0,91,91,54.0,54,54,0.5,0.5,0.5,0.5,0.5,0.5,1.0,1.0,1.0,13.0,13.0,13.0,32.8,32.8,32.8,210.0,210,210,11.98,11.98,11.98,30339.34,30339.34,30339.34,1.67,1.67,1.67,1,0
2022_17_0004248,2022-02-10,2022-02-10,1,41.6969444444444,-7.635,14.9,14.9,14.9,2.4,2.4,2.4,97.0,97,97,57.0,57,57,0.0,0.0,0.0,0.0,0.0,0.0,0.0,0.0,0.0,12.0,12.0,12.0,26.3,26.3,26.3,269.0,269,269,11.6,11.6,11.6,28746.26,28746.26,28746.26,1.63,1.63,1.63,1,0
2022_17_0004273,2022-02-10,2022-02-10,1,41.7057370000415,-7.74078700012631,13.1,13.1,13.1,3.9,3.9,3.9,94.0,94,94,61.0,61,61,0.6,0.6,0.6,0.6,0.6,0.6,2.0,2.0,2.0,15.1,15.1,15.1,37.1,37.1,37.1,255.0,255,255,11.7,11.7,11.7,28683.74,28683.74,28683.74,1.64,1.64,1.64,1,0
2022_17_0004349,2022-02-11,2022-02-11,1,41.4438519997067,-7.63305699984233,11.8,11.8,11.8,4.5,4.5,4.5,93.0,93,93,63.0,63,63,0.7,0.7,0.7,0.7,0.7,0.7,5.0,5.0,5.0,8.6,8.6,8.6,23.8,23.8,23.8,180.0,180,180,11.35,11.35,11.35,30321.0,30321.0,30321.0,1.54,1.54,1.54,1,0
2022_17_0004419,2022-02-12,2022-02-12,1,41.6461779997084,-7.74551799986098,9.3,9.3,9.3,3.8,3.8,3.8,100.0,100,100,78.0,78,78,0.8,0.8,0.8,0.8,0.8,0.8,7.0,7.0,7.0,11.0,11.0,11.0,26.3,26.3,26.3,265.0,265,265,6.66,6.66,6.66,16919.09,16919.09,16919.09,0.85,0.85,0.85,1,0
2022_17_0005350,2022-02-21,2022-02-21,1,41.8177777777778,-7.66694444444444,12.5,12.5,12.5,3.7,3.7,3.7,94.0,94,94,53.0,53,53,0.0,0.0,0.0,0.0,0.0,0.0,0.0,0.0,0.0,20.2,20.2,20.2,41.8,41.8,41.8,353.0,353,353,13.92,13.92,13.92,35001.99,35001.99,35001.99,1.93,1.93,1.93,1,0
2022_17_0005379,2022-02-21,2022-02-21,1,41.7758333333333,-7.73027777777778,13.2,13.2,13.2,4.3,4.3,4.3,94.0,94,94,53.0,53,53,0.0,0.0,0.0,0.0,0.0,0.0,0.0,0.0,0.0,20.2,20.2,20.2,41.8,41.8,41.8,353.0,353,353,13.92,13.92,13.92,35001.99,35001.99,35001.99,1.97,1.97,1.97,1,0
2022_17_0005461,2022-02-22,2022-02-22,1,41.7966666666667,-7.63916666666667,13.9,13.9,13.9,5.4,5.4,5.4,64.0,64,64,17.0,17,17,0.0,0.0,0.0,0.0,0.0,0.0,0.0,0.0,0.0,9.7,9.7,9.7,17.6,17.6,17.6,39.0,39,39,15.67,15.67,15.67,35744.12,35744.12,35744.12,2.54,2.54,2.54,1,0
2022_17_0005595,2022-02-24,2022-02-24,1,41.7352129999797,-7.72971300019158,12.0,12.0,12.0,6.2,6.2,6.2,74.0,74,74,41.0,41,41,0.0,0.0,0.0,0.0,0.0,0.0,0.0,0.0,0.0,19.4,19.4,19.4,45.4,45.4,45.4,357.0,357,357,14.17,14.17,14.17,33129.95,33129.95,33129.95,2.11,2.11,2.11,1,0
2022_17_0005655,2022-02-24,2022-02-24,1,41.7466666666667,-7.68805555555556,12.8,12.8,12.8,4.4,4.4,4.4,76.0,76,76,47.0,47,47,0.0,0.0,0.0,0.0,0.0,0.0,0.0,0.0,0.0,20.6,20.6,20.6,45.7,45.7,45.7,358.0,358,358,13.82,13.82,13.82,32974.93,32974.93,32974.93,2.09,2.09,2.09,1,0
2022_17_0005754,2022-02-25,2022-02-25,1,41.7581220001645,-7.57124500009749,13.7,13.7,13.7,1.4,1.4,1.4,89.0,89,89,40.0,40,40,0.0,0.0,0.0,0.0,0.0,0.0,0.0,0.0,0.0,15.2,15.2,15.2,35.6,35.6,35.6,93.0,93,93,15.7,15.7,15.7,35280.33,35280.33,35280.33,2.35,2.35,2.35,1,0
2022_17_0005755,2022-02-25,2022-02-25,1,41.8611111111111,-7.77527777777778,10.6,10.6,10.6,0.6,0.6,0.6,84.0,84,84,47.0,47,47,0.0,0.0,0.0,0.0,0.0,0.0,0.0,0.0,0.0,18.6,18.6,18.6,42.5,42.5,42.5,122.0,122,122,15.6,15.6,15.6,35307.89,35307.89,35307.89,2.19,2.19,2.19,1,0
2022_17_0005771,2022-02-25,2022-02-25,1,41.7552777777778,-7.72083333333333,10.9,10.9,10.9,3.0,3.0,3.0,81.0,81,81,50.0,50,50,0.0,0.0,0.0,0.0,0.0,0.0,0.0,0.0,0.0,20.6,20.6,20.6,47.2,47.2,47.2,77.0,77,77,15.87,15.87,15.87,35346.64,35346.64,35346.64,2.29,2.29,2.29,1,0
2022_17_0005778,2022-02-25,2022-02-25,1,41.9219444444444,-7.90666666666667,12.4,12.4,12.4,-0.5,-0.5,-0.5,95.0,95,95,46.0,46,46,0.0,0.0,0.0,0.0,0.0,0.0,0.0,0.0,0.0,15.7,15.7,15.7,40.7,40.7,40.7,90.0,90,90,15.65,15.65,15.65,35448.5,35448.5,35448.5,2.17,2.17,2.17,1,0
2022_17_0005781,2022-02-25,2022-02-25,1,41.5347630000114,-7.53544700000021,10.6,10.6,10.6,1.7,1.7,1.7,83.0,83,83,45.0,45,45,0.0,0.0,0.0,0.0,0.0,0.0,0.0,0.0,0.0,17.8,17.8,17.8,46.8,46.8,46.8,88.0,88,88,15.75,15.75,15.75,35326.54,35326.54,35326.54,2.17,2.17,2.17,1,0
2022_17_0005802,2022-02-25,2022-02-25,1,41.8105555555556,-7.58527777777778,10.6,10.6,10.6,0.7,0.7,0.7,85.0,85,85,47.0,47,47,0.0,0.0,0.0,0.0,0.0,0.0,0.0,0.0,0.0,16.8,16.8,16.8,36.7,36.7,36.7,88.0,88,88,15.75,15.75,15.75,35311.63,35311.63,35311.63,2.15,2.15,2.15,1,0
2022_17_0005844,2022-02-26,2022-02-26,1,41.3577777777778,-7.85166666666667,11.1,11.1,11.1,2.0,2.0,2.0,83.0,83,83,59.0,59,59,0.0,0.0,0.0,0.0,0.0,0.0,0.0,0.0,0.0,11.7,11.7,11.7,38.5,38.5,38.5,118.0,118,118,12.75,12.75,12.75,36146.21,36146.21,36146.21,1.79,1.79,1.79,1,0
2022_17_0005963,2022-02-27,2022-02-27,1,41.7588888888889,-7.69916666666667,12.3,12.3,12.3,3.3,3.3,3.3,97.0,97,97,56.0,56,56,0.0,0.0,0.0,0.0,0.0,0.0,0.0,0.0,0.0,12.1,12.1,12.1,28.8,28.8,28.8,248.0,248,248,12.61,12.61,12.61,33911.23,33911.23,33911.23,1.73,1.73,1.73,1,0
2022_17_0006057,2022-02-28,2022-02-28,1,41.6352777777778,-7.835,14.6,14.6,14.6,2.3,2.3,2.3,95.0,95,95,55.0,55,55,0.0,0.0,0.0,0.0,0.0,0.0,0.0,0.0,0.0,11.8,11.8,11.8,27.4,27.4,27.4,276.0,276,276,13.39,13.39,13.39,30075.05,30075.05,30075.05,1.98,1.98,1.98,1,0
2022_17_0006058,2022-02-28,2022-02-28,1,41.7602777777778,-7.82416666666667,13.3,13.3,13.3,4.0,4.0,4.0,90.0,90,90,55.0,55,55,0.0,0.0,0.0,0.0,0.0,0.0,0.0,0.0,0.0,10.8,10.8,10.8,25.6,25.6,25.6,221.0,221,221,13.11,13.11,13.11,32366.35,32366.35,32366.35,1.85,1.85,1.85,1,0
2022_17_0008859,2022-03-27,2022-03-27,1,41.6417620001899,-7.74827299965752,15.4,15.4,15.4,6.4,6.4,6.4,89.0,89,89,53.0,53,53,0.0,0.0,0.0,0.0,0.0,0.0,0.0,0.0,0.0,15.3,15.3,15.3,36.7,36.7,36.7,83.0,83,83,16.89,16.89,16.89,30207.4,30207.4,30207.4,2.52,2.52,2.52,1,0
2022_17_0009488,2022-04-02,2022-04-02,1,41.7592719999949,-7.20553300009833,10.9,10.9,10.9,-2.2,-2.2,-2.2,80.0,80,80,32.0,32,32,0.0,0.0,0.0,0.0,0.0,0.0,0.0,0.0,0.0,17.6,17.6,17.6,33.8,33.8,33.8,30.0,30,30,20.2,20.2,20.2,41497.16,41497.16,41497.16,2.83,2.83,2.83,1,0
2022_17_0009599,2022-04-03,2022-04-03,1,41.7330555555556,-7.57527777777778,10.3,10.3,10.3,-1.0,-1.0,-1.0,79.0,79,79,37.0,37,37,0.3,0.3,0.3,0.2,0.2,0.2,1.0,1.0,1.0,17.7,17.7,17.7,41.0,41.0,41.0,58.0,58,58,22.38,22.38,22.38,42232.33,42232.33,42232.33,2.99,2.99,2.99,1,0
2022_17_0009731,2022-04-04,2022-04-04,1,41.7727777777778,-7.67944444444444,9.0,9.0,9.0,-2.9,-2.9,-2.9,76.0,76,76,33.0,33,33,0.0,0.0,0.0,0.0,0.0,0.0,0.0,0.0,0.0,24.2,24.2,24.2,52.9,52.9,52.9,84.0,84,84,24.35,24.35,24.35,42999.19,42999.19,42999.19,3.0,3.0,3.0,1,0
2022_17_0010015,2022-04-07,2022-04-07,1,41.4717379999161,-7.69011499987708,10.5,10.5,10.5,4.4,4.4,4.4,100.0,100,100,69.0,69,69,0.3,0.3,0.3,0.3,0.3,0.3,3.0,3.0,3.0,22.7,22.7,22.7,50.8,50.8,50.8,263.0,263,263,13.75,13.75,13.75,28286.01,28286.01,28286.01,1.62,1.62,1.62,1,0
2022_17_0011359,2022-04-20,2022-04-20,1,41.7179670000076,-7.5658399995168,13.7,13.7,13.7,5.0,5.0,5.0,82.0,82,82,37.0,37,37,0.0,0.0,0.0,0.0,0.0,0.0,0.0,0.0,0.0,27.0,27.0,27.0,56.2,56.2,56.2,353.0,353,353,21.12,21.12,21.12,35321.28,35321.28,35321.28,3.48,3.48,3.48,1,0
2022_17_0011360,2022-04-20,2022-04-20,1,41.772728000217,-7.19750999980503,13.9,13.9,13.9,4.2,4.2,4.2,76.0,76,76,31.0,31,31,0.0,0.0,0.0,0.0,0.0,0.0,0.0,0.0,0.0,28.8,28.8,28.8,57.6,57.6,57.6,342.0,342,342,21.12,21.12,21.12,37779.61,37779.61,37779.61,3.68,3.68,3.68,1,0
2022_17_0011379,2022-04-20,2022-04-20,1,41.7925,-7.57944444444444,10.1,10.1,10.1,2.5,2.5,2.5,94.0,94,94,47.0,47,47,0.0,0.0,0.0,0.0,0.0,0.0,0.0,0.0,0.0,32.4,32.4,32.4,68.8,68.8,68.8,352.0,352,352,21.3,21.3,21.3,35360.01,35360.01,35360.01,2.7,2.7,2.7,1,1
2022_17_0013194,2022-05-05,2022-05-05,1,41.3979450003306,-7.69041299978892,21.3,21.3,21.3,8.5,8.5,8.5,88.0,88,88,41.0,41,41,0.0,0.0,0.0,0.0,0.0,0.0,0.0,0.0,0.0,13.4,13.4,13.4,29.9,29.9,29.9,10.0,10,10,26.66,26.66,26.66,46800.0,46800.0,46800.0,4.67,4.67,4.67,1,0
2022_17_0015853,2022-05-26,2022-05-28,3,41.4017730000284,-7.55752799987793,26.3,27.6,24.4,11.9,14.1,8.8,64.66666666666667,70,56,23.0,26,20,0.0,0.0,0.0,0.0,0.0,0.0,0.0,0.0,0.0,16.6,17.6,15.1,38.26666666666667,41.0,36.7,65.0,71,59,29.78333333333333,30.33,28.9,49244.81666666667,49358.11,49059.22,6.3933333333333335,6.97,5.83,3,0
2022_17_0017690,2022-06-10,2022-06-10,1,41.7902777777778,-7.20805555555556,32.3,32.3,32.3,17.3,17.3,17.3,77.0,77,77,20.0,20,20,0.0,0.0,0.0,0.0,0.0,0.0,0.0,0.0,0.0,21.9,21.9,21.9,46.4,46.4,46.4,4.0,4,4,27.49,27.49,27.49,50326.68,50326.68,50326.68,6.53,6.53,6.53,1,0
2022_17_0019999,2022-06-27,2022-06-28,2,41.1537770001094,-7.89993499967787,24.95,25.7,24.2,9.95,11.3,8.6,96.5,97,96,35.0,35,35,0.0,0.0,0.0,0.0,0.0,0.0,0.0,0.0,0.0,16.65,17.6,15.7,41.900000000000006,44.6,39.2,274.5,280,269,30.655,31.04,30.27,50708.39,50744.39,50672.39,5.62,5.82,5.42,2,0
2022_17_0021756,2022-07-10,2022-07-12,3,41.6049019998974,-7.72731700049506,34.800000000000004,37.1,33.6,17.400000000000002,18.4,16.2,82.66666666666667,94,76,19.666666666666668,23,15,0.0,0.0,0.0,0.0,0.0,0.0,0.0,0.0,0.0,15.300000000000002,17.1,14.4,38.26666666666667,42.5,35.6,190.66666666666666,276,75,28.573333333333334,29.59,27.68,49055.63,50090.81,48319.49,6.723333333333334,7.14,6.3,3,0
2022_17_0022094,2022-07-12,2022-07-12,1,41.1227459997601,-7.91116399976942,38.4,38.4,38.4,25.3,25.3,25.3,72.0,72,72,22.0,22,22,0.0,0.0,0.0,0.0,0.0,0.0,0.0,0.0,0.0,14.6,14.6,14.6,46.4,46.4,46.4,90.0,90,90,26.5,26.5,26.5,47363.84,47363.84,47363.84,7.37,7.37,7.37,1,0
2022_17_0022455,2022-07-14,2022-07-14,1,41.8324849997626,-7.59389499982198,37.7,37.7,37.7,22.1,22.1,22.1,53.0,53,53,15.0,15,15,0.1,0.1,0.1,0.1,0.1,0.1,1.0,1.0,1.0,22.3,22.3,22.3,51.1,51.1,51.1,322.0,322,322,25.2,25.2,25.2,43751.92,43751.92,43751.92,6.9,6.9,6.9,1,0
2022_17_0022627,2022-07-15,2022-07-22,8,41.7847222222222,-7.47,35.8625,41.8,28.1,19.4125,25.4,14.4,83.0,92,64,19.125,35,10,0.0,0.0,0.0,0.0,0.0,0.0,0.0,0.0,0.0,18.6125,24.3,12.2,47.2875,61.9,33.1,243.625,342,155,27.662499999999998,29.88,25.06,47384.58125,49024.98,44049.1,6.98625,8.51,5.72,8,0
2022_17_0022818,2022-07-16,2022-07-16,1,41.8305699994829,-7.59948300043742,34.9,34.9,34.9,19.6,19.6,19.6,80.0,80,80,19.0,19,19,0.1,0.1,0.1,0.1,0.1,0.1,1.0,1.0,1.0,16.3,16.3,16.3,46.4,46.4,46.4,200.0,200,200,24.8,24.8,24.8,47082.11,47082.11,47082.11,6.13,6.13,6.13,1,0
2022_17_0022850,2022-07-16,2022-07-17,2,41.1740950001611,-7.88097000016107,34.7,35.3,34.1,19.45,19.9,19.0,78.0,79,77,22.5,26,19,0.05,0.1,0.0,0.05,0.1,0.0,0.5,1.0,0.0,15.9,16.0,15.8,46.099999999999994,47.9,44.3,248.5,270,227,27.41,28.59,26.23,47934.885,48619.79,47249.98,6.325,6.58,6.07,2,0
2022_17_0023011,2022-07-17,2022-07-18,2,41.8050849999322,-7.55908599959479,30.8,34.7,26.9,18.25,21.6,14.9,77.0,86,68,29.5,40,19,0.0,0.0,0.0,0.0,0.0,0.0,0.0,0.0,0.0,24.15,25.5,22.8,53.65,56.9,50.4,181.5,220,143,28.69,29.28,28.1,48786.965,48809.82,48764.11,6.605,7.38,5.83,2,0
2022_17_0023026,2022-07-17,2022-07-21,5,41.4371850000487,-7.53517799999979,31.380000000000003,37.2,23.8,17.2,23.6,12.9,76.0,87,58,23.2,43,13,0.0,0.0,0.0,0.0,0.0,0.0,0.0,0.0,0.0,19.06,23.7,14.3,42.18,59.0,26.3,262.6,344,170,28.156,29.76,25.79,48573.728,49216.0,46935.1,6.58,7.9,5.05,5,0
2022_17_0023249,2022-07-18,2022-07-19,2,41.136747999986,-7.89055699984233,30.8,33.7,27.9,19.0,20.4,17.6,86.5,93,80,33.5,41,26,0.05,0.1,0.0,0.05,0.1,0.0,0.5,1.0,0.0,18.0,20.5,15.5,48.2,53.6,42.8,274.5,282,267,28.11,29.26,26.96,48270.25,48814.62,47725.88,6.225,6.75,5.7,2,0
2022_17_0023977,2022-07-23,2022-07-24,2,41.3903540001975,-7.54130099985335,29.450000000000003,31.1,27.8,17.45,17.5,17.4,75.5,82,69,31.0,34,28,0.0,0.0,0.0,0.0,0.0,0.0,0.0,0.0,0.0,15.0,17.0,13.0,34.95,38.9,31.0,316.5,357,276,28.47,28.64,28.3,47772.635,48427.29,47117.98,6.1850000000000005,6.46,5.91,2,0
2022_17_0023984,2022-07-23,2022-07-23,1,41.4712349997626,-7.7398020002577,29.2,29.2,29.2,15.2,15.2,15.2,75.0,75,75,34.0,34,34,0.0,0.0,0.0,0.0,0.0,0.0,0.0,0.0,0.0,13.2,13.2,13.2,31.0,31.0,31.0,359.0,359,359,28.7,28.7,28.7,48433.53,48433.53,48433.53,6.05,6.05,6.05,1,0
2022_17_0024129,2022-07-24,2022-07-24,1,41.8345949999491,-7.46202699979146,34.2,34.2,34.2,20.0,20.0,20.0,79.0,79,79,21.0,21,21,0.0,0.0,0.0,0.0,0.0,0.0,0.0,0.0,0.0,13.5,13.5,13.5,32.8,32.8,32.8,277.0,277,277,27.69,27.69,27.69,48385.05,48385.05,48385.05,6.55,6.55,6.55,1,0
2022_17_0024203,2022-07-25,2022-07-25,1,41.1847779999839,-7.87261299981011,28.6,28.6,28.6,12.6,12.6,12.6,89.0,89,89,36.0,36,36,0.0,0.0,0.0,0.0,0.0,0.0,0.0,0.0,0.0,15.1,15.1,15.1,45.0,45.0,45.0,282.0,282,282,28.57,28.57,28.57,48026.28,48026.28,48026.28,5.93,5.93,5.93,1,0
2022_17_0024210,2022-07-25,2022-07-25,1,41.8322899998559,-7.45343799988429,29.7,29.7,29.7,15.7,15.7,15.7,86.0,86,86,33.0,33,33,0.0,0.0,0.0,0.0,0.0,0.0,0.0,0.0,0.0,19.4,19.4,19.4,45.4,45.4,45.4,325.0,325,325,28.18,28.18,28.18,48053.67,48053.67,48053.67,6.58,6.58,6.58,1,0
2022_17_0024363,2022-07-25,2022-07-26,2,41.6808333333333,-7.48472222222222,30.7,31.2,30.2,15.850000000000001,16.6,15.1,86.0,88,84,30.5,31,30,0.0,0.0,0.0,0.0,0.0,0.0,0.0,0.0,0.0,15.649999999999999,17.7,13.6,41.05,45.0,37.1,325.0,334,316,28.345,28.65,28.04,48116.815,48161.48,48072.15,6.275,6.42,6.13,2,0
2022_17_0024637,2022-07-27,2022-07-31,5,41.5073800002204,-7.57342999988132,29.7,34.2,25.8,15.040000000000001,17.5,13.2,76.4,87,61,25.2,34,19,0.0,0.0,0.0,0.0,0.0,0.0,0.0,0.0,0.0,17.259999999999998,21.1,14.0,39.88,48.6,31.0,204.0,342,25,27.589999999999996,28.54,25.51,47490.748,47761.41,47282.65,6.244,7.04,5.43,5,0
2022_17_0025563,2022-08-02,2022-08-02,1,41.4544330000877,-7.73503300004535,31.3,31.3,31.3,19.7,19.7,19.7,68.0,68,68,23.0,23,23,0.0,0.0,0.0,0.0,0.0,0.0,0.0,0.0,0.0,16.3,16.3,16.3,37.4,37.4,37.4,312.0,312,312,25.91,25.91,25.91,47155.78,47155.78,47155.78,6.23,6.23,6.23,1,0
2022_17_0025640,2022-08-02,2022-08-03,2,41.7494444444444,-7.90972222222222,29.05,29.6,28.5,18.450000000000003,20.1,16.8,85.0,87,83,35.0,36,34,0.0,0.0,0.0,0.0,0.0,0.0,0.0,0.0,0.0,11.85,12.0,11.7,31.5,31.7,31.3,162.0,310,14,26.759999999999998,26.78,26.74,47398.205,47452.81,47343.6,5.635,5.93,5.34,2,0
2022_17_0026465,2022-08-07,2022-08-07,1,41.4170000000132,-7.74414699978299,28.7,28.7,28.7,15.9,15.9,15.9,89.0,89,89,25.0,25,25,0.0,0.0,0.0,0.0,0.0,0.0,0.0,0.0,0.0,19.6,19.6,19.6,46.8,46.8,46.8,318.0,318,318,24.29,24.29,24.29,46833.28,46833.28,46833.28,5.35,5.35,5.35,1,0
2022_17_0026565,2022-08-08,2022-08-08,1,41.4399749999576,-7.78733700010512,29.9,29.9,29.9,17.7,17.7,17.7,82.0,82,82,27.0,27,27,0.0,0.0,0.0,0.0,0.0,0.0,0.0,0.0,0.0,16.9,16.9,16.9,39.6,39.6,39.6,311.0,311,311,23.82,23.82,23.82,46752.4,46752.4,46752.4,5.44,5.44,5.44,1,0
2022_17_0026731,2022-08-09,2022-08-09,1,41.5179569999377,-7.83393699997001,33.7,33.7,33.7,18.3,18.3,18.3,88.0,88,88,25.0,25,25,0.0,0.0,0.0,0.0,0.0,0.0,0.0,0.0,0.0,20.2,20.2,20.2,51.8,51.8,51.8,253.0,253,253,26.73,26.73,26.73,46675.82,46675.82,46675.82,5.96,5.96,5.96,1,0
2022_17_0026839,2022-08-09,2022-08-09,1,41.8335330000023,-7.45318799999025,36.8,36.8,36.8,20.3,20.3,20.3,84.0,84,84,13.0,13,13,0.0,0.0,0.0,0.0,0.0,0.0,0.0,0.0,0.0,16.3,16.3,16.3,39.2,39.2,39.2,181.0,181,181,26.29,26.29,26.29,46785.83,46785.83,46785.83,6.74,6.74,6.74,1,0
2022_17_0027326,2022-08-12,2022-08-13,2,41.7783333333333,-7.71527777777778,26.75,27.7,25.8,15.4,16.3,14.5,90.5,94,87,27.0,32,22,0.0,0.0,0.0,0.0,0.0,0.0,0.0,0.0,0.0,14.350000000000001,17.1,11.6,35.45,40.3,30.6,229.5,235,224,26.915,27.01,26.82,46519.595,46548.2,46490.99,5.475,5.54,5.41,2,0
2022_17_0027344,2022-08-12,2022-08-12,1,41.4163769997491,-7.59309999995761,30.4,30.4,30.4,17.0,17.0,17.0,90.0,90,90,26.0,26,26,0.0,0.0,0.0,0.0,0.0,0.0,0.0,0.0,0.0,15.5,15.5,15.5,33.1,33.1,33.1,260.0,260,260,26.43,26.43,26.43,46559.48,46559.48,46559.48,5.9,5.9,5.9,1,0
2022_17_0027548,2022-08-13,2022-08-14,2,41.8566666666667,-7.68361111111111,25.85,28.1,23.6,13.7,15.6,11.8,85.5,92,79,29.0,40,18,0.0,0.0,0.0,0.0,0.0,0.0,0.0,0.0,0.0,16.700000000000003,17.6,15.8,40.35,42.5,38.2,281.5,328,235,25.465,26.54,24.39,45940.22,46526.14,45354.3,5.31,5.85,4.77,2,0
2022_17_0027557,2022-08-13,2022-08-14,2,41.1723800002204,-7.89337999979655,27.5,29.1,25.9,14.850000000000001,15.8,13.9,89.0,91,87,32.5,38,27,0.0,0.0,0.0,0.0,0.0,0.0,0.0,0.0,0.0,18.85,20.6,17.1,48.8,52.6,45.0,282.0,284,280,26.075,26.38,25.77,46398.13,46426.09,46370.17,5.365,5.55,5.18,2,0
2022_17_0027576,2022-08-13,2022-08-16,4,41.2594370004866,-7.88863700018989,19.45,21.5,15.3,10.15,11.3,9.3,94.0,99,85,44.25,58,37,0.95,3.8,0.0,0.95,3.8,0.0,3.75,15.0,0.0,17.525,19.0,16.0,54.975,60.1,50.0,283.25,289,278,24.165,26.37,20.04,46240.2675,46398.85,45989.55,4.005,4.58,2.91,3,0
2022_17_0028109,2022-08-17,2022-08-18,2,41.3743670002619,-7.49993300014072,24.7,25.7,23.7,12.15,12.8,11.5,84.0,88,80,27.0,31,23,0.0,0.0,0.0,0.0,0.0,0.0,0.0,0.0,0.0,19.85,22.0,17.7,42.3,46.1,38.5,181.0,343,19,23.485,25.96,21.01,46128.119999999995,46199.15,46057.09,5.075,5.46,4.69,2,0
2022_17_0028519,2022-08-19,2022-08-23,5,41.4485340001848,-7.66163899951511,31.6,34.1,29.7,17.3,19.5,14.4,72.4,84,67,22.0,27,20,0.0,0.0,0.0,0.0,0.0,0.0,0.0,0.0,0.0,15.52,17.8,11.3,32.480000000000004,36.4,27.0,141.0,319,15,24.412,25.66,21.91,45602.047999999995,45924.32,45186.6,6.0920000000000005,6.38,5.66,5,0
2022_17_0028669,2022-08-20,2022-08-20,1,41.3558333333333,-7.91583333333333,32.4,32.4,32.4,16.8,16.8,16.8,76.0,76,76,25.0,25,25,0.0,0.0,0.0,0.0,0.0,0.0,0.0,0.0,0.0,14.0,14.0,14.0,34.2,34.2,34.2,251.0,251,251,25.22,25.22,25.22,45769.2,45769.2,45769.2,5.97,5.97,5.97,1,0
2022_17_0028670,2022-08-20,2022-08-21,2,41.3538230000602,-7.87097400003009,28.65,30.2,27.1,16.1,16.3,15.9,82.5,91,74,30.0,36,24,0.0,0.0,0.0,0.0,0.0,0.0,0.0,0.0,0.0,14.649999999999999,15.6,13.7,38.5,41.0,36.0,259.5,289,230,24.96,25.34,24.58,45696.39,45769.2,45623.58,5.41,5.84,4.98,2,0
2022_17_0028739,2022-08-21,2022-08-26,6,41.4091079998016,-7.71095799975925,29.46666666666667,32.1,26.7,17.466666666666665,18.9,16.4,83.66666666666667,100,67,34.833333333333336,40,27,0.4166666666666667,2.4,0.0,0.4166666666666667,2.4,0.0,0.6666666666666666,3.0,0.0,13.116666666666667,15.9,9.7,39.550000000000004,46.1,31.0,133.5,288,17,23.23,24.82,21.82,45263.454999999994,45633.43,44891.14,5.0616666666666665,5.6,4.46,5,0
2022_17_0028808,2022-08-21,2022-08-24,4,41.1776129998101,-7.88006999969482,30.25,33.1,27.4,16.5,19.1,14.4,84.25,96,64,32.0,42,27,0.39999999999999997,1.4,0.0,0.39999999999999997,1.4,0.0,0.5,1.0,0.0,13.275,16.6,11.9,42.95,49.7,38.2,190.75,283,92,23.5175,24.78,22.26,45375.1225,45594.15,45155.3,5.1125,5.46,4.61,3,0
2022_17_0028814,2022-08-21,2022-08-21,1,41.8400919999017,-7.46133499993218,30.8,30.8,30.8,18.0,18.0,18.0,89.0,89,89,26.0,26,26,0.0,0.0,0.0,0.0,0.0,0.0,0.0,0.0,0.0,20.4,20.4,20.4,46.4,46.4,46.4,328.0,328,328,24.61,24.61,24.61,45692.88,45692.88,45692.88,6.42,6.42,6.42,1,0
2022_17_0029183,2022-08-23,2022-08-24,2,41.5759780004289,-7.29251699977451,36.15,36.9,35.4,20.5,21.3,19.7,66.0,67,65,19.5,21,18,0.2,0.4,0.0,0.2,0.4,0.0,0.5,1.0,0.0,16.05,18.7,13.4,36.7,45.0,28.4,299.5,330,269,21.58,21.95,21.21,44075.365000000005,44822.73,43328.0,5.640000000000001,5.69,5.59,2,0
2022_17_0029407,2022-08-24,2022-08-26,3,41.6422222222222,-7.36388888888889,32.46666666666666,33.4,31.7,19.666666666666668,21.3,18.6,78.0,92,69,26.0,32,22,0.03333333333333333,0.1,0.0,0.03333333333333333,0.1,0.0,0.3333333333333333,1.0,0.0,15.1,16.8,12.2,39.233333333333334,47.5,32.0,230.0,332,92,22.106666666666666,23.11,20.83,44416.43,45066.04,43920.36,5.256666666666667,5.35,5.19,3,0
2022_17_0029799,2022-08-26,2022-08-27,2,41.5353779999415,-7.40308600001865,32.0,32.6,31.4,17.65,17.9,17.4,71.0,72,70,22.5,25,20,0.05,0.1,0.0,0.05,0.1,0.0,0.5,1.0,0.0,15.9,18.8,13.0,36.75,43.6,29.9,193.5,339,48,22.89,23.19,22.59,44823.825,44899.12,44748.53,5.485,5.78,5.19,2,0
2022_17_0029917,2022-08-27,2022-08-29,3,41.423999999894,-7.91971299992667,29.433333333333334,31.0,26.5,16.933333333333334,18.0,15.6,76.66666666666667,89,70,36.333333333333336,49,29,0.0,0.0,0.0,0.0,0.0,0.0,0.0,0.0,0.0,16.233333333333334,16.3,16.2,40.199999999999996,41.0,39.6,220.33333333333334,260,172,22.253333333333334,23.37,21.19,44590.28333333333,44740.93,44439.56,4.793333333333333,5.12,4.49,3,0
2022_17_0029967,2022-08-27,2022-08-29,3,41.2368329999182,-7.82643699963888,30.5,32.2,27.2,17.53333333333333,19.2,16.5,80.33333333333333,86,75,34.333333333333336,48,27,0.0,0.0,0.0,0.0,0.0,0.0,0.0,0.0,0.0,14.9,15.3,14.6,45.23333333333333,47.2,43.9,203.33333333333334,282,67,22.98,23.59,22.01,44568.66333333333,44718.17,44419.07,5.0200000000000005,5.42,4.57,3,0
2022_17_0030060,2022-08-28,2022-08-29,2,41.7680049999555,-7.65988800048828,27.65,29.3,26.0,15.799999999999999,16.4,15.2,83.0,86,80,32.5,38,27,0.1,0.2,0.0,0.1,0.2,0.0,1.0,2.0,0.0,16.85,18.7,15.0,37.05,42.1,32.0,211.0,213,209,22.505,23.2,21.81,44550.28,44626.63,44473.93,4.8149999999999995,5.03,4.6,2,0
2022_17_0030197,2022-08-29,2022-08-30,2,41.8089390002357,-7.51768899997075,28.65,30.0,27.3,14.75,17.5,12.0,87.5,92,83,25.0,29,21,0.1,0.2,0.0,0.1,0.2,0.0,0.5,1.0,0.0,15.5,18.2,12.8,34.95,38.9,31.0,212.0,215,209,23.560000000000002,24.43,22.69,43920.025,44321.07,43518.98,4.85,4.87,4.83,2,0
2022_17_0030487,2022-08-31,2022-09-01,2,41.3460700003306,-7.59004199981689,26.95,27.4,26.5,11.9,12.0,11.8,93.0,99,87,32.0,36,28,0.0,0.0,0.0,0.0,0.0,0.0,0.0,0.0,0.0,17.299999999999997,17.9,16.7,39.1,40.0,38.2,272.5,275,270,23.055,23.75,22.36,43860.545,44131.08,43590.01,4.654999999999999,4.75,4.56,2,0
2022_17_0030773,2022-09-02,2022-09-03,2,41.4639030000899,-7.40508799976773,23.15,23.6,22.7,12.9,13.8,12.0,97.5,99,96,33.5,38,29,0.0,0.0,0.0,0.0,0.0,0.0,0.0,0.0,0.0,18.2,18.4,18.0,37.8,39.2,36.4,291.5,304,279,19.825,23.07,16.58,42064.405,42428.2,41700.61,4.055,4.45,3.66,2,0
2022_17_0031054,2022-09-04,2022-09-05,2,41.6991800000933,-7.90619999991523,16.4,17.3,15.5,12.2,12.9,11.5,100.0,100,100,76.5,88,65,16.3,24.2,8.4,16.3,24.2,8.4,21.5,24.0,19.0,19.65,20.7,18.6,61.55,61.9,61.2,213.0,214,212,10.75,14.02,7.48,21287.05,31087.59,11486.51,1.61,2.16,1.06,0,0
2022_17_0031157,2022-09-05,2022-09-06,2,41.7039430001047,-7.27931799994575,22.15,22.4,21.9,11.7,12.2,11.2,97.5,99,96,45.0,48,42,2.15,2.6,1.7,2.15,2.6,1.7,6.0,6.0,6.0,21.3,22.1,20.5,45.900000000000006,47.2,44.6,234.5,250,219,16.715,17.81,15.62,42413.979999999996,42706.19,42121.77,3.19,3.5,2.88,0,0
2022_18_0002101,2022-01-12,2022-01-12,1,40.9775,-8.08222222222222,8.6,8.6,8.6,4.2,4.2,4.2,88.0,88,88,56.0,56,56,0.0,0.0,0.0,0.0,0.0,0.0,0.0,0.0,0.0,22.0,22.0,22.0,63.7,63.7,63.7,72.0,72,72,9.71,9.71,9.71,30471.01,30471.01,30471.01,1.36,1.36,1.36,1,0
2022_18_0005125,2022-01-28,2022-01-28,1,41.0366666666667,-7.97694444444444,9.3,9.3,9.3,-0.1,-0.1,-0.1,69.0,69,69,43.0,43,43,0.0,0.0,0.0,0.0,0.0,0.0,0.0,0.0,0.0,14.1,14.1,14.1,50.8,50.8,50.8,81.0,81,81,12.0,12.0,12.0,32174.16,32174.16,32174.16,1.77,1.77,1.77,1,0
2022_18_0005198,2022-01-28,2022-01-28,1,41.0272222222222,-8.185,11.4,11.4,11.4,1.1,1.1,1.1,64.0,64,64,40.0,40,40,0.0,0.0,0.0,0.0,0.0,0.0,0.0,0.0,0.0,14.2,14.2,14.2,52.6,52.6,52.6,102.0,102,102,11.97,11.97,11.97,32160.21,32160.21,32160.21,1.96,1.96,1.96,1,0
2022_18_0005206,2022-01-28,2022-01-28,1,41.0088888888889,-7.92916666666667,8.7,8.7,8.7,-0.7,-0.7,-0.7,69.0,69,69,43.0,43,43,0.0,0.0,0.0,0.0,0.0,0.0,0.0,0.0,0.0,14.1,14.1,14.1,50.8,50.8,50.8,81.0,81,81,12.0,12.0,12.0,32174.16,32174.16,32174.16,1.73,1.73,1.73,1,0
2022_18_0005245,2022-01-28,2022-01-28,1,40.9397222222222,-7.99666666666667,8.8,8.8,8.8,-0.3,-0.3,-0.3,65.0,65,65,40.0,40,40,0.0,0.0,0.0,0.0,0.0,0.0,0.0,0.0,0.0,18.9,18.9,18.9,40.0,40.0,40.0,46.0,46,46,12.02,12.02,12.02,32132.95,32132.95,32132.95,2.04,2.04,2.04,1,0
2022_18_0005273,2022-01-28,2022-01-28,1,40.9911111111111,-8.0125,8.7,8.7,8.7,-0.8,-0.8,-0.8,69.0,69,69,42.0,42,42,0.0,0.0,0.0,0.0,0.0,0.0,0.0,0.0,0.0,14.1,14.1,14.1,50.8,50.8,50.8,81.0,81,81,12.0,12.0,12.0,32174.16,32174.16,32174.16,1.73,1.73,1.73,1,0
2022_18_0005274,2022-01-28,2022-01-28,1,41.0572222222222,-7.92555555555556,8.4,8.4,8.4,-0.8,-0.8,-0.8,66.0,66,66,44.0,44,44,0.0,0.0,0.0,0.0,0.0,0.0,0.0,0.0,0.0,16.3,16.3,16.3,53.6,53.6,53.6,102.0,102,102,11.93,11.93,11.93,32078.99,32078.99,32078.99,1.73,1.73,1.73,1,0
2022_18_0005292,2022-01-28,2022-01-28,1,40.9136111111111,-7.80638888888889,9.9,9.9,9.9,-0.1,-0.1,-0.1,64.0,64,64,37.0,37,37,0.0,0.0,0.0,0.0,0.0,0.0,0.0,0.0,0.0,21.1,21.1,21.1,39.2,39.2,39.2,47.0,47,47,12.05,12.05,12.05,32167.45,32167.45,32167.45,2.28,2.28,2.28,1,0
2022_18_0005309,2022-01-28,2022-01-29,2,40.95,-8.07527777777778,13.9,15.0,12.8,1.45,1.7,1.2,63.0,69,57,36.0,39,33,0.0,0.0,0.0,0.0,0.0,0.0,0.0,0.0,0.0,13.35,13.5,13.2,34.599999999999994,36.4,32.8,127.5,129,126,11.95,12.02,11.88,32257.045,32348.91,32165.18,2.125,2.28,1.97,2,0
2022_18_0005311,2022-01-28,2022-01-29,2,41.0255555555556,-7.95611111111111,8.2,8.5,7.9,-1.75,-1.5,-2.0,67.5,68,67,43.5,45,42,0.0,0.0,0.0,0.0,0.0,0.0,0.0,0.0,0.0,14.5,14.9,14.1,49.7,50.8,48.6,81.5,82,81,12.075,12.15,12.0,32265.370000000003,32356.58,32174.16,1.7,1.72,1.68,2,0
2022_18_0005603,2022-01-30,2022-01-30,1,41.0411111111111,-8.08083333333333,12.4,12.4,12.4,1.0,1.0,1.0,73.0,73,73,20.0,20,20,0.0,0.0,0.0,0.0,0.0,0.0,0.0,0.0,0.0,12.8,12.8,12.8,38.5,38.5,38.5,94.0,94,94,11.82,11.82,11.82,31680.33,31680.33,31680.33,1.99,1.99,1.99,1,0
2022_18_0005613,2022-01-30,2022-01-30,1,41.0575,-7.95416666666667,10.2,10.2,10.2,-0.9,-0.9,-0.9,70.0,70,70,23.0,23,23,0.0,0.0,0.0,0.0,0.0,0.0,0.0,0.0,0.0,13.8,13.8,13.8,37.4,37.4,37.4,114.0,114,114,11.79,11.79,11.79,31666.45,31666.45,31666.45,1.76,1.76,1.76,1,0
2022_18_0005723,2022-01-31,2022-01-31,1,41.0233333333333,-8.02972222222222,14.5,14.5,14.5,2.9,2.9,2.9,63.0,63,63,19.0,19,19,0.0,0.0,0.0,0.0,0.0,0.0,0.0,0.0,0.0,9.6,9.6,9.6,33.5,33.5,33.5,93.0,93,93,12.18,12.18,12.18,32729.5,32729.5,32729.5,2.12,2.12,2.12,1,0
2022_18_0005906,2022-01-31,2022-02-01,2,40.9188888888889,-7.82444444444444,11.2,12.1,10.3,1.8,1.8,1.8,74.5,88,61,36.0,48,24,0.0,0.0,0.0,0.0,0.0,0.0,0.0,0.0,0.0,20.95,27.4,14.5,42.8,57.2,28.4,34.0,48,20,12.059999999999999,12.27,11.85,32773.845,32795.15,32752.54,2.075,2.27,1.88,2,0
2022_18_0006028,2022-02-01,2022-02-01,1,41.0469444444444,-7.89944444444444,9.2,9.2,9.2,-0.9,-0.9,-0.9,89.0,89,89,55.0,55,55,0.0,0.0,0.0,0.0,0.0,0.0,0.0,0.0,0.0,20.9,20.9,20.9,73.1,73.1,73.1,75.0,75,75,11.8,11.8,11.8,32762.49,32762.49,32762.49,1.61,1.61,1.61,1,0
2022_18_0006029,2022-02-01,2022-02-01,1,40.9353090000153,-8.03219999949137,14.1,14.1,14.1,4.5,4.5,4.5,72.0,72,72,49.0,49,49,0.0,0.0,0.0,0.0,0.0,0.0,0.0,0.0,0.0,14.8,14.8,14.8,40.7,40.7,40.7,126.0,126,126,11.69,11.69,11.69,32850.09,32850.09,32850.09,2.01,2.01,2.01,1,0
2022_18_0006037,2022-02-01,2022-02-01,1,41.01,-8.06388888888889,10.5,10.5,10.5,0.4,0.4,0.4,89.0,89,89,55.0,55,55,0.0,0.0,0.0,0.0,0.0,0.0,0.0,0.0,0.0,20.9,20.9,20.9,73.1,73.1,73.1,75.0,75,75,11.8,11.8,11.8,32762.49,32762.49,32762.49,1.7,1.7,1.7,1,0
2022_18_0006066,2022-02-01,2022-02-01,1,41.0480555555556,-8.00305555555556,12.0,12.0,12.0,2.8,2.8,2.8,76.0,76,76,51.0,51,51,0.0,0.0,0.0,0.0,0.0,0.0,0.0,0.0,0.0,14.8,14.8,14.8,65.5,65.5,65.5,98.0,98,98,11.76,11.76,11.76,32845.86,32845.86,32845.86,1.94,1.94,1.94,1,0
2022_18_0006120,2022-02-01,2022-02-01,1,41.0136660003662,-8.05348099999958,12.7,12.7,12.7,3.5,3.5,3.5,76.0,76,76,51.0,51,51,0.0,0.0,0.0,0.0,0.0,0.0,0.0,0.0,0.0,14.8,14.8,14.8,65.5,65.5,65.5,98.0,98,98,11.76,11.76,11.76,32845.86,32845.86,32845.86,1.99,1.99,1.99,1,0
2022_18_0007365,2022-02-08,2022-02-08,1,41.0366666666667,-8.09027777777778,13.4,13.4,13.4,1.2,1.2,1.2,92.0,92,92,48.0,48,48,0.0,0.0,0.0,0.0,0.0,0.0,0.0,0.0,0.0,13.4,13.4,13.4,53.3,53.3,53.3,96.0,96,96,13.06,13.06,13.06,33932.05,33932.05,33932.05,1.89,1.89,1.89,1,0
2022_18_0007391,2022-02-08,2022-02-08,1,41.0330555555556,-8.09,13.0,13.0,13.0,0.8,0.8,0.8,92.0,92,92,47.0,47,47,0.0,0.0,0.0,0.0,0.0,0.0,0.0,0.0,0.0,13.4,13.4,13.4,53.3,53.3,53.3,96.0,96,96,13.06,13.06,13.06,33932.05,33932.05,33932.05,1.87,1.87,1.87,1,0
2022_18_0007501,2022-02-08,2022-02-09,2,40.9730555555556,-8.05861111111111,13.95,14.2,13.7,3.7,5.7,1.7,79.0,88,70,40.0,42,38,0.0,0.0,0.0,0.0,0.0,0.0,0.0,0.0,0.0,14.1,18.0,10.2,42.65,56.9,28.4,131.5,188,75,13.190000000000001,13.21,13.17,34028.715,34105.63,33951.8,2.0949999999999998,2.14,2.05,2,0
2022_18_0007902,2022-02-10,2022-02-10,1,41.0452777777778,-7.88166666666667,14.6,14.6,14.6,3.9,3.9,3.9,89.0,89,89,45.0,45,45,0.9,0.9,0.9,0.9,0.9,0.9,3.0,3.0,3.0,10.8,10.8,10.8,27.0,27.0,27.0,231.0,231,231,11.63,11.63,11.63,32376.09,32376.09,32376.09,1.8,1.8,1.8,1,0
2022_18_0015316,2022-03-20,2022-03-20,1,40.8625,-7.82138888888889,14.6,14.6,14.6,7.4,7.4,7.4,86.0,86,86,47.0,47,47,1.6,1.6,1.6,1.6,1.6,1.6,3.0,3.0,3.0,23.4,23.4,23.4,47.9,47.9,47.9,105.0,105,105,13.19,13.19,13.19,34812.62,34812.62,34812.62,2.47,2.47,2.47,0,0
2022_18_0018567,2022-04-05,2022-04-06,2,41.0597222222222,-7.9025,12.55,13.0,12.1,2.15,5.3,-1.0,85.0,96,74,48.0,52,44,0.0,0.0,0.0,0.0,0.0,0.0,0.0,0.0,0.0,16.75,18.0,15.5,48.400000000000006,53.6,43.2,177.5,273,82,22.99,23.4,22.58,41472.295,42277.47,40667.12,3.035,3.13,2.94,2,0
2022_18_0040388,2022-07-12,2022-07-13,2,41.0385669999652,-8.07802000045776,34.65,34.8,34.5,21.75,21.9,21.6,63.5,70,57,25.5,26,25,0.2,0.4,0.0,0.2,0.4,0.0,0.5,1.0,0.0,11.45,11.5,11.4,39.4,46.4,32.4,88.0,91,85,25.685000000000002,26.39,24.98,45754.65,46756.68,44752.62,6.475,6.73,6.22,2,0
2022_18_0040431,2022-07-13,2022-07-14,2,40.6002777777778,-7.60694444444444,39.9,41.0,38.8,25.85,26.2,25.5,35.5,36,35,10.5,11,10,0.0,0.0,0.0,0.0,0.0,0.0,0.0,0.0,0.0,17.7,24.5,10.9,40.7,55.1,26.3,108.0,115,101,25.884999999999998,26.11,25.66,46737.155,47606.9,45867.41,7.835,8.18,7.49,2,0
2022_18_0041144,2022-07-15,2022-07-15,1,41.0358400000466,-8.06817199998432,33.2,33.2,33.2,20.9,20.9,20.9,76.0,76,76,26.0,26,26,0.0,0.0,0.0,0.0,0.0,0.0,0.0,0.0,0.0,12.8,12.8,12.8,44.6,44.6,44.6,107.0,107,107,28.04,28.04,28.04,49044.75,49044.75,49044.75,6.77,6.77,6.77,1,0
2022_18_0041974,2022-07-18,2022-07-18,1,40.6561111111111,-7.71833333333333,29.8,29.8,29.8,17.5,17.5,17.5,84.0,84,84,32.0,32,32,0.0,0.0,0.0,0.0,0.0,0.0,0.0,0.0,0.0,22.7,22.7,22.7,45.4,45.4,45.4,232.0,232,232,29.25,29.25,29.25,48812.7,48812.7,48812.7,6.45,6.45,6.45,1,0
2022_18_0042807,2022-07-21,2022-07-22,2,41.0394444444444,-7.83277777777778,32.45,33.7,31.2,17.45,19.3,15.6,73.0,75,71,21.5,24,19,0.0,0.0,0.0,0.0,0.0,0.0,0.0,0.0,0.0,15.950000000000001,16.6,15.3,38.3,41.0,35.6,289.0,309,269,29.15,29.37,28.93,47906.44,48737.36,47075.52,6.515,6.68,6.35,2,0
2022_18_0044038,2022-07-26,2022-07-26,1,41.0610719998678,-8.17789999961853,25.9,25.9,25.9,15.1,15.1,15.1,86.0,86,86,39.0,39,39,0.0,0.0,0.0,0.0,0.0,0.0,0.0,0.0,0.0,15.7,15.7,15.7,43.9,43.9,43.9,277.0,277,277,28.63,28.63,28.63,48098.03,48098.03,48098.03,5.43,5.43,5.43,1,0
2022_18_0045413,2022-08-01,2022-08-01,1,41.0635730001662,-8.00844300005171,36.0,36.0,36.0,23.7,23.7,23.7,62.0,62,62,28.0,28,28,0.0,0.0,0.0,0.0,0.0,0.0,0.0,0.0,0.0,14.1,14.1,14.1,38.2,38.2,38.2,151.0,151,151,26.53,26.53,26.53,47359.26,47359.26,47359.26,6.63,6.63,6.63,1,0
2022_18_0045625,2022-08-01,2022-08-02,2,41.0694480000602,-8.11888200004896,33.9,35.5,32.3,22.25,23.2,21.3,71.0,80,62,35.0,42,28,0.0,0.0,0.0,0.0,0.0,0.0,0.0,0.0,0.0,13.35,14.1,12.6,36.400000000000006,38.2,34.6,216.0,281,151,27.055,27.58,26.53,47353.100000000006,47359.26,47346.94,6.21,6.58,5.84,2,0
2022_18_0047216,2022-08-07,2022-08-07,1,40.6502930000093,-7.7225,33.6,33.6,33.6,18.8,18.8,18.8,83.0,83,83,27.0,27,27,0.0,0.0,0.0,0.0,0.0,0.0,0.0,0.0,0.0,16.9,16.9,16.9,34.9,34.9,34.9,199.0,199,199,27.18,27.18,27.18,46697.93,46697.93,46697.93,6.52,6.52,6.52,1,0
2022_18_0047524,2022-08-08,2022-08-09,2,40.6463888888889,-7.61666666666667,34.4,34.9,33.9,18.8,19.0,18.6,72.5,74,71,21.0,24,18,0.0,0.0,0.0,0.0,0.0,0.0,0.0,0.0,0.0,22.15,23.0,21.3,44.25,48.2,40.3,234.5,242,227,26.34,26.81,25.87,46644.285,46671.43,46617.14,6.64,6.97,6.31,2,0
2022_18_0048013,2022-08-10,2022-08-10,1,40.6670999999841,-8.0519470000267,34.4,34.4,34.4,19.2,19.2,19.2,78.0,78,78,27.0,27,27,0.9,0.9,0.9,0.9,0.9,0.9,2.0,2.0,2.0,21.4,21.4,21.4,47.9,47.9,47.9,198.0,198,198,23.62,23.62,23.62,46471.18,46471.18,46471.18,5.85,5.85,5.85,1,0
2022_18_0048046,2022-08-10,2022-08-10,1,41.0967630004883,-7.97639300028483,31.6,31.6,31.6,20.1,20.1,20.1,77.0,77,77,40.0,40,40,0.3,0.3,0.3,0.3,0.3,0.3,1.0,1.0,1.0,15.4,15.4,15.4,40.0,40.0,40.0,282.0,282,282,23.63,23.63,23.63,46495.57,46495.57,46495.57,5.08,5.08,5.08,1,0
2022_18_0048871,2022-08-13,2022-08-13,1,40.6553319999907,-7.5858529999521,29.0,29.0,29.0,17.3,17.3,17.3,72.0,72,72,20.0,20,20,0.0,0.0,0.0,0.0,0.0,0.0,0.0,0.0,0.0,29.2,29.2,29.2,55.8,55.8,55.8,256.0,256,256,26.22,26.22,26.22,46430.8,46430.8,46430.8,6.39,6.39,6.39,1,0
2022_18_0050429,2022-08-19,2022-08-20,2,40.6033330000771,-7.73346700000266,33.4,34.5,32.3,18.85,20.3,17.4,46.0,49,43,14.0,15,13,0.0,0.0,0.0,0.0,0.0,0.0,0.0,0.0,0.0,20.55,21.0,20.1,41.2,42.1,40.3,164.0,270,58,25.64,25.68,25.6,45728.29,45798.57,45658.01,7.3950000000000005,8.05,6.74,2,0
2022_18_0050745,2022-08-20,2022-08-21,2,40.5002777777778,-7.83222222222222,35.150000000000006,36.6,33.7,18.95,21.7,16.2,79.5,95,64,18.5,22,15,0.0,0.0,0.0,0.0,0.0,0.0,0.0,0.0,0.0,17.75,18.1,17.4,35.25,35.6,34.9,270.5,289,252,25.255000000000003,25.59,24.92,45577.39,45648.01,45506.77,6.85,7.85,5.85,2,0
2022_18_0050759,2022-08-20,2022-08-21,2,40.6220399999619,-7.71491200023227,33.7,35.0,32.4,18.1,20.5,15.7,72.0,91,53,17.0,20,14,0.0,0.0,0.0,0.0,0.0,0.0,0.0,0.0,0.0,20.299999999999997,20.7,19.9,39.599999999999994,40.3,38.9,287.0,305,269,25.27,25.61,24.93,45587.21000000001,45658.01,45516.41,7.08,8.15,6.01,2,0
2022_18_0051562,2022-08-23,2022-08-23,1,40.6048449998432,-7.72971300019158,36.6,36.6,36.6,21.9,21.9,21.9,52.0,52,52,18.0,18,18,0.0,0.0,0.0,0.0,0.0,0.0,0.0,0.0,0.0,25.3,25.3,25.3,49.3,49.3,49.3,80.0,80,80,21.07,21.07,21.07,37216.46,37216.46,37216.46,7.2,7.2,7.2,1,0
2022_18_0052624,2022-08-27,2022-08-27,1,40.5580970001221,-7.70164799994893,32.7,32.7,32.7,19.3,19.3,19.3,76.0,76,76,27.0,27,27,0.0,0.0,0.0,0.0,0.0,0.0,0.0,0.0,0.0,19.2,19.2,19.2,37.4,37.4,37.4,262.0,262,262,23.55,23.55,23.55,44643.12,44643.12,44643.12,6.0,6.0,6.0,1,0
2022_18_0054568,2022-09-04,2022-09-04,1,40.6407899999619,-7.97826100031535,23.8,23.8,23.8,12.7,12.7,12.7,94.0,94,94,45.0,45,45,0.5,0.5,0.5,0.5,0.5,0.5,4.0,4.0,4.0,18.3,18.3,18.3,41.8,41.8,41.8,223.0,223,223,13.8,13.8,13.8,26369.14,26369.14,26369.14,2.97,2.97,2.97,1,0
