incident_id,start_date,end_date,n_days,lat_first,lon_first,mean_temp_max,temp_max_max,temp_max_min,mean_temp_min,temp_min_max,temp_min_min,rh_max_mean,rh_max_max,rh_max_min,rh_min_mean,rh_min_max,rh_min_min,precip_sum_mean,precip_sum_max,precip_sum_min,rain_sum_mean,rain_sum_max,rain_sum_min,precip_hours_mean,precip_hours_max,precip_hours_min,wind_max_mean,wind_max_max,wind_max_min,gust_max_mean,gust_max_max,gust_max_min,wind_dir_mean,wind_dir_max,wind_dir_min,radiation_mean,radiation_max,radiation_min,sunshine_mean,sunshine_max,sunshine_min,et0_mean,et0_max,et0_min,dry_day_sum,high_wind_sum
AG120357,2020-05-03,2020-05-04,2,37.1302777777778,-8.88388888888889,24.15,25.9,22.4,14.75,14.9,14.6,93.5,100,87,49.5,54,45,0.0,0.0,0.0,0.0,0.0,0.0,0.0,0.0,0.0,26.85,27.7,26.0,53.099999999999994,54.4,51.8,174.0,236,112,26.345,26.96,25.73,46558.16,46589.08,46527.24,4.93,5.53,4.33,2,0
AG120550,2020-06-19,2020-06-21,3,37.1644444444444,-8.85805555555556,23.46666666666667,24.2,22.1,16.066666666666666,16.3,15.7,86.66666666666667,88,85,53.666666666666664,57,48,0.0,0.0,0.0,0.0,0.0,0.0,0.0,0.0,0.0,31.733333333333334,32.4,31.0,59.03333333333333,60.5,56.5,342.6666666666667,345,339,30.036666666666665,30.2,29.86,48138.636666666665,48253.34,48038.09,5.656666666666666,5.69,5.63,3,3
AG120614,2020-07-06,2020-07-07,2,37.3809469996558,-8.34647199948629,39.1,39.6,38.6,20.3,20.5,20.1,73.0,73,73,13.5,16,11,0.0,0.0,0.0,0.0,0.0,0.0,0.0,0.0,0.0,18.4,20.4,16.4,39.2,42.8,35.6,314.0,329,299,28.955,29.69,28.22,47842.265,48042.48,47642.05,7.73,7.79,7.67,2,0
AG120650,2020-07-14,2020-07-14,1,37.4016666666667,-7.46111111111111,35.6,35.6,35.6,21.5,21.5,21.5,98.0,98,98,26.0,26,26,0.0,0.0,0.0,0.0,0.0,0.0,0.0,0.0,0.0,21.7,21.7,21.7,50.8,50.8,50.8,184.0,184,184,27.66,27.66,27.66,47163.1,47163.1,47163.1,7.55,7.55,7.55,1,0
AG120682,2020-07-20,2020-07-20,1,37.1780555555556,-7.63138888888889,36.8,36.8,36.8,22.1,22.1,22.1,53.0,53,53,21.0,21,21,0.0,0.0,0.0,0.0,0.0,0.0,0.0,0.0,0.0,18.1,18.1,18.1,39.6,39.6,39.6,179.0,179,179,27.52,27.52,27.52,46964.66,46964.66,46964.66,7.17,7.17,7.17,1,0
AG120768,2020-08-10,2020-08-10,1,37.1283333333333,-8.78666666666667,23.5,23.5,23.5,17.2,17.2,17.2,97.0,97,97,57.0,57,57,0.0,0.0,0.0,0.0,0.0,0.0,0.0,0.0,0.0,31.9,31.9,31.9,56.5,56.5,56.5,338.0,338,338,26.83,26.83,26.83,45941.44,45941.44,45941.44,4.57,4.57,4.57,1,1
AT120105,2020-06-26,2020-06-26,1,38.5486111111111,-8.42194444444444,27.1,27.1,27.1,14.7,14.7,14.7,95.0,95,95,33.0,33,33,0.0,0.0,0.0,0.0,0.0,0.0,0.0,0.0,0.0,19.7,19.7,19.7,40.0,40.0,40.0,322.0,322,322,26.54,26.54,26.54,48160.43,48160.43,48160.43,5.64,5.64,5.64,1,0
AT120137,2020-07-05,2020-07-05,1,38.5438888888889,-7.39111111111111,38.9,38.9,38.9,20.8,20.8,20.8,57.0,57,57,11.0,11,11,0.0,0.0,0.0,0.0,0.0,0.0,0.0,0.0,0.0,20.8,20.8,20.8,43.2,43.2,43.2,341.0,341,341,30.1,30.1,30.1,48473.11,48473.11,48473.11,7.5,7.5,7.5,1,0
AT120175,2020-07-14,2020-07-14,1,38.7630555555556,-8.3575,37.6,37.6,37.6,22.3,22.3,22.3,66.0,66,66,21.0,21,21,0.0,0.0,0.0,0.0,0.0,0.0,0.0,0.0,0.0,25.5,25.5,25.5,55.8,55.8,55.8,335.0,335,335,28.95,28.95,28.95,48274.41,48274.41,48274.41,8.29,8.29,8.29,1,0
AT120189,2020-07-18,2020-07-18,1,38.9230850002501,-7.98132299953037,38.6,38.6,38.6,21.8,21.8,21.8,61.0,61,61,20.0,20,20,0.0,0.0,0.0,0.0,0.0,0.0,0.0,0.0,0.0,19.2,19.2,19.2,44.3,44.3,44.3,252.0,252,252,28.8,28.8,28.8,47857.23,47857.23,47857.23,8.02,8.02,8.02,1,0
AT120235,2020-08-01,2020-08-01,1,38.5997222222222,-7.46805555555556,35.4,35.4,35.4,17.6,17.6,17.6,75.0,75,75,23.0,23,23,0.0,0.0,0.0,0.0,0.0,0.0,0.0,0.0,0.0,18.4,18.4,18.4,37.4,37.4,37.4,314.0,314,314,28.07,28.07,28.07,46829.18,46829.18,46829.18,7.72,7.72,7.72,1,0
AT120243,2020-08-03,2020-08-03,1,38.729617000156,-7.25959799978468,35.4,35.4,35.4,17.9,17.9,17.9,70.0,70,70,21.0,21,21,0.0,0.0,0.0,0.0,0.0,0.0,0.0,0.0,0.0,23.7,23.7,23.7,48.6,48.6,48.6,314.0,314,314,26.89,26.89,26.89,46800.0,46800.0,46800.0,7.42,7.42,7.42,1,0
AT120318,2020-09-08,2020-09-08,1,38.5297219996982,-7.93471300005913,33.7,33.7,33.7,21.5,21.5,21.5,70.0,70,70,15.0,15,15,0.0,0.0,0.0,0.0,0.0,0.0,0.0,0.0,0.0,17.4,17.4,17.4,39.2,39.2,39.2,71.0,71,71,22.96,22.96,22.96,41607.28,41607.28,41607.28,6.76,6.76,6.76,1,0
AT12088,2020-06-19,2020-06-19,1,38.3755555555556,-8.28555555555556,27.7,27.7,27.7,13.8,13.8,13.8,93.0,93,93,30.0,30,30,0.0,0.0,0.0,0.0,0.0,0.0,0.0,0.0,0.0,18.4,18.4,18.4,39.6,39.6,39.6,321.0,321,321,30.27,30.27,30.27,48556.24,48556.24,48556.24,6.29,6.29,6.29,1,0
AT220103,2020-06-29,2020-06-29,1,39.2972119998932,-7.80460499975416,34.1,34.1,34.1,17.8,17.8,17.8,92.0,92,92,29.0,29,29,0.0,0.0,0.0,0.0,0.0,0.0,0.0,0.0,0.0,19.1,19.1,19.1,38.9,38.9,38.9,304.0,304,304,29.81,29.81,29.81,49336.58,49336.58,49336.58,7.0,7.0,7.0,1,0
AT220129,2020-07-20,2020-07-20,1,38.8604529995388,-7.38381199998988,36.8,36.8,36.8,21.1,21.1,21.1,67.0,67,67,15.0,15,15,0.0,0.0,0.0,0.0,0.0,0.0,0.0,0.0,0.0,13.8,13.8,13.8,33.1,33.1,33.1,327.0,327,327,28.66,28.66,28.66,47063.45,47063.45,47063.45,7.8,7.8,7.8,1,0
AT220130,2020-07-20,2020-07-20,1,38.9747130001916,-7.31510499954224,36.8,36.8,36.8,19.9,19.9,19.9,73.0,73,73,15.0,15,15,0.0,0.0,0.0,0.0,0.0,0.0,0.0,0.0,0.0,13.2,13.2,13.2,31.3,31.3,31.3,302.0,302,302,28.62,28.62,28.62,46961.35,46961.35,46961.35,7.4,7.4,7.4,1,0
AT220139,2020-07-21,2020-07-21,1,39.116933000005,-7.97679500050015,33.3,33.3,33.3,24.3,24.3,24.3,49.0,49,49,23.0,23,23,0.4,0.4,0.4,0.4,0.4,0.4,2.0,2.0,2.0,26.3,26.3,26.3,55.4,55.4,55.4,92.0,92,92,19.96,19.96,19.96,41099.43,41099.43,41099.43,6.34,6.34,6.34,1,0
AT220166,2020-07-29,2020-07-29,1,39.2921950001187,-7.84430200046963,37.2,37.2,37.2,15.7,15.7,15.7,99.0,99,99,19.0,19,19,0.0,0.0,0.0,0.0,0.0,0.0,0.0,0.0,0.0,16.2,16.2,16.2,34.2,34.2,34.2,273.0,273,273,27.86,27.86,27.86,46228.81,46228.81,46228.81,6.67,6.67,6.67,1,0
AT220200,2020-08-18,2020-08-18,1,39.4167179999997,-7.34110199981266,28.7,28.7,28.7,16.9,16.9,16.9,99.0,99,99,37.0,37,37,0.0,0.0,0.0,0.0,0.0,0.0,0.0,0.0,0.0,14.7,14.7,14.7,32.8,32.8,32.8,288.0,288,288,22.07,22.07,22.07,43590.17,43590.17,43590.17,4.97,4.97,4.97,1,0
AT220204,2020-08-19,2020-08-19,1,38.9247390000025,-7.71782799998919,32.1,32.1,32.1,15.8,15.8,15.8,100.0,100,100,18.0,18,18,0.0,0.0,0.0,0.0,0.0,0.0,0.0,0.0,0.0,16.6,16.6,16.6,37.4,37.4,37.4,265.0,265,265,25.09,25.09,25.09,41453.65,41453.65,41453.65,5.84,5.84,5.84,1,0
AT220212,2020-08-23,2020-08-23,1,39.254394999875,-7.99832699987623,33.5,33.5,33.5,15.3,15.3,15.3,94.0,94,94,24.0,24,24,0.0,0.0,0.0,0.0,0.0,0.0,0.0,0.0,0.0,24.8,24.8,24.8,51.5,51.5,51.5,323.0,323,323,24.89,24.89,24.89,45005.43,45005.43,45005.43,6.51,6.51,6.51,1,0
AT220220,2020-08-29,2020-08-29,1,39.0973399999407,-7.07451699998644,27.3,27.3,27.3,15.6,15.6,15.6,61.0,61,61,19.0,19,19,0.0,0.0,0.0,0.0,0.0,0.0,0.0,0.0,0.0,21.0,21.0,21.0,45.4,45.4,45.4,338.0,338,338,24.75,24.75,24.75,44155.66,44155.66,44155.66,6.45,6.45,6.45,1,0
AT22093,2020-06-23,2020-06-23,1,38.7736769999398,-7.21210300021701,38.3,38.3,38.3,21.0,21.0,21.0,70.0,70,70,17.0,17,17,0.0,0.0,0.0,0.0,0.0,0.0,0.0,0.0,0.0,19.8,19.8,19.8,39.2,39.2,39.2,298.0,298,298,27.67,27.67,27.67,43147.16,43147.16,43147.16,7.34,7.34,7.34,1,0
AT22094,2020-06-24,2020-06-24,1,39.0209379998843,-7.70808800008562,32.0,32.0,32.0,17.1,17.1,17.1,91.0,91,91,32.0,32,32,0.0,0.0,0.0,0.0,0.0,0.0,0.0,0.0,0.0,15.1,15.1,15.1,33.5,33.5,33.5,280.0,280,280,28.99,28.99,28.99,48592.99,48592.99,48592.99,6.48,6.48,6.48,1,0
AT320115,2020-06-22,2020-06-23,2,37.7566666666667,-8.53555555555556,34.55,36.0,33.1,16.549999999999997,16.7,16.4,89.0,91,87,26.0,31,21,0.0,0.0,0.0,0.0,0.0,0.0,0.0,0.0,0.0,20.35,22.2,18.5,45.900000000000006,49.7,42.1,314.5,337,292,29.7,29.86,29.54,48356.17,48357.24,48355.1,6.765000000000001,6.96,6.57,2,0
AT320204,2020-07-20,2020-07-21,2,37.7827777777778,-8.77666666666667,30.45,31.7,29.2,18.3,20.3,16.3,93.5,98,89,36.0,46,26,0.0,0.0,0.0,0.0,0.0,0.0,0.0,0.0,0.0,25.9,26.3,25.5,49.9,50.8,49.0,187.0,342,32,25.195,27.41,22.98,45413.425,47492.56,43334.29,5.895,6.4,5.39,2,0
BI120135,2020-04-03,2020-04-03,1,40.4022222222222,-6.89333333333333,15.3,15.3,15.3,2.2,2.2,2.2,98.0,98,98,43.0,43,43,0.0,0.0,0.0,0.0,0.0,0.0,0.0,0.0,0.0,14.3,14.3,14.3,26.6,26.6,26.6,116.0,116,116,22.17,22.17,22.17,42853.62,42853.62,42853.62,3.36,3.36,3.36,1,0
BI120240,2020-07-09,2020-07-10,2,40.8408333333333,-7.02472222222222,34.4,34.5,34.3,18.700000000000003,18.8,18.6,79.0,82,76,19.0,22,16,0.0,0.0,0.0,0.0,0.0,0.0,0.0,0.0,0.0,14.25,15.8,12.7,32.25,36.4,28.1,341.5,356,327,29.45,29.72,29.18,49440.535,49606.03,49275.04,6.984999999999999,7.08,6.89,2,0
BI120241,2020-07-09,2020-07-10,2,40.8088888888889,-7.05972222222222,34.3,34.4,34.2,18.6,18.7,18.5,79.0,82,76,19.0,22,16,0.0,0.0,0.0,0.0,0.0,0.0,0.0,0.0,0.0,14.25,15.8,12.7,32.25,36.4,28.1,341.5,356,327,29.45,29.72,29.18,49440.535,49606.03,49275.04,6.970000000000001,7.07,6.87,2,0
BI120246,2020-07-11,2020-07-11,1,40.945,-7.15694444444444,34.5,34.5,34.5,19.2,19.2,19.2,65.0,65,65,21.0,21,21,0.0,0.0,0.0,0.0,0.0,0.0,0.0,0.0,0.0,14.2,14.2,14.2,32.8,32.8,32.8,33.0,33,33,24.98,24.98,24.98,40314.29,40314.29,40314.29,6.29,6.29,6.29,1,0
BI120277,2020-07-14,2020-07-15,2,40.7286111111111,-7.35777777777778,31.75,32.1,31.4,17.9,19.3,16.5,51.5,54,49,18.5,19,18,0.0,0.0,0.0,0.0,0.0,0.0,0.0,0.0,0.0,23.200000000000003,26.1,20.3,46.05,51.8,40.3,43.5,51,36,29.48,29.75,29.21,48745.535,49116.94,48374.13,8.425,8.73,8.12,2,0
BI120289,2020-07-17,2020-07-19,3,40.5580555555556,-7.57861111111111,34.93333333333333,37.2,31.3,21.233333333333334,23.8,17.1,59.666666666666664,89,40,20.0,27,16,0.0,0.0,0.0,0.0,0.0,0.0,0.0,0.0,0.0,24.233333333333334,27.4,21.2,45.333333333333336,50.0,42.8,114.66666666666667,231,55,29.463333333333335,29.6,29.36,48677.53,48783.62,48584.5,8.643333333333333,9.63,6.85,3,0
BI120300,2020-07-18,2020-07-18,1,41.0305555555556,-7.20111111111111,35.1,35.1,35.1,17.3,17.3,17.3,56.0,56,56,18.0,18,18,0.0,0.0,0.0,0.0,0.0,0.0,0.0,0.0,0.0,15.5,15.5,15.5,31.7,31.7,31.7,49.0,49,49,29.51,29.51,29.51,48941.51,48941.51,48941.51,7.25,7.25,7.25,1,0
BI120331,2020-07-31,2020-08-01,2,40.6425,-7.04527777777778,32.05,33.5,30.6,17.15,18.8,15.5,65.0,70,60,25.5,29,22,0.0,0.0,0.0,0.0,0.0,0.0,0.0,0.0,0.0,17.15,17.7,16.6,38.9,41.8,36.0,274.5,291,258,28.225,28.44,28.01,47014.89,47055.81,46973.97,7.01,7.3,6.72,2,0
BI120349,2020-08-06,2020-08-07,2,40.2941666666667,-7.20416666666667,35.0,35.8,34.2,22.85,23.0,22.7,53.0,54,52,23.0,24,22,0.0,0.0,0.0,0.0,0.0,0.0,0.0,0.0,0.0,17.3,19.5,15.1,37.8,41.0,34.6,187.0,284,90,26.85,26.97,26.73,46786.525,46800.0,46773.05,7.65,8.22,7.08,2,0
BI120363,2020-08-10,2020-08-12,3,40.7491666666667,-7.45944444444444,27.866666666666664,29.6,25.3,15.0,16.0,13.9,96.66666666666667,100,93,28.666666666666668,38,23,0.16666666666666666,0.5,0.0,0.16666666666666666,0.5,0.0,0.6666666666666666,2.0,0.0,18.766666666666666,21.2,16.6,39.13333333333333,42.1,35.3,248.0,272,228,20.900000000000002,26.73,14.57,43430.48333333334,46606.04,39048.97,4.83,5.86,3.41,3,0
BI120376,2020-08-14,2020-08-15,2,41.1108333333333,-7.27055555555556,27.799999999999997,29.4,26.2,14.6,15.2,14.0,86.0,91,81,26.0,27,25,0.0,0.0,0.0,0.0,0.0,0.0,0.0,0.0,0.0,21.4,21.4,21.4,48.95,49.7,48.2,291.0,293,289,24.735,26.19,23.28,46409.705,46463.32,46356.09,5.58,5.85,5.31,2,0
BI120377,2020-08-14,2020-08-16,3,41.1088888888889,-7.2775,27.46666666666667,29.5,26.4,14.233333333333334,15.3,13.3,88.66666666666667,94,81,28.666666666666668,34,25,0.0,0.0,0.0,0.0,0.0,0.0,0.0,0.0,0.0,19.966666666666665,21.4,17.1,46.43333333333334,49.7,41.4,290.0,293,288,23.073333333333334,26.19,19.75,46200.76,46463.32,45782.87,5.239999999999999,5.87,4.52,3,0
BI120389,2020-08-19,2020-08-19,1,40.6080555555556,-6.84861111111111,28.3,28.3,28.3,12.9,12.9,12.9,97.0,97,97,17.0,17,17,0.0,0.0,0.0,0.0,0.0,0.0,0.0,0.0,0.0,23.6,23.6,23.6,53.6,53.6,53.6,226.0,226,226,26.54,26.54,26.54,45728.21,45728.21,45728.21,6.35,6.35,6.35,1,0
BI120394,2020-08-21,2020-08-21,1,40.9022222222222,-7.04694444444444,26.0,26.0,26.0,15.2,15.2,15.2,96.0,96,96,34.0,34,34,0.0,0.0,0.0,0.0,0.0,0.0,0.0,0.0,0.0,10.5,10.5,10.5,35.3,35.3,35.3,263.0,263,263,18.57,18.57,18.57,38065.2,38065.2,38065.2,3.83,3.83,3.83,1,0
BI120408,2020-08-26,2020-08-26,1,40.2886819998423,-7.09503300031026,32.9,32.9,32.9,18.2,18.2,18.2,84.0,84,84,21.0,21,21,0.0,0.0,0.0,0.0,0.0,0.0,0.0,0.0,0.0,20.9,20.9,20.9,39.2,39.2,39.2,14.0,14,14,24.83,24.83,24.83,44704.94,44704.94,44704.94,6.52,6.52,6.52,1,0
BI120418,2020-08-29,2020-08-30,2,40.6497222222222,-6.935,21.3,22.0,20.6,9.600000000000001,9.9,9.3,77.5,84,71,27.5,32,23,0.0,0.0,0.0,0.0,0.0,0.0,0.0,0.0,0.0,17.2,19.8,14.6,41.400000000000006,48.6,34.2,189.5,345,34,22.4,24.47,20.33,44222.565,44297.73,44147.4,4.720000000000001,4.98,4.46,2,0
BI120438,2020-09-05,2020-09-07,3,40.3488888888889,-7.56055555555556,27.23333333333333,28.4,25.4,16.133333333333333,19.3,14.1,58.0,70,51,24.666666666666668,26,23,0.0,0.0,0.0,0.0,0.0,0.0,0.0,0.0,0.0,10.666666666666666,11.4,10.3,49.93333333333334,52.6,48.2,26.0,60,7,21.933333333333334,23.23,20.47,43061.77333333334,43213.5,42910.02,5.043333333333333,5.17,4.91,3,0
BI120446,2020-09-08,2020-09-09,2,40.4438888888889,-7.745,29.450000000000003,29.6,29.3,17.85,18.9,16.8,42.5,46,39,19.0,21,17,0.0,0.0,0.0,0.0,0.0,0.0,0.0,0.0,0.0,17.3,22.6,12.0,38.5,46.4,30.6,154.0,253,55,22.58,22.6,22.56,42249.14,42313.49,42184.79,6.029999999999999,6.43,5.63,2,0
BI120447,2020-09-08,2020-09-09,2,40.5183333333333,-7.64555555555556,29.6,30.0,29.2,16.049999999999997,16.9,15.2,46.0,51,41,16.5,17,16,0.0,0.0,0.0,0.0,0.0,0.0,0.0,0.0,0.0,19.6,29.6,9.6,39.4,53.6,25.2,205.0,355,55,22.43,22.44,22.42,42187.46,42189.89,42185.03,6.08,6.8,5.36,2,0
BI120449,2020-09-07,2020-09-08,2,40.9277777777778,-7.01222222222222,27.15,27.3,27.0,12.75,14.0,11.5,64.0,68,60,17.0,18,16,0.0,0.0,0.0,0.0,0.0,0.0,0.0,0.0,0.0,15.55,16.3,14.8,36.55,41.4,31.7,60.0,61,59,22.450000000000003,22.64,22.26,42107.085,42162.58,42051.59,5.515000000000001,5.92,5.11,2,0
BI120450,2020-09-08,2020-09-10,3,40.5669444444444,-7.55666666666667,30.7,31.9,29.6,17.066666666666666,18.6,14.8,47.0,57,39,16.333333333333332,17,15,0.0,0.0,0.0,0.0,0.0,0.0,0.0,0.0,0.0,19.73333333333333,27.7,12.6,40.1,56.2,25.2,51.0,67,35,22.30333333333333,22.41,22.16,42116.513333333336,42209.23,41944.81,6.046666666666667,6.65,5.65,3,0
BI120455,2020-09-11,2020-09-11,1,41.1052777777778,-7.26166666666667,31.6,31.6,31.6,15.7,15.7,15.7,64.0,64,64,17.0,17,17,0.0,0.0,0.0,0.0,0.0,0.0,0.0,0.0,0.0,10.0,10.0,10.0,21.6,21.6,21.6,355.0,355,355,19.46,19.46,19.46,41315.05,41315.05,41315.05,4.49,4.49,4.49,1,0
BI120467,2020-09-14,2020-09-15,2,40.9366666666667,-7.02527777777778,27.95,28.4,27.5,16.7,18.8,14.6,81.5,88,75,31.5,35,28,0.3,0.6,0.0,0.3,0.6,0.0,0.5,1.0,0.0,16.85,17.5,16.2,42.65,45.0,40.3,204.0,212,196,18.47,19.36,17.58,38354.07,40609.05,36099.09,4.515000000000001,4.53,4.5,2,0
BI120471,2020-09-14,2020-09-15,2,40.9488888888889,-6.98888888888889,28.75,29.1,28.4,17.15,19.3,15.0,82.5,89,76,32.0,36,28,0.0,0.0,0.0,0.0,0.0,0.0,0.0,0.0,0.0,16.65,18.5,14.8,43.0,48.2,37.8,202.0,209,195,18.39,19.09,17.69,38654.81,40601.07,36708.55,4.49,4.58,4.4,2,0
BI120481,2020-09-17,2020-09-17,1,40.6055555555556,-7.19555555555556,21.1,21.1,21.1,13.9,13.9,13.9,89.0,89,89,45.0,45,45,4.4,4.4,4.4,4.4,4.4,4.4,10.0,10.0,10.0,30.4,30.4,30.4,71.3,71.3,71.3,167.0,167,167,15.99,15.99,15.99,40249.7,40249.7,40249.7,3.24,3.24,3.24,0,1
BI120498,2020-09-30,2020-09-30,1,40.9,-6.93,24.6,24.6,24.6,12.0,12.0,12.0,86.0,86,86,34.0,34,34,0.0,0.0,0.0,0.0,0.0,0.0,0.0,0.0,0.0,17.1,17.1,17.1,38.9,38.9,38.9,256.0,256,256,18.72,18.72,18.72,38745.9,38745.9,38745.9,3.59,3.59,3.59,1,0
BI120503,2020-10-01,2020-10-01,1,41.1219444444444,-7.26361111111111,19.5,19.5,19.5,11.8,11.8,11.8,88.0,88,88,48.0,48,48,0.0,0.0,0.0,0.0,0.0,0.0,0.0,0.0,0.0,18.5,18.5,18.5,42.5,42.5,42.5,272.0,272,272,15.31,15.31,15.31,36276.04,36276.04,36276.04,2.86,2.86,2.86,1,0
BI120505,2020-10-03,2020-10-03,1,40.9727777777778,-7.16138888888889,15.5,15.5,15.5,8.0,8.0,8.0,82.0,82,82,46.0,46,46,0.0,0.0,0.0,0.0,0.0,0.0,0.0,0.0,0.0,19.0,19.0,19.0,42.5,42.5,42.5,286.0,286,286,12.84,12.84,12.84,38020.88,38020.88,38020.88,2.39,2.39,2.39,1,0
BI120506,2020-10-03,2020-10-03,1,40.9722222222222,-7.1675,15.6,15.6,15.6,8.0,8.0,8.0,82.0,82,82,46.0,46,46,0.0,0.0,0.0,0.0,0.0,0.0,0.0,0.0,0.0,19.0,19.0,19.0,42.5,42.5,42.5,286.0,286,286,12.84,12.84,12.84,38020.88,38020.88,38020.88,2.4,2.4,2.4,1,0
BI120508,2020-10-03,2020-10-03,1,40.9394444444444,-6.99694444444444,15.4,15.4,15.4,7.7,7.7,7.7,83.0,83,83,45.0,45,45,0.0,0.0,0.0,0.0,0.0,0.0,0.0,0.0,0.0,17.9,17.9,17.9,43.9,43.9,43.9,281.0,281,281,12.83,12.83,12.83,38305.39,38305.39,38305.39,2.33,2.33,2.33,1,0
BI120519,2020-10-09,2020-10-09,1,40.8330555555556,-7.18861111111111,24.4,24.4,24.4,12.0,12.0,12.0,100.0,100,100,35.0,35,35,0.0,0.0,0.0,0.0,0.0,0.0,0.0,0.0,0.0,8.7,8.7,8.7,24.8,24.8,24.8,344.0,344,344,15.41,15.41,15.41,32390.43,32390.43,32390.43,2.82,2.82,2.82,1,0
BI120531,2020-10-11,2020-10-11,1,40.7086111111111,-7.08805555555556,19.1,19.1,19.1,8.0,8.0,8.0,80.0,80,80,29.0,29,29,0.0,0.0,0.0,0.0,0.0,0.0,0.0,0.0,0.0,19.7,19.7,19.7,42.8,42.8,42.8,51.0,51,51,17.07,17.07,17.07,37449.08,37449.08,37449.08,3.59,3.59,3.59,1,0
BI120533,2020-10-11,2020-10-11,1,40.4480555555556,-7.07777777777778,18.5,18.5,18.5,7.3,7.3,7.3,84.0,84,84,26.0,26,26,0.0,0.0,0.0,0.0,0.0,0.0,0.0,0.0,0.0,31.2,31.2,31.2,57.6,57.6,57.6,51.0,51,51,17.37,17.37,17.37,37491.23,37491.23,37491.23,4.09,4.09,4.09,1,1
BI120535,2020-10-11,2020-10-11,1,41.0513888888889,-7.19583333333333,18.4,18.4,18.4,7.8,7.8,7.8,86.0,86,86,32.0,32,32,0.0,0.0,0.0,0.0,0.0,0.0,0.0,0.0,0.0,18.1,18.1,18.1,40.7,40.7,40.7,54.0,54,54,16.77,16.77,16.77,37406.5,37406.5,37406.5,3.16,3.16,3.16,1,0
BI120542,2020-10-13,2020-10-13,1,40.9755555555556,-7.01944444444444,20.3,20.3,20.3,9.8,9.8,9.8,97.0,97,97,43.0,43,43,0.0,0.0,0.0,0.0,0.0,0.0,0.0,0.0,0.0,17.6,17.6,17.6,40.0,40.0,40.0,300.0,300,300,13.93,13.93,13.93,36723.3,36723.3,36723.3,2.68,2.68,2.68,1,0
BI120543,2020-10-14,2020-10-14,1,40.9747222222222,-7.16694444444444,17.0,17.0,17.0,8.2,8.2,8.2,82.0,82,82,35.0,35,35,0.0,0.0,0.0,0.0,0.0,0.0,0.0,0.0,0.0,18.5,18.5,18.5,41.8,41.8,41.8,337.0,337,337,13.9,13.9,13.9,36275.71,36275.71,36275.71,2.79,2.79,2.79,1,0
BI120571,2020-10-19,2020-10-19,1,40.6291666666667,-7.49138888888889,19.7,19.7,19.7,11.4,11.4,11.4,99.0,99,99,40.0,40,40,40.8,40.8,40.8,40.8,40.8,40.8,11.0,11.0,11.0,24.5,24.5,24.5,62.6,62.6,62.6,91.0,91,91,5.34,5.34,5.34,10924.7,10924.7,10924.7,1.84,1.84,1.84,0,0
BI120572,2020-10-19,2020-10-19,1,41.0363888888889,-7.19027777777778,20.0,20.0,20.0,10.3,10.3,10.3,93.0,93,93,35.0,35,35,29.2,29.2,29.2,29.2,29.2,29.2,9.0,9.0,9.0,28.9,28.9,28.9,64.8,64.8,64.8,174.0,174,174,8.2,8.2,8.2,17215.97,17215.97,17215.97,2.78,2.78,2.78,0,0
BI120599,2020-11-02,2020-11-02,1,40.9369444444444,-7.18861111111111,20.5,20.5,20.5,13.1,13.1,13.1,96.0,96,96,63.0,63,63,0.3,0.3,0.3,0.3,0.3,0.3,2.0,2.0,2.0,11.6,11.6,11.6,25.6,25.6,25.6,236.0,236,236,8.71,8.71,8.71,28266.18,28266.18,28266.18,1.57,1.57,1.57,1,0
BI220125,2020-06-30,2020-07-01,2,39.9013900000519,-6.96194000032213,34.4,35.5,33.3,19.200000000000003,20.6,17.8,81.0,85,77,22.5,24,21,0.0,0.0,0.0,0.0,0.0,0.0,0.0,0.0,0.0,18.35,19.4,17.3,41.55,44.6,38.5,258.5,263,254,29.255000000000003,29.3,29.21,49551.59,49556.59,49546.59,7.345,7.64,7.05,2,0
BI220126,2020-07-01,2020-07-01,1,39.9877669999335,-7.41980500009325,31.3,31.3,31.3,17.3,17.3,17.3,90.0,90,90,30.0,30,30,0.0,0.0,0.0,0.0,0.0,0.0,0.0,0.0,0.0,17.7,17.7,17.7,39.2,39.2,39.2,306.0,306,306,29.87,29.87,29.87,49579.32,49579.32,49579.32,6.68,6.68,6.68,1,0
BI220187,2020-07-18,2020-07-18,1,39.6696380000644,-8.10380199988683,37.6,37.6,37.6,23.0,23.0,23.0,58.0,58,58,14.0,14,14,0.0,0.0,0.0,0.0,0.0,0.0,0.0,0.0,0.0,23.0,23.0,23.0,48.6,48.6,48.6,360.0,360,360,29.14,29.14,29.14,48299.62,48299.62,48299.62,8.99,8.99,8.99,1,0
BI220196,2020-07-21,2020-07-21,1,39.7306959999932,-7.7563399998347,34.0,34.0,34.0,25.6,25.6,25.6,54.0,54,54,21.0,21,21,0.6,0.6,0.6,0.6,0.6,0.6,1.0,1.0,1.0,29.7,29.7,29.7,60.5,60.5,60.5,23.0,23,23,18.07,18.07,18.07,33717.81,33717.81,33717.81,6.3,6.3,6.3,1,0
BI220197,2020-07-21,2020-07-21,1,39.932113000022,-7.45321500009961,33.1,33.1,33.1,24.9,24.9,24.9,56.0,56,56,23.0,23,23,1.0,1.0,1.0,1.0,1.0,1.0,2.0,2.0,2.0,23.4,23.4,23.4,44.3,44.3,44.3,52.0,52,52,19.34,19.34,19.34,40083.4,40083.4,40083.4,6.06,6.06,6.06,0,0
BI220200,2020-07-21,2020-07-21,1,39.885873000092,-7.47743000030518,33.1,33.1,33.1,24.7,24.7,24.7,55.0,55,55,25.0,25,25,1.4,1.4,1.4,1.4,1.4,1.4,1.0,1.0,1.0,23.6,23.6,23.6,48.6,48.6,48.6,44.0,44,44,18.64,18.64,18.64,36370.37,36370.37,36370.37,5.94,5.94,5.94,0,0
BI220227,2020-07-25,2020-07-29,5,39.8806440003713,-7.93554899997181,32.56,34.4,30.2,17.94,19.2,16.4,76.2,88,64,28.0,41,20,0.0,0.0,0.0,0.0,0.0,0.0,0.0,0.0,0.0,17.419999999999998,21.3,13.0,41.46,50.4,30.6,343.0,360,330,28.538,29.06,28.05,47511.826,47803.98,47253.3,6.694,7.19,6.15,5,0
BI220231,2020-07-28,2020-07-28,1,40.3521899999513,-7.31145799954732,34.6,34.6,34.6,20.3,20.3,20.3,74.0,74,74,27.0,27,27,0.0,0.0,0.0,0.0,0.0,0.0,0.0,0.0,0.0,19.8,19.8,19.8,40.7,40.7,40.7,358.0,358,358,28.34,28.34,28.34,47249.45,47249.45,47249.45,7.47,7.47,7.47,1,0
BI220232,2020-07-29,2020-08-01,4,40.201382000049,-7.74190999984741,32.45,35.3,29.1,20.2,22.3,17.8,68.0,77,58,26.0,38,17,0.0,0.0,0.0,0.0,0.0,0.0,0.0,0.0,0.0,18.325,20.5,16.3,43.025,50.8,36.7,310.0,327,298,27.740000000000002,28.56,25.92,47241.2675,47345.94,47140.53,6.84,7.17,6.62,4,0
BI220256,2020-08-06,2020-08-08,3,40.0432780000899,-7.7768940003713,35.36666666666667,36.4,34.5,21.46666666666667,22.5,20.4,66.33333333333333,75,62,24.333333333333332,27,22,0.0,0.0,0.0,0.0,0.0,0.0,0.0,0.0,0.0,18.46666666666667,19.6,17.6,43.23333333333333,44.3,41.8,263.6666666666667,281,255,26.599999999999998,26.96,26.06,46633.39666666667,46686.22,46580.48,6.873333333333334,7.26,6.5,3,0
BI220264,2020-08-07,2020-08-09,3,40.2204109999869,-7.36107099956936,33.333333333333336,33.6,32.9,22.53333333333333,22.7,22.3,58.666666666666664,65,54,23.0,27,18,0.0,0.0,0.0,0.0,0.0,0.0,0.0,0.0,0.0,13.1,14.2,12.1,34.766666666666666,37.4,33.1,231.66666666666666,239,219,26.24666666666667,27.25,25.44,46654.10666666667,46707.68,46600.45,6.316666666666666,6.48,6.14,3,0
BI220265,2020-08-07,2020-08-08,2,40.3068100002077,-7.49411700036791,32.3,32.4,32.2,22.65,22.8,22.5,58.0,64,52,27.5,29,26,0.0,0.0,0.0,0.0,0.0,0.0,0.0,0.0,0.0,15.600000000000001,15.9,15.3,44.85,46.1,43.6,201.0,208,194,26.41,27.39,25.43,46685.46,46712.29,46658.63,6.18,6.51,5.85,2,0
BI220282,2020-08-14,2020-08-14,1,39.7543399998877,-8.06618700027466,27.0,27.0,27.0,14.2,14.2,14.2,83.0,83,83,30.0,30,30,0.0,0.0,0.0,0.0,0.0,0.0,0.0,0.0,0.0,24.3,24.3,24.3,49.0,49.0,49.0,321.0,321,321,26.62,26.62,26.62,46154.98,46154.98,46154.98,5.9,5.9,5.9,1,0
BI220307,2020-08-25,2020-08-26,2,40.147271999783,-7.73170299953885,31.15,31.5,30.8,18.1,18.3,17.9,81.0,83,79,27.0,28,26,0.0,0.0,0.0,0.0,0.0,0.0,0.0,0.0,0.0,19.5,19.9,19.1,43.55,44.6,42.5,314.0,314,314,24.97,25.16,24.78,44761.595,44833.47,44689.72,5.675,5.75,5.6,2,0
BI220313,2020-08-25,2020-08-25,1,39.8441359996796,-7.71909599992964,36.4,36.4,36.4,19.6,19.6,19.6,71.0,71,71,15.0,15,15,0.0,0.0,0.0,0.0,0.0,0.0,0.0,0.0,0.0,22.8,22.8,22.8,42.5,42.5,42.5,316.0,316,316,24.88,24.88,24.88,44793.8,44793.8,44793.8,7.02,7.02,7.02,1,0
BI220329,2020-08-29,2020-08-30,2,39.8612129995558,-7.35101799998018,26.6,26.8,26.4,13.9,14.9,12.9,63.5,75,52,20.0,21,19,0.0,0.0,0.0,0.0,0.0,0.0,0.0,0.0,0.0,18.549999999999997,19.7,17.4,41.05,47.5,34.6,185.5,348,23,24.29,24.39,24.19,44153.020000000004,44226.13,44079.91,5.8,5.96,5.64,2,0
BI220339,2020-09-07,2020-09-07,1,40.1308119996389,-7.17571299976773,31.8,31.8,31.8,18.9,18.9,18.9,44.0,44,44,17.0,17,17,0.0,0.0,0.0,0.0,0.0,0.0,0.0,0.0,0.0,17.3,17.3,17.3,32.8,32.8,32.8,17.0,17,17,22.67,22.67,22.67,42460.3,42460.3,42460.3,6.97,6.97,6.97,1,0
BI220356,2020-09-13,2020-09-17,5,39.8102799998389,-7.84193999979231,27.3,32.9,24.5,17.4,22.6,15.1,87.4,99,70,35.0,40,21,1.3800000000000001,5.7,0.0,1.3800000000000001,5.7,0.0,2.4,6.0,0.0,18.28,23.8,13.8,48.12,58.0,36.4,173.8,236,125,16.762,19.25,14.61,37988.716,40036.36,32372.52,4.13,6.4,3.1,3,0
BL120111,2020-03-26,2020-03-26,1,41.5080830001831,-7.86751699997319,15.3,15.3,15.3,6.1,6.1,6.1,100.0,100,100,40.0,40,40,0.0,0.0,0.0,0.0,0.0,0.0,0.0,0.0,0.0,11.2,11.2,11.2,31.7,31.7,31.7,231.0,231,231,20.95,20.95,20.95,38667.29,38667.29,38667.29,2.9,2.9,2.9,1,0
BL120118,2020-03-27,2020-03-27,1,40.986507999897,-7.9334940000044,9.2,9.2,9.2,0.6,0.6,0.6,99.0,99,99,42.0,42,42,0.0,0.0,0.0,0.0,0.0,0.0,0.0,0.0,0.0,19.5,19.5,19.5,59.8,59.8,59.8,85.0,85,85,22.85,22.85,22.85,41154.08,41154.08,41154.08,2.72,2.72,2.72,1,0
BL120123,2020-03-28,2020-03-28,1,41.990748000145,-7.90869999991523,12.7,12.7,12.7,0.6,0.6,0.6,76.0,76,76,40.0,40,40,0.0,0.0,0.0,0.0,0.0,0.0,0.0,0.0,0.0,9.5,9.5,9.5,25.2,25.2,25.2,132.0,132,132,20.75,20.75,20.75,36903.87,36903.87,36903.87,2.97,2.97,2.97,1,0
BL120128,2020-03-29,2020-03-30,2,40.8969470002916,-7.86758200003041,12.0,15.3,8.7,5.85,7.1,4.6,89.5,90,89,50.0,53,47,0.4,0.8,0.0,0.4,0.8,0.0,3.0,6.0,0.0,19.3,27.3,11.3,43.75,59.8,27.7,96.0,130,62,13.969999999999999,15.01,12.93,25414.565000000002,26673.47,24155.66,2.385,2.5,2.27,2,0
BL120129,2020-03-29,2020-03-30,2,41.046333000395,-7.92244700007968,9.2,10.7,7.7,3.5,6.1,0.9,86.0,91,81,51.5,56,47,1.7000000000000002,2.1,1.3,1.0,1.3,0.7,8.0,11.0,5.0,15.15,24.0,6.3,48.45,78.5,18.4,137.5,198,77,12.120000000000001,12.96,11.28,23755.73,24882.11,22629.35,1.78,2.02,1.54,0,0
BL120143,2020-04-04,2020-04-05,2,41.0364430001047,-8.07607700030009,13.2,14.0,12.4,7.75,9.0,6.5,89.0,100,78,66.0,78,54,17.65,35.0,0.3,17.65,35.0,0.3,11.5,21.0,2.0,19.4,21.0,17.8,77.75,83.5,72.0,146.0,153,139,7.59,10.13,5.05,12776.875,16826.18,8727.57,1.535,2.13,0.94,1,0
BL120344,2020-07-10,2020-07-11,2,41.0162199995253,-7.50778800010681,32.15,32.3,32.0,17.7,17.9,17.5,73.0,76,70,27.5,28,27,0.25,0.5,0.0,0.25,0.5,0.0,0.5,1.0,0.0,13.8,14.9,12.7,32.9,35.6,30.2,210.0,354,66,27.415,29.64,25.19,46323.175,49698.8,42947.55,6.365,6.8,5.93,2,0
BL120348,2020-07-11,2020-07-11,1,41.0160490004222,-7.85018600000276,30.3,30.3,30.3,17.1,17.1,17.1,73.0,73,73,34.0,34,34,0.0,0.0,0.0,0.0,0.0,0.0,0.0,0.0,0.0,14.3,14.3,14.3,34.9,34.9,34.9,66.0,66,66,25.02,25.02,25.02,44441.0,44441.0,44441.0,5.54,5.54,5.54,1,0
BL120398,2020-07-17,2020-07-17,1,41.1240840000576,-7.84257999949985,30.7,30.7,30.7,18.5,18.5,18.5,62.0,62,62,27.0,27,27,0.0,0.0,0.0,0.0,0.0,0.0,0.0,0.0,0.0,18.0,18.0,18.0,53.6,53.6,53.6,90.0,90,90,29.69,29.69,29.69,48698.29,48698.29,48698.29,7.0,7.0,7.0,1,0
BL120414,2020-07-18,2020-07-19,2,40.7203449998962,-8.00667199982537,32.55,34.8,30.3,17.7,19.2,16.2,78.5,96,61,30.0,38,22,0.0,0.0,0.0,0.0,0.0,0.0,0.0,0.0,0.0,14.15,14.8,13.5,34.75,36.4,33.1,137.5,242,33,29.39,29.42,29.36,48820.05,48878.8,48761.3,6.615,7.24,5.99,2,0
BL120503,2020-07-30,2020-08-01,3,41.0441579998864,-8.12353999985589,26.2,28.4,24.1,16.900000000000002,18.7,15.9,85.0,88,82,44.666666666666664,54,35,0.0,0.0,0.0,0.0,0.0,0.0,0.0,0.0,0.0,12.466666666666667,12.7,12.1,40.56666666666667,42.1,38.9,297.6666666666667,304,291,27.87,28.2,27.69,47463.056666666664,47576.0,47351.85,5.316666666666666,5.66,4.95,3,0
BL120534,2020-08-06,2020-08-09,4,40.8709840001,-7.57678199979994,30.675,33.2,28.9,18.925,21.0,16.1,76.0,89,64,27.25,35,21,0.0,0.0,0.0,0.0,0.0,0.0,0.0,0.0,0.0,16.55,20.5,15.1,39.25,47.2,35.6,220.0,237,188,26.685,26.99,26.47,46739.175,46835.17,46639.17,6.2925,7.16,5.85,4,0
BL120592,2020-08-16,2020-08-16,1,40.9045230001873,-7.81027000003391,21.6,21.6,21.6,9.5,9.5,9.5,100.0,100,100,43.0,43,43,0.0,0.0,0.0,0.0,0.0,0.0,0.0,0.0,0.0,20.9,20.9,20.9,43.9,43.9,43.9,256.0,256,256,18.28,18.28,18.28,43828.84,43828.84,43828.84,3.49,3.49,3.49,1,0
BL120653,2020-09-01,2020-09-01,1,40.9855120000574,-8.02807700051202,20.9,20.9,20.9,13.1,13.1,13.1,93.0,93,93,25.0,25,25,0.0,0.0,0.0,0.0,0.0,0.0,0.0,0.0,0.0,14.0,14.0,14.0,42.5,42.5,42.5,316.0,316,316,23.44,23.44,23.44,43588.07,43588.07,43588.07,4.27,4.27,4.27,1,0
BL120666,2020-09-03,2020-09-03,1,41.0184119999409,-8.17311700026194,30.9,30.9,30.9,16.7,16.7,16.7,53.0,53,53,21.0,21,21,0.0,0.0,0.0,0.0,0.0,0.0,0.0,0.0,0.0,12.5,12.5,12.5,38.5,38.5,38.5,91.0,91,91,23.46,23.46,23.46,43562.86,43562.86,43562.86,5.5,5.5,5.5,1,0
BL120670,2020-09-07,2020-09-07,1,40.9398900000254,-7.82891800032722,24.3,24.3,24.3,12.3,12.3,12.3,65.0,65,65,26.0,26,26,0.0,0.0,0.0,0.0,0.0,0.0,0.0,0.0,0.0,22.8,22.8,22.8,49.7,49.7,49.7,54.0,54,54,22.55,22.55,22.55,42014.34,42014.34,42014.34,5.64,5.64,5.64,1,0
BL120675,2020-09-05,2020-09-06,2,41.0528529998991,-8.06830999996927,31.2,31.5,30.9,18.549999999999997,18.9,18.2,59.5,60,59,28.5,29,28,0.0,0.0,0.0,0.0,0.0,0.0,0.0,0.0,0.0,14.45,15.9,13.0,35.1,38.5,31.7,188.0,294,82,22.705,22.87,22.54,43174.67,43252.43,43096.91,5.275,5.57,4.98,2,0
BL120680,2020-09-07,2020-09-15,9,40.7142730002933,-8.26629499965244,28.322222222222223,32.1,24.4,16.644444444444446,19.6,14.8,66.22222222222223,97,50,29.11111111111111,54,18,0.13333333333333333,1.2,0.0,0.13333333333333333,1.2,0.0,0.5555555555555556,5.0,0.0,17.188888888888886,26.2,11.2,47.91111111111111,68.8,33.5,96.88888888888889,219,18,19.41888888888889,22.22,15.71,39443.26666666666,42456.85,29319.46,4.876666666666667,6.26,3.21,8,0
BL120689,2020-09-03,2020-09-04,2,41.0461730003357,-8.09006499979231,28.65,28.8,28.5,18.7,20.4,17.0,54.0,54,54,23.0,24,22,0.0,0.0,0.0,0.0,0.0,0.0,0.0,0.0,0.0,12.0,12.1,11.9,35.65,36.4,34.9,191.5,330,53,23.34,23.53,23.15,43485.325,43562.86,43407.79,5.395,5.46,5.33,2,0
BL120702,2020-09-08,2020-09-08,1,41.0183299999767,-8.15902700000339,25.9,25.9,25.9,12.2,12.2,12.2,60.0,60,60,20.0,20,20,0.0,0.0,0.0,0.0,0.0,0.0,0.0,0.0,0.0,16.5,16.5,16.5,64.4,64.4,64.4,104.0,104,104,22.4,22.4,22.4,42362.77,42362.77,42362.77,5.04,5.04,5.04,1,0
BL120708,2020-09-09,2020-09-09,1,41.0574299997754,-8.18115699979994,27.9,27.9,27.9,15.3,15.3,15.3,40.0,40,40,21.0,21,21,0.0,0.0,0.0,0.0,0.0,0.0,0.0,0.0,0.0,10.3,10.3,10.3,29.9,29.9,29.9,82.0,82,82,22.23,22.23,22.23,42191.61,42191.61,42191.61,5.3,5.3,5.3,1,0
BL120716,2020-09-10,2020-09-10,1,41.1121829997169,-7.83408999999364,27.8,27.8,27.8,14.4,14.4,14.4,54.0,54,54,26.0,26,26,0.0,0.0,0.0,0.0,0.0,0.0,0.0,0.0,0.0,14.8,14.8,14.8,42.5,42.5,42.5,103.0,103,103,22.03,22.03,22.03,42034.07,42034.07,42034.07,4.85,4.85,4.85,1,0
BL120814,2020-10-10,2020-10-10,1,40.9760520002577,-7.46561500019497,19.4,19.4,19.4,9.7,9.7,9.7,100.0,100,100,43.0,43,43,0.0,0.0,0.0,0.0,0.0,0.0,0.0,0.0,0.0,19.1,19.1,19.1,42.5,42.5,42.5,41.0,41,41,15.94,15.94,15.94,35452.54,35452.54,35452.54,2.92,2.92,2.92,1,0
BL120828,2020-10-11,2020-10-11,1,40.5419870000415,-7.77972199969822,20.8,20.8,20.8,10.8,10.8,10.8,67.0,67,67,30.0,30,30,0.0,0.0,0.0,0.0,0.0,0.0,0.0,0.0,0.0,32.9,32.9,32.9,60.5,60.5,60.5,61.0,61,61,17.1,17.1,17.1,37480.74,37480.74,37480.74,4.67,4.67,4.67,1,1
BL120868,2020-10-18,2020-10-18,1,41.0478810003069,-8.05106100002925,21.2,21.2,21.2,10.9,10.9,10.9,89.0,89,89,36.0,36,36,0.0,0.0,0.0,0.0,0.0,0.0,0.0,0.0,0.0,8.3,8.3,8.3,26.3,26.3,26.3,138.0,138,138,13.41,13.41,13.41,34226.92,34226.92,34226.92,2.59,2.59,2.59,1,0
BL120870,2020-10-18,2020-10-18,1,41.0011429999934,-8.15124800006549,21.0,21.0,21.0,10.7,10.7,10.7,89.0,89,89,36.0,36,36,0.0,0.0,0.0,0.0,0.0,0.0,0.0,0.0,0.0,8.3,8.3,8.3,26.3,26.3,26.3,138.0,138,138,13.41,13.41,13.41,34226.92,34226.92,34226.92,2.57,2.57,2.57,1,0
BL120878,2020-10-18,2020-10-18,1,41.0136660003662,-8.05348099999958,19.8,19.8,19.8,9.5,9.5,9.5,90.0,90,90,38.0,38,38,0.0,0.0,0.0,0.0,0.0,0.0,0.0,0.0,0.0,11.7,11.7,11.7,47.2,47.2,47.2,138.0,138,138,13.41,13.41,13.41,34731.8,34731.8,34731.8,2.59,2.59,2.59,1,0
BL120879,2020-10-18,2020-10-19,2,41.0478810003069,-8.05106100002925,19.6,21.2,18.0,11.600000000000001,12.3,10.9,92.5,96,89,38.5,41,36,10.05,20.1,0.0,10.05,20.1,0.0,4.5,9.0,0.0,18.9,29.5,8.3,61.199999999999996,96.1,26.3,145.5,153,138,9.69,13.41,5.97,23864.059999999998,34226.92,13501.2,2.325,2.59,2.06,1,0
BL120880,2020-10-18,2020-10-19,2,41.0328369998932,-8.06939200003942,17.25,18.3,16.2,9.2,10.4,8.0,95.5,99,92,41.0,42,40,14.05,28.1,0.0,14.05,28.1,0.0,5.0,10.0,0.0,19.85,29.9,9.8,83.7,124.2,43.2,154.0,172,136,10.215,13.26,7.17,26690.010000000002,34419.0,18961.02,2.215,2.48,1.95,1,0
BL120881,2020-10-18,2020-10-19,2,41.0109520000882,-8.05787399980757,17.7,19.2,16.2,9.8,10.8,8.8,93.5,97,90,39.0,40,38,11.95,23.9,0.0,11.95,23.9,0.0,5.0,10.0,0.0,19.95,28.2,11.7,87.69999999999999,128.2,47.2,145.5,153,138,10.015,13.41,6.62,25389.275,34731.8,16046.75,2.28,2.55,2.01,1,0
BL120884,2020-10-19,2020-10-19,1,41.0159000004662,-8.13577199988895,16.5,16.5,16.5,11.1,11.1,11.1,97.0,97,97,40.0,40,40,23.9,23.9,23.9,23.9,23.9,23.9,10.0,10.0,10.0,28.2,28.2,28.2,128.2,128.2,128.2,153.0,153,153,6.62,6.62,6.62,16046.75,16046.75,16046.75,2.03,2.03,2.03,0,0
BL120885,2020-10-19,2020-10-19,1,41.0638830004798,-8.02494799984826,18.2,18.2,18.2,10.2,10.2,10.2,97.0,97,97,47.0,47,47,17.6,17.6,17.6,17.6,17.6,17.6,10.0,10.0,10.0,26.2,26.2,26.2,106.6,106.6,106.6,149.0,149,149,6.34,6.34,6.34,15121.26,15121.26,15121.26,1.81,1.81,1.81,0,0
BL120889,2020-10-19,2020-10-19,1,40.9431080002255,-8.04181799994575,15.7,15.7,15.7,11.5,11.5,11.5,98.0,98,98,39.0,39,39,31.3,31.3,31.3,31.3,31.3,31.3,10.0,10.0,10.0,23.7,23.7,23.7,108.0,108.0,108.0,147.0,147,147,6.16,6.16,6.16,15450.41,15450.41,15450.41,1.95,1.95,1.95,0,0
BL120892,2020-10-19,2020-10-19,1,41.010974000295,-8.0701259999805,16.0,16.0,16.0,10.2,10.2,10.2,99.0,99,99,42.0,42,42,28.1,28.1,28.1,28.1,28.1,28.1,10.0,10.0,10.0,29.9,29.9,29.9,124.2,124.2,124.2,172.0,172,172,7.17,7.17,7.17,18961.02,18961.02,18961.02,1.94,1.94,1.94,0,0
BL120909,2020-11-22,2020-11-22,1,40.9458399995168,-8.05530200004578,15.3,15.3,15.3,9.7,9.7,9.7,79.0,79,79,35.0,35,35,0.0,0.0,0.0,0.0,0.0,0.0,0.0,0.0,0.0,8.0,8.0,8.0,18.4,18.4,18.4,19.0,19,19,10.09,10.09,10.09,31097.0,31097.0,31097.0,1.57,1.57,1.57,1,0
BL12096,2020-03-14,2020-03-14,1,41.0188888888889,-8.06388888888889,17.0,17.0,17.0,3.9,3.9,3.9,92.0,92,92,51.0,51,51,0.0,0.0,0.0,0.0,0.0,0.0,0.0,0.0,0.0,10.2,10.2,10.2,28.8,28.8,28.8,74.0,74,74,20.07,20.07,20.07,39087.78,39087.78,39087.78,3.01,3.01,3.01,1,0
BL220206,2020-07-04,2020-07-05,2,40.0577799998389,-7.80722000016107,35.45,36.6,34.3,18.7,21.2,16.2,77.5,83,72,15.0,16,14,0.0,0.0,0.0,0.0,0.0,0.0,0.0,0.0,0.0,19.7,19.9,19.5,46.650000000000006,47.2,46.1,342.5,348,337,30.44,30.51,30.37,49639.134999999995,49702.89,49575.38,7.390000000000001,7.71,7.07,2,0
BL220402,2020-08-09,2020-08-09,1,40.0963900004493,-7.77832999971178,29.2,29.2,29.2,14.8,14.8,14.8,93.0,93,93,31.0,31,31,0.0,0.0,0.0,0.0,0.0,0.0,0.0,0.0,0.0,16.3,16.3,16.3,39.2,39.2,39.2,311.0,311,311,26.1,26.1,26.1,46501.15,46501.15,46501.15,5.5,5.5,5.5,1,0
BL220526,2020-09-13,2020-09-13,1,40.2488900004493,-8.73055999967787,35.4,35.4,35.4,17.1,17.1,17.1,82.0,82,82,23.0,23,23,0.1,0.1,0.1,0.1,0.1,0.1,1.0,1.0,1.0,18.5,18.5,18.5,47.5,47.5,47.5,198.0,198,198,17.7,17.7,17.7,40192.35,40192.35,40192.35,4.64,4.64,4.64,1,0
BL320104,2020-03-18,2020-03-18,1,40.9369444444444,-8.48,21.8,21.8,21.8,10.0,10.0,10.0,84.0,84,84,55.0,55,55,0.0,0.0,0.0,0.0,0.0,0.0,0.0,0.0,0.0,14.2,14.2,14.2,27.7,27.7,27.7,53.0,53,53,19.53,19.53,19.53,39549.77,39549.77,39549.77,3.48,3.48,3.48,1,0
BL3201044,2020-09-07,2020-09-07,1,40.7439329995049,-8.47766400019328,31.2,31.2,31.2,20.7,20.7,20.7,66.0,66,66,23.0,23,23,0.0,0.0,0.0,0.0,0.0,0.0,0.0,0.0,0.0,31.5,31.5,31.5,59.4,59.4,59.4,82.0,82,82,22.14,22.14,22.14,42479.62,42479.62,42479.62,6.73,6.73,6.73,1,1
BL3201088,2020-09-12,2020-09-13,2,40.886509999964,-8.14651700019837,30.1,30.7,29.5,18.3,18.3,18.3,62.0,72,52,21.5,24,19,0.0,0.0,0.0,0.0,0.0,0.0,0.0,0.0,0.0,15.6,16.5,14.7,49.5,53.3,45.7,113.0,126,100,17.57,19.48,15.66,34809.035,38268.86,31349.21,5.18,5.19,5.17,2,0
BL3201093,2020-09-12,2020-09-13,2,40.8638519997067,-8.28574700011147,29.1,29.7,28.5,17.2,17.2,17.2,62.0,72,52,21.0,23,19,0.0,0.0,0.0,0.0,0.0,0.0,0.0,0.0,0.0,15.6,16.5,14.7,49.5,53.3,45.7,113.0,126,100,17.57,19.48,15.66,34809.035,38268.86,31349.21,5.075,5.08,5.07,2,0
BL3201109,2020-09-13,2020-09-13,1,40.8670000000132,-8.27145300017463,28.3,28.3,28.3,17.1,17.1,17.1,72.0,72,72,23.0,23,23,0.0,0.0,0.0,0.0,0.0,0.0,0.0,0.0,0.0,16.5,16.5,16.5,53.3,53.3,53.3,126.0,126,126,15.66,15.66,15.66,31349.21,31349.21,31349.21,5.06,5.06,5.06,1,0
BL320325,2020-06-20,2020-06-20,1,40.7807159996033,-8.52050100008647,21.3,21.3,21.3,13.4,13.4,13.4,95.0,95,95,61.0,61,61,0.0,0.0,0.0,0.0,0.0,0.0,0.0,0.0,0.0,18.7,18.7,18.7,40.0,40.0,40.0,339.0,339,339,30.13,30.13,30.13,50103.66,50103.66,50103.66,4.71,4.71,4.71,1,0
BL320538,2020-07-16,2020-07-16,1,40.7757229995728,-8.50326000001695,33.5,33.5,33.5,22.6,22.6,22.6,62.0,62,62,29.0,29,29,0.0,0.0,0.0,0.0,0.0,0.0,0.0,0.0,0.0,18.0,18.0,18.0,36.4,36.4,36.4,22.0,22,22,29.19,29.19,29.19,49013.23,49013.23,49013.23,7.71,7.71,7.71,1,0
BL320582,2020-07-18,2020-07-18,1,40.7804599995083,-8.31031000031365,32.5,32.5,32.5,20.7,20.7,20.7,74.0,74,74,23.0,23,23,0.0,0.0,0.0,0.0,0.0,0.0,0.0,0.0,0.0,18.5,18.5,18.5,51.1,51.1,51.1,107.0,107,107,29.16,29.16,29.16,48875.07,48875.07,48875.07,7.58,7.58,7.58,1,0
BL320693,2020-07-27,2020-07-27,1,40.7704120000203,-8.4992419995202,24.1,24.1,24.1,15.3,15.3,15.3,93.0,93,93,64.0,64,64,0.0,0.0,0.0,0.0,0.0,0.0,0.0,0.0,0.0,26.9,26.9,26.9,54.0,54.0,54.0,330.0,330,330,27.01,27.01,27.01,47742.8,47742.8,47742.8,4.54,4.54,4.54,1,0
BL320819,2020-08-10,2020-08-10,1,40.8777570003933,-8.28704200002882,23.4,23.4,23.4,12.5,12.5,12.5,98.0,98,98,51.0,51,51,0.0,0.0,0.0,0.0,0.0,0.0,0.0,0.0,0.0,12.0,12.0,12.0,36.7,36.7,36.7,319.0,319,319,24.43,24.43,24.43,43156.74,43156.74,43156.74,4.37,4.37,4.37,1,0
BL320869,2020-08-15,2020-08-16,2,40.8065400001738,-8.30260300000509,20.85,21.9,19.8,12.4,12.8,12.0,99.5,100,99,52.5,55,50,2.65,5.3,0.0,2.65,5.3,0.0,3.0,6.0,0.0,15.95,16.4,15.5,47.35,49.0,45.7,263.0,285,241,18.15,19.03,17.27,38206.020000000004,43357.5,33054.54,3.215,3.3,3.13,1,0
BL320940,2020-08-28,2020-08-28,1,40.7636620002323,-8.50382099999322,22.3,22.3,22.3,16.1,16.1,16.1,98.0,98,98,45.0,45,45,0.0,0.0,0.0,0.0,0.0,0.0,0.0,0.0,0.0,32.2,32.2,32.2,63.4,63.4,63.4,337.0,337,337,23.79,23.79,23.79,43164.9,43164.9,43164.9,4.59,4.59,4.59,1,1
BL420238,2020-07-02,2020-07-02,1,39.6148919995626,-9.0357569999165,21.8,21.8,21.8,15.4,15.4,15.4,97.0,97,97,51.0,51,51,0.0,0.0,0.0,0.0,0.0,0.0,0.0,0.0,0.0,27.7,27.7,27.7,56.2,56.2,56.2,352.0,352,352,29.43,29.43,29.43,48832.32,48832.32,48832.32,5.05,5.05,5.05,1,0
BL420343,2020-07-17,2020-07-17,1,39.6991530005137,-8.72772900051541,36.4,36.4,36.4,21.6,21.6,21.6,59.0,59,59,24.0,24,24,0.0,0.0,0.0,0.0,0.0,0.0,0.0,0.0,0.0,18.9,18.9,18.9,40.3,40.3,40.3,285.0,285,285,28.99,28.99,28.99,48686.01,48686.01,48686.01,7.6,7.6,7.6,1,0
BL420460,2020-08-06,2020-08-07,2,39.5036480000284,-8.82670799997118,28.4,29.3,27.5,16.65,17.5,15.8,81.0,88,74,44.0,44,44,0.0,0.0,0.0,0.0,0.0,0.0,0.0,0.0,0.0,28.65,29.2,28.1,56.35,58.0,54.7,343.5,344,343,26.075,26.58,25.57,46164.47,46370.08,45958.86,5.755,6.25,5.26,2,0
BL420584,2020-09-06,2020-09-08,3,39.540123000145,-8.82058999988768,30.833333333333332,32.1,29.5,19.066666666666666,19.4,18.8,55.0,64,45,22.333333333333332,25,18,0.0,0.0,0.0,0.0,0.0,0.0,0.0,0.0,0.0,19.400000000000002,20.3,18.8,42.23333333333333,44.3,41.0,142.33333333333334,344,5,22.543333333333333,22.71,22.43,42039.19,42595.7,41266.47,6.296666666666667,6.48,5.99,3,0
DM220112,2020-02-23,2020-02-23,1,41.2349049999979,-7.88858999994066,13.4,13.4,13.4,-0.9,-0.9,-0.9,81.0,81,81,48.0,48,48,0.0,0.0,0.0,0.0,0.0,0.0,0.0,0.0,0.0,10.1,10.1,10.1,32.4,32.4,32.4,102.0,102,102,15.82,15.82,15.82,35899.52,35899.52,35899.52,2.15,2.15,2.15,1,0
DM2201200,2020-07-11,2020-07-12,2,41.2302369997236,-8.13374499999814,32.6,33.5,31.7,21.65,22.2,21.1,70.5,71,70,35.5,38,33,0.0,0.0,0.0,0.0,0.0,0.0,0.0,0.0,0.0,20.85,23.5,18.2,51.45,57.2,45.7,82.5,94,71,26.465,26.62,26.31,47770.875,48921.26,46620.49,6.54,6.66,6.42,2,0
DM2201246,2020-07-12,2020-07-12,1,41.1863170001242,-8.55574499977959,32.6,32.6,32.6,23.7,23.7,23.7,77.0,77,77,39.0,39,39,0.0,0.0,0.0,0.0,0.0,0.0,0.0,0.0,0.0,16.5,16.5,16.5,35.3,35.3,35.3,9.0,9,9,28.54,28.54,28.54,49095.84,49095.84,49095.84,6.81,6.81,6.81,1,0
DM2201268,2020-07-12,2020-07-13,2,41.2671219999923,-8.57761699994405,33.05,33.8,32.3,22.35,22.4,22.3,72.5,74,71,37.5,39,36,0.0,0.0,0.0,0.0,0.0,0.0,0.0,0.0,0.0,21.15,22.5,19.8,41.95,45.4,38.5,46.0,47,45,28.700000000000003,28.92,28.48,49285.43,49358.2,49212.66,7.105,7.34,6.87,2,0
DM2201296,2020-07-13,2020-07-13,1,41.2656720002492,-8.57656700028314,33.8,33.8,33.8,22.3,22.3,22.3,71.0,71,71,36.0,36,36,0.0,0.0,0.0,0.0,0.0,0.0,0.0,0.0,0.0,22.5,22.5,22.5,45.4,45.4,45.4,45.0,45,45,28.92,28.92,28.92,49358.2,49358.2,49358.2,7.35,7.35,7.35,1,0
DM2201297,2020-07-13,2020-07-13,1,41.2104179996914,-8.46103000005086,33.7,33.7,33.7,22.7,22.7,22.7,70.0,70,70,37.0,37,37,0.0,0.0,0.0,0.0,0.0,0.0,0.0,0.0,0.0,21.8,21.8,21.8,43.6,43.6,43.6,42.0,42,42,28.94,28.94,28.94,49343.36,49343.36,49343.36,7.42,7.42,7.42,1,0
DM2201340,2020-07-14,2020-07-14,1,41.2198879999585,-8.44956000010172,30.7,30.7,30.7,22.4,22.4,22.4,59.0,59,59,28.0,28,28,0.0,0.0,0.0,0.0,0.0,0.0,0.0,0.0,0.0,20.9,20.9,20.9,43.2,43.2,43.2,3.0,3,3,28.96,28.96,28.96,49221.59,49221.59,49221.59,7.83,7.83,7.83,1,0
DM2201356,2020-07-14,2020-07-15,2,41.145261999766,-8.34663199954563,31.6,32.1,31.1,20.55,21.5,19.6,63.5,73,54,23.5,24,23,0.0,0.0,0.0,0.0,0.0,0.0,0.0,0.0,0.0,22.4,26.6,18.2,47.55,56.9,38.2,50.5,72,29,29.115000000000002,29.25,28.98,49218.03,49237.63,49198.43,7.734999999999999,8.03,7.44,2,0
DM2201395,2020-07-15,2020-07-15,1,41.2241070000331,-8.46986299991608,33.3,33.3,33.3,21.0,21.0,21.0,46.0,46,46,25.0,25,25,0.0,0.0,0.0,0.0,0.0,0.0,0.0,0.0,0.0,29.3,29.3,29.3,56.5,56.5,56.5,68.0,68,68,29.09,29.09,29.09,49184.35,49184.35,49184.35,8.41,8.41,8.41,1,0
DM2201410,2020-07-15,2020-07-15,1,41.3000060000002,-8.20477399984996,32.7,32.7,32.7,20.0,20.0,20.0,48.0,48,48,25.0,25,25,0.0,0.0,0.0,0.0,0.0,0.0,0.0,0.0,0.0,24.3,24.3,24.3,51.1,51.1,51.1,76.0,76,76,29.18,29.18,29.18,49174.09,49174.09,49174.09,7.93,7.93,7.93,1,0
DM2201425,2020-07-16,2020-07-16,1,41.3000060000002,-8.20477399984996,34.6,34.6,34.6,22.3,22.3,22.3,55.0,55,55,24.0,24,24,0.0,0.0,0.0,0.0,0.0,0.0,0.0,0.0,0.0,21.2,21.2,21.2,44.6,44.6,44.6,73.0,73,73,29.22,29.22,29.22,49102.53,49102.53,49102.53,7.76,7.76,7.76,1,0
DM2201458,2020-07-16,2020-07-16,1,41.2408519999186,-8.4572949997584,35.4,35.4,35.4,24.1,24.1,24.1,51.0,51,51,22.0,22,22,0.0,0.0,0.0,0.0,0.0,0.0,0.0,0.0,0.0,26.7,26.7,26.7,50.8,50.8,50.8,66.0,66,66,29.1,29.1,29.1,49144.54,49144.54,49144.54,8.67,8.67,8.67,1,0
DM2201472,2020-07-16,2020-07-16,1,41.2109170002407,-8.45020199999213,35.5,35.5,35.5,24.2,24.2,24.2,51.0,51,51,22.0,22,22,0.0,0.0,0.0,0.0,0.0,0.0,0.0,0.0,0.0,26.7,26.7,26.7,50.8,50.8,50.8,66.0,66,66,29.1,29.1,29.1,49144.54,49144.54,49144.54,8.7,8.7,8.7,1,0
DM2201520,2020-07-17,2020-07-17,1,41.2480599996779,-8.46167000028822,37.1,37.1,37.1,24.5,24.5,24.5,52.0,52,52,21.0,21,21,0.0,0.0,0.0,0.0,0.0,0.0,0.0,0.0,0.0,28.1,28.1,28.1,52.6,52.6,52.6,79.0,79,79,29.24,29.24,29.24,48951.37,48951.37,48951.37,8.97,8.97,8.97,1,0
DM2201549,2020-07-17,2020-07-17,1,41.0949989997016,-8.51401499960158,38.4,38.4,38.4,24.5,24.5,24.5,65.0,65,65,21.0,21,21,0.0,0.0,0.0,0.0,0.0,0.0,0.0,0.0,0.0,20.9,20.9,20.9,41.0,41.0,41.0,62.0,62,62,29.13,29.13,29.13,48850.8,48850.8,48850.8,8.37,8.37,8.37,1,0
DM2201557,2020-07-17,2020-07-18,2,41.122989999983,-8.41361499998305,35.85,36.5,35.2,22.65,23.7,21.6,71.5,74,69,25.5,28,23,0.0,0.0,0.0,0.0,0.0,0.0,0.0,0.0,0.0,16.65,17.8,15.5,37.6,39.2,36.0,40.5,68,13,29.200000000000003,29.26,29.14,48873.05,48928.88,48817.22,7.755,7.95,7.56,2,0
DM2201629,2020-07-18,2020-07-18,1,41.3107949998644,-8.22628200001187,35.3,35.3,35.3,22.3,22.3,22.3,62.0,62,62,23.0,23,23,0.0,0.0,0.0,0.0,0.0,0.0,0.0,0.0,0.0,20.9,20.9,20.9,42.8,42.8,42.8,86.0,86,86,29.2,29.2,29.2,49016.84,49016.84,49016.84,7.97,7.97,7.97,1,0
DM2201633,2020-07-18,2020-07-18,1,41.1163888888889,-8.40861111111111,35.2,35.2,35.2,21.6,21.6,21.6,74.0,74,74,28.0,28,28,0.0,0.0,0.0,0.0,0.0,0.0,0.0,0.0,0.0,15.5,15.5,15.5,36.0,36.0,36.0,13.0,13,13,29.14,29.14,29.14,48928.88,48928.88,48928.88,7.57,7.57,7.57,1,0
DM2201705,2020-07-19,2020-07-19,1,41.2495369995965,-8.25840600013733,29.8,29.8,29.8,16.4,16.4,16.4,99.0,99,99,44.0,44,44,0.0,0.0,0.0,0.0,0.0,0.0,0.0,0.0,0.0,15.2,15.2,15.2,37.8,37.8,37.8,261.0,261,261,29.22,29.22,29.22,48810.08,48810.08,48810.08,5.74,5.74,5.74,1,0
DM2201759,2020-07-20,2020-07-20,1,41.1632920000288,-8.27382199976179,31.3,31.3,31.3,18.1,18.1,18.1,83.0,83,83,35.0,35,35,0.0,0.0,0.0,0.0,0.0,0.0,0.0,0.0,0.0,9.8,9.8,9.8,27.0,27.0,27.0,277.0,277,277,28.97,28.97,28.97,48795.28,48795.28,48795.28,6.06,6.06,6.06,1,0
DM2201798,2020-07-21,2020-07-21,1,41.1501699999968,-8.48366200000048,35.9,35.9,35.9,19.9,19.9,19.9,89.0,89,89,25.0,25,25,0.0,0.0,0.0,0.0,0.0,0.0,0.0,0.0,0.0,13.5,13.5,13.5,33.5,33.5,33.5,109.0,109,109,23.79,23.79,23.79,43694.47,43694.47,43694.47,5.32,5.32,5.32,1,0
DM2201800,2020-07-21,2020-07-21,1,41.223999999894,-8.4611130004459,35.2,35.2,35.2,18.6,18.6,18.6,90.0,90,90,26.0,26,26,0.2,0.2,0.2,0.2,0.2,0.2,1.0,1.0,1.0,12.6,12.6,12.6,35.6,35.6,35.6,109.0,109,109,24.47,24.47,24.47,43955.66,43955.66,43955.66,5.41,5.41,5.41,1,0
DM2201821,2020-07-21,2020-07-21,1,41.4022779999839,-8.20540200021532,34.0,34.0,34.0,19.7,19.7,19.7,84.0,84,84,28.0,28,28,0.0,0.0,0.0,0.0,0.0,0.0,0.0,0.0,0.0,29.6,29.6,29.6,61.6,61.6,61.6,108.0,108,108,24.68,24.68,24.68,42855.95,42855.95,42855.95,5.69,5.69,5.69,1,0
DM2201882,2020-07-22,2020-07-22,1,41.2613900004493,-8.13325000021193,31.1,31.1,31.1,20.1,20.1,20.1,72.0,72,72,37.0,37,37,0.0,0.0,0.0,0.0,0.0,0.0,0.0,0.0,0.0,13.0,13.0,13.0,36.4,36.4,36.4,262.0,262,262,25.93,25.93,25.93,48195.28,48195.28,48195.28,5.79,5.79,5.79,1,0
DM2201927,2020-07-23,2020-07-23,1,41.171597000228,-8.04841799947951,28.4,28.4,28.4,18.4,18.4,18.4,81.0,81,81,42.0,42,42,0.0,0.0,0.0,0.0,0.0,0.0,0.0,0.0,0.0,14.7,14.7,14.7,42.1,42.1,42.1,276.0,276,276,28.05,28.05,28.05,48417.21,48417.21,48417.21,5.66,5.66,5.66,1,0
DM2201933,2020-07-23,2020-07-23,1,41.1697222222222,-8.39138888888889,29.3,29.3,29.3,17.9,17.9,17.9,94.0,94,94,45.0,45,45,0.0,0.0,0.0,0.0,0.0,0.0,0.0,0.0,0.0,15.8,15.8,15.8,36.7,36.7,36.7,288.0,288,288,28.54,28.54,28.54,48539.78,48539.78,48539.78,5.83,5.83,5.83,1,0
DM2201972,2020-07-24,2020-07-24,1,41.3908249998093,-8.20715499983893,31.0,31.0,31.0,16.7,16.7,16.7,94.0,94,94,31.0,31,31,0.0,0.0,0.0,0.0,0.0,0.0,0.0,0.0,0.0,18.6,18.6,18.6,40.3,40.3,40.3,309.0,309,309,28.52,28.52,28.52,48307.71,48307.71,48307.71,6.24,6.24,6.24,1,0
DM2201973,2020-07-24,2020-07-25,2,41.2152500004239,-8.40376299990548,29.0,29.9,28.1,16.45,17.5,15.4,85.0,86,84,36.5,43,30,0.0,0.0,0.0,0.0,0.0,0.0,0.0,0.0,0.0,20.15,20.4,19.9,43.4,44.3,42.5,321.0,321,321,28.485,28.56,28.41,48267.665,48277.64,48257.69,5.98,6.11,5.85,2,0
DM2201985,2020-07-24,2020-07-25,2,41.2491620000203,-8.2157580004798,30.3,31.0,29.6,16.15,16.5,15.8,90.0,91,89,31.5,36,27,0.0,0.0,0.0,0.0,0.0,0.0,0.0,0.0,0.0,18.3,18.6,18.0,42.1,42.1,42.1,311.5,313,310,28.545,28.59,28.5,48256.31,48266.56,48246.06,6.05,6.13,5.97,2,0
DM2201988,2020-07-24,2020-07-24,1,41.2644444444444,-8.24472222222222,31.7,31.7,31.7,16.5,16.5,16.5,91.0,91,91,28.0,28,28,0.0,0.0,0.0,0.0,0.0,0.0,0.0,0.0,0.0,18.6,18.6,18.6,42.1,42.1,42.1,310.0,310,310,28.5,28.5,28.5,48266.56,48266.56,48266.56,6.21,6.21,6.21,1,0
DM2202019,2020-07-25,2020-07-25,1,41.4272670004103,-8.74111000008053,23.9,23.9,23.9,17.7,17.7,17.7,90.0,90,90,61.0,61,61,0.0,0.0,0.0,0.0,0.0,0.0,0.0,0.0,0.0,28.8,28.8,28.8,57.2,57.2,57.2,325.0,325,325,28.51,28.51,28.51,48420.42,48420.42,48420.42,4.98,4.98,4.98,1,0
DM2202095,2020-07-26,2020-07-26,1,41.3683110000028,-8.17550899982452,30.7,30.7,30.7,15.1,15.1,15.1,97.0,97,97,37.0,37,37,0.0,0.0,0.0,0.0,0.0,0.0,0.0,0.0,0.0,13.7,13.7,13.7,31.0,31.0,31.0,293.0,293,293,28.05,28.05,28.05,48106.85,48106.85,48106.85,5.81,5.81,5.81,1,0
DM2202152,2020-07-27,2020-07-27,1,41.3084930001365,-8.45572800000509,27.9,27.9,27.9,14.9,14.9,14.9,94.0,94,94,48.0,48,48,0.0,0.0,0.0,0.0,0.0,0.0,0.0,0.0,0.0,20.0,20.0,20.0,46.1,46.1,46.1,304.0,304,304,28.22,28.22,28.22,47987.29,47987.29,47987.29,5.39,5.39,5.39,1,0
DM220223,2020-03-28,2020-03-28,1,41.3959929996067,-8.21092299991184,17.3,17.3,17.3,5.1,5.1,5.1,82.0,82,82,40.0,40,40,0.0,0.0,0.0,0.0,0.0,0.0,0.0,0.0,0.0,12.0,12.0,12.0,24.8,24.8,24.8,84.0,84,84,20.87,20.87,20.87,40180.48,40180.48,40180.48,3.38,3.38,3.38,1,0
DM2202259,2020-07-29,2020-07-29,1,41.2163349999322,-8.40676299995846,31.6,31.6,31.6,17.1,17.1,17.1,94.0,94,94,41.0,41,41,0.0,0.0,0.0,0.0,0.0,0.0,0.0,0.0,0.0,13.1,13.1,13.1,31.7,31.7,31.7,342.0,342,342,27.86,27.86,27.86,47833.15,47833.15,47833.15,5.97,5.97,5.97,1,0
DM2202335,2020-07-31,2020-07-31,1,41.1615799999237,-7.92115800009833,27.3,27.3,27.3,15.9,15.9,15.9,99.0,99,99,37.0,37,37,0.0,0.0,0.0,0.0,0.0,0.0,0.0,0.0,0.0,14.1,14.1,14.1,40.0,40.0,40.0,278.0,278,278,28.07,28.07,28.07,47460.27,47460.27,47460.27,5.52,5.52,5.52,1,0
DM2202339,2020-07-31,2020-07-31,1,41.1579280000263,-8.46855300002628,24.9,24.9,24.9,16.6,16.6,16.6,92.0,92,92,44.0,44,44,0.0,0.0,0.0,0.0,0.0,0.0,0.0,0.0,0.0,16.3,16.3,16.3,34.6,34.6,34.6,310.0,310,310,25.98,25.98,25.98,40220.78,40220.78,40220.78,4.82,4.82,4.82,1,0
DM2202352,2020-07-31,2020-08-01,2,41.2153689999051,-8.06277999983893,28.25,28.9,27.6,15.2,15.3,15.1,98.5,100,97,40.5,45,36,0.0,0.0,0.0,0.0,0.0,0.0,0.0,0.0,0.0,12.8,13.3,12.3,34.9,36.0,33.8,264.0,272,256,27.43,27.47,27.39,47251.01,47358.97,47143.05,5.445,5.51,5.38,2,0
DM2202478,2020-08-03,2020-08-03,1,41.31850900001,-8.44604699982537,25.9,25.9,25.9,13.6,13.6,13.6,93.0,93,93,45.0,45,45,0.0,0.0,0.0,0.0,0.0,0.0,0.0,0.0,0.0,20.5,20.5,20.5,43.9,43.9,43.9,298.0,298,298,25.7,25.7,25.7,47066.88,47066.88,47066.88,5.0,5.0,5.0,1,0
DM220261,2020-04-02,2020-04-02,1,41.1681599999799,-8.41485699971517,18.5,18.5,18.5,4.8,4.8,4.8,90.0,90,90,47.0,47,47,0.0,0.0,0.0,0.0,0.0,0.0,0.0,0.0,0.0,15.0,15.0,15.0,30.2,30.2,30.2,39.0,39,39,18.4,18.4,18.4,41791.25,41791.25,41791.25,2.93,2.93,2.93,1,0
DM2202832,2020-08-14,2020-08-14,1,41.313077000512,-8.48904300000932,23.8,23.8,23.8,13.2,13.2,13.2,100.0,100,100,48.0,48,48,0.0,0.0,0.0,0.0,0.0,0.0,0.0,0.0,0.0,17.5,17.5,17.5,39.2,39.2,39.2,296.0,296,296,25.39,25.39,25.39,46164.29,46164.29,46164.29,4.42,4.42,4.42,1,0
DM2203006,2020-08-29,2020-08-30,2,41.2132299995422,-7.89228700002035,17.1,17.5,16.7,4.2,4.5,3.9,90.0,97,83,30.5,33,28,0.0,0.0,0.0,0.0,0.0,0.0,0.0,0.0,0.0,13.7,15.8,11.6,46.8,53.3,40.3,215.5,327,104,21.87,24.32,19.42,44273.86,44350.55,44197.17,3.505,3.76,3.25,2,0
DM2203075,2020-09-01,2020-09-01,1,41.1033900001314,-8.14056799994575,23.9,23.9,23.9,15.2,15.2,15.2,87.0,87,87,34.0,34,34,0.3,0.3,0.3,0.3,0.3,0.3,2.0,2.0,2.0,13.2,13.2,13.2,38.5,38.5,38.5,277.0,277,277,23.28,23.28,23.28,43484.75,43484.75,43484.75,4.27,4.27,4.27,1,0
DM2203117,2020-09-03,2020-09-03,1,41.2430069997576,-8.33943299982283,31.1,31.1,31.1,15.7,15.7,15.7,71.0,71,71,23.0,23,23,0.0,0.0,0.0,0.0,0.0,0.0,0.0,0.0,0.0,12.7,12.7,12.7,28.1,28.1,28.1,34.0,34,34,23.16,23.16,23.16,43576.96,43576.96,43576.96,5.48,5.48,5.48,1,0
DM2203121,2020-09-07,2020-09-07,1,41.2956050003899,-8.42401199976603,27.6,27.6,27.6,16.2,16.2,16.2,70.0,70,70,25.0,25,25,0.0,0.0,0.0,0.0,0.0,0.0,0.0,0.0,0.0,25.6,25.6,25.6,53.3,53.3,53.3,85.0,85,85,22.05,22.05,22.05,41654.15,41654.15,41654.15,6.15,6.15,6.15,1,0
DM2203185,2020-09-05,2020-09-05,1,41.1411830001407,-7.93882700019413,32.8,32.8,32.8,16.2,16.2,16.2,64.0,64,64,24.0,24,24,0.0,0.0,0.0,0.0,0.0,0.0,0.0,0.0,0.0,13.6,13.6,13.6,33.5,33.5,33.5,51.0,51,51,22.68,22.68,22.68,43260.27,43260.27,43260.27,5.4,5.4,5.4,1,0
DM2203248,2020-09-09,2020-09-09,1,41.3156269995372,-8.4511480000284,29.4,29.4,29.4,17.7,17.7,17.7,52.0,52,52,23.0,23,23,0.0,0.0,0.0,0.0,0.0,0.0,0.0,0.0,0.0,13.0,13.0,13.0,30.6,30.6,30.6,80.0,80,80,21.93,21.93,21.93,42081.8,42081.8,42081.8,5.62,5.62,5.62,1,0
DM2203263,2020-09-09,2020-09-09,1,41.3237299998601,-8.48642199993134,30.7,30.7,30.7,19.2,19.2,19.2,48.0,48,48,22.0,22,22,0.0,0.0,0.0,0.0,0.0,0.0,0.0,0.0,0.0,14.2,14.2,14.2,30.6,30.6,30.6,102.0,102,102,21.89,21.89,21.89,41972.23,41972.23,41972.23,6.04,6.04,6.04,1,0
DM2203276,2020-09-08,2020-09-08,1,41.2614899995592,-7.99494999991523,28.8,28.8,28.8,15.3,15.3,15.3,58.0,58,58,18.0,18,18,0.0,0.0,0.0,0.0,0.0,0.0,0.0,0.0,0.0,25.6,25.6,25.6,63.4,63.4,63.4,90.0,90,90,22.12,22.12,22.12,41909.75,41909.75,41909.75,6.2,6.2,6.2,1,0
DM2203277,2020-09-08,2020-09-08,1,41.0938099998898,-8.17205199983385,30.2,30.2,30.2,16.6,16.6,16.6,54.0,54,54,18.0,18,18,0.0,0.0,0.0,0.0,0.0,0.0,0.0,0.0,0.0,18.7,18.7,18.7,43.9,43.9,43.9,84.0,84,84,22.22,22.22,22.22,42111.65,42111.65,42111.65,5.7,5.7,5.7,1,0
DM2203364,2020-09-10,2020-09-10,1,41.2797450002034,-8.4496869998508,31.0,31.0,31.0,16.3,16.3,16.3,60.0,60,60,26.0,26,26,0.0,0.0,0.0,0.0,0.0,0.0,0.0,0.0,0.0,16.6,16.6,16.6,38.5,38.5,38.5,64.0,64,64,21.46,21.46,21.46,41810.72,41810.72,41810.72,5.1,5.1,5.1,1,0
DM2203383,2020-09-11,2020-09-11,1,41.1620049995846,-8.08479500002331,30.0,30.0,30.0,16.9,16.9,16.9,67.0,67,67,28.0,28,28,0.0,0.0,0.0,0.0,0.0,0.0,0.0,0.0,0.0,17.6,17.6,17.6,49.0,49.0,49.0,104.0,104,104,18.06,18.06,18.06,40980.66,40980.66,40980.66,4.44,4.44,4.44,1,0
DM2203446,2020-09-12,2020-09-13,2,41.2969220002492,-8.43946199999915,32.7,32.7,32.7,18.65,20.0,17.3,65.0,68,62,21.5,23,20,0.0,0.0,0.0,0.0,0.0,0.0,0.0,0.0,0.0,19.25,19.5,19.0,40.85,42.1,39.6,97.5,111,84,19.43,20.53,18.33,38203.78,39854.72,36552.84,5.8,5.97,5.63,2,0
DM2203465,2020-09-13,2020-09-13,1,41.2078520001306,-8.41668800000101,32.7,32.7,32.7,20.8,20.8,20.8,66.0,66,66,23.0,23,23,0.0,0.0,0.0,0.0,0.0,0.0,0.0,0.0,0.0,21.3,21.3,21.3,42.5,42.5,42.5,102.0,102,102,16.98,16.98,16.98,36548.73,36548.73,36548.73,6.17,6.17,6.17,1,0
DM2203480,2020-09-13,2020-09-13,1,41.2139519998762,-8.40663699997796,32.3,32.3,32.3,20.4,20.4,20.4,65.0,65,65,23.0,23,23,0.0,0.0,0.0,0.0,0.0,0.0,0.0,0.0,0.0,21.3,21.3,21.3,42.5,42.5,42.5,102.0,102,102,16.98,16.98,16.98,36548.73,36548.73,36548.73,6.12,6.12,6.12,1,0
DM2203483,2020-09-13,2020-09-13,1,41.247882999844,-8.33483699997266,33.1,33.1,33.1,20.4,20.4,20.4,61.0,61,61,22.0,22,22,0.0,0.0,0.0,0.0,0.0,0.0,0.0,0.0,0.0,22.7,22.7,22.7,47.9,47.9,47.9,110.0,110,110,17.97,17.97,17.97,36552.74,36552.74,36552.74,6.13,6.13,6.13,1,0
DM2203534,2020-09-14,2020-09-14,1,41.182281999588,-7.89474200036791,25.6,25.6,25.6,15.5,15.5,15.5,85.0,85,85,43.0,43,43,1.7,1.7,1.7,1.7,1.7,1.7,11.0,11.0,11.0,15.9,15.9,15.9,60.8,60.8,60.8,221.0,221,221,17.72,17.72,17.72,39689.66,39689.66,39689.66,3.63,3.63,3.63,0,0
DM220619,2020-06-07,2020-06-07,1,41.1555920002196,-7.9218569999271,19.0,19.0,19.0,11.8,11.8,11.8,99.0,99,99,54.0,54,54,1.2,1.2,1.2,1.2,1.2,1.2,7.0,7.0,7.0,17.3,17.3,17.3,49.0,49.0,49.0,262.0,262,262,24.06,24.06,24.06,45224.92,45224.92,45224.92,3.85,3.85,3.85,0,0
DM220774,2020-06-22,2020-06-22,1,41.3921229998271,-8.20108699997266,32.0,32.0,32.0,15.3,15.3,15.3,98.0,98,98,38.0,38,38,0.0,0.0,0.0,0.0,0.0,0.0,0.0,0.0,0.0,16.6,16.6,16.6,36.7,36.7,36.7,61.0,61,61,29.87,29.87,29.87,50687.65,50687.65,50687.65,6.26,6.26,6.26,1,0
DM220775,2020-06-22,2020-06-22,1,41.3070250002543,-8.5643150001102,32.0,32.0,32.0,15.3,15.3,15.3,97.0,97,97,41.0,41,41,0.0,0.0,0.0,0.0,0.0,0.0,0.0,0.0,0.0,16.6,16.6,16.6,32.8,32.8,32.8,35.0,35,35,29.69,29.69,29.69,50461.54,50461.54,50461.54,6.24,6.24,6.24,1,0
DM3201001,2020-11-20,2020-11-20,1,42.0527777777778,-8.2275,14.3,14.3,14.3,5.8,5.8,5.8,100.0,100,100,62.0,62,62,0.0,0.0,0.0,0.0,0.0,0.0,0.0,0.0,0.0,11.6,11.6,11.6,38.9,38.9,38.9,100.0,100,100,9.75,9.75,9.75,30976.27,30976.27,30976.27,1.33,1.33,1.33,1,0
DM3201008,2020-12-02,2020-12-02,1,41.9041666666667,-8.47416666666667,11.6,11.6,11.6,4.3,4.3,4.3,88.0,88,88,63.0,63,63,0.0,0.0,0.0,0.0,0.0,0.0,0.0,0.0,0.0,17.1,17.1,17.1,45.0,45.0,45.0,18.0,18,18,8.28,8.28,8.28,27303.4,27303.4,27303.4,1.19,1.19,1.19,1,0
DM3201009,2020-12-02,2020-12-02,1,41.9999429999457,-8.5831800005171,11.0,11.0,11.0,3.3,3.3,3.3,89.0,89,89,62.0,62,62,0.0,0.0,0.0,0.0,0.0,0.0,0.0,0.0,0.0,18.5,18.5,18.5,51.5,51.5,51.5,25.0,25,25,8.04,8.04,8.04,28152.49,28152.49,28152.49,1.15,1.15,1.15,1,0
DM3201011,2020-12-02,2020-12-02,1,41.7905555555556,-8.715,12.3,12.3,12.3,3.8,3.8,3.8,88.0,88,88,61.0,61,61,0.0,0.0,0.0,0.0,0.0,0.0,0.0,0.0,0.0,16.9,16.9,16.9,43.2,43.2,43.2,22.0,22,22,8.32,8.32,8.32,28045.01,28045.01,28045.01,1.25,1.25,1.25,1,0
DM320276,2020-07-14,2020-07-15,2,41.7247222222222,-8.52611111111111,30.4,32.0,28.8,17.049999999999997,18.4,15.7,68.0,68,68,29.0,30,28,0.0,0.0,0.0,0.0,0.0,0.0,0.0,0.0,0.0,19.299999999999997,22.4,16.2,50.4,56.5,44.3,3.5,4,3,28.875,29.18,28.57,49227.895,49342.84,49112.95,6.885,7.05,6.72,2,0
DM320288,2020-07-16,2020-07-18,3,41.6663888888889,-8.63138888888889,35.06666666666667,35.8,34.7,21.266666666666666,22.5,20.6,59.333333333333336,62,55,24.666666666666668,26,23,0.0,0.0,0.0,0.0,0.0,0.0,0.0,0.0,0.0,12.700000000000001,14.2,10.1,27.733333333333334,30.6,22.7,81.66666666666667,141,36,29.173333333333332,29.31,28.95,49108.25666666666,49230.27,48952.07,7.246666666666667,7.42,6.95,3,0
DM320304,2020-07-17,2020-07-17,1,41.6861111111111,-8.55277777777778,35.2,35.2,35.2,21.9,21.9,21.9,55.0,55,55,23.0,23,23,0.0,0.0,0.0,0.0,0.0,0.0,0.0,0.0,0.0,14.2,14.2,14.2,30.6,30.6,30.6,68.0,68,68,29.31,29.31,29.31,48952.07,48952.07,48952.07,7.34,7.34,7.34,1,0
DM320332,2020-07-22,2020-07-22,1,41.7730555555556,-8.35944444444444,30.1,30.1,30.1,19.0,19.0,19.0,74.0,74,74,42.0,42,42,0.3,0.3,0.3,0.3,0.3,0.3,1.0,1.0,1.0,10.5,10.5,10.5,31.3,31.3,31.3,265.0,265,265,25.32,25.32,25.32,48747.45,48747.45,48747.45,5.43,5.43,5.43,1,0
DM320352,2020-07-24,2020-07-24,1,41.8191666666667,-8.51472222222222,28.9,28.9,28.9,15.3,15.3,15.3,84.0,84,84,33.0,33,33,0.0,0.0,0.0,0.0,0.0,0.0,0.0,0.0,0.0,15.1,15.1,15.1,42.5,42.5,42.5,352.0,352,352,28.8,28.8,28.8,48676.39,48676.39,48676.39,6.21,6.21,6.21,1,0
DM320353,2020-07-24,2020-07-24,1,41.7425,-8.54,28.8,28.8,28.8,16.2,16.2,16.2,87.0,87,87,33.0,33,33,0.0,0.0,0.0,0.0,0.0,0.0,0.0,0.0,0.0,18.9,18.9,18.9,43.9,43.9,43.9,346.0,346,346,28.4,28.4,28.4,48669.5,48669.5,48669.5,6.3,6.3,6.3,1,0
DM320355,2020-07-24,2020-07-24,1,41.7572222222222,-8.44388888888889,29.3,29.3,29.3,16.7,16.7,16.7,85.0,85,85,34.0,34,34,0.0,0.0,0.0,0.0,0.0,0.0,0.0,0.0,0.0,20.1,20.1,20.1,51.1,51.1,51.1,341.0,341,341,28.55,28.55,28.55,48637.67,48637.67,48637.67,6.55,6.55,6.55,1,0
DM320357,2020-07-24,2020-07-24,1,41.8222222222222,-8.51861111111111,28.7,28.7,28.7,15.1,15.1,15.1,84.0,84,84,32.0,32,32,0.0,0.0,0.0,0.0,0.0,0.0,0.0,0.0,0.0,15.1,15.1,15.1,42.5,42.5,42.5,352.0,352,352,28.8,28.8,28.8,48676.39,48676.39,48676.39,6.18,6.18,6.18,1,0
DM320363,2020-07-25,2020-07-25,1,41.9280555555556,-8.45944444444445,26.7,26.7,26.7,15.5,15.5,15.5,96.0,96,96,48.0,48,48,0.0,0.0,0.0,0.0,0.0,0.0,0.0,0.0,0.0,17.3,17.3,17.3,45.7,45.7,45.7,347.0,347,347,28.87,28.87,28.87,48607.14,48607.14,48607.14,5.36,5.36,5.36,1,0
DM320372,2020-07-25,2020-07-26,2,41.7088888888889,-8.5975,27.2,28.0,26.4,14.95,15.1,14.8,92.5,97,88,43.0,43,43,0.0,0.0,0.0,0.0,0.0,0.0,0.0,0.0,0.0,16.4,18.7,14.1,39.400000000000006,44.6,34.2,336.0,337,335,28.255000000000003,28.57,27.94,48539.655,48557.69,48521.62,5.5600000000000005,5.59,5.53,2,0
DM320407,2020-07-27,2020-07-27,1,41.6836111111111,-8.5525,27.8,27.8,27.8,14.4,14.4,14.4,91.0,91,91,46.0,46,46,0.0,0.0,0.0,0.0,0.0,0.0,0.0,0.0,0.0,19.9,19.9,19.9,42.8,42.8,42.8,327.0,327,327,28.21,28.21,28.21,48259.08,48259.08,48259.08,5.51,5.51,5.51,1,0
DM320466,2020-08-02,2020-08-03,2,41.7591069995032,-8.40739699999491,26.450000000000003,27.3,25.6,13.45,13.6,13.3,89.0,90,88,40.0,47,33,0.0,0.0,0.0,0.0,0.0,0.0,0.0,0.0,0.0,17.45,17.5,17.4,49.0,49.0,49.0,344.0,353,335,26.88,26.99,26.77,47031.369999999995,47262.74,46800.0,5.3100000000000005,5.54,5.08,2,0
DM320502,2020-08-06,2020-08-06,1,41.7636111111111,-8.39333333333333,32.0,32.0,32.0,18.9,18.9,18.9,80.0,80,80,31.0,31,31,0.0,0.0,0.0,0.0,0.0,0.0,0.0,0.0,0.0,10.2,10.2,10.2,32.0,32.0,32.0,214.0,214,214,25.95,25.95,25.95,47000.69,47000.69,47000.69,5.78,5.78,5.78,1,0
DM32051,2020-03-14,2020-03-14,1,42.0463169998593,-8.15429800007078,14.4,14.4,14.4,1.3,1.3,1.3,100.0,100,100,54.0,54,54,0.0,0.0,0.0,0.0,0.0,0.0,0.0,0.0,0.0,7.2,7.2,7.2,34.6,34.6,34.6,72.0,72,72,19.45,19.45,19.45,39069.92,39069.92,39069.92,2.65,2.65,2.65,1,0
DM320535,2020-08-08,2020-08-11,4,41.8673820000225,-8.16620800018311,27.275,29.5,26.0,18.15,21.2,16.0,92.0,100,82,51.5,59,47,0.0,0.0,0.0,0.0,0.0,0.0,0.0,0.0,0.0,9.5,11.1,8.7,28.425,30.2,26.6,265.5,315,240,23.5125,25.91,20.73,43962.2575,46700.43,41040.36,4.6,5.24,4.07,4,0
DM32055,2020-03-17,2020-03-17,1,41.7906829998228,-8.35124800006549,18.8,18.8,18.8,4.9,4.9,4.9,78.0,78,78,47.0,47,47,0.0,0.0,0.0,0.0,0.0,0.0,0.0,0.0,0.0,15.8,15.8,15.8,59.4,59.4,59.4,66.0,66,66,15.82,15.82,15.82,35539.6,35539.6,35539.6,2.78,2.78,2.78,1,0
DM320565,2020-08-14,2020-08-15,2,41.9794444444444,-8.57166666666667,20.75,22.0,19.5,12.2,13.2,11.2,99.0,100,98,58.0,65,51,1.95,3.9,0.0,1.95,3.9,0.0,5.0,10.0,0.0,14.55,15.1,14.0,42.3,44.6,40.0,276.5,320,233,21.095,23.64,18.55,46229.725,46259.18,46200.27,3.505,3.97,3.04,1,0
DM320574,2020-08-15,2020-08-15,1,42.0113888888889,-8.59277777777778,21.0,21.0,21.0,12.1,12.1,12.1,99.0,99,99,59.0,59,59,0.9,0.9,0.9,0.9,0.9,0.9,7.0,7.0,7.0,15.2,15.2,15.2,43.6,43.6,43.6,220.0,220,220,18.68,18.68,18.68,45171.38,45171.38,45171.38,3.2,3.2,3.2,1,0
DM320576,2020-08-15,2020-08-15,1,41.7605555555556,-8.46861111111111,20.1,20.1,20.1,11.3,11.3,11.3,99.0,99,99,61.0,61,61,2.5,2.5,2.5,2.5,2.5,2.5,15.0,15.0,15.0,15.3,15.3,15.3,44.3,44.3,44.3,250.0,250,250,18.89,18.89,18.89,45331.51,45331.51,45331.51,3.19,3.19,3.19,0,0
DM32059,2020-03-23,2020-03-23,1,42.0361111111111,-8.16916666666667,13.2,13.2,13.2,4.0,4.0,4.0,100.0,100,100,50.0,50,50,0.0,0.0,0.0,0.0,0.0,0.0,0.0,0.0,0.0,11.8,11.8,11.8,31.3,31.3,31.3,64.0,64,64,18.68,18.68,18.68,40358.73,40358.73,40358.73,2.57,2.57,2.57,1,0
DM320597,2020-08-26,2020-08-26,1,41.8575,-8.34583333333333,27.1,27.1,27.1,16.0,16.0,16.0,97.0,97,97,61.0,61,61,0.0,0.0,0.0,0.0,0.0,0.0,0.0,0.0,0.0,13.5,13.5,13.5,37.4,37.4,37.4,351.0,351,351,23.85,23.85,23.85,44875.68,44875.68,44875.68,4.45,4.45,4.45,1,0
DM320609,2020-08-29,2020-08-29,1,41.7802777777778,-8.43527777777778,20.1,20.1,20.1,11.9,11.9,11.9,92.0,92,92,49.0,49,49,0.1,0.1,0.1,0.1,0.1,0.1,1.0,1.0,1.0,19.7,19.7,19.7,50.8,50.8,50.8,350.0,350,350,19.98,19.98,19.98,44404.04,44404.04,44404.04,3.53,3.53,3.53,1,0
DM320642,2020-09-01,2020-09-02,2,41.7677777777778,-8.39694444444445,25.299999999999997,26.7,23.9,13.45,13.5,13.4,80.5,87,74,41.0,45,37,0.0,0.0,0.0,0.0,0.0,0.0,0.0,0.0,0.0,11.2,11.4,11.0,36.15,38.5,33.8,197.5,356,39,23.435,23.58,23.29,43463.604999999996,43773.82,43153.39,4.43,4.52,4.34,2,0
DM320652,2020-09-02,2020-09-02,1,41.8663888888889,-8.35416666666667,26.5,26.5,26.5,12.3,12.3,12.3,90.0,90,90,40.0,40,40,0.0,0.0,0.0,0.0,0.0,0.0,0.0,0.0,0.0,9.7,9.7,9.7,26.6,26.6,26.6,24.0,24,24,23.46,23.46,23.46,43778.98,43778.98,43778.98,4.41,4.41,4.41,1,0
DM320657,2020-09-02,2020-09-03,2,41.9430555555556,-8.44916666666667,28.700000000000003,30.3,27.1,14.049999999999999,16.9,11.2,84.5,95,74,35.0,40,30,0.0,0.0,0.0,0.0,0.0,0.0,0.0,0.0,0.0,9.2,9.8,8.6,26.85,29.9,23.8,68.0,131,5,23.2,23.27,23.13,43704.244999999995,43784.14,43624.35,4.6,4.76,4.44,2,0
DM320663,2020-09-03,2020-09-03,1,41.9464170000288,-8.44555200046963,29.5,29.5,29.5,16.2,16.2,16.2,74.0,74,74,29.0,29,29,0.0,0.0,0.0,0.0,0.0,0.0,0.0,0.0,0.0,8.6,8.6,8.6,23.8,23.8,23.8,131.0,131,131,23.13,23.13,23.13,43624.35,43624.35,43624.35,4.7,4.7,4.7,1,0
DM320673,2020-09-07,2020-09-07,1,41.7908050001992,-8.39124799993303,28.2,28.2,28.2,14.8,14.8,14.8,75.0,75,75,25.0,25,25,0.0,0.0,0.0,0.0,0.0,0.0,0.0,0.0,0.0,13.2,13.2,13.2,39.6,39.6,39.6,70.0,70,70,22.07,22.07,22.07,41688.84,41688.84,41688.84,4.69,4.69,4.69,1,0
DM320678,2020-09-06,2020-09-07,2,41.8497829998864,-8.37892800013224,28.6,29.5,27.7,13.2,13.8,12.6,87.0,89,85,36.5,38,35,0.0,0.0,0.0,0.0,0.0,0.0,0.0,0.0,0.0,10.75,12.8,8.7,33.65,37.4,29.9,30.5,53,8,22.240000000000002,22.48,22.0,42425.205,43123.62,41726.79,4.390000000000001,4.66,4.12,2,0
DM320679,2020-09-06,2020-09-07,2,41.9861111111111,-8.57888888888889,28.75,29.3,28.2,14.55,15.1,14.0,79.0,83,75,34.0,37,31,0.0,0.0,0.0,0.0,0.0,0.0,0.0,0.0,0.0,11.05,12.3,9.8,32.4,33.8,31.0,70.5,81,60,22.265,22.59,21.94,42542.08,43146.63,41937.53,4.6850000000000005,4.92,4.45,2,0
DM32068,2020-03-30,2020-03-30,1,42.0469444444444,-8.1725,5.8,5.8,5.8,-0.5,-0.5,-0.5,100.0,100,100,46.0,46,46,0.3,0.3,0.3,0.3,0.3,0.3,2.0,2.0,2.0,20.7,20.7,20.7,63.4,63.4,63.4,68.0,68,68,11.73,11.73,11.73,32825.91,32825.91,32825.91,1.62,1.62,1.62,1,0
DM320724,2020-09-09,2020-09-10,2,41.8277100001441,-8.75868699974484,29.15,29.5,28.8,15.3,15.6,15.0,72.0,76,68,27.5,30,25,0.0,0.0,0.0,0.0,0.0,0.0,0.0,0.0,0.0,9.0,9.2,8.8,25.200000000000003,25.6,24.8,33.0,40,26,21.494999999999997,21.79,21.2,41634.42,42103.41,41165.43,4.609999999999999,4.75,4.47,2,0
DM320736,2020-09-08,2020-09-09,2,41.7704339999623,-8.37633300039503,26.15,26.2,26.1,12.95,13.5,12.4,62.0,67,57,25.0,27,23,0.0,0.0,0.0,0.0,0.0,0.0,0.0,0.0,0.0,10.9,12.3,9.5,30.4,35.6,25.2,61.0,62,60,22.17,22.17,22.17,42502.104999999996,42613.46,42390.75,4.555,4.56,4.55,2,0
DM320739,2020-09-08,2020-09-08,1,41.8325,-8.43472222222222,28.1,28.1,28.1,14.2,14.2,14.2,70.0,70,70,27.0,27,27,0.0,0.0,0.0,0.0,0.0,0.0,0.0,0.0,0.0,10.6,10.6,10.6,21.2,21.2,21.2,83.0,83,83,21.86,21.86,21.86,42159.09,42159.09,42159.09,4.52,4.52,4.52,1,0
DM320740,2020-09-08,2020-09-08,1,41.9911111111111,-8.575,25.9,25.9,25.9,11.7,11.7,11.7,65.0,65,65,31.0,31,31,0.0,0.0,0.0,0.0,0.0,0.0,0.0,0.0,0.0,9.9,9.9,9.9,25.6,25.6,25.6,97.0,97,97,22.06,22.06,22.06,42393.69,42393.69,42393.69,4.32,4.32,4.32,1,0
DM320741,2020-09-08,2020-09-08,1,41.8303100003137,-8.43793000009325,27.9,27.9,27.9,14.1,14.1,14.1,70.0,70,70,27.0,27,27,0.0,0.0,0.0,0.0,0.0,0.0,0.0,0.0,0.0,10.6,10.6,10.6,21.2,21.2,21.2,83.0,83,83,21.86,21.86,21.86,42159.09,42159.09,42159.09,4.5,4.5,4.5,1,0
DM320755,2020-09-08,2020-09-09,2,41.9725,-8.46388888888889,27.6,28.2,27.0,13.65,14.4,12.9,63.0,65,61,30.5,32,29,0.0,0.0,0.0,0.0,0.0,0.0,0.0,0.0,0.0,10.05,10.2,9.9,27.75,29.9,25.6,56.0,97,15,22.025,22.06,21.99,42360.975000000006,42393.69,42328.26,4.49,4.56,4.42,2,0
DM320765,2020-09-08,2020-09-09,2,41.6711111111111,-8.79611111111111,28.85,29.1,28.6,17.5,18.1,16.9,72.0,74,70,25.5,27,24,0.0,0.0,0.0,0.0,0.0,0.0,0.0,0.0,0.0,16.15,19.7,12.6,34.4,39.6,29.2,77.5,80,75,21.875,21.95,21.8,42071.979999999996,42151.64,41992.32,5.529999999999999,6.02,5.04,2,0
DM320800,2020-09-12,2020-09-12,1,42.0711111111111,-8.30305555555556,31.9,31.9,31.9,17.8,17.8,17.8,79.0,79,79,23.0,23,23,0.0,0.0,0.0,0.0,0.0,0.0,0.0,0.0,0.0,9.0,9.0,9.0,25.2,25.2,25.2,100.0,100,100,21.07,21.07,21.07,40476.73,40476.73,40476.73,4.73,4.73,4.73,1,0
DM320801,2020-09-12,2020-09-12,1,41.9858333333333,-8.57888888888889,32.8,32.8,32.8,17.4,17.4,17.4,81.0,81,81,24.0,24,24,0.0,0.0,0.0,0.0,0.0,0.0,0.0,0.0,0.0,10.2,10.2,10.2,25.2,25.2,25.2,75.0,75,75,20.89,20.89,20.89,40263.9,40263.9,40263.9,4.57,4.57,4.57,1,0
DM320823,2020-09-12,2020-09-13,2,42.1127777777778,-8.2075,30.75,31.2,30.3,15.350000000000001,15.9,14.8,85.0,91,79,24.5,26,23,0.0,0.0,0.0,0.0,0.0,0.0,0.0,0.0,0.0,10.55,11.4,9.7,29.5,31.3,27.7,121.0,155,87,20.19,21.03,19.35,40461.555,40658.8,40264.31,4.73,4.93,4.53,2,0
DM320824,2020-09-12,2020-09-13,2,41.7717949999703,-8.54246200031704,33.75,34.4,33.1,18.55,19.6,17.5,77.5,86,69,25.5,28,23,0.0,0.0,0.0,0.0,0.0,0.0,0.0,0.0,0.0,12.8,14.1,11.5,35.3,39.6,31.0,92.5,124,61,19.475,20.44,18.51,37508.315,39756.58,35260.05,4.875,4.99,4.76,2,0
DM320827,2020-09-12,2020-09-13,2,41.9477777777778,-8.45805555555556,32.35,32.6,32.1,17.1,18.3,15.9,74.5,85,64,26.0,28,24,0.0,0.0,0.0,0.0,0.0,0.0,0.0,0.0,0.0,12.4,15.5,9.3,31.9,40.0,23.8,110.0,161,59,19.61,20.61,18.61,39447.05,39956.34,38937.76,4.6899999999999995,4.84,4.54,2,0
DM320838,2020-09-13,2020-09-13,1,41.6875,-8.66333333333333,31.1,31.1,31.1,20.2,20.2,20.2,71.0,71,71,31.0,31,31,0.1,0.1,0.1,0.1,0.1,0.1,1.0,1.0,1.0,13.0,13.0,13.0,32.4,32.4,32.4,133.0,133,133,18.3,18.3,18.3,35845.88,35845.88,35845.88,4.99,4.99,4.99,1,0
DM320846,2020-09-13,2020-09-15,3,41.9888888888889,-8.53472222222222,26.133333333333336,32.2,22.7,16.533333333333335,18.5,15.1,78.33333333333333,86,63,46.666666666666664,58,27,0.16666666666666666,0.4,0.0,0.16666666666666666,0.4,0.0,1.6666666666666667,4.0,0.0,14.866666666666667,16.3,12.3,44.06666666666666,52.2,36.4,175.33333333333334,190,158,16.926666666666666,18.97,15.61,39460.323333333334,40119.62,38551.45,3.65,4.86,2.98,3,0
DM320876,2020-09-15,2020-09-15,1,41.9922222222222,-8.67361111111111,23.6,23.6,23.6,18.4,18.4,18.4,90.0,90,90,65.0,65,65,0.0,0.0,0.0,0.0,0.0,0.0,0.0,0.0,0.0,20.3,20.3,20.3,50.8,50.8,50.8,182.0,182,182,16.72,16.72,16.72,40023.34,40023.34,40023.34,3.04,3.04,3.04,1,0
DM320879,2020-09-15,2020-09-16,2,41.8177777777778,-8.345,26.35,28.2,24.5,16.15,16.3,16.0,90.5,93,88,51.5,59,44,0.25,0.5,0.0,0.25,0.5,0.0,2.5,5.0,0.0,14.25,16.1,12.4,36.4,41.8,31.0,164.5,173,156,15.739999999999998,16.4,15.08,39812.475,39924.99,39699.96,3.1,3.25,2.95,2,0
DM320881,2020-09-15,2020-09-16,2,41.9177777777778,-8.48583333333333,22.9,24.8,21.0,12.45,13.6,11.3,91.0,93,89,53.5,63,44,0.6,1.0,0.2,0.6,1.0,0.2,2.0,2.0,2.0,13.600000000000001,15.8,11.4,40.35,47.2,33.5,154.5,172,137,15.834999999999999,16.33,15.34,40038.634999999995,40198.64,39878.63,2.925,3.13,2.72,1,0
DM320887,2020-09-16,2020-09-16,1,41.8188888888889,-8.34388888888889,28.1,28.1,28.1,15.9,15.9,15.9,88.0,88,88,44.0,44,44,0.0,0.0,0.0,0.0,0.0,0.0,0.0,0.0,0.0,12.4,12.4,12.4,31.0,31.0,31.0,156.0,156,156,16.4,16.4,16.4,39699.96,39699.96,39699.96,3.24,3.24,3.24,1,0
DM320925,2020-10-11,2020-10-12,2,41.9513888888889,-8.42666666666667,17.950000000000003,18.6,17.3,6.7,7.9,5.5,93.0,98,88,54.5,60,49,0.0,0.0,0.0,0.0,0.0,0.0,0.0,0.0,0.0,18.45,18.5,18.4,46.25,46.4,46.1,9.5,19,0,15.14,16.34,13.94,33256.22,37264.96,29247.48,2.415,2.71,2.12,2,0
DM320927,2020-10-11,2020-10-11,1,41.945,-8.54555555555556,16.8,16.8,16.8,7.0,7.0,7.0,92.0,92,92,51.0,51,51,0.0,0.0,0.0,0.0,0.0,0.0,0.0,0.0,0.0,14.7,14.7,14.7,49.7,49.7,49.7,39.0,39,39,16.46,16.46,16.46,37264.95,37264.95,37264.95,2.55,2.55,2.55,1,0
DM320935,2020-10-12,2020-10-12,1,41.9494444444444,-8.43333333333333,18.6,18.6,18.6,5.4,5.4,5.4,98.0,98,98,60.0,60,60,0.0,0.0,0.0,0.0,0.0,0.0,0.0,0.0,0.0,18.4,18.4,18.4,46.1,46.1,46.1,0.0,0,0,13.94,13.94,13.94,29247.48,29247.48,29247.48,2.11,2.11,2.11,1,0
DM320938,2020-10-12,2020-10-13,2,41.7797222222222,-8.31222222222222,17.950000000000003,18.8,17.1,7.6,8.6,6.6,95.5,96,95,56.5,61,52,0.05,0.1,0.0,0.05,0.1,0.0,0.5,1.0,0.0,11.9,12.9,10.9,42.3,50.4,34.2,196.5,354,39,13.995000000000001,15.61,12.38,33799.0,36513.61,31084.39,2.255,2.52,1.99,2,0
DM320978,2020-10-18,2020-10-18,1,41.9469444444444,-8.40472222222222,20.1,20.1,20.1,11.8,11.8,11.8,86.0,86,86,46.0,46,46,0.0,0.0,0.0,0.0,0.0,0.0,0.0,0.0,0.0,15.0,15.0,15.0,39.6,39.6,39.6,153.0,153,153,13.81,13.81,13.81,33105.51,33105.51,33105.51,2.59,2.59,2.59,1,0
DM320986,2020-10-19,2020-10-19,1,41.9605555555556,-8.56388888888889,16.1,16.1,16.1,12.9,12.9,12.9,100.0,100,100,36.0,36,36,28.3,28.3,28.3,28.3,28.3,28.3,12.0,12.0,12.0,21.3,21.3,21.3,107.3,107.3,107.3,164.0,164,164,4.91,4.91,4.91,10777.08,10777.08,10777.08,1.89,1.89,1.89,0,0
DM320999,2020-11-18,2020-11-18,1,42.0305555555556,-8.23472222222222,15.5,15.5,15.5,11.0,11.0,11.0,100.0,100,100,72.0,72,72,0.8,0.8,0.8,0.8,0.8,0.8,7.0,7.0,7.0,17.4,17.4,17.4,52.6,52.6,52.6,191.0,191,191,9.15,9.15,9.15,29961.68,29961.68,29961.68,1.26,1.26,1.26,1,0
DM4201055,2020-08-28,2020-08-29,2,41.52,-7.91472222222222,22.5,22.8,22.2,13.0,14.3,11.7,97.0,100,94,41.5,44,39,0.0,0.0,0.0,0.0,0.0,0.0,0.0,0.0,0.0,17.45,18.2,16.7,42.650000000000006,43.2,42.1,325.5,355,296,21.0,23.15,18.85,43272.935,43514.75,43031.12,3.975,4.25,3.7,2,0
DM420110,2020-03-29,2020-03-30,2,41.7278889995151,-8.3293379995558,14.7,18.2,11.2,6.300000000000001,7.4,5.2,84.0,86,82,40.5,43,38,0.05,0.1,0.0,0.05,0.1,0.0,0.5,1.0,0.0,13.850000000000001,18.3,9.4,35.5,47.2,23.8,45.5,72,19,12.42,16.14,8.7,26732.079999999998,36486.99,16977.17,2.31,2.74,1.88,2,0
DM4201140,2020-09-05,2020-09-06,2,41.7099349996779,-8.37748799959819,30.4,30.6,30.2,15.0,15.9,14.1,79.5,84,75,35.5,39,32,0.0,0.0,0.0,0.0,0.0,0.0,0.0,0.0,0.0,13.65,14.0,13.3,35.45,36.0,34.9,16.5,22,11,22.47,22.54,22.4,43212.075,43291.8,43132.35,4.95,5.08,4.82,2,0
DM4201144,2020-09-05,2020-09-06,2,41.5127777777778,-8.05666666666667,29.9,30.2,29.6,15.15,16.0,14.3,69.0,70,68,28.5,30,27,0.0,0.0,0.0,0.0,0.0,0.0,0.0,0.0,0.0,14.8,16.5,13.1,40.5,45.4,35.6,43.5,53,34,22.705,22.71,22.7,43200.815,43279.95,43121.68,5.1,5.15,5.05,2,0
DM4201153,2020-09-05,2020-09-05,1,41.5641666666667,-7.82833333333333,30.6,30.6,30.6,16.0,16.0,16.0,73.0,73,73,28.0,28,28,0.0,0.0,0.0,0.0,0.0,0.0,0.0,0.0,0.0,12.4,12.4,12.4,33.8,33.8,33.8,29.0,29,29,22.78,22.78,22.78,43283.89,43283.89,43283.89,5.02,5.02,5.02,1,0
DM4201159,2020-09-04,2020-09-04,1,41.5513180000252,-8.30194300002522,28.9,28.9,28.9,16.3,16.3,16.3,81.0,81,81,34.0,34,34,0.0,0.0,0.0,0.0,0.0,0.0,0.0,0.0,0.0,12.0,12.0,12.0,30.6,30.6,30.6,248.0,248,248,22.92,22.92,22.92,43442.37,43442.37,43442.37,4.59,4.59,4.59,1,0
DM4201183,2020-09-07,2020-09-07,1,41.4188888888889,-8.01083333333333,28.2,28.2,28.2,16.4,16.4,16.4,61.0,61,61,24.0,24,24,0.0,0.0,0.0,0.0,0.0,0.0,0.0,0.0,0.0,20.3,20.3,20.3,52.9,52.9,52.9,76.0,76,76,22.23,22.23,22.23,41597.87,41597.87,41597.87,5.73,5.73,5.73,1,0
DM4201189,2020-09-07,2020-09-08,2,41.4208333333333,-8.06055555555556,25.200000000000003,25.3,25.1,12.35,13.0,11.7,60.0,60,60,21.5,24,19,0.0,0.0,0.0,0.0,0.0,0.0,0.0,0.0,0.0,17.85,18.0,17.7,46.25,46.4,46.1,86.5,87,86,22.275,22.35,22.2,42113.195,42299.09,41927.3,5.035,5.06,5.01,2,0
DM4201196,2020-09-09,2020-09-09,1,41.7438650004069,-8.41730700002776,29.5,29.5,29.5,13.8,13.8,13.8,71.0,71,71,24.0,24,24,0.0,0.0,0.0,0.0,0.0,0.0,0.0,0.0,0.0,9.8,9.8,9.8,27.0,27.0,27.0,6.0,6,6,21.86,21.86,21.86,42095.65,42095.65,42095.65,4.61,4.61,4.61,1,0
DM4201197,2020-09-09,2020-09-09,1,41.5477777777778,-8.05472222222222,26.6,26.6,26.6,14.9,14.9,14.9,64.0,64,64,25.0,25,25,0.0,0.0,0.0,0.0,0.0,0.0,0.0,0.0,0.0,12.6,12.6,12.6,30.6,30.6,30.6,47.0,47,47,22.23,22.23,22.23,42409.01,42409.01,42409.01,5.03,5.03,5.03,1,0
DM4201203,2020-09-09,2020-09-09,1,41.7201579999924,-8.42463500022888,29.0,29.0,29.0,14.8,14.8,14.8,65.0,65,65,25.0,25,25,0.0,0.0,0.0,0.0,0.0,0.0,0.0,0.0,0.0,10.3,10.3,10.3,25.9,25.9,25.9,57.0,57,57,21.97,21.97,21.97,42207.63,42207.63,42207.63,4.84,4.84,4.84,1,0
DM4201204,2020-09-08,2020-09-08,1,41.4519444444444,-8.07444444444444,25.6,25.6,25.6,12.1,12.1,12.1,60.0,60,60,19.0,19,19,0.0,0.0,0.0,0.0,0.0,0.0,0.0,0.0,0.0,17.7,17.7,17.7,46.4,46.4,46.4,87.0,87,87,22.2,22.2,22.2,42299.09,42299.09,42299.09,5.04,5.04,5.04,1,0
DM4201206,2020-09-08,2020-09-08,1,41.746982000139,-8.35270499997669,25.8,25.8,25.8,13.1,13.1,13.1,52.0,52,52,23.0,23,23,0.0,0.0,0.0,0.0,0.0,0.0,0.0,0.0,0.0,14.6,14.6,14.6,43.9,43.9,43.9,82.0,82,82,22.06,22.06,22.06,42598.53,42598.53,42598.53,4.76,4.76,4.76,1,0
DM4201208,2020-09-08,2020-09-08,1,41.7465899997287,-8.23586999999152,26.7,26.7,26.7,14.0,14.0,14.0,52.0,52,52,23.0,23,23,0.0,0.0,0.0,0.0,0.0,0.0,0.0,0.0,0.0,14.6,14.6,14.6,43.9,43.9,43.9,82.0,82,82,22.06,22.06,22.06,42598.53,42598.53,42598.53,4.85,4.85,4.85,1,0
DM420121,2020-03-30,2020-03-31,2,41.4713888888889,-8.07083333333333,7.699999999999999,8.7,6.7,2.65,4.3,1.0,88.5,94,83,38.0,39,37,3.3,6.6,0.0,2.7,5.4,0.0,8.0,16.0,0.0,21.6,22.4,20.8,56.3,57.2,55.4,81.0,85,77,10.335,12.51,8.16,15049.23,22958.01,7140.45,1.855,2.25,1.46,1,0
DM4201215,2020-09-08,2020-09-08,1,41.5405555555556,-8.08055555555556,26.3,26.3,26.3,12.5,12.5,12.5,58.0,58,58,18.0,18,18,0.0,0.0,0.0,0.0,0.0,0.0,0.0,0.0,0.0,19.9,19.9,19.9,55.1,55.1,55.1,71.0,71,71,22.24,22.24,22.24,42299.48,42299.48,42299.48,5.27,5.27,5.27,1,0
DM4201216,2020-09-08,2020-09-08,1,41.7647200001611,-8.37889000044929,26.3,26.3,26.3,12.7,12.7,12.7,58.0,58,58,23.0,23,23,0.0,0.0,0.0,0.0,0.0,0.0,0.0,0.0,0.0,12.3,12.3,12.3,35.6,35.6,35.6,62.0,62,62,22.17,22.17,22.17,42613.46,42613.46,42613.46,4.58,4.58,4.58,1,0
DM4201217,2020-09-08,2020-09-08,1,41.5883333333333,-7.95722222222222,25.2,25.2,25.2,11.1,11.1,11.1,60.0,60,60,18.0,18,18,0.0,0.0,0.0,0.0,0.0,0.0,0.0,0.0,0.0,18.6,18.6,18.6,52.2,52.2,52.2,66.0,66,66,22.33,22.33,22.33,42323.23,42323.23,42323.23,5.11,5.11,5.11,1,0
DM4201219,2020-09-08,2020-09-09,2,41.6580319997999,-8.46154699961344,29.5,29.9,29.1,16.05,16.2,15.9,57.0,61,53,22.0,23,21,0.0,0.0,0.0,0.0,0.0,0.0,0.0,0.0,0.0,14.95,16.9,13.0,35.65,40.3,31.0,89.5,93,86,21.945,21.96,21.93,42290.94,42376.6,42205.28,5.23,5.32,5.14,2,0
DM4201231,2020-09-08,2020-09-09,2,41.7005555555556,-8.38138888888889,29.35,29.7,29.0,14.6,15.5,13.7,63.5,66,61,24.0,25,23,0.0,0.0,0.0,0.0,0.0,0.0,0.0,0.0,0.0,11.7,13.1,10.3,28.049999999999997,30.2,25.9,62.0,67,57,21.985,22.0,21.97,42350.545,42493.46,42207.63,4.855,4.9,4.81,2,0
DM4201232,2020-09-08,2020-09-09,2,41.6897279998991,-8.39907800038656,29.85,30.3,29.4,14.35,14.6,14.1,71.0,71,71,23.5,24,23,0.0,0.0,0.0,0.0,0.0,0.0,0.0,0.0,0.0,10.95,12.1,9.8,29.0,31.0,27.0,40.0,74,6,21.905,21.95,21.86,42236.94,42378.23,42095.65,4.65,4.68,4.62,2,0
DM4201235,2020-09-07,2020-09-07,1,41.4952777777778,-8.01388888888889,27.5,27.5,27.5,15.8,15.8,15.8,64.0,64,64,25.0,25,25,0.0,0.0,0.0,0.0,0.0,0.0,0.0,0.0,0.0,23.8,23.8,23.8,55.4,55.4,55.4,74.0,74,74,22.27,22.27,22.27,41602.73,41602.73,41602.73,5.91,5.91,5.91,1,0
DM4201236,2020-09-07,2020-09-07,1,41.3983479997847,-8.58540000001589,30.9,30.9,30.9,19.0,19.0,19.0,68.0,68,68,25.0,25,25,0.0,0.0,0.0,0.0,0.0,0.0,0.0,0.0,0.0,28.1,28.1,28.1,55.8,55.8,55.8,87.0,87,87,22.0,22.0,22.0,41838.52,41838.52,41838.52,6.79,6.79,6.79,1,0
DM4201238,2020-09-08,2020-09-08,1,41.475,-8.07388888888889,25.6,25.6,25.6,12.1,12.1,12.1,60.0,60,60,19.0,19,19,0.0,0.0,0.0,0.0,0.0,0.0,0.0,0.0,0.0,17.7,17.7,17.7,46.4,46.4,46.4,87.0,87,87,22.2,22.2,22.2,42299.09,42299.09,42299.09,5.05,5.05,5.05,1,0
DM4201239,2020-09-08,2020-09-09,2,41.7459579997592,-8.41329700046115,28.75,29.1,28.4,14.0,14.9,13.1,63.0,65,61,24.0,25,23,0.0,0.0,0.0,0.0,0.0,0.0,0.0,0.0,0.0,11.7,13.1,10.3,28.049999999999997,30.2,25.9,62.0,67,57,21.985,22.0,21.97,42350.545,42493.46,42207.63,4.805,4.85,4.76,2,0
DM4201243,2020-09-08,2020-09-09,2,41.7309579997592,-8.3960929997762,27.1,27.3,26.9,15.0,15.8,14.2,56.5,61,52,24.5,26,23,0.0,0.0,0.0,0.0,0.0,0.0,0.0,0.0,0.0,12.55,14.6,10.5,35.45,43.9,27.0,84.5,87,82,22.075,22.09,22.06,42460.125,42598.53,42321.72,4.87,4.87,4.87,2,0
DM4201246,2020-09-09,2020-09-09,1,41.5155555555556,-8.17055555555556,28.1,28.1,28.1,13.9,13.9,13.9,64.0,64,64,22.0,22,22,0.0,0.0,0.0,0.0,0.0,0.0,0.0,0.0,0.0,11.7,11.7,11.7,27.7,27.7,27.7,35.0,35,35,22.2,22.2,22.2,42408.38,42408.38,42408.38,5.11,5.11,5.11,1,0
DM4201248,2020-09-09,2020-09-09,1,41.7404219998254,-8.33312699953715,28.8,28.8,28.8,14.6,14.6,14.6,65.0,65,65,25.0,25,25,0.0,0.0,0.0,0.0,0.0,0.0,0.0,0.0,0.0,10.3,10.3,10.3,25.9,25.9,25.9,57.0,57,57,21.97,21.97,21.97,42207.63,42207.63,42207.63,4.82,4.82,4.82,1,0
DM4201256,2020-09-09,2020-09-10,2,41.3894444444444,-8.05333333333333,29.049999999999997,29.7,28.4,14.25,14.5,14.0,57.5,65,50,23.0,23,23,0.0,0.0,0.0,0.0,0.0,0.0,0.0,0.0,0.0,13.4,15.8,11.0,32.0,37.4,26.6,85.5,97,74,21.895,22.13,21.66,42015.03,42203.28,41826.78,4.855,4.95,4.76,2,0
DM4201265,2020-09-10,2020-09-10,1,41.600206999994,-8.06149699952867,27.9,27.9,27.9,15.3,15.3,15.3,74.0,74,74,27.0,27,27,0.0,0.0,0.0,0.0,0.0,0.0,0.0,0.0,0.0,15.3,15.3,15.3,36.7,36.7,36.7,51.0,51,51,21.87,21.87,21.87,41943.4,41943.4,41943.4,4.75,4.75,4.75,1,0
DM4201275,2020-09-10,2020-09-10,1,41.6044444444444,-8.04527777777778,27.9,27.9,27.9,13.8,13.8,13.8,76.0,76,76,27.0,27,27,0.0,0.0,0.0,0.0,0.0,0.0,0.0,0.0,0.0,13.4,13.4,13.4,37.8,37.8,37.8,35.0,35,35,22.07,22.07,22.07,41920.24,41920.24,41920.24,4.59,4.59,4.59,1,0
DM4201282,2020-09-10,2020-09-10,1,41.5808649995592,-8.1989070002238,30.5,30.5,30.5,15.4,15.4,15.4,69.0,69,69,25.0,25,25,0.0,0.0,0.0,0.0,0.0,0.0,0.0,0.0,0.0,15.3,15.3,15.3,37.1,37.1,37.1,86.0,86,86,21.47,21.47,21.47,41820.41,41820.41,41820.41,4.82,4.82,4.82,1,0
DM420131,2020-04-04,2020-04-05,2,41.4411920001772,-8.44045199977027,15.95,17.5,14.4,9.85,11.6,8.1,91.0,100,82,57.0,65,49,12.3,24.6,0.0,12.3,24.6,0.0,10.0,20.0,0.0,19.35,20.9,17.8,48.25,51.5,45.0,137.5,153,122,7.49,11.46,3.52,8327.425,15398.47,1256.38,1.9,2.82,0.98,1,0
DM4201345,2020-09-12,2020-09-13,2,41.5628270000882,-8.09917000028822,32.05,32.1,32.0,19.1,21.0,17.2,67.5,80,55,22.5,24,21,0.0,0.0,0.0,0.0,0.0,0.0,0.0,0.0,0.0,22.2,23.2,21.2,51.65,53.3,50.0,89.0,93,85,19.759999999999998,20.71,18.81,39223.565,39955.43,38491.7,5.99,6.5,5.48,2,0
DM4201351,2020-09-13,2020-09-13,1,41.5122222222222,-8.23,32.6,32.6,32.6,21.0,21.0,21.0,51.0,51,51,24.0,24,24,0.0,0.0,0.0,0.0,0.0,0.0,0.0,0.0,0.0,21.6,21.6,21.6,47.2,47.2,47.2,85.0,85,85,18.51,18.51,18.51,34579.57,34579.57,34579.57,6.46,6.46,6.46,1,0
DM4201355,2020-09-13,2020-09-13,1,41.7102170001136,-8.3894349998898,33.2,33.2,33.2,20.2,20.2,20.2,59.0,59,59,25.0,25,25,0.0,0.0,0.0,0.0,0.0,0.0,0.0,0.0,0.0,13.2,13.2,13.2,34.2,34.2,34.2,101.0,101,101,19.13,19.13,19.13,39157.58,39157.58,39157.58,5.55,5.55,5.55,1,0
DM4201360,2020-09-13,2020-09-13,1,41.7589430003696,-8.3838730000125,30.7,30.7,30.7,18.0,18.0,18.0,66.0,66,66,29.0,29,29,0.0,0.0,0.0,0.0,0.0,0.0,0.0,0.0,0.0,11.9,11.9,11.9,36.0,36.0,36.0,100.0,100,100,19.29,19.29,19.29,40460.42,40460.42,40460.42,5.03,5.03,5.03,1,0
DM4201383,2020-09-13,2020-09-14,2,41.5563888888889,-7.91916666666667,27.95,31.9,24.0,18.049999999999997,19.2,16.9,78.5,89,68,45.0,62,28,2.1,4.2,0.0,2.1,4.2,0.0,4.0,8.0,0.0,17.0,20.5,13.5,44.65,46.8,42.5,147.0,221,73,17.375,19.05,15.7,39891.755000000005,40180.15,39603.36,4.475,5.94,3.01,1,0
DM4201388,2020-09-14,2020-09-14,1,41.6491666666667,-8.2675,25.2,25.2,25.2,17.7,17.7,17.7,84.0,84,84,57.0,57,57,1.3,1.3,1.3,1.3,1.3,1.3,7.0,7.0,7.0,12.5,12.5,12.5,43.9,43.9,43.9,219.0,219,219,15.27,15.27,15.27,37045.29,37045.29,37045.29,3.02,3.02,3.02,0,0
DM42015,2020-01-21,2020-01-21,1,41.5111111111111,-8.08444444444445,9.5,9.5,9.5,0.9,0.9,0.9,65.0,65,65,50.0,50,50,0.2,0.2,0.2,0.2,0.2,0.2,1.0,1.0,1.0,21.1,21.1,21.1,67.7,67.7,67.7,61.0,61,61,9.54,9.54,9.54,27400.87,27400.87,27400.87,1.8,1.8,1.8,1,0
DM4201522,2020-10-16,2020-10-16,1,41.5543680000305,-8.54940700001187,19.1,19.1,19.1,8.5,8.5,8.5,99.0,99,99,43.0,43,43,0.0,0.0,0.0,0.0,0.0,0.0,0.0,0.0,0.0,13.3,13.3,13.3,29.2,29.2,29.2,115.0,115,115,15.12,15.12,15.12,36305.51,36305.51,36305.51,2.56,2.56,2.56,1,0
DM4201553,2020-10-18,2020-10-19,2,41.5662029997508,-8.08729500002331,17.35,18.6,16.1,9.25,9.4,9.1,96.5,100,93,46.5,48,45,18.6,37.2,0.0,18.6,37.2,0.0,5.5,11.0,0.0,14.3,15.5,13.1,53.800000000000004,77.4,30.2,94.0,113,75,9.190000000000001,13.65,4.73,23357.670000000002,35055.3,11660.04,2.015,2.48,1.55,1,0
DM4201555,2020-10-19,2020-10-19,1,41.5675,-8.06111111111111,16.4,16.4,16.4,9.7,9.7,9.7,100.0,100,100,48.0,48,48,37.2,37.2,37.2,37.2,37.2,37.2,11.0,11.0,11.0,15.5,15.5,15.5,77.4,77.4,77.4,113.0,113,113,4.73,4.73,4.73,11660.04,11660.04,11660.04,1.57,1.57,1.57,0,0
DM4201601,2020-12-02,2020-12-02,1,41.6744444444444,-8.23916666666667,13.1,13.1,13.1,5.5,5.5,5.5,85.0,85,85,52.0,52,52,0.0,0.0,0.0,0.0,0.0,0.0,0.0,0.0,0.0,10.0,10.0,10.0,27.0,27.0,27.0,65.0,65,65,8.46,8.46,8.46,27792.78,27792.78,27792.78,1.27,1.27,1.27,1,0
DM420420,2020-07-12,2020-07-12,1,41.7038969998889,-8.50912899971008,31.0,31.0,31.0,20.2,20.2,20.2,74.0,74,74,39.0,39,39,0.0,0.0,0.0,0.0,0.0,0.0,0.0,0.0,0.0,12.2,12.2,12.2,30.2,30.2,30.2,360.0,360,360,27.6,27.6,27.6,49329.1,49329.1,49329.1,6.04,6.04,6.04,1,0
DM420471,2020-07-16,2020-07-16,1,41.5022222222222,-8.13055555555556,31.7,31.7,31.7,18.8,18.8,18.8,56.0,56,56,25.0,25,25,0.0,0.0,0.0,0.0,0.0,0.0,0.0,0.0,0.0,19.4,19.4,19.4,45.0,45.0,45.0,63.0,63,63,29.45,29.45,29.45,49263.93,49263.93,49263.93,7.05,7.05,7.05,1,0
DM420485,2020-07-16,2020-07-16,1,41.5658329995473,-8.33472199996312,32.3,32.3,32.3,21.3,21.3,21.3,53.0,53,53,26.0,26,26,0.0,0.0,0.0,0.0,0.0,0.0,0.0,0.0,0.0,21.3,21.3,21.3,49.7,49.7,49.7,79.0,79,79,29.26,29.26,29.26,49304.22,49304.22,49304.22,7.65,7.65,7.65,1,0
DM420503,2020-07-17,2020-07-17,1,41.6043370000521,-8.24693300035265,34.5,34.5,34.5,24.0,24.0,24.0,46.0,46,46,25.0,25,25,0.0,0.0,0.0,0.0,0.0,0.0,0.0,0.0,0.0,24.2,24.2,24.2,56.9,56.9,56.9,90.0,90,90,29.47,29.47,29.47,48870.7,48870.7,48870.7,8.56,8.56,8.56,1,0
DM420513,2020-07-17,2020-07-17,1,41.4733409998152,-8.72866099993388,35.3,35.3,35.3,25.3,25.3,25.3,55.0,55,55,23.0,23,23,0.0,0.0,0.0,0.0,0.0,0.0,0.0,0.0,0.0,24.6,24.6,24.6,45.7,45.7,45.7,63.0,63,63,29.3,29.3,29.3,49022.58,49022.58,49022.58,8.88,8.88,8.88,1,0
DM420520,2020-07-17,2020-07-17,1,41.5773480002085,-8.30263000011444,34.0,34.0,34.0,22.9,22.9,22.9,54.0,54,54,25.0,25,25,0.0,0.0,0.0,0.0,0.0,0.0,0.0,0.0,0.0,24.5,24.5,24.5,58.0,58.0,58.0,87.0,87,87,29.57,29.57,29.57,48836.08,48836.08,48836.08,8.41,8.41,8.41,1,0
DM420521,2020-07-17,2020-07-17,1,41.4038888888889,-8.0525,32.3,32.3,32.3,19.6,19.6,19.6,56.0,56,56,25.0,25,25,0.0,0.0,0.0,0.0,0.0,0.0,0.0,0.0,0.0,16.2,16.2,16.2,44.6,44.6,44.6,97.0,97,97,29.64,29.64,29.64,48816.16,48816.16,48816.16,7.16,7.16,7.16,1,0
DM420530,2020-07-17,2020-07-18,2,41.475,-8.00583333333333,33.95,34.0,33.9,20.3,21.0,19.6,56.0,57,55,25.5,27,24,0.0,0.0,0.0,0.0,0.0,0.0,0.0,0.0,0.0,16.700000000000003,17.3,16.1,43.75,45.7,41.8,68.5,70,67,29.535,29.63,29.44,48966.259999999995,49070.77,48861.75,7.36,7.44,7.28,2,0
DM420542,2020-07-17,2020-07-18,2,41.5688319999642,-8.30774200015598,33.55,33.7,33.4,22.3,22.6,22.0,56.0,58,54,25.5,26,25,0.0,0.0,0.0,0.0,0.0,0.0,0.0,0.0,0.0,23.95,24.5,23.4,56.0,58.0,54.0,89.0,91,87,29.495,29.57,29.42,48980.94,49125.8,48836.08,8.3,8.37,8.23,2,0
DM420546,2020-07-18,2020-07-18,1,41.6404530000687,-8.28784399986267,34.9,34.9,34.9,22.2,22.2,22.2,60.0,60,60,25.0,25,25,0.0,0.0,0.0,0.0,0.0,0.0,0.0,0.0,0.0,15.8,15.8,15.8,40.0,40.0,40.0,121.0,121,121,29.38,29.38,29.38,49166.44,49166.44,49166.44,7.98,7.98,7.98,1,0
DM420587,2020-07-19,2020-07-19,1,41.7658519999186,-8.37597499953376,27.4,27.4,27.4,16.8,16.8,16.8,77.0,77,77,46.0,46,46,0.0,0.0,0.0,0.0,0.0,0.0,0.0,0.0,0.0,12.7,12.7,12.7,37.1,37.1,37.1,244.0,244,244,29.59,29.59,29.59,49119.49,49119.49,49119.49,5.61,5.61,5.61,1,0
DM420607,2020-07-20,2020-07-20,1,41.4041666666667,-8.05194444444444,30.5,30.5,30.5,17.2,17.2,17.2,86.0,86,86,35.0,35,35,0.0,0.0,0.0,0.0,0.0,0.0,0.0,0.0,0.0,10.2,10.2,10.2,29.5,29.5,29.5,293.0,293,293,29.2,29.2,29.2,48827.32,48827.32,48827.32,6.06,6.06,6.06,1,0
DM420614,2020-07-20,2020-07-20,1,41.4605555555556,-8.04111111111111,30.4,30.4,30.4,16.4,16.4,16.4,88.0,88,88,35.0,35,35,0.0,0.0,0.0,0.0,0.0,0.0,0.0,0.0,0.0,10.6,10.6,10.6,28.4,28.4,28.4,289.0,289,289,29.29,29.29,29.29,48707.05,48707.05,48707.05,6.04,6.04,6.04,1,0
DM420625,2020-07-21,2020-07-21,1,41.7316600004832,-8.36837799999449,31.2,31.2,31.2,17.3,17.3,17.3,80.0,80,80,30.0,30,30,0.2,0.2,0.2,0.2,0.2,0.2,2.0,2.0,2.0,15.0,15.0,15.0,46.4,46.4,46.4,88.0,88,88,26.1,26.1,26.1,43411.51,43411.51,43411.51,5.61,5.61,5.61,1,0
DM420630,2020-07-21,2020-07-21,1,41.7269379997253,-8.36209699948629,32.1,32.1,32.1,18.2,18.2,18.2,80.0,80,80,30.0,30,30,0.2,0.2,0.2,0.2,0.2,0.2,2.0,2.0,2.0,15.0,15.0,15.0,46.4,46.4,46.4,88.0,88,88,26.1,26.1,26.1,43411.51,43411.51,43411.51,5.71,5.71,5.71,1,0
DM420642,2020-07-22,2020-07-22,1,41.7570169999864,-8.38681200000975,29.2,29.2,29.2,19.5,19.5,19.5,71.0,71,71,41.0,41,41,0.1,0.1,0.1,0.1,0.1,0.1,1.0,1.0,1.0,12.0,12.0,12.0,35.3,35.3,35.3,246.0,246,246,25.97,25.97,25.97,48690.73,48690.73,48690.73,5.62,5.62,5.62,1,0
DM420649,2020-07-22,2020-07-22,1,41.5875679998928,-8.31245699988471,31.8,31.8,31.8,22.2,22.2,22.2,65.0,65,65,40.0,40,40,0.0,0.0,0.0,0.0,0.0,0.0,0.0,0.0,0.0,13.7,13.7,13.7,34.2,34.2,34.2,220.0,220,220,27.01,27.01,27.01,48624.81,48624.81,48624.81,6.2,6.2,6.2,1,0
DM420656,2020-07-23,2020-07-23,1,41.4494444444444,-8.03194444444445,30.2,30.2,30.2,18.7,18.7,18.7,84.0,84,84,42.0,42,42,0.0,0.0,0.0,0.0,0.0,0.0,0.0,0.0,0.0,15.2,15.2,15.2,38.9,38.9,38.9,287.0,287,287,28.4,28.4,28.4,48604.39,48604.39,48604.39,6.04,6.04,6.04,1,0
DM420714,2020-07-26,2020-07-26,1,41.7523549999131,-8.37295300006866,29.4,29.4,29.4,16.0,16.0,16.0,90.0,90,90,37.0,37,37,0.0,0.0,0.0,0.0,0.0,0.0,0.0,0.0,0.0,9.2,9.2,9.2,27.4,27.4,27.4,316.0,316,316,28.31,28.31,28.31,48370.69,48370.69,48370.69,5.62,5.62,5.62,1,0
DM420723,2020-07-27,2020-07-27,1,41.5801559999254,-8.39384099960327,29.7,29.7,29.7,15.6,15.6,15.6,88.0,88,88,42.0,42,42,0.0,0.0,0.0,0.0,0.0,0.0,0.0,0.0,0.0,19.4,19.4,19.4,42.5,42.5,42.5,308.0,308,308,28.41,28.41,28.41,48123.37,48123.37,48123.37,5.79,5.79,5.79,1,0
DM420731,2020-07-27,2020-07-27,1,41.4427777777778,-8.06555555555556,28.0,28.0,28.0,15.5,15.5,15.5,92.0,92,92,39.0,39,39,0.0,0.0,0.0,0.0,0.0,0.0,0.0,0.0,0.0,14.8,14.8,14.8,38.5,38.5,38.5,266.0,266,266,28.43,28.43,28.43,47887.59,47887.59,47887.59,5.62,5.62,5.62,1,0
DM420732,2020-07-27,2020-07-27,1,41.4377777777778,-8.05722222222222,27.9,27.9,27.9,15.4,15.4,15.4,92.0,92,92,39.0,39,39,0.0,0.0,0.0,0.0,0.0,0.0,0.0,0.0,0.0,14.8,14.8,14.8,38.5,38.5,38.5,266.0,266,266,28.43,28.43,28.43,47887.59,47887.59,47887.59,5.6,5.6,5.6,1,0
DM420734,2020-07-27,2020-07-27,1,41.4695219998889,-8.2442970000373,29.1,29.1,29.1,15.2,15.2,15.2,93.0,93,93,42.0,42,42,0.0,0.0,0.0,0.0,0.0,0.0,0.0,0.0,0.0,19.3,19.3,19.3,42.8,42.8,42.8,298.0,298,298,28.29,28.29,28.29,47986.63,47986.63,47986.63,5.68,5.68,5.68,1,0
DM420766,2020-07-29,2020-07-29,1,41.4177777777778,-8.03861111111111,32.6,32.6,32.6,17.6,17.6,17.6,89.0,89,89,35.0,35,35,0.0,0.0,0.0,0.0,0.0,0.0,0.0,0.0,0.0,12.1,12.1,12.1,33.1,33.1,33.1,23.0,23,23,27.98,27.98,27.98,47709.85,47709.85,47709.85,6.17,6.17,6.17,1,0
DM420823,2020-08-02,2020-08-02,1,41.6386350001229,-8.30313300000297,29.5,29.5,29.5,15.8,15.8,15.8,82.0,82,82,32.0,32,32,0.0,0.0,0.0,0.0,0.0,0.0,0.0,0.0,0.0,22.2,22.2,22.2,46.4,46.4,46.4,338.0,338,338,26.65,26.65,26.65,46800.0,46800.0,46800.0,6.04,6.04,6.04,1,0
DM420865,2020-08-05,2020-08-05,1,41.5022222222222,-8.20055555555555,32.2,32.2,32.2,17.8,17.8,17.8,72.0,72,72,30.0,30,30,0.0,0.0,0.0,0.0,0.0,0.0,0.0,0.0,0.0,13.2,13.2,13.2,31.3,31.3,31.3,327.0,327,327,27.26,27.26,27.26,47039.21,47039.21,47039.21,6.16,6.16,6.16,1,0
DM420881,2020-08-06,2020-08-06,1,41.5930200004578,-8.18027500046624,33.0,33.0,33.0,19.6,19.6,19.6,79.0,79,79,28.0,28,28,0.0,0.0,0.0,0.0,0.0,0.0,0.0,0.0,0.0,13.4,13.4,13.4,33.8,33.8,33.8,224.0,224,224,26.0,26.0,26.0,46903.91,46903.91,46903.91,6.01,6.01,6.01,1,0
DM420886,2020-08-06,2020-08-06,1,41.7583333333333,-8.39194444444444,31.6,31.6,31.6,18.5,18.5,18.5,80.0,80,80,31.0,31,31,0.0,0.0,0.0,0.0,0.0,0.0,0.0,0.0,0.0,10.2,10.2,10.2,32.0,32.0,32.0,214.0,214,214,25.95,25.95,25.95,47000.69,47000.69,47000.69,5.75,5.75,5.75,1,0
DM42094,2020-03-27,2020-03-27,1,41.5438888888889,-8.04166666666667,12.5,12.5,12.5,2.5,2.5,2.5,87.0,87,87,36.0,36,36,0.0,0.0,0.0,0.0,0.0,0.0,0.0,0.0,0.0,17.9,17.9,17.9,48.6,48.6,48.6,71.0,71,71,22.62,22.62,22.62,40883.63,40883.63,40883.63,3.08,3.08,3.08,1,0
DM420948,2020-08-09,2020-08-10,2,41.4586111111111,-8.06388888888889,25.1,25.4,24.8,14.55,14.9,14.2,97.0,100,94,48.5,50,47,0.0,0.0,0.0,0.0,0.0,0.0,0.0,0.0,0.0,11.9,11.9,11.9,31.7,32.4,31.0,269.5,275,264,23.95,24.9,23.0,44652.325,44832.01,44472.64,4.515000000000001,4.69,4.34,2,0
DM420967,2020-08-11,2020-08-12,2,41.7180249999629,-8.23991799990336,21.35,23.7,19.0,14.55,16.1,13.0,92.5,98,87,58.0,72,44,1.1500000000000001,2.1,0.2,1.1500000000000001,2.1,0.2,5.5,10.0,1.0,9.899999999999999,10.7,9.1,36.75,38.9,34.6,282.0,316,248,17.04,20.37,13.71,37356.94,42790.37,31923.51,3.11,3.92,2.3,1,0
DM420986,2020-08-13,2020-08-13,1,41.4927777777778,-7.93944444444444,26.1,26.1,26.1,12.4,12.4,12.4,97.0,97,97,38.0,38,38,0.0,0.0,0.0,0.0,0.0,0.0,0.0,0.0,0.0,16.2,16.2,16.2,38.5,38.5,38.5,274.0,274,274,26.4,26.4,26.4,46355.95,46355.95,46355.95,5.0,5.0,5.0,1,0
DM420991,2020-08-14,2020-08-14,1,41.4936111111111,-7.9325,24.8,24.8,24.8,14.6,14.6,14.6,100.0,100,100,43.0,43,43,0.0,0.0,0.0,0.0,0.0,0.0,0.0,0.0,0.0,17.6,17.6,17.6,42.1,42.1,42.1,261.0,261,261,25.19,25.19,25.19,43827.05,43827.05,43827.05,4.7,4.7,4.7,1,0
RO120243,2020-06-18,2020-06-18,1,38.8816929997338,-8.50480000019073,25.5,25.5,25.5,13.3,13.3,13.3,92.0,92,92,35.0,35,35,0.0,0.0,0.0,0.0,0.0,0.0,0.0,0.0,0.0,23.5,23.5,23.5,47.2,47.2,47.2,322.0,322,322,29.99,29.99,29.99,49103.69,49103.69,49103.69,6.05,6.05,6.05,1,0
RO120262,2020-06-23,2020-06-23,1,39.5562080001831,-8.56440299987793,31.5,31.5,31.5,18.2,18.2,18.2,87.0,87,87,45.0,45,45,0.0,0.0,0.0,0.0,0.0,0.0,0.0,0.0,0.0,26.9,26.9,26.9,58.7,58.7,58.7,326.0,326,326,29.47,29.47,29.47,47588.88,47588.88,47588.88,6.69,6.69,6.69,1,0
RO120272,2020-06-25,2020-06-25,1,39.2838119999899,-8.90267899990082,24.3,24.3,24.3,16.3,16.3,16.3,89.0,89,89,48.0,48,48,0.0,0.0,0.0,0.0,0.0,0.0,0.0,0.0,0.0,30.5,30.5,30.5,51.5,51.5,51.5,331.0,331,331,29.12,29.12,29.12,48270.03,48270.03,48270.03,5.46,5.46,5.46,1,1
RO120284,2020-06-29,2020-06-29,1,39.2894469997618,-8.08797300020854,32.7,32.7,32.7,16.5,16.5,16.5,97.0,97,97,32.0,32,32,0.0,0.0,0.0,0.0,0.0,0.0,0.0,0.0,0.0,20.6,20.6,20.6,41.4,41.4,41.4,320.0,320,320,29.8,29.8,29.8,49248.84,49248.84,49248.84,6.83,6.83,6.83,1,0
RO120292,2020-07-01,2020-07-01,1,38.8229850000805,-8.79979699982537,28.8,28.8,28.8,18.2,18.2,18.2,86.0,86,86,41.0,41,41,0.0,0.0,0.0,0.0,0.0,0.0,0.0,0.0,0.0,21.3,21.3,21.3,43.9,43.9,43.9,341.0,341,341,28.65,28.65,28.65,46725.31,46725.31,46725.31,6.3,6.3,6.3,1,0
RO120327,2020-07-05,2020-07-05,1,39.2924410004086,-8.81931699991226,37.1,37.1,37.1,17.6,17.6,17.6,84.0,84,84,20.0,20,20,0.0,0.0,0.0,0.0,0.0,0.0,0.0,0.0,0.0,25.3,25.3,25.3,49.3,49.3,49.3,314.0,314,314,30.05,30.05,30.05,49105.09,49105.09,49105.09,7.76,7.76,7.76,1,0
RO120359,2020-07-10,2020-07-11,2,39.6189410000377,-8.17088599999746,35.2,36.8,33.6,18.85,19.7,18.0,80.0,82,78,28.0,33,23,0.0,0.0,0.0,0.0,0.0,0.0,0.0,0.0,0.0,18.8,18.8,18.8,39.8,43.2,36.4,173.0,317,29,26.990000000000002,29.12,24.86,48533.185,48870.83,48195.54,7.01,7.15,6.87,2,0
RO120378,2020-07-13,2020-07-14,2,39.5619349998898,-8.2320129998525,35.5,36.3,34.7,21.5,21.7,21.3,75.0,77,73,26.5,27,26,0.0,0.0,0.0,0.0,0.0,0.0,0.0,0.0,0.0,27.3,28.3,26.3,54.75,56.9,52.6,336.0,341,331,28.61,28.75,28.47,48559.165,48679.85,48438.48,7.949999999999999,8.04,7.86,2,0
RO120397,2020-07-15,2020-07-15,1,39.5439640002781,-8.14124700016446,36.3,36.3,36.3,20.1,20.1,20.1,62.0,62,62,21.0,21,21,0.0,0.0,0.0,0.0,0.0,0.0,0.0,0.0,0.0,28.8,28.8,28.8,58.3,58.3,58.3,51.0,51,51,28.92,28.92,28.92,48517.0,48517.0,48517.0,8.87,8.87,8.87,1,0
RO120429,2020-07-18,2020-07-19,2,39.6443169996474,-8.52249300003052,34.099999999999994,36.8,31.4,18.950000000000003,20.6,17.3,79.5,86,73,24.0,33,15,0.0,0.0,0.0,0.0,0.0,0.0,0.0,0.0,0.0,20.1,20.3,19.9,38.0,40.0,36.0,297.0,299,295,29.235,29.33,29.14,48588.175,48607.15,48569.2,7.17,8.13,6.21,2,0
RO120470,2020-07-22,2020-07-22,1,39.6024119999674,-8.22733499950833,33.1,33.1,33.1,21.8,21.8,21.8,68.0,68,68,33.0,33,33,0.0,0.0,0.0,0.0,0.0,0.0,0.0,0.0,0.0,21.7,21.7,21.7,42.8,42.8,42.8,333.0,333,333,26.64,26.64,26.64,47742.66,47742.66,47742.66,6.77,6.77,6.77,1,0
RO120482,2020-07-23,2020-07-23,1,39.5814439996084,-8.67085099988513,27.3,27.3,27.3,16.0,16.0,16.0,93.0,93,93,47.0,47,47,0.0,0.0,0.0,0.0,0.0,0.0,0.0,0.0,0.0,21.8,21.8,21.8,47.2,47.2,47.2,318.0,318,318,27.59,27.59,27.59,47992.51,47992.51,47992.51,5.44,5.44,5.44,1,0
RO120551,2020-08-03,2020-08-03,1,39.3856030000581,-8.56743799997701,28.7,28.7,28.7,17.1,17.1,17.1,80.0,80,80,44.0,44,44,0.0,0.0,0.0,0.0,0.0,0.0,0.0,0.0,0.0,26.3,26.3,26.3,51.1,51.1,51.1,345.0,345,345,26.45,26.45,26.45,46557.87,46557.87,46557.87,6.26,6.26,6.26,1,0
RO120554,2020-08-03,2020-08-03,1,39.3894270001517,-8.03537499997351,30.9,30.9,30.9,15.7,15.7,15.7,83.0,83,83,28.0,28,28,0.0,0.0,0.0,0.0,0.0,0.0,0.0,0.0,0.0,29.5,29.5,29.5,52.9,52.9,52.9,319.0,319,319,26.5,26.5,26.5,46677.21,46677.21,46677.21,6.86,6.86,6.86,1,0
RO120623,2020-08-14,2020-08-15,2,39.6207349999746,-8.63067799992032,24.05,24.6,23.5,14.75,15.3,14.2,98.0,98,98,42.5,43,42,0.0,0.0,0.0,0.0,0.0,0.0,0.0,0.0,0.0,23.85,26.5,21.2,44.3,48.6,40.0,319.0,326,312,23.235,25.87,20.6,44314.774999999994,44470.52,44159.03,4.55,4.92,4.18,2,0
RO120688,2020-08-28,2020-08-28,1,39.7088469998042,-8.57388999991947,22.8,22.8,22.8,16.4,16.4,16.4,99.0,99,99,43.0,43,43,0.1,0.1,0.1,0.1,0.1,0.1,1.0,1.0,1.0,33.6,33.6,33.6,65.5,65.5,65.5,330.0,330,330,22.52,22.52,22.52,38447.06,38447.06,38447.06,4.5,4.5,4.5,1,1
RO120694,2020-08-29,2020-08-30,2,39.5230580001407,-8.31839299996694,27.35,28.5,26.2,14.1,14.5,13.7,77.0,80,74,23.0,26,20,0.0,0.0,0.0,0.0,0.0,0.0,0.0,0.0,0.0,31.7,32.9,30.5,59.2,60.8,57.6,343.0,344,342,24.060000000000002,24.34,23.78,44121.765,44193.96,44049.57,6.07,6.15,5.99,2,2
RO120741,2020-09-03,2020-09-04,2,39.5360329998864,-8.11978299988641,35.5,35.7,35.3,19.299999999999997,19.9,18.7,46.5,52,41,16.5,19,14,0.0,0.0,0.0,0.0,0.0,0.0,0.0,0.0,0.0,21.450000000000003,22.3,20.6,42.7,45.4,40.0,25.0,38,12,23.299999999999997,23.52,23.08,43385.229999999996,43465.64,43304.82,6.73,6.82,6.64,2,0
RO120762,2020-09-10,2020-09-10,1,39.7446199999915,-8.6663699997796,31.8,31.8,31.8,15.5,15.5,15.5,81.0,81,81,26.0,26,26,0.0,0.0,0.0,0.0,0.0,0.0,0.0,0.0,0.0,19.2,19.2,19.2,40.7,40.7,40.7,303.0,303,303,21.47,21.47,21.47,41452.61,41452.61,41452.61,5.16,5.16,5.16,1,0
RO120894,2020-10-14,2020-10-14,1,39.4233150000042,-8.28441700001558,20.2,20.2,20.2,10.2,10.2,10.2,89.0,89,89,34.0,34,34,0.0,0.0,0.0,0.0,0.0,0.0,0.0,0.0,0.0,27.6,27.6,27.6,49.0,49.0,49.0,334.0,334,334,16.52,16.52,16.52,36887.23,36887.23,36887.23,3.5,3.5,3.5,1,0
RO2201054,2020-07-14,2020-07-14,1,38.8641480000814,-9.09213199986352,31.4,31.4,31.4,19.8,19.8,19.8,75.0,75,75,35.0,35,35,0.0,0.0,0.0,0.0,0.0,0.0,0.0,0.0,0.0,36.7,36.7,36.7,71.6,71.6,71.6,339.0,339,339,28.97,28.97,28.97,48748.68,48748.68,48748.68,7.86,7.86,7.86,1,1
RO2201080,2020-07-16,2020-07-16,1,38.7186130000485,-9.43059299998813,34.9,34.9,34.9,26.9,26.9,26.9,38.0,38,38,23.0,23,23,0.0,0.0,0.0,0.0,0.0,0.0,0.0,0.0,0.0,22.0,22.0,22.0,42.5,42.5,42.5,5.0,5,5,28.72,28.72,28.72,48720.89,48720.89,48720.89,9.28,9.28,9.28,1,0
RO2201159,2020-07-20,2020-07-20,1,38.7980599996779,-9.29527999983893,30.5,30.5,30.5,15.4,15.4,15.4,96.0,96,96,34.0,34,34,0.0,0.0,0.0,0.0,0.0,0.0,0.0,0.0,0.0,20.9,20.9,20.9,43.6,43.6,43.6,354.0,354,354,16.47,16.47,16.47,35792.82,35792.82,35792.82,4.4,4.4,4.4,1,0
RO2201203,2020-07-24,2020-07-24,1,38.8826290003459,-9.10752200020684,27.2,27.2,27.2,16.7,16.7,16.7,86.0,86,86,36.0,36,36,0.0,0.0,0.0,0.0,0.0,0.0,0.0,0.0,0.0,32.6,32.6,32.6,63.7,63.7,63.7,333.0,333,333,28.63,28.63,28.63,47855.07,47855.07,47855.07,6.56,6.56,6.56,1,1
RO2201217,2020-07-24,2020-07-24,1,38.8871950001187,-9.3582149998347,22.5,22.5,22.5,16.4,16.4,16.4,93.0,93,93,58.0,58,58,0.0,0.0,0.0,0.0,0.0,0.0,0.0,0.0,0.0,32.7,32.7,32.7,56.9,56.9,56.9,353.0,353,353,28.53,28.53,28.53,47749.42,47749.42,47749.42,4.84,4.84,4.84,1,1
RO2201294,2020-07-31,2020-07-31,1,38.8002800000045,-9.32805999967787,28.5,28.5,28.5,15.0,15.0,15.0,98.0,98,98,41.0,41,41,0.0,0.0,0.0,0.0,0.0,0.0,0.0,0.0,0.0,26.9,26.9,26.9,54.7,54.7,54.7,346.0,346,346,28.19,28.19,28.19,47109.63,47109.63,47109.63,5.54,5.54,5.54,1,0
RO2201433,2020-08-10,2020-08-10,1,39.1559939999051,-9.12918599976434,23.8,23.8,23.8,16.2,16.2,16.2,98.0,98,98,57.0,57,57,0.0,0.0,0.0,0.0,0.0,0.0,0.0,0.0,0.0,25.1,25.1,25.1,46.8,46.8,46.8,333.0,333,333,21.41,21.41,21.41,45732.39,45732.39,45732.39,3.93,3.93,3.93,1,0
RO2201649,2020-09-03,2020-09-03,1,38.886396999889,-9.20404199997584,34.4,34.4,34.4,18.8,18.8,18.8,57.0,57,57,14.0,14,14,0.0,0.0,0.0,0.0,0.0,0.0,0.0,0.0,0.0,17.5,17.5,17.5,34.6,34.6,34.6,358.0,358,358,23.42,23.42,23.42,42978.66,42978.66,42978.66,6.35,6.35,6.35,1,0
RO2201670,2020-09-06,2020-09-06,1,39.1559939999051,-9.12918599976434,33.8,33.8,33.8,15.5,15.5,15.5,94.0,94,94,24.0,24,24,0.0,0.0,0.0,0.0,0.0,0.0,0.0,0.0,0.0,17.9,17.9,17.9,35.3,35.3,35.3,340.0,340,340,22.7,22.7,22.7,42438.61,42438.61,42438.61,5.64,5.64,5.64,1,0
RO2201768,2020-09-12,2020-09-12,1,39.0111690002018,-9.22904099994236,33.1,33.1,33.1,18.0,18.0,18.0,80.0,80,80,22.0,22,22,0.0,0.0,0.0,0.0,0.0,0.0,0.0,0.0,0.0,13.0,13.0,13.0,29.5,29.5,29.5,336.0,336,336,17.39,17.39,17.39,32854.76,32854.76,32854.76,4.11,4.11,4.11,1,0
RO2201938,2020-10-01,2020-10-02,2,39.0309799999661,-9.20941800011529,18.85,19.9,17.8,14.75,15.3,14.2,95.5,96,95,63.0,65,61,3.25,5.6,0.9,3.25,5.6,0.9,7.0,12.0,2.0,32.95,42.8,23.1,57.449999999999996,73.1,41.8,311.5,313,310,13.809999999999999,16.09,11.53,35944.520000000004,38289.39,33599.65,2.61,2.84,2.38,1,1
RO320318,2020-06-06,2020-06-06,1,38.7090100002289,-8.67040999995338,24.2,24.2,24.2,11.0,11.0,11.0,99.0,99,99,42.0,42,42,0.0,0.0,0.0,0.0,0.0,0.0,0.0,0.0,0.0,19.8,19.8,19.8,40.0,40.0,40.0,305.0,305,305,26.43,26.43,26.43,46971.78,46971.78,46971.78,5.05,5.05,5.05,1,0
RO320361,2020-06-16,2020-06-16,1,38.453127000067,-8.62555800014072,23.2,23.2,23.2,14.8,14.8,14.8,97.0,97,97,61.0,61,61,0.5,0.5,0.5,0.5,0.5,0.5,4.0,4.0,4.0,25.4,25.4,25.4,50.0,50.0,50.0,277.0,277,277,24.19,24.19,24.19,46179.28,46179.28,46179.28,4.32,4.32,4.32,1,0
RO320370,2020-06-18,2020-06-18,1,38.6418119997448,-8.90593199994829,24.2,24.2,24.2,15.3,15.3,15.3,87.0,87,87,41.0,41,41,0.0,0.0,0.0,0.0,0.0,0.0,0.0,0.0,0.0,23.8,23.8,23.8,49.0,49.0,49.0,338.0,338,338,28.96,28.96,28.96,48678.2,48678.2,48678.2,5.76,5.76,5.76,1,0
RO320954,2020-10-12,2020-10-12,1,38.4998840003543,-9.17989599969652,24.0,24.0,24.0,14.6,14.6,14.6,58.0,58,58,22.0,22,22,0.0,0.0,0.0,0.0,0.0,0.0,0.0,0.0,0.0,23.4,23.4,23.4,42.5,42.5,42.5,31.0,31,31,17.4,17.4,17.4,37622.96,37622.96,37622.96,5.32,5.32,5.32,1,0
TM120100,2020-03-17,2020-03-17,1,41.3939769999186,-7.57099000003603,12.6,12.6,12.6,3.2,3.2,3.2,76.0,76,76,61.0,61,61,0.4,0.4,0.4,0.4,0.4,0.4,2.0,2.0,2.0,27.5,27.5,27.5,63.0,63.0,63.0,61.0,61,61,11.2,11.2,11.2,19727.61,19727.61,19727.61,2.23,2.23,2.23,1,0
TM120120,2020-03-26,2020-03-26,1,41.8072222222222,-7.73694444444444,11.4,11.4,11.4,2.3,2.3,2.3,99.0,99,99,27.0,27,27,0.0,0.0,0.0,0.0,0.0,0.0,0.0,0.0,0.0,18.5,18.5,18.5,40.3,40.3,40.3,336.0,336,336,23.35,23.35,23.35,41170.23,41170.23,41170.23,3.21,3.21,3.21,1,0
TM120130,2020-03-27,2020-03-27,1,41.7327777777778,-8.0525,11.3,11.3,11.3,2.4,2.4,2.4,88.0,88,88,40.0,40,40,0.0,0.0,0.0,0.0,0.0,0.0,0.0,0.0,0.0,17.1,17.1,17.1,55.4,55.4,55.4,92.0,92,92,22.54,22.54,22.54,40893.84,40893.84,40893.84,2.97,2.97,2.97,1,0
TM120132,2020-03-27,2020-03-28,2,41.3461249997881,-7.82379500018226,9.15,10.3,8.0,-0.15000000000000002,0.1,-0.4,73.5,76,71,39.0,40,38,0.0,0.0,0.0,0.0,0.0,0.0,0.0,0.0,0.0,16.1,20.2,12.0,52.400000000000006,65.9,38.9,92.0,94,90,21.43,22.62,20.24,38335.67,40655.96,36015.38,2.71,2.75,2.67,2,0
TM120147,2020-03-29,2020-03-29,1,41.8738888888889,-7.76027777777778,12.2,12.2,12.2,4.9,4.9,4.9,92.0,92,92,41.0,41,41,0.0,0.0,0.0,0.0,0.0,0.0,0.0,0.0,0.0,13.2,13.2,13.2,29.2,29.2,29.2,221.0,221,221,18.54,18.54,18.54,34227.76,34227.76,34227.76,2.74,2.74,2.74,1,0
TM120155,2020-03-29,2020-03-29,1,41.8019444444444,-7.68527777777778,13.0,13.0,13.0,5.9,5.9,5.9,86.0,86,86,42.0,42,42,0.0,0.0,0.0,0.0,0.0,0.0,0.0,0.0,0.0,16.3,16.3,16.3,32.8,32.8,32.8,339.0,339,339,18.18,18.18,18.18,34617.64,34617.64,34617.64,2.71,2.71,2.71,1,0
TM120159,2020-03-30,2020-03-30,1,41.6672550000085,-7.8823620001475,6.3,6.3,6.3,2.0,2.0,2.0,92.0,92,92,44.0,44,44,0.3,0.3,0.3,0.3,0.3,0.3,3.0,3.0,3.0,26.6,26.6,26.6,63.4,63.4,63.4,80.0,80,80,10.42,10.42,10.42,29570.85,29570.85,29570.85,1.74,1.74,1.74,1,0
TM120171,2020-03-30,2020-03-31,2,41.6763888888889,-7.89722222222222,5.4,6.6,4.2,0.6499999999999999,2.3,-1.0,92.5,93,92,46.0,48,44,2.35,4.4,0.3,1.5499999999999998,2.8,0.3,10.0,17.0,3.0,26.55,26.6,26.5,63.900000000000006,64.4,63.4,78.0,80,76,8.945,10.42,7.47,16564.305,29570.85,3557.76,1.49,1.77,1.21,1,0
TM120226,2020-05-28,2020-05-28,1,41.7272222222222,-8.03722222222222,29.2,29.2,29.2,19.0,19.0,19.0,75.0,75,75,37.0,37,37,0.0,0.0,0.0,0.0,0.0,0.0,0.0,0.0,0.0,9.8,9.8,9.8,26.6,26.6,26.6,59.0,59,59,24.12,24.12,24.12,48906.46,48906.46,48906.46,5.23,5.23,5.23,1,0
TM120229,2020-05-30,2020-05-30,1,41.7286111111111,-8.03638888888889,26.6,26.6,26.6,17.2,17.2,17.2,96.0,96,96,48.0,48,48,1.9,1.9,1.9,1.9,1.9,1.9,2.0,2.0,2.0,7.6,7.6,7.6,25.2,25.2,25.2,206.0,206,206,26.9,26.9,26.9,47311.55,47311.55,47311.55,5.08,5.08,5.08,0,0
TM12034,2020-02-23,2020-02-23,1,41.6961111111111,-8.09694444444444,20.6,20.6,20.6,6.5,6.5,6.5,83.0,83,83,40.0,40,40,0.0,0.0,0.0,0.0,0.0,0.0,0.0,0.0,0.0,7.5,7.5,7.5,23.0,23.0,23.0,65.0,65,65,15.66,15.66,15.66,35805.76,35805.76,35805.76,2.63,2.63,2.63,1,0
TM120366,2020-07-19,2020-07-20,2,41.3027979999118,-7.60228700002035,29.85,30.6,29.1,16.35,16.6,16.1,80.5,88,73,31.0,33,29,0.0,0.0,0.0,0.0,0.0,0.0,0.0,0.0,0.0,13.3,15.2,11.4,36.4,41.8,31.0,284.5,287,282,29.490000000000002,29.66,29.32,48875.675,48941.27,48810.08,6.18,6.24,6.12,2,0
TM120374,2020-07-21,2020-07-22,2,41.8494444444444,-7.64083333333333,29.75,30.6,28.9,18.299999999999997,18.4,18.2,75.0,75,75,32.0,35,29,0.45,0.8,0.1,0.45,0.8,0.1,2.0,3.0,1.0,15.3,15.8,14.8,38.7,42.1,35.3,260.0,360,160,24.7,24.88,24.52,47161.455,48354.64,45968.27,5.665,5.73,5.6,2,0
TM120426,2020-07-29,2020-07-29,1,41.429603000217,-7.74545299953885,30.3,30.3,30.3,15.9,15.9,15.9,79.0,79,79,24.0,24,24,0.0,0.0,0.0,0.0,0.0,0.0,0.0,0.0,0.0,12.9,12.9,12.9,32.8,32.8,32.8,94.0,94,94,28.16,28.16,28.16,47478.71,47478.71,47478.71,6.13,6.13,6.13,1,0
TM120431,2020-07-30,2020-07-31,2,41.7903349998262,-7.41198699951172,35.05,36.0,34.1,20.200000000000003,21.8,18.6,77.5,78,77,17.5,22,13,0.0,0.0,0.0,0.0,0.0,0.0,0.0,0.0,0.0,19.0,20.5,17.5,46.25,49.3,43.2,243.5,258,229,26.805,28.47,25.14,47265.33,47269.5,47261.16,6.87,7.15,6.59,2,0
TM120437,2020-07-30,2020-07-31,2,41.7763888888889,-7.24361111111111,33.45,34.1,32.8,19.45,19.9,19.0,69.0,76,62,18.0,23,13,0.0,0.0,0.0,0.0,0.0,0.0,0.0,0.0,0.0,20.65,22.2,19.1,45.55,48.6,42.5,264.0,286,242,26.555,28.44,24.67,47212.945,47256.78,47169.11,6.84,7.08,6.6,2,0
TM120445,2020-07-31,2020-08-02,3,41.4109229999118,-7.92565299987793,27.933333333333334,28.6,27.2,15.133333333333333,15.9,13.9,95.0,99,90,38.333333333333336,46,31,0.0,0.0,0.0,0.0,0.0,0.0,0.0,0.0,0.0,15.333333333333334,18.5,13.3,40.199999999999996,47.5,35.3,283.0,313,264,27.52333333333333,27.97,26.91,47238.21,47471.83,46882.28,5.5633333333333335,5.7,5.38,3,0
TM120458,2020-08-03,2020-08-05,3,41.5938400003645,-7.53341700000068,31.733333333333334,34.6,29.5,17.233333333333334,18.3,16.6,70.33333333333333,83,63,24.666666666666668,30,20,0.0,0.0,0.0,0.0,0.0,0.0,0.0,0.0,0.0,15.4,19.4,13.0,37.06666666666667,44.6,32.4,335.6666666666667,350,325,27.313333333333333,27.49,27.12,46974.89333333333,46977.4,46971.94,6.37,6.74,5.96,3,0
TM120468,2020-08-04,2020-08-05,2,41.5338888888889,-7.24111111111111,35.25,36.9,33.6,19.0,19.3,18.7,67.5,72,63,15.5,16,15,0.0,0.0,0.0,0.0,0.0,0.0,0.0,0.0,0.0,12.8,13.2,12.4,30.2,32.0,28.4,340.0,344,336,27.36,27.44,27.28,46936.98,46973.48,46900.48,6.27,6.34,6.2,2,0
TM12047,2020-02-24,2020-02-24,1,41.8041666666667,-7.74305555555556,16.9,16.9,16.9,5.4,5.4,5.4,78.0,78,78,21.0,21,21,0.0,0.0,0.0,0.0,0.0,0.0,0.0,0.0,0.0,10.9,10.9,10.9,25.9,25.9,25.9,265.0,265,265,16.14,16.14,16.14,36177.65,36177.65,36177.65,2.81,2.81,2.81,1,0
TM120477,2020-08-06,2020-08-08,3,41.2910140000449,-7.48608899990718,31.866666666666664,34.5,30.5,19.433333333333334,19.6,19.1,71.0,80,62,28.333333333333332,36,21,0.0,0.0,0.0,0.0,0.0,0.0,0.0,0.0,0.0,15.666666666666666,19.7,13.6,38.666666666666664,46.1,34.6,273.6666666666667,296,258,26.37,26.64,26.1,46811.68,46899.93,46721.47,6.036666666666666,6.34,5.77,3,0
TM120482,2020-08-06,2020-08-07,2,41.25,-7.63472000002861,33.75,35.9,31.6,19.55,20.6,18.5,74.0,79,69,24.0,28,20,0.0,0.0,0.0,0.0,0.0,0.0,0.0,0.0,0.0,15.6,17.5,13.7,40.3,44.6,36.0,291.0,293,289,26.46,26.69,26.23,46836.8,46896.94,46776.66,6.165,6.21,6.12,2,0
TM12049,2020-02-24,2020-02-24,1,41.4549679999881,-7.69510300000509,18.3,18.3,18.3,5.5,5.5,5.5,93.0,93,93,32.0,32,32,0.0,0.0,0.0,0.0,0.0,0.0,0.0,0.0,0.0,12.2,12.2,12.2,26.3,26.3,26.3,274.0,274,274,15.89,15.89,15.89,36110.08,36110.08,36110.08,2.6,2.6,2.6,1,0
TM120493,2020-08-07,2020-08-08,2,41.7167520000041,-7.43833700021108,34.0,34.1,33.9,20.85,20.9,20.8,75.5,77,74,27.0,29,25,0.0,0.0,0.0,0.0,0.0,0.0,0.0,0.0,0.0,17.05,17.5,16.6,39.8,41.4,38.2,251.0,251,251,26.21,26.4,26.02,46859.535,46900.21,46818.86,6.365,6.48,6.25,2,0
TM120503,2020-08-07,2020-08-08,2,41.4326780001322,-7.65584499994914,28.95,29.0,28.9,19.65,19.8,19.5,75.0,78,72,35.0,39,31,0.0,0.0,0.0,0.0,0.0,0.0,0.0,0.0,0.0,13.45,14.0,12.9,35.3,36.4,34.2,276.0,287,265,26.64,26.73,26.55,46808.520000000004,46886.5,46730.54,5.88,6.02,5.74,2,0
TM12051,2020-02-24,2020-02-24,1,41.8802777777778,-7.8975,14.8,14.8,14.8,3.7,3.7,3.7,84.0,84,84,19.0,19,19,0.0,0.0,0.0,0.0,0.0,0.0,0.0,0.0,0.0,12.6,12.6,12.6,31.0,31.0,31.0,223.0,223,223,16.28,16.28,16.28,36183.41,36183.41,36183.41,2.98,2.98,2.98,1,0
TM120516,2020-08-09,2020-08-09,1,41.5300750001272,-7.43272500038147,30.1,30.1,30.1,17.9,17.9,17.9,80.0,80,80,29.0,29,29,0.0,0.0,0.0,0.0,0.0,0.0,0.0,0.0,0.0,16.1,16.1,16.1,38.5,38.5,38.5,280.0,280,280,23.87,23.87,23.87,44542.27,44542.27,44542.27,5.43,5.43,5.43,1,0
TM120562,2020-08-23,2020-08-23,1,41.8913888888889,-7.69305555555556,23.1,23.1,23.1,9.8,9.8,9.8,94.0,94,94,41.0,41,41,0.0,0.0,0.0,0.0,0.0,0.0,0.0,0.0,0.0,16.2,16.2,16.2,38.2,38.2,38.2,12.0,12,12,24.48,24.48,24.48,45329.77,45329.77,45329.77,4.52,4.52,4.52,1,0
TM120586,2020-08-31,2020-08-31,1,41.3761169995202,-7.86218299971686,22.7,22.7,22.7,9.2,9.2,9.2,60.0,60,60,29.0,29,29,0.0,0.0,0.0,0.0,0.0,0.0,0.0,0.0,0.0,11.4,11.4,11.4,30.2,30.2,30.2,116.0,116,116,23.09,23.09,23.09,43586.24,43586.24,43586.24,4.54,4.54,4.54,1,0
TM120619,2020-09-08,2020-09-08,1,41.6859680000941,-7.88457800004217,22.5,22.5,22.5,9.9,9.9,9.9,63.0,63,63,23.0,23,23,0.0,0.0,0.0,0.0,0.0,0.0,0.0,0.0,0.0,22.3,22.3,22.3,52.6,52.6,52.6,74.0,74,74,22.32,22.32,22.32,42412.45,42412.45,42412.45,4.95,4.95,4.95,1,0
TM120641,2020-09-10,2020-09-10,1,41.3809530003866,-7.94467700004578,30.5,30.5,30.5,15.3,15.3,15.3,66.0,66,66,24.0,24,24,0.0,0.0,0.0,0.0,0.0,0.0,0.0,0.0,0.0,15.8,15.8,15.8,37.4,37.4,37.4,97.0,97,97,21.66,21.66,21.66,41826.78,41826.78,41826.78,4.84,4.84,4.84,1,0
TM120647,2020-09-07,2020-09-08,2,41.7047222222222,-7.89666666666667,23.15,23.4,22.9,11.4,12.0,10.8,70.0,74,66,28.0,32,24,0.0,0.0,0.0,0.0,0.0,0.0,0.0,0.0,0.0,18.65,19.6,17.7,53.25,56.5,50.0,91.0,91,91,22.450000000000003,22.55,22.35,42115.205,42525.48,41704.93,4.85,4.94,4.76,2,0
TM120651,2020-09-11,2020-09-11,1,41.6327777777778,-7.46666666666667,28.5,28.5,28.5,14.0,14.0,14.0,70.0,70,70,22.0,22,22,0.0,0.0,0.0,0.0,0.0,0.0,0.0,0.0,0.0,10.9,10.9,10.9,26.3,26.3,26.3,82.0,82,82,19.89,19.89,19.89,36913.04,36913.04,36913.04,4.45,4.45,4.45,1,0
TM120655,2020-09-11,2020-09-11,1,41.4454550001356,-7.59959799978468,27.7,27.7,27.7,15.2,15.2,15.2,65.0,65,65,26.0,26,26,0.0,0.0,0.0,0.0,0.0,0.0,0.0,0.0,0.0,12.9,12.9,12.9,32.8,32.8,32.8,72.0,72,72,18.5,18.5,18.5,36765.88,36765.88,36765.88,4.31,4.31,4.31,1,0
TM120659,2020-09-11,2020-09-12,2,41.2391919999652,-7.86155700047811,28.25,29.2,27.3,13.350000000000001,13.8,12.9,74.5,76,73,22.0,25,19,0.0,0.0,0.0,0.0,0.0,0.0,0.0,0.0,0.0,14.05,14.1,14.0,47.55,49.0,46.1,86.5,93,80,19.25,20.51,17.99,40575.065,40835.23,40314.9,4.395,4.79,4.0,2,0
TM120665,2020-09-12,2020-09-13,2,41.8192820000649,-7.63437299999926,28.8,29.0,28.6,16.2,16.5,15.9,57.5,68,47,21.5,23,20,0.0,0.0,0.0,0.0,0.0,0.0,0.0,0.0,0.0,15.9,17.3,14.5,38.35,40.0,36.7,100.5,127,74,20.475,21.24,19.71,40557.465,40836.78,40278.15,5.295,5.51,5.08,2,0
TM120666,2020-09-12,2020-09-13,2,41.4327579996321,-7.73139000044929,27.450000000000003,27.6,27.3,14.8,15.3,14.3,61.0,69,53,21.0,22,20,0.0,0.0,0.0,0.0,0.0,0.0,0.0,0.0,0.0,16.950000000000003,18.6,15.3,41.25,43.6,38.9,104.0,128,80,20.185000000000002,20.95,19.42,40178.735,40726.03,39631.44,5.1899999999999995,5.31,5.07,2,0
TM120710,2020-09-16,2020-09-16,1,41.7911111111111,-7.67638888888889,23.8,23.8,23.8,12.9,12.9,12.9,92.0,92,92,36.0,36,36,0.0,0.0,0.0,0.0,0.0,0.0,0.0,0.0,0.0,14.0,14.0,14.0,34.2,34.2,34.2,140.0,140,140,15.97,15.97,15.97,38081.32,38081.32,38081.32,3.33,3.33,3.33,1,0
TM120714,2020-09-16,2020-09-17,2,41.8485230000814,-7.95313500006994,21.4,22.2,20.6,12.2,12.6,11.8,93.5,99,88,44.5,50,39,3.3,6.6,0.0,3.3,6.6,0.0,3.5,7.0,0.0,21.0,25.4,16.6,52.900000000000006,62.6,43.2,138.5,144,133,15.934999999999999,16.54,15.33,35262.18,37903.48,32620.88,3.31,3.39,3.23,1,0
TM120721,2020-09-17,2020-09-17,1,41.8469444444444,-7.95277777777778,20.7,20.7,20.7,12.6,12.6,12.6,99.0,99,99,50.0,50,50,6.6,6.6,6.6,6.6,6.6,6.6,7.0,7.0,7.0,25.4,25.4,25.4,62.6,62.6,62.6,133.0,133,133,15.33,15.33,15.33,32620.88,32620.88,32620.88,3.23,3.23,3.23,0,0
TM120757,2020-10-01,2020-10-01,1,41.7421220000585,-7.60236499998305,18.6,18.6,18.6,11.1,11.1,11.1,94.0,94,94,49.0,49,49,0.8,0.8,0.8,0.8,0.8,0.8,3.0,3.0,3.0,22.9,22.9,22.9,51.5,51.5,51.5,237.0,237,237,12.94,12.94,12.94,31825.24,31825.24,31825.24,2.44,2.44,2.44,1,0
TM120789,2020-10-12,2020-10-13,2,41.8105555555556,-7.62083333333333,15.2,15.7,14.7,5.05,6.5,3.6,94.5,96,93,52.0,56,48,0.0,0.0,0.0,0.0,0.0,0.0,0.0,0.0,0.0,20.35,21.6,19.1,45.2,47.9,42.5,166.5,332,1,14.985,15.99,13.98,35354.024999999994,36493.71,34214.34,2.26,2.41,2.11,2,0
TM12079,2020-03-13,2020-03-13,1,41.4549679999881,-7.69510300000509,15.7,15.7,15.7,8.6,8.6,8.6,85.0,85,85,55.0,55,55,0.0,0.0,0.0,0.0,0.0,0.0,0.0,0.0,0.0,13.7,13.7,13.7,29.9,29.9,29.9,26.0,26,26,15.62,15.62,15.62,37129.78,37129.78,37129.78,2.45,2.45,2.45,1,0
TM120790,2020-10-12,2020-10-12,1,41.6991666666667,-7.27638888888889,19.4,19.4,19.4,5.0,5.0,5.0,93.0,93,93,39.0,39,39,0.0,0.0,0.0,0.0,0.0,0.0,0.0,0.0,0.0,17.4,17.4,17.4,36.0,36.0,36.0,328.0,328,328,16.15,16.15,16.15,36907.11,36907.11,36907.11,2.63,2.63,2.63,1,0
TM120815,2020-10-15,2020-10-15,1,41.7905555555556,-7.64861111111111,11.8,11.8,11.8,5.8,5.8,5.8,93.0,93,93,51.0,51,51,0.0,0.0,0.0,0.0,0.0,0.0,0.0,0.0,0.0,17.7,17.7,17.7,41.4,41.4,41.4,350.0,350,350,13.73,13.73,13.73,36106.34,36106.34,36106.34,1.96,1.96,1.96,1,0
TM120861,2020-10-18,2020-10-18,1,41.8180555555556,-7.64166666666667,16.0,16.0,16.0,7.1,7.1,7.1,94.0,94,94,45.0,45,45,0.0,0.0,0.0,0.0,0.0,0.0,0.0,0.0,0.0,11.0,11.0,11.0,27.7,27.7,27.7,116.0,116,116,14.04,14.04,14.04,35381.85,35381.85,35381.85,2.28,2.28,2.28,1,0
TM120865,2020-10-18,2020-10-18,1,41.7711111111111,-7.67444444444444,16.0,16.0,16.0,7.0,7.0,7.0,94.0,94,94,45.0,45,45,0.0,0.0,0.0,0.0,0.0,0.0,0.0,0.0,0.0,11.0,11.0,11.0,27.7,27.7,27.7,116.0,116,116,14.04,14.04,14.04,35381.85,35381.85,35381.85,2.28,2.28,2.28,1,0
TM120870,2020-10-18,2020-10-19,2,41.8286111111111,-7.615,17.5,17.7,17.3,7.550000000000001,8.9,6.2,97.5,99,96,42.0,44,40,8.05,16.1,0.0,8.05,16.1,0.0,5.0,10.0,0.0,14.899999999999999,19.7,10.1,48.75,69.8,27.7,170.0,170,170,10.315000000000001,13.89,6.74,26234.92,35401.04,17068.8,1.97,2.32,1.62,1,0
TM12091,2020-03-14,2020-03-14,1,41.6509180000093,-7.80653800010681,17.0,17.0,17.0,1.9,1.9,1.9,90.0,90,90,41.0,41,41,0.0,0.0,0.0,0.0,0.0,0.0,0.0,0.0,0.0,9.1,9.1,9.1,24.1,24.1,24.1,41.0,41,41,20.05,20.05,20.05,39096.38,39096.38,39096.38,2.94,2.94,2.94,1,0
TM120923,2020-12-26,2020-12-26,1,41.3515779999892,-7.85910499996609,3.5,3.5,3.5,-3.3,-3.3,-3.3,83.0,83,83,57.0,57,57,0.0,0.0,0.0,0.0,0.0,0.0,0.0,0.0,0.0,16.8,16.8,16.8,65.9,65.9,65.9,89.0,89,89,8.7,8.7,8.7,29279.58,29279.58,29279.58,0.9,0.9,0.9,1,0
TM120924,2020-12-26,2020-12-26,1,41.7536111111111,-7.91055555555556,4.8,4.8,4.8,-2.2,-2.2,-2.2,82.0,82,82,55.0,55,55,0.0,0.0,0.0,0.0,0.0,0.0,0.0,0.0,0.0,15.5,15.5,15.5,48.2,48.2,48.2,79.0,79,79,8.67,8.67,8.67,29112.71,29112.71,29112.71,0.91,0.91,0.91,1,0
TM220113,2020-06-06,2020-06-06,1,41.7288888888889,-7.18305555555556,23.0,23.0,23.0,12.2,12.2,12.2,93.0,93,93,40.0,40,40,0.0,0.0,0.0,0.0,0.0,0.0,0.0,0.0,0.0,17.1,17.1,17.1,36.4,36.4,36.4,301.0,301,301,24.23,24.23,24.23,49303.21,49303.21,49303.21,4.86,4.86,4.86,1,0
TM220114,2020-06-06,2020-06-06,1,41.0962629996406,-6.76829499999682,26.3,26.3,26.3,12.9,12.9,12.9,89.0,89,89,36.0,36,36,0.0,0.0,0.0,0.0,0.0,0.0,0.0,0.0,0.0,15.8,15.8,15.8,41.0,41.0,41.0,262.0,262,262,26.7,26.7,26.7,46897.41,46897.41,46897.41,5.28,5.28,5.28,1,0
TM220123,2020-06-10,2020-06-11,2,41.3220580000348,-7.21059499952528,22.0,24.7,19.3,10.55,10.9,10.2,85.5,92,79,33.5,43,24,0.2,0.4,0.0,0.2,0.4,0.0,1.0,2.0,0.0,20.65,24.8,16.5,50.75,61.2,40.3,277.0,291,263,24.935000000000002,28.77,21.1,48163.41,49552.14,46774.68,4.835,5.73,3.94,2,0
TM220136,2020-06-30,2020-06-30,1,41.7166709999999,-7.08891099982791,31.6,31.6,31.6,17.8,17.8,17.8,74.0,74,74,21.0,21,21,0.0,0.0,0.0,0.0,0.0,0.0,0.0,0.0,0.0,18.2,18.2,18.2,38.9,38.9,38.9,11.0,11,11,28.54,28.54,28.54,50859.71,50859.71,50859.71,6.92,6.92,6.92,1,0
TM220137,2020-06-30,2020-06-30,1,41.4481919998593,-7.01346499972873,31.7,31.7,31.7,17.3,17.3,17.3,70.0,70,70,19.0,19,19,0.0,0.0,0.0,0.0,0.0,0.0,0.0,0.0,0.0,17.0,17.0,17.0,41.0,41.0,41.0,351.0,351,351,28.75,28.75,28.75,50765.85,50765.85,50765.85,7.01,7.01,7.01,1,0
TM220156,2020-07-11,2020-07-11,1,41.3195619999038,-6.93081700007121,35.3,35.3,35.3,18.9,18.9,18.9,60.0,60,60,21.0,21,21,0.0,0.0,0.0,0.0,0.0,0.0,0.0,0.0,0.0,18.4,18.4,18.4,43.9,43.9,43.9,65.0,65,65,26.2,26.2,26.2,42256.43,42256.43,42256.43,6.89,6.89,6.89,1,0
TM220159,2020-07-11,2020-07-11,1,41.2784679995643,-6.77008499993218,33.2,33.2,33.2,17.0,17.0,17.0,68.0,68,68,24.0,24,24,0.0,0.0,0.0,0.0,0.0,0.0,0.0,0.0,0.0,21.3,21.3,21.3,49.0,49.0,49.0,66.0,66,66,26.62,26.62,26.62,42965.35,42965.35,42965.35,6.84,6.84,6.84,1,0
TM220173,2020-07-15,2020-07-15,1,41.3199480001132,-6.96482799953885,32.5,32.5,32.5,16.4,16.4,16.4,51.0,51,51,17.0,17,17,0.0,0.0,0.0,0.0,0.0,0.0,0.0,0.0,0.0,19.5,19.5,19.5,46.4,46.4,46.4,60.0,60,60,29.26,29.26,29.26,49111.7,49111.7,49111.7,7.77,7.77,7.77,1,0
TM220181,2020-07-19,2020-07-19,1,41.5656769996219,-6.52630199962192,33.6,33.6,33.6,19.0,19.0,19.0,50.0,50,50,20.0,20,20,0.0,0.0,0.0,0.0,0.0,0.0,0.0,0.0,0.0,15.0,15.0,15.0,35.6,35.6,35.6,254.0,254,254,29.37,29.37,29.37,48898.1,48898.1,48898.1,7.41,7.41,7.41,1,0
TM220185,2020-07-20,2020-07-20,1,41.4109310001797,-7.03282299995422,34.1,34.1,34.1,18.1,18.1,18.1,76.0,76,76,18.0,18,18,0.0,0.0,0.0,0.0,0.0,0.0,0.0,0.0,0.0,10.5,10.5,10.5,35.6,35.6,35.6,331.0,331,331,29.19,29.19,29.19,48581.82,48581.82,48581.82,6.6,6.6,6.6,1,0
TM220191,2020-07-22,2020-07-22,1,41.5319370004866,-6.87773299958971,32.8,32.8,32.8,20.8,20.8,20.8,63.0,63,63,26.0,26,26,0.0,0.0,0.0,0.0,0.0,0.0,0.0,0.0,0.0,13.0,13.0,13.0,28.8,28.8,28.8,5.0,5,5,25.35,25.35,25.35,47677.51,47677.51,47677.51,6.28,6.28,6.28,1,0
TM220196,2020-07-23,2020-07-23,1,41.8902129999797,-7.15947299957275,31.1,31.1,31.1,19.1,19.1,19.1,73.0,73,73,24.0,24,24,0.0,0.0,0.0,0.0,0.0,0.0,0.0,0.0,0.0,20.9,20.9,20.9,45.7,45.7,45.7,323.0,323,323,27.96,27.96,27.96,48577.79,48577.79,48577.79,7.01,7.01,7.01,1,0
TM220209,2020-07-25,2020-07-26,2,41.8097630002764,-7.17939700020684,31.299999999999997,32.4,30.2,16.450000000000003,16.8,16.1,72.5,79,66,24.5,26,23,0.0,0.0,0.0,0.0,0.0,0.0,0.0,0.0,0.0,18.95,22.7,15.2,38.900000000000006,47.2,30.6,314.5,319,310,28.634999999999998,28.84,28.43,48068.385,48207.8,47928.97,6.85,7.18,6.52,2,0
TM220210,2020-07-25,2020-07-25,1,41.2655940002865,-7.17469399982029,33.3,33.3,33.3,17.5,17.5,17.5,64.0,64,64,18.0,18,18,0.0,0.0,0.0,0.0,0.0,0.0,0.0,0.0,0.0,16.3,16.3,16.3,41.4,41.4,41.4,305.0,305,305,28.71,28.71,28.71,47925.45,47925.45,47925.45,6.86,6.86,6.86,1,0
TM220239,2020-08-05,2020-08-05,1,41.527835000356,-7.19834699948629,36.9,36.9,36.9,19.3,19.3,19.3,63.0,63,63,15.0,15,15,0.0,0.0,0.0,0.0,0.0,0.0,0.0,0.0,0.0,13.2,13.2,13.2,32.0,32.0,32.0,336.0,336,336,27.44,27.44,27.44,46900.48,46900.48,46900.48,6.34,6.34,6.34,1,0
TM220244,2020-08-06,2020-08-06,1,41.475853000217,-7.20546499994066,40.4,40.4,40.4,20.8,20.8,20.8,71.0,71,71,13.0,13,13,0.0,0.0,0.0,0.0,0.0,0.0,0.0,0.0,0.0,19.0,19.0,19.0,49.0,49.0,49.0,239.0,239,239,26.28,26.28,26.28,46836.63,46836.63,46836.63,6.91,6.91,6.91,1,0
TM220245,2020-08-06,2020-08-06,1,41.875662999683,-7.10972800042894,35.5,35.5,35.5,20.7,20.7,20.7,51.0,51,51,18.0,18,18,0.0,0.0,0.0,0.0,0.0,0.0,0.0,0.0,0.0,19.3,19.3,19.3,43.2,43.2,43.2,111.0,111,111,25.39,25.39,25.39,46837.29,46837.29,46837.29,7.7,7.7,7.7,1,0
TM220246,2020-08-06,2020-08-07,2,41.2303880002764,-7.07344500011868,37.5,38.7,36.3,21.6,22.1,21.1,62.0,64,60,18.0,21,15,0.0,0.0,0.0,0.0,0.0,0.0,0.0,0.0,0.0,14.05,16.0,12.1,43.75,49.0,38.5,247.0,259,235,26.465,26.57,26.36,46800.0,46800.0,46800.0,6.84,7.1,6.58,2,0
TM220247,2020-08-06,2020-08-07,2,41.639771999783,-7.14896199968126,38.599999999999994,39.9,37.3,22.25,22.5,22.0,64.5,73,56,17.0,20,14,0.0,0.0,0.0,0.0,0.0,0.0,0.0,0.0,0.0,17.4,19.3,15.5,42.65,46.4,38.9,250.5,270,231,26.055,26.38,25.73,46818.479999999996,46836.96,46800.0,7.32,7.59,7.05,2,0
TM220249,2020-08-06,2020-08-06,1,41.402751999961,-6.37408800019158,37.2,37.2,37.2,20.3,20.3,20.3,55.0,55,55,15.0,15,15,0.0,0.0,0.0,0.0,0.0,0.0,0.0,0.0,0.0,19.5,19.5,19.5,47.2,47.2,47.2,152.0,152,152,25.34,25.34,25.34,46800.0,46800.0,46800.0,7.36,7.36,7.36,1,0
TM220254,2020-08-07,2020-08-07,1,41.1926360003153,-7.30825599988302,33.4,33.4,33.4,20.2,20.2,20.2,62.0,62,62,23.0,23,23,0.0,0.0,0.0,0.0,0.0,0.0,0.0,0.0,0.0,15.8,15.8,15.8,40.0,40.0,40.0,276.0,276,276,26.41,26.41,26.41,46800.0,46800.0,46800.0,6.63,6.63,6.63,1,0
TM220277,2020-08-11,2020-08-12,2,41.2102829996745,-6.98324300024245,29.1,32.0,26.2,18.9,19.7,18.1,78.5,83,74,28.0,38,18,0.0,0.0,0.0,0.0,0.0,0.0,0.0,0.0,0.0,12.5,13.1,11.9,38.9,41.8,36.0,239.0,290,188,17.185,18.99,15.38,41167.905,42794.27,39541.54,4.42,5.13,3.71,2,0
TM220281,2020-08-12,2020-08-12,1,41.7521949999862,-6.60952999962701,22.1,22.1,22.1,15.4,15.4,15.4,97.0,97,97,53.0,53,53,1.8,1.8,1.8,1.8,1.8,1.8,6.0,6.0,6.0,14.7,14.7,14.7,35.3,35.3,35.3,289.0,289,289,13.17,13.17,13.17,26298.17,26298.17,26298.17,2.93,2.93,2.93,0,0
TM220283,2020-08-14,2020-08-14,1,41.426337000529,-7.04332900047302,28.3,28.3,28.3,13.3,13.3,13.3,95.0,95,95,20.0,20,20,0.0,0.0,0.0,0.0,0.0,0.0,0.0,0.0,0.0,16.7,16.7,16.7,48.2,48.2,48.2,284.0,284,284,26.33,26.33,26.33,46543.61,46543.61,46543.61,5.69,5.69,5.69,1,0
TM220308,2020-08-30,2020-08-30,1,41.2983519999186,-6.58700300004747,21.2,21.2,21.2,9.0,9.0,9.0,77.0,77,77,25.0,25,25,0.0,0.0,0.0,0.0,0.0,0.0,0.0,0.0,0.0,12.0,12.0,12.0,31.0,31.0,31.0,63.0,63,63,23.43,23.43,23.43,44203.44,44203.44,44203.44,4.59,4.59,4.59,1,0
TM220315,2020-09-03,2020-09-03,1,41.3116149997711,-7.2227050002416,32.1,32.1,32.1,15.0,15.0,15.0,51.0,51,51,16.0,16,16,0.0,0.0,0.0,0.0,0.0,0.0,0.0,0.0,0.0,7.6,7.6,7.6,21.2,21.2,21.2,68.0,68,68,23.35,23.35,23.35,43581.67,43581.67,43581.67,5.0,5.0,5.0,1,0
TM220323,2020-09-04,2020-09-05,2,41.9781720002492,-7.10993499967787,27.95,28.2,27.7,14.8,15.6,14.0,61.5,70,53,23.5,26,21,0.0,0.0,0.0,0.0,0.0,0.0,0.0,0.0,0.0,15.7,17.8,13.6,33.1,37.4,28.8,23.0,38,8,23.14,23.37,22.91,43388.11,43468.54,43307.68,5.35,5.53,5.17,2,0
TM220328,2020-09-07,2020-09-07,1,41.9428149996863,-7.17231999980079,24.7,24.7,24.7,12.6,12.6,12.6,71.0,71,71,25.0,25,25,0.0,0.0,0.0,0.0,0.0,0.0,0.0,0.0,0.0,19.4,19.4,19.4,44.3,44.3,44.3,110.0,110,110,22.43,22.43,22.43,42166.98,42166.98,42166.98,5.31,5.31,5.31,1,0
TM220337,2020-09-09,2020-09-09,1,41.95908900049,-7.11512100007799,26.6,26.6,26.6,12.9,12.9,12.9,49.0,49,49,23.0,23,23,0.0,0.0,0.0,0.0,0.0,0.0,0.0,0.0,0.0,11.1,11.1,11.1,27.4,27.4,27.4,71.0,71,71,22.51,22.51,22.51,42364.7,42364.7,42364.7,5.0,5.0,5.0,1,0
TM220346,2020-09-13,2020-09-13,1,41.179952000512,-6.81785700003306,33.1,33.1,33.1,18.1,18.1,18.1,51.0,51,51,19.0,19,19,0.0,0.0,0.0,0.0,0.0,0.0,0.0,0.0,0.0,15.9,15.9,15.9,38.9,38.9,38.9,127.0,127,127,18.38,18.38,18.38,39943.37,39943.37,39943.37,5.99,5.99,5.99,1,0
TM220348,2020-09-13,2020-09-14,2,41.9667650000006,-6.97498499976264,26.8,29.0,24.6,18.049999999999997,19.7,16.4,63.0,84,42,31.0,37,25,0.8,1.6,0.0,0.8,1.6,0.0,4.0,8.0,0.0,18.549999999999997,19.2,17.9,48.95,52.2,45.7,130.0,164,96,17.545,19.53,15.56,37456.845,40974.89,33938.8,4.7700000000000005,5.98,3.56,1,0
TM220360,2020-09-17,2020-09-17,1,41.341597000228,-6.58032299995422,25.6,25.6,25.6,15.4,15.4,15.4,96.0,96,96,33.0,33,33,7.9,7.9,7.9,7.9,7.9,7.9,9.0,9.0,9.0,19.2,19.2,19.2,44.3,44.3,44.3,135.0,135,135,13.27,13.27,13.27,35750.2,35750.2,35750.2,3.26,3.26,3.26,0,0
TM220400,2020-10-13,2020-10-13,1,41.8980609999763,-6.86303799947103,16.2,16.2,16.2,6.8,6.8,6.8,98.0,98,98,52.0,52,52,0.0,0.0,0.0,0.0,0.0,0.0,0.0,0.0,0.0,19.4,19.4,19.4,44.6,44.6,44.6,305.0,305,305,14.94,14.94,14.94,36528.39,36528.39,36528.39,2.31,2.31,2.31,1,0
TM220420,2020-10-18,2020-10-19,2,41.9325430001153,-7.12188299973806,19.0,19.0,19.0,10.1,12.5,7.7,94.0,95,93,40.0,40,40,10.75,21.5,0.0,10.75,21.5,0.0,4.5,9.0,0.0,22.799999999999997,29.9,15.7,53.65,74.5,32.8,124.5,138,111,10.325,13.82,6.83,26719.010000000002,35326.37,18111.65,2.6950000000000003,2.7,2.69,1,0
TM220427,2020-11-03,2020-11-03,1,41.5872180000941,-6.45728000005086,14.8,14.8,14.8,7.2,7.2,7.2,94.0,94,94,46.0,46,46,0.0,0.0,0.0,0.0,0.0,0.0,0.0,0.0,0.0,19.6,19.6,19.6,41.8,41.8,41.8,39.0,39,39,12.31,12.31,12.31,33554.77,33554.77,33554.77,2.23,2.23,2.23,1,0
