incident_id,start_date,end_date,n_days,lat_first,lon_first,mean_temp_max,temp_max_max,temp_max_min,mean_temp_min,temp_min_max,temp_min_min,rh_max_mean,rh_max_max,rh_max_min,rh_min_mean,rh_min_max,rh_min_min,precip_sum_mean,precip_sum_max,precip_sum_min,rain_sum_mean,rain_sum_max,rain_sum_min,precip_hours_mean,precip_hours_max,precip_hours_min,wind_max_mean,wind_max_max,wind_max_min,gust_max_mean,gust_max_max,gust_max_min,wind_dir_mean,wind_dir_max,wind_dir_min,radiation_mean,radiation_max,radiation_min,sunshine_mean,sunshine_max,sunshine_min,et0_mean,et0_max,et0_min,dry_day_sum,high_wind_sum
AG1211110,2021-07-13,2021-07-13,1,37.4144444444444,-7.69722222222222,31.3,31.3,31.3,14.7,14.7,14.7,72.0,72,72,18.0,18,18,0.0,0.0,0.0,0.0,0.0,0.0,0.0,0.0,0.0,19.0,19.0,19.0,45.0,45.0,45.0,336.0,336,336,29.62,29.62,29.62,47489.16,47489.16,47489.16,7.79,7.79,7.79,1,0
AG1211131,2021-07-17,2021-07-18,2,37.2594444444444,-8.67111111111111,26.700000000000003,29.8,23.6,16.8,18.2,15.4,92.0,99,85,46.0,56,36,0.0,0.0,0.0,0.0,0.0,0.0,0.0,0.0,0.0,25.65,29.0,22.3,47.85,53.6,42.1,340.0,341,339,28.85,29.13,28.57,46929.979999999996,47727.43,46132.53,5.720000000000001,6.66,4.78,2,0
AG1211218,2021-08-04,2021-08-05,2,37.1733300002416,-7.9725,35.599999999999994,36.8,34.4,19.35,19.4,19.3,73.5,77,70,20.0,27,13,0.0,0.0,0.0,0.0,0.0,0.0,0.0,0.0,0.0,31.4,33.4,29.4,55.8,59.8,51.8,178.5,356,1,27.225,27.64,26.81,46409.835,46433.18,46386.49,8.58,8.93,8.23,2,1
AG1211220,2021-08-04,2021-08-05,2,37.1633333333333,-7.98111111111111,35.2,36.4,34.0,18.95,19.0,18.9,73.5,77,70,19.5,27,12,0.0,0.0,0.0,0.0,0.0,0.0,0.0,0.0,0.0,31.4,33.4,29.4,55.8,59.8,51.8,178.5,356,1,27.225,27.64,26.81,46409.835,46433.18,46386.49,8.5,8.85,8.15,2,1
AG1211232,2021-08-06,2021-08-06,1,37.2402777777778,-8.00861111111111,35.1,35.1,35.1,18.7,18.7,18.7,80.0,80,80,19.0,19,19,0.0,0.0,0.0,0.0,0.0,0.0,0.0,0.0,0.0,33.0,33.0,33.0,53.6,53.6,53.6,352.0,352,352,27.05,27.05,27.05,46315.23,46315.23,46315.23,7.93,7.93,7.93,1,1
AG1211287,2021-08-16,2021-08-17,2,37.3072222222222,-7.61472222222222,37.3,38.9,35.7,21.450000000000003,21.8,21.1,49.0,54,44,13.0,18,8,0.0,0.0,0.0,0.0,0.0,0.0,0.0,0.0,0.0,22.9,24.1,21.7,48.400000000000006,51.1,45.7,321.0,332,310,26.58,27.04,26.12,45606.405,45666.05,45546.76,9.455,10.56,8.35,2,0
AG1211309,2021-08-18,2021-08-19,2,37.4044444444444,-7.905,35.55,36.6,34.5,17.6,19.4,15.8,72.5,86,59,14.5,16,13,0.0,0.0,0.0,0.0,0.0,0.0,0.0,0.0,0.0,20.9,22.9,18.9,45.0,49.7,40.3,309.5,312,307,26.165,26.22,26.11,45384.155,45445.64,45322.67,7.050000000000001,7.48,6.62,2,0
AG1211328,2021-08-22,2021-08-22,1,37.3294444444444,-7.78583333333333,35.8,35.8,35.8,17.3,17.3,17.3,86.0,86,86,20.0,20,20,0.0,0.0,0.0,0.0,0.0,0.0,0.0,0.0,0.0,14.5,14.5,14.5,32.8,32.8,32.8,330.0,330,330,24.4,24.4,24.4,44937.25,44937.25,44937.25,6.27,6.27,6.27,1,0
AG1211363,2021-09-04,2021-09-04,1,37.1805050002204,-8.75153500000636,27.8,27.8,27.8,17.0,17.0,17.0,94.0,94,94,43.0,43,43,0.0,0.0,0.0,0.0,0.0,0.0,0.0,0.0,0.0,22.6,22.6,22.6,39.2,39.2,39.2,337.0,337,337,22.85,22.85,22.85,42034.46,42034.46,42034.46,4.93,4.93,4.93,1,0
AG121869,2021-05-22,2021-05-22,1,37.2044444444444,-7.5325,25.9,25.9,25.9,13.4,13.4,13.4,70.0,70,70,16.0,16,16,0.0,0.0,0.0,0.0,0.0,0.0,0.0,0.0,0.0,29.2,29.2,29.2,60.5,60.5,60.5,350.0,350,350,27.84,27.84,27.84,43629.08,43629.08,43629.08,7.49,7.49,7.49,1,0
AT121105,2021-06-09,2021-06-09,1,38.3757479996151,-7.26131200048659,36.2,36.2,36.2,16.7,16.7,16.7,52.0,52,52,11.0,11,11,0.0,0.0,0.0,0.0,0.0,0.0,0.0,0.0,0.0,15.3,15.3,15.3,31.3,31.3,31.3,309.0,309,309,30.05,30.05,30.05,48216.66,48216.66,48216.66,7.64,7.64,7.64,1,0
AT121181,2021-06-29,2021-06-29,1,38.4972222222222,-7.47861111111111,29.4,29.4,29.4,12.6,12.6,12.6,86.0,86,86,22.0,22,22,0.0,0.0,0.0,0.0,0.0,0.0,0.0,0.0,0.0,15.0,15.0,15.0,32.4,32.4,32.4,316.0,316,316,30.34,30.34,30.34,48734.23,48734.23,48734.23,6.62,6.62,6.62,1,0
AT121198,2021-07-05,2021-07-05,1,38.6883333333333,-7.45277777777778,29.4,29.4,29.4,16.5,16.5,16.5,85.0,85,85,38.0,38,38,0.0,0.0,0.0,0.0,0.0,0.0,0.0,0.0,0.0,18.7,18.7,18.7,40.3,40.3,40.3,305.0,305,305,29.2,29.2,29.2,48394.7,48394.7,48394.7,6.43,6.43,6.43,1,0
AT121204,2021-07-07,2021-07-07,1,38.5786111111111,-7.42833333333333,27.0,27.0,27.0,13.5,13.5,13.5,87.0,87,87,29.0,29,29,0.0,0.0,0.0,0.0,0.0,0.0,0.0,0.0,0.0,18.6,18.6,18.6,41.0,41.0,41.0,324.0,324,324,30.1,30.1,30.1,48278.52,48278.52,48278.52,6.56,6.56,6.56,1,0
AT121216,2021-07-11,2021-07-11,1,38.5086111111111,-7.38111111111111,39.6,39.6,39.6,21.9,21.9,21.9,62.0,62,62,18.0,18,18,0.0,0.0,0.0,0.0,0.0,0.0,0.0,0.0,0.0,21.6,21.6,21.6,49.0,49.0,49.0,270.0,270,270,27.8,27.8,27.8,47513.55,47513.55,47513.55,8.84,8.84,8.84,1,0
AT121222,2021-07-12,2021-07-12,1,38.8205555555556,-8.03111111111111,24.9,24.9,24.9,14.1,14.1,14.1,83.0,83,83,36.0,36,36,0.0,0.0,0.0,0.0,0.0,0.0,0.0,0.0,0.0,23.9,23.9,23.9,51.1,51.1,51.1,324.0,324,324,29.34,29.34,29.34,48372.03,48372.03,48372.03,6.06,6.06,6.06,1,0
AT121247,2021-07-18,2021-07-19,2,38.7961111111111,-7.43277777777778,32.7,34.2,31.2,16.1,18.0,14.2,83.0,93,73,28.5,32,25,0.0,0.0,0.0,0.0,0.0,0.0,0.0,0.0,0.0,22.75,25.1,20.4,48.2,51.8,44.6,306.5,309,304,28.95,29.08,28.82,47598.225,47602.31,47594.14,7.38,8.18,6.58,2,0
AT121261,2021-07-22,2021-07-22,1,38.3477777777778,-8.04555555555556,34.1,34.1,34.1,15.3,15.3,15.3,86.0,86,86,18.0,18,18,0.0,0.0,0.0,0.0,0.0,0.0,0.0,0.0,0.0,12.5,12.5,12.5,29.9,29.9,29.9,305.0,305,305,29.64,29.64,29.64,47475.92,47475.92,47475.92,6.77,6.77,6.77,1,0
AT121267,2021-07-28,2021-07-28,1,38.6470850001441,-8.32435800022549,33.7,33.7,33.7,15.3,15.3,15.3,93.0,93,93,23.0,23,23,0.0,0.0,0.0,0.0,0.0,0.0,0.0,0.0,0.0,20.4,20.4,20.4,42.1,42.1,42.1,338.0,338,338,28.18,28.18,28.18,47155.51,47155.51,47155.51,6.55,6.55,6.55,1,0
AT121274,2021-07-31,2021-07-31,1,38.9279550001356,-7.88381699999174,25.4,25.4,25.4,14.5,14.5,14.5,81.0,81,81,28.0,28,28,0.0,0.0,0.0,0.0,0.0,0.0,0.0,0.0,0.0,25.0,25.0,25.0,55.4,55.4,55.4,316.0,316,316,27.6,27.6,27.6,46971.59,46971.59,46971.59,6.21,6.21,6.21,1,0
AT121296,2021-08-10,2021-08-10,1,38.9364219999313,-8.1416399998135,34.3,34.3,34.3,15.1,15.1,15.1,86.0,86,86,17.0,17,17,0.0,0.0,0.0,0.0,0.0,0.0,0.0,0.0,0.0,17.8,17.8,17.8,36.4,36.4,36.4,322.0,322,322,27.0,27.0,27.0,46272.69,46272.69,46272.69,6.47,6.47,6.47,1,0
AT121354,2021-09-05,2021-09-05,1,38.7733333333333,-8.05111111111111,34.8,34.8,34.8,19.6,19.6,19.6,80.0,80,80,21.0,21,21,0.0,0.0,0.0,0.0,0.0,0.0,0.0,0.0,0.0,17.4,17.4,17.4,39.6,39.6,39.6,174.0,174,174,21.9,21.9,21.9,39971.77,39971.77,39971.77,6.05,6.05,6.05,1,0
AT12194,2021-06-06,2021-06-06,1,38.2916666666667,-7.50583333333333,32.4,32.4,32.4,14.3,14.3,14.3,73.0,73,73,14.0,14,14,0.0,0.0,0.0,0.0,0.0,0.0,0.0,0.0,0.0,18.7,18.7,18.7,36.7,36.7,36.7,316.0,316,316,30.19,30.19,30.19,47976.44,47976.44,47976.44,7.07,7.07,7.07,1,0
AT221108,2021-06-28,2021-06-28,1,39.2090250004662,-8.07124799993303,26.8,26.8,26.8,12.2,12.2,12.2,87.0,87,87,31.0,31,31,0.0,0.0,0.0,0.0,0.0,0.0,0.0,0.0,0.0,25.2,25.2,25.2,50.8,50.8,50.8,329.0,329,329,30.51,30.51,30.51,49468.96,49468.96,49468.96,6.56,6.56,6.56,1,0
AT221110,2021-06-29,2021-06-29,1,39.0795229996575,-7.71313600010342,28.4,28.4,28.4,11.9,11.9,11.9,93.0,93,93,24.0,24,24,0.0,0.0,0.0,0.0,0.0,0.0,0.0,0.0,0.0,16.1,16.1,16.1,34.9,34.9,34.9,294.0,294,294,30.48,30.48,30.48,49282.5,49282.5,49282.5,6.36,6.36,6.36,1,0
AT221130,2021-07-14,2021-07-14,1,38.9063859997855,-7.84171600023905,34.2,34.2,34.2,14.1,14.1,14.1,92.0,92,92,16.0,16,16,0.0,0.0,0.0,0.0,0.0,0.0,0.0,0.0,0.0,11.3,11.3,11.3,23.4,23.4,23.4,352.0,352,352,29.61,29.61,29.61,48347.09,48347.09,48347.09,6.58,6.58,6.58,1,0
AT221161,2021-07-28,2021-07-29,2,38.851999999947,-7.30231200006273,34.349999999999994,34.8,33.9,17.35,18.2,16.5,78.5,84,73,21.5,23,20,0.0,0.0,0.0,0.0,0.0,0.0,0.0,0.0,0.0,19.2,20.7,17.7,41.05,42.1,40.0,288.5,294,283,28.195,28.33,28.06,46933.05,46972.42,46893.68,7.105,7.48,6.73,2,0
AT221167,2021-08-03,2021-08-03,1,39.0183569999536,-7.24454000049167,31.9,31.9,31.9,16.3,16.3,16.3,85.0,85,85,25.0,25,25,0.0,0.0,0.0,0.0,0.0,0.0,0.0,0.0,0.0,18.0,18.0,18.0,38.2,38.2,38.2,275.0,275,275,26.87,26.87,26.87,43456.83,43456.83,43456.83,6.66,6.66,6.66,1,0
AT221188,2021-08-14,2021-08-14,1,39.4740669997533,-7.74899300045437,38.7,38.7,38.7,23.0,23.0,23.0,57.0,57,57,11.0,11,11,0.0,0.0,0.0,0.0,0.0,0.0,0.0,0.0,0.0,16.2,16.2,16.2,37.4,37.4,37.4,275.0,275,275,23.93,23.93,23.93,46213.28,46213.28,46213.28,6.57,6.57,6.57,1,0
AT221194,2021-08-18,2021-08-18,1,39.2525,-8.15916666666667,33.3,33.3,33.3,15.9,15.9,15.9,81.0,81,81,21.0,21,21,0.0,0.0,0.0,0.0,0.0,0.0,0.0,0.0,0.0,24.6,24.6,24.6,48.2,48.2,48.2,323.0,323,323,25.47,25.47,25.47,45708.09,45708.09,45708.09,6.88,6.88,6.88,1,0
AT221198,2021-08-20,2021-08-20,1,39.0937150001526,-7.46771800001462,30.7,30.7,30.7,13.5,13.5,13.5,98.0,98,98,21.0,21,21,0.0,0.0,0.0,0.0,0.0,0.0,0.0,0.0,0.0,15.4,15.4,15.4,33.1,33.1,33.1,280.0,280,280,25.52,25.52,25.52,43927.25,43927.25,43927.25,5.88,5.88,5.88,1,0
AT221201,2021-08-21,2021-08-21,1,39.3374599999852,-7.68026199976603,32.7,32.7,32.7,14.4,14.4,14.4,90.0,90,90,25.0,25,25,0.0,0.0,0.0,0.0,0.0,0.0,0.0,0.0,0.0,18.5,18.5,18.5,37.8,37.8,37.8,293.0,293,293,25.37,25.37,25.37,45318.48,45318.48,45318.48,5.96,5.96,5.96,1,0
AT221227,2021-09-12,2021-09-12,1,38.9774550003476,-7.28339999999851,32.4,32.4,32.4,16.8,16.8,16.8,83.0,83,83,22.0,22,22,0.0,0.0,0.0,0.0,0.0,0.0,0.0,0.0,0.0,17.9,17.9,17.9,39.6,39.6,39.6,193.0,193,193,21.34,21.34,21.34,40884.09,40884.09,40884.09,5.34,5.34,5.34,1,0
AT22167,2021-06-03,2021-06-03,1,39.1624279997084,-7.65101999998093,24.5,24.5,24.5,11.2,11.2,11.2,88.0,88,88,31.0,31,31,0.0,0.0,0.0,0.0,0.0,0.0,0.0,0.0,0.0,20.4,20.4,20.4,45.4,45.4,45.4,299.0,299,299,29.71,29.71,29.71,48214.35,48214.35,48214.35,5.74,5.74,5.74,1,0
AT321118,2021-06-08,2021-06-09,2,38.2686111111111,-7.25361111111111,36.3,36.4,36.2,16.549999999999997,16.9,16.2,62.5,73,52,12.5,13,12,0.0,0.0,0.0,0.0,0.0,0.0,0.0,0.0,0.0,15.7,16.5,14.9,31.299999999999997,32.4,30.2,315.0,325,305,30.025,30.07,29.98,47991.015,47992.96,47989.07,7.465,7.61,7.32,2,0
AT321181,2021-07-02,2021-07-03,2,37.6522222222222,-8.50388888888889,29.299999999999997,30.4,28.2,15.5,16.7,14.3,93.5,97,90,36.5,46,27,0.0,0.0,0.0,0.0,0.0,0.0,0.0,0.0,0.0,22.0,23.2,20.8,43.05,44.3,41.8,314.5,315,314,27.42,29.9,24.94,44555.895000000004,48397.22,40714.57,5.755,6.54,4.97,2,0
AT321198,2021-07-08,2021-07-08,1,37.6952777777778,-8.07111111111111,32.4,32.4,32.4,14.0,14.0,14.0,80.0,80,80,16.0,16,16,0.0,0.0,0.0,0.0,0.0,0.0,0.0,0.0,0.0,21.7,21.7,21.7,41.8,41.8,41.8,343.0,343,343,30.23,30.23,30.23,48027.98,48027.98,48027.98,7.48,7.48,7.48,1,0
AT321216,2021-07-13,2021-07-13,1,38.1933333333333,-8.12277777777778,30.7,30.7,30.7,14.4,14.4,14.4,81.0,81,81,20.0,20,20,0.0,0.0,0.0,0.0,0.0,0.0,0.0,0.0,0.0,19.2,19.2,19.2,38.9,38.9,38.9,341.0,341,341,29.55,29.55,29.55,47877.71,47877.71,47877.71,7.25,7.25,7.25,1,0
AT321261,2021-07-29,2021-07-29,1,37.5516666666667,-7.80472222222222,36.3,36.3,36.3,19.0,19.0,19.0,72.0,72,72,25.0,25,25,0.0,0.0,0.0,0.0,0.0,0.0,0.0,0.0,0.0,21.4,21.4,21.4,45.4,45.4,45.4,293.0,293,293,27.85,27.85,27.85,46888.27,46888.27,46888.27,7.17,7.17,7.17,1,0
AT321313,2021-08-18,2021-08-19,2,37.4383333333333,-8.57444444444444,27.3,28.8,25.8,16.15,16.9,15.4,93.5,100,87,36.0,43,29,0.0,0.0,0.0,0.0,0.0,0.0,0.0,0.0,0.0,18.65,19.0,18.3,38.7,38.9,38.5,305.5,310,301,25.700000000000003,25.96,25.44,44443.525,45445.65,43441.4,5.15,5.48,4.82,2,0
AT321403,2021-10-01,2021-10-01,1,37.5291666666667,-7.83861111111111,28.4,28.4,28.4,14.8,14.8,14.8,92.0,92,92,28.0,28,28,0.0,0.0,0.0,0.0,0.0,0.0,0.0,0.0,0.0,12.7,12.7,12.7,28.8,28.8,28.8,302.0,302,302,18.94,18.94,18.94,38933.53,38933.53,38933.53,4.24,4.24,4.24,1,0
AT321445,2021-10-28,2021-10-28,1,37.4294444444444,-8.47722222222222,25.1,25.1,25.1,12.5,12.5,12.5,96.0,96,96,40.0,40,40,0.4,0.4,0.4,0.4,0.4,0.4,1.0,1.0,1.0,12.1,12.1,12.1,28.1,28.1,28.1,194.0,194,194,13.84,13.84,13.84,34715.86,34715.86,34715.86,2.8,2.8,2.8,1,0
AT32195,2021-05-29,2021-05-29,1,37.5513888888889,-8.07027777777778,32.3,32.3,32.3,14.9,14.9,14.9,69.0,69,69,23.0,23,23,0.0,0.0,0.0,0.0,0.0,0.0,0.0,0.0,0.0,19.1,19.1,19.1,36.0,36.0,36.0,322.0,322,322,28.38,28.38,28.38,47056.77,47056.77,47056.77,6.6,6.6,6.6,1,0
BI12115,2021-01-17,2021-01-17,1,40.3413888888889,-6.91805555555556,12.5,12.5,12.5,0.6,0.6,0.6,60.0,60,60,21.0,21,21,0.0,0.0,0.0,0.0,0.0,0.0,0.0,0.0,0.0,12.3,12.3,12.3,25.6,25.6,25.6,53.0,53,53,10.9,10.9,10.9,31250.06,31250.06,31250.06,1.84,1.84,1.84,1,0
BI12119,2021-01-19,2021-01-19,1,40.5633333333333,-7.54166666666667,11.7,11.7,11.7,1.8,1.8,1.8,90.0,90,90,59.0,59,59,0.2,0.2,0.2,0.2,0.2,0.2,2.0,2.0,2.0,9.2,9.2,9.2,48.2,48.2,48.2,23.0,23,23,7.6,7.6,7.6,26162.25,26162.25,26162.25,1.1,1.1,1.1,1,0
BI121206,2021-06-09,2021-06-09,1,40.815,-7.03388888888889,32.1,32.1,32.1,14.4,14.4,14.4,88.0,88,88,20.0,20,20,0.0,0.0,0.0,0.0,0.0,0.0,0.0,0.0,0.0,14.5,14.5,14.5,32.0,32.0,32.0,338.0,338,338,30.64,30.64,30.64,50142.78,50142.78,50142.78,6.77,6.77,6.77,1,0
BI121212,2021-06-11,2021-06-11,1,40.7916666666667,-7.02611111111111,32.0,32.0,32.0,17.8,17.8,17.8,76.0,76,76,23.0,23,23,0.6,0.6,0.6,0.6,0.6,0.6,1.0,1.0,1.0,14.8,14.8,14.8,59.0,59.0,59.0,12.0,12,12,24.62,24.62,24.62,44931.48,44931.48,44931.48,5.74,5.74,5.74,1,0
BI121216,2021-06-12,2021-06-12,1,40.7447222222222,-7.35444444444444,29.0,29.0,29.0,17.0,17.0,17.0,73.0,73,73,31.0,31,31,0.1,0.1,0.1,0.1,0.1,0.1,1.0,1.0,1.0,19.5,19.5,19.5,39.2,39.2,39.2,54.0,54,54,23.89,23.89,23.89,46575.76,46575.76,46575.76,5.82,5.82,5.82,1,0
BI121238,2021-07-01,2021-07-03,3,40.6102777777778,-6.905,28.7,29.8,27.3,13.833333333333334,15.1,13.0,84.66666666666667,89,82,28.333333333333332,36,21,0.0,0.0,0.0,0.0,0.0,0.0,0.0,0.0,0.0,17.53333333333333,19.4,14.0,40.53333333333333,44.6,34.2,294.0,297,292,27.866666666666664,30.41,23.27,48279.026666666665,50122.36,45367.2,6.016666666666667,6.5,5.06,3,0
BI121243,2021-07-08,2021-07-08,1,40.8166666666667,-6.9975,28.0,28.0,28.0,11.7,11.7,11.7,89.0,89,89,21.0,21,21,0.0,0.0,0.0,0.0,0.0,0.0,0.0,0.0,0.0,10.1,10.1,10.1,26.3,26.3,26.3,360.0,360,360,30.48,30.48,30.48,49886.2,49886.2,49886.2,6.1,6.1,6.1,1,0
BI121255,2021-07-16,2021-07-18,3,40.3419444444444,-7.23083333333333,35.73333333333333,36.6,35.3,21.599999999999998,22.7,19.5,48.666666666666664,57,44,17.0,19,16,0.0,0.0,0.0,0.0,0.0,0.0,0.0,0.0,0.0,22.8,26.7,18.8,43.06666666666666,51.1,34.2,9.0,21,0,27.53333333333333,29.65,23.94,47747.28666666666,48825.69,46043.31,8.62,9.17,8.1,3,0
BI121276,2021-08-01,2021-08-01,1,40.6672222222222,-6.83444444444444,24.3,24.3,24.3,9.9,9.9,9.9,93.0,93,93,31.0,31,31,0.2,0.2,0.2,0.2,0.2,0.2,2.0,2.0,2.0,22.6,22.6,22.6,51.1,51.1,51.1,311.0,311,311,23.84,23.84,23.84,42845.71,42845.71,42845.71,4.62,4.62,4.62,1,0
BI121279,2021-08-01,2021-08-02,2,40.9205555555556,-6.94111111111111,24.950000000000003,25.1,24.8,13.55,15.1,12.0,90.5,97,84,36.5,40,33,0.65,1.3,0.0,0.65,1.3,0.0,3.5,7.0,0.0,14.0,15.0,13.0,34.0,37.8,30.2,302.5,309,296,22.564999999999998,24.29,20.84,43576.175,43926.55,43225.8,4.52,4.76,4.28,1,0
BI121295,2021-08-11,2021-08-11,1,41.0208333333333,-7.0275,38.1,38.1,38.1,20.2,20.2,20.2,80.0,80,80,17.0,17,17,0.0,0.0,0.0,0.0,0.0,0.0,0.0,0.0,0.0,16.9,16.9,16.9,38.5,38.5,38.5,297.0,297,297,26.42,26.42,26.42,46670.62,46670.62,46670.62,6.4,6.4,6.4,1,0
BI121328,2021-08-20,2021-08-20,1,40.6697222222222,-6.85888888888889,30.4,30.4,30.4,13.7,13.7,13.7,80.0,80,80,23.0,23,23,0.0,0.0,0.0,0.0,0.0,0.0,0.0,0.0,0.0,16.9,16.9,16.9,38.9,38.9,38.9,284.0,284,284,25.82,25.82,25.82,45639.32,45639.32,45639.32,6.04,6.04,6.04,1,0
BI121345,2021-08-26,2021-08-26,1,40.6461111111111,-6.80277777777778,30.5,30.5,30.5,17.4,17.4,17.4,88.0,88,88,26.0,26,26,0.2,0.2,0.2,0.2,0.2,0.2,2.0,2.0,2.0,14.4,14.4,14.4,36.4,36.4,36.4,194.0,194,194,20.71,20.71,20.71,44773.38,44773.38,44773.38,4.93,4.93,4.93,1,0
BI121352,2021-08-28,2021-08-29,2,41.0411111111111,-7.08361111111111,28.85,29.6,28.1,16.2,16.4,16.0,85.0,86,84,33.5,35,32,0.0,0.0,0.0,0.0,0.0,0.0,0.0,0.0,0.0,15.7,16.5,14.9,40.5,41.4,39.6,274.5,277,272,21.09,22.56,19.62,43494.395000000004,44136.81,42851.98,4.615,4.93,4.3,2,0
BI121389,2021-09-12,2021-09-12,1,41.0338888888889,-7.04722222222222,32.4,32.4,32.4,15.0,15.0,15.0,87.0,87,87,23.0,23,23,0.0,0.0,0.0,0.0,0.0,0.0,0.0,0.0,0.0,16.0,16.0,16.0,39.6,39.6,39.6,174.0,174,174,20.8,20.8,20.8,41112.94,41112.94,41112.94,4.92,4.92,4.92,1,0
BI121443,2021-10-28,2021-10-28,1,40.685,-7.07833333333333,19.7,19.7,19.7,6.9,6.9,6.9,84.0,84,84,36.0,36,36,2.3,2.3,2.3,2.3,2.3,2.3,1.0,1.0,1.0,19.1,19.1,19.1,38.9,38.9,38.9,207.0,207,207,12.49,12.49,12.49,31062.32,31062.32,31062.32,3.04,3.04,3.04,0,0
BI121445,2021-10-28,2021-10-28,1,40.8713888888889,-7.14388888888889,20.3,20.3,20.3,7.4,7.4,7.4,83.0,83,83,36.0,36,36,6.5,6.5,6.5,6.5,6.5,6.5,3.0,3.0,3.0,22.3,22.3,22.3,43.9,43.9,43.9,221.0,221,221,12.25,12.25,12.25,31028.72,31028.72,31028.72,2.95,2.95,2.95,0,0
BI121449,2021-10-28,2021-10-28,1,40.5616666666667,-7.19083333333333,17.9,17.9,17.9,7.5,7.5,7.5,76.0,76,76,39.0,39,39,2.3,2.3,2.3,2.3,2.3,2.3,2.0,2.0,2.0,20.2,20.2,20.2,38.9,38.9,38.9,195.0,195,195,12.6,12.6,12.6,31054.06,31054.06,31054.06,2.85,2.85,2.85,0,0
BI121539,2021-12-05,2021-12-05,1,40.3308333333333,-7.07694444444444,8.8,8.8,8.8,3.7,3.7,3.7,96.0,96,96,66.0,66,66,0.4,0.4,0.4,0.4,0.4,0.4,3.0,3.0,3.0,31.1,31.1,31.1,58.7,58.7,58.7,327.0,327,327,6.05,6.05,6.05,22031.95,22031.95,22031.95,0.96,0.96,0.96,1,1
BI121546,2021-12-19,2021-12-19,1,40.5447222222222,-7.34611111111111,10.1,10.1,10.1,4.2,4.2,4.2,90.0,90,90,68.0,68,68,0.0,0.0,0.0,0.0,0.0,0.0,0.0,0.0,0.0,25.5,25.5,25.5,67.0,67.0,67.0,155.0,155,155,8.11,8.11,8.11,29620.13,29620.13,29620.13,1.16,1.16,1.16,1,0
BI12163,2021-03-16,2021-03-16,1,40.7172222222222,-7.09638888888889,16.5,16.5,16.5,2.1,2.1,2.1,90.0,90,90,41.0,41,41,0.0,0.0,0.0,0.0,0.0,0.0,0.0,0.0,0.0,17.4,17.4,17.4,38.2,38.2,38.2,44.0,44,44,20.08,20.08,20.08,39401.53,39401.53,39401.53,3.14,3.14,3.14,1,0
BI12168,2021-03-17,2021-03-22,6,40.3236111111111,-7.71416666666667,14.85,18.3,11.6,1.7,4.6,-0.6,74.33333333333333,85,60,38.333333333333336,46,33,0.0,0.0,0.0,0.0,0.0,0.0,0.0,0.0,0.0,15.5,20.5,10.8,36.483333333333334,46.4,25.9,73.0,251,10,20.708333333333332,21.61,18.86,39951.38,40408.19,39537.25,3.2016666666666667,3.54,2.83,6,0
BI221106,2021-06-06,2021-06-06,1,39.8848150000307,-7.70269699997372,29.9,29.9,29.9,13.1,13.1,13.1,76.0,76,76,28.0,28,28,0.0,0.0,0.0,0.0,0.0,0.0,0.0,0.0,0.0,20.7,20.7,20.7,38.2,38.2,38.2,320.0,320,320,29.65,29.65,29.65,49117.23,49117.23,49117.23,6.87,6.87,6.87,1,0
BI221109,2021-06-08,2021-06-09,2,39.7835400000049,-8.2734380001492,29.55,30.5,28.6,13.05,13.5,12.6,88.0,89,87,29.0,29,29,0.0,0.0,0.0,0.0,0.0,0.0,0.0,0.0,0.0,23.7,24.2,23.2,46.45,47.9,45.0,328.5,331,326,30.53,30.79,30.27,49287.28,49523.1,49051.46,6.945,6.96,6.93,2,0
BI221177,2021-07-17,2021-07-17,1,39.8965950001611,-6.9626330004798,37.7,37.7,37.7,24.0,24.0,24.0,46.0,46,46,17.0,17,17,0.0,0.0,0.0,0.0,0.0,0.0,0.0,0.0,0.0,22.5,22.5,22.5,50.4,50.4,50.4,160.0,160,160,28.76,28.76,28.76,48088.73,48088.73,48088.73,8.71,8.71,8.71,1,0
BI221181,2021-07-18,2021-07-19,2,39.7738620000415,-8.0638050005171,29.85,30.9,28.8,16.2,16.9,15.5,84.5,88,81,41.5,43,40,0.0,0.0,0.0,0.0,0.0,0.0,0.0,0.0,0.0,23.549999999999997,24.2,22.9,47.5,48.6,46.4,317.0,319,315,28.93,29.12,28.74,48437.47,48482.37,48392.57,6.455,6.87,6.04,2,0
BI221189,2021-07-21,2021-07-21,1,40.1931699996524,-7.61960199991862,32.7,32.7,32.7,18.8,18.8,18.8,69.0,69,69,21.0,21,21,0.0,0.0,0.0,0.0,0.0,0.0,0.0,0.0,0.0,16.4,16.4,16.4,37.1,37.1,37.1,264.0,264,264,29.6,29.6,29.6,48185.32,48185.32,48185.32,6.62,6.62,6.62,1,0
BI221280,2021-08-25,2021-08-25,1,40.181982000139,-7.39692500008477,31.2,31.2,31.2,19.7,19.7,19.7,80.0,80,80,39.0,39,39,1.2,1.2,1.2,1.2,1.2,1.2,1.0,1.0,1.0,14.2,14.2,14.2,34.6,34.6,34.6,213.0,213,213,22.19,22.19,22.19,40577.89,40577.89,40577.89,4.92,4.92,4.92,0,0
BL121106,2021-03-08,2021-03-08,1,40.9219444444444,-7.70055555555556,8.4,8.4,8.4,2.7,2.7,2.7,100.0,100,100,61.0,61,61,0.0,0.0,0.0,0.0,0.0,0.0,0.0,0.0,0.0,19.4,19.4,19.4,41.4,41.4,41.4,37.0,37,37,11.93,11.93,11.93,37719.95,37719.95,37719.95,1.47,1.47,1.47,1,0
BL121107,2021-03-08,2021-03-09,2,40.9635779995388,-8.10023500000437,11.75,11.8,11.7,2.25,4.2,0.3,97.0,100,94,51.0,55,47,0.05,0.1,0.0,0.05,0.1,0.0,0.5,1.0,0.0,9.899999999999999,10.2,9.6,31.85,32.4,31.3,58.0,58,58,16.305,18.72,13.89,38188.72,38383.22,37994.22,2.205,2.5,1.91,2,0
BL121130,2021-03-16,2021-03-16,1,40.8628679996067,-7.82523300011953,14.8,14.8,14.8,4.8,4.8,4.8,71.0,71,71,50.0,50,50,0.0,0.0,0.0,0.0,0.0,0.0,0.0,0.0,0.0,25.4,25.4,25.4,52.2,52.2,52.2,50.0,50,50,20.02,20.02,20.02,39375.84,39375.84,39375.84,3.56,3.56,3.56,1,0
BL121150,2021-03-19,2021-03-19,1,40.9467079999712,-7.98413499997722,12.4,12.4,12.4,0.9,0.9,0.9,90.0,90,90,51.0,51,51,0.0,0.0,0.0,0.0,0.0,0.0,0.0,0.0,0.0,22.3,22.3,22.3,46.8,46.8,46.8,35.0,35,35,17.72,17.72,17.72,39693.82,39693.82,39693.82,2.45,2.45,2.45,1,0
BL121152,2021-03-19,2021-03-19,1,40.8818120002747,-7.8234680000941,13.1,13.1,13.1,1.7,1.7,1.7,88.0,88,88,49.0,49,49,0.0,0.0,0.0,0.0,0.0,0.0,0.0,0.0,0.0,24.9,24.9,24.9,50.0,50.0,50.0,35.0,35,35,17.7,17.7,17.7,39726.59,39726.59,39726.59,2.58,2.58,2.58,1,0
BL121155,2021-03-19,2021-03-19,1,40.9219444444444,-7.71805555555556,12.8,12.8,12.8,1.3,1.3,1.3,90.0,90,90,50.0,50,50,0.0,0.0,0.0,0.0,0.0,0.0,0.0,0.0,0.0,25.2,25.2,25.2,55.1,55.1,55.1,32.0,32,32,17.61,17.61,17.61,39722.61,39722.61,39722.61,2.43,2.43,2.43,1,0
BL121175,2021-03-21,2021-03-21,1,40.9911111111111,-7.84166666666667,10.6,10.6,10.6,-1.1,-1.1,-1.1,68.0,68,68,47.0,47,47,0.0,0.0,0.0,0.0,0.0,0.0,0.0,0.0,0.0,17.3,17.3,17.3,57.2,57.2,57.2,70.0,70,70,21.4,21.4,21.4,40306.38,40306.38,40306.38,2.83,2.83,2.83,1,0
BL121177,2021-03-21,2021-03-21,1,41.0761111111111,-7.92027777777778,11.7,11.7,11.7,-0.1,-0.1,-0.1,67.0,67,67,45.0,45,45,0.0,0.0,0.0,0.0,0.0,0.0,0.0,0.0,0.0,18.7,18.7,18.7,56.5,56.5,56.5,92.0,92,92,21.31,21.31,21.31,40307.26,40307.26,40307.26,2.88,2.88,2.88,1,0
BL12119,2021-01-12,2021-01-12,1,40.6502777777778,-8.12388888888889,6.6,6.6,6.6,-5.3,-5.3,-5.3,80.0,80,80,36.0,36,36,0.0,0.0,0.0,0.0,0.0,0.0,0.0,0.0,0.0,9.7,9.7,9.7,38.5,38.5,38.5,67.0,67,67,9.93,9.93,9.93,30603.34,30603.34,30603.34,1.03,1.03,1.03,1,0
BL121190,2021-03-23,2021-03-23,1,41.1025,-7.94083333333333,16.4,16.4,16.4,4.7,4.7,4.7,92.0,92,92,43.0,43,43,0.0,0.0,0.0,0.0,0.0,0.0,0.0,0.0,0.0,11.3,11.3,11.3,31.7,31.7,31.7,199.0,199,199,21.55,21.55,21.55,40448.62,40448.62,40448.62,3.23,3.23,3.23,1,0
BL121195,2021-03-23,2021-03-23,1,41.0622222222222,-7.855,16.4,16.4,16.4,5.9,5.9,5.9,95.0,95,95,41.0,41,41,0.0,0.0,0.0,0.0,0.0,0.0,0.0,0.0,0.0,11.0,11.0,11.0,30.2,30.2,30.2,228.0,228,228,21.82,21.82,21.82,40430.18,40430.18,40430.18,3.25,3.25,3.25,1,0
BL121196,2021-03-23,2021-03-23,1,41.0111111111111,-7.92638888888889,14.4,14.4,14.4,4.7,4.7,4.7,99.0,99,99,39.0,39,39,0.0,0.0,0.0,0.0,0.0,0.0,0.0,0.0,0.0,10.4,10.4,10.4,30.6,30.6,30.6,19.0,19,19,21.75,21.75,21.75,40438.5,40438.5,40438.5,3.26,3.26,3.26,1,0
BL121197,2021-03-23,2021-03-23,1,41.0297749996185,-7.96190199957954,13.8,13.8,13.8,4.0,4.0,4.0,99.0,99,99,39.0,39,39,0.0,0.0,0.0,0.0,0.0,0.0,0.0,0.0,0.0,10.4,10.4,10.4,30.6,30.6,30.6,19.0,19,19,21.75,21.75,21.75,40438.5,40438.5,40438.5,3.21,3.21,3.21,1,0
BL121218,2021-03-25,2021-03-25,1,40.8527777777778,-7.81611111111111,15.2,15.2,15.2,2.6,2.6,2.6,98.0,98,98,43.0,43,43,0.0,0.0,0.0,0.0,0.0,0.0,0.0,0.0,0.0,12.0,12.0,12.0,29.9,29.9,29.9,270.0,270,270,20.69,20.69,20.69,39645.0,39645.0,39645.0,3.04,3.04,3.04,1,0
BL121221,2021-03-25,2021-03-25,1,41.0765180004968,-7.91418400022719,14.9,14.9,14.9,3.1,3.1,3.1,100.0,100,100,57.0,57,57,0.0,0.0,0.0,0.0,0.0,0.0,0.0,0.0,0.0,11.6,11.6,11.6,33.8,33.8,33.8,267.0,267,267,19.98,19.98,19.98,39848.72,39848.72,39848.72,2.79,2.79,2.79,1,0
BL121235,2021-03-28,2021-03-28,1,41.08,-7.88527777777778,18.4,18.4,18.4,4.7,4.7,4.7,75.0,75,75,42.0,42,42,0.0,0.0,0.0,0.0,0.0,0.0,0.0,0.0,0.0,14.4,14.4,14.4,43.9,43.9,43.9,107.0,107,107,22.14,22.14,22.14,40900.79,40900.79,40900.79,3.58,3.58,3.58,1,0
BL121238,2021-03-28,2021-03-28,1,41.065722000334,-7.92350799984402,18.1,18.1,18.1,4.4,4.4,4.4,75.0,75,75,42.0,42,42,0.0,0.0,0.0,0.0,0.0,0.0,0.0,0.0,0.0,14.4,14.4,14.4,43.9,43.9,43.9,107.0,107,107,22.14,22.14,22.14,40900.79,40900.79,40900.79,3.55,3.55,3.55,1,0
BL121248,2021-03-30,2021-03-30,1,40.9699370000098,-7.99768999947442,15.7,15.7,15.7,6.2,6.2,6.2,88.0,88,88,50.0,50,50,2.4,2.4,2.4,2.4,2.4,2.4,7.0,7.0,7.0,14.2,14.2,14.2,37.8,37.8,37.8,82.0,82,82,14.41,14.41,14.41,18342.52,18342.52,18342.52,2.33,2.33,2.33,0,0
BL121250,2021-03-31,2021-03-31,1,40.9719270001517,-7.99818200005425,19.5,19.5,19.5,6.3,6.3,6.3,70.0,70,70,28.0,28,28,0.0,0.0,0.0,0.0,0.0,0.0,0.0,0.0,0.0,25.8,25.8,25.8,54.0,54.0,54.0,110.0,110,110,21.13,21.13,21.13,40107.41,40107.41,40107.41,4.56,4.56,4.56,1,0
BL121253,2021-03-31,2021-03-31,1,41.0269799995422,-7.90721300019158,21.6,21.6,21.6,8.6,8.6,8.6,77.0,77,77,31.0,31,31,0.0,0.0,0.0,0.0,0.0,0.0,0.0,0.0,0.0,19.8,19.8,19.8,64.1,64.1,64.1,112.0,112,112,20.64,20.64,20.64,40100.49,40100.49,40100.49,4.25,4.25,4.25,1,0
BL121261,2021-03-31,2021-04-01,2,40.8488888888889,-8.17944444444444,18.200000000000003,22.1,14.3,8.55,8.6,8.5,84.0,100,68,34.5,37,32,12.5,25.0,0.0,12.5,25.0,0.0,10.0,20.0,0.0,18.0,20.4,15.6,62.1,66.2,58.0,136.5,158,115,14.5,19.86,9.14,30867.595,39025.73,22709.46,2.995,4.37,1.62,1,0
BL121291,2021-04-07,2021-04-07,1,40.9408333333333,-8.00166666666667,15.5,15.5,15.5,2.5,2.5,2.5,83.0,83,83,39.0,39,39,0.0,0.0,0.0,0.0,0.0,0.0,0.0,0.0,0.0,23.2,23.2,23.2,48.2,48.2,48.2,54.0,54,54,23.28,23.28,23.28,41136.42,41136.42,41136.42,3.39,3.39,3.39,1,0
BL12133,2021-01-17,2021-01-17,1,40.9788888888889,-7.90527777777778,11.4,11.4,11.4,-3.2,-3.2,-3.2,77.0,77,77,25.0,25,25,0.0,0.0,0.0,0.0,0.0,0.0,0.0,0.0,0.0,10.1,10.1,10.1,16.9,16.9,16.9,30.0,30,30,10.6,10.6,10.6,31001.32,31001.32,31001.32,1.46,1.46,1.46,1,0
BL12140,2021-01-17,2021-01-17,1,40.9184500000212,-7.79912000020345,12.0,12.0,12.0,-2.6,-2.6,-2.6,77.0,77,77,25.0,25,25,0.0,0.0,0.0,0.0,0.0,0.0,0.0,0.0,0.0,10.1,10.1,10.1,16.9,16.9,16.9,30.0,30,30,10.6,10.6,10.6,31001.32,31001.32,31001.32,1.48,1.48,1.48,1,0
BL12141,2021-01-17,2021-01-17,1,40.983944999973,-7.89922300020854,11.5,11.5,11.5,-3.1,-3.1,-3.1,77.0,77,77,25.0,25,25,0.0,0.0,0.0,0.0,0.0,0.0,0.0,0.0,0.0,10.1,10.1,10.1,16.9,16.9,16.9,30.0,30,30,10.6,10.6,10.6,31001.32,31001.32,31001.32,1.46,1.46,1.46,1,0
BL121470,2021-07-21,2021-07-21,1,40.8183333333333,-7.71138888888889,29.4,29.4,29.4,13.0,13.0,13.0,93.0,93,93,37.0,37,37,0.0,0.0,0.0,0.0,0.0,0.0,0.0,0.0,0.0,13.1,13.1,13.1,30.6,30.6,30.6,244.0,244,244,29.33,29.33,29.33,48543.31,48543.31,48543.31,6.09,6.09,6.09,1,0
BL12148,2021-01-19,2021-01-19,1,40.9688888888889,-7.90083333333333,7.7,7.7,7.7,1.5,1.5,1.5,100.0,100,100,47.0,47,47,2.3,2.3,2.3,2.3,2.3,2.3,7.0,7.0,7.0,24.3,24.3,24.3,77.4,77.4,77.4,176.0,176,176,6.93,6.93,6.93,18823.55,18823.55,18823.55,0.96,0.96,0.96,0,0
BL121501,2021-08-02,2021-08-02,1,40.6813900004493,-7.59194199985928,26.6,26.6,26.6,16.2,16.2,16.2,94.0,94,94,36.0,36,36,1.3,1.3,1.3,1.3,1.3,1.3,9.0,9.0,9.0,12.9,12.9,12.9,27.0,27.0,27.0,271.0,271,271,21.11,21.11,21.11,39858.46,39858.46,39858.46,4.37,4.37,4.37,0,0
BL12151,2021-01-19,2021-01-19,1,40.9380555555556,-7.78861111111111,6.3,6.3,6.3,0.6,0.6,0.6,100.0,100,100,58.0,58,58,1.5,1.5,1.5,1.5,1.5,1.5,7.0,7.0,7.0,27.6,27.6,27.6,59.0,59.0,59.0,200.0,200,200,6.98,6.98,6.98,18981.53,18981.53,18981.53,0.93,0.93,0.93,0,0
BL12152,2021-01-19,2021-01-19,1,41.0530555555556,-8.13916666666667,9.2,9.2,9.2,1.6,1.6,1.6,94.0,94,94,61.0,61,61,0.8,0.8,0.8,0.8,0.8,0.8,5.0,5.0,5.0,22.1,22.1,22.1,88.9,88.9,88.9,156.0,156,156,6.83,6.83,6.83,18742.28,18742.28,18742.28,1.06,1.06,1.06,1,0
BL12155,2021-01-19,2021-01-19,1,40.6138888888889,-8.14888888888889,6.3,6.3,6.3,0.0,0.0,0.0,95.0,95,95,48.0,48,48,1.2,1.2,1.2,1.2,1.2,1.2,7.0,7.0,7.0,20.4,20.4,20.4,73.4,73.4,73.4,170.0,170,170,5.11,5.11,5.11,13397.34,13397.34,13397.34,0.84,0.84,0.84,0,0
BL12158,2021-01-19,2021-01-20,2,41.0191666666667,-8.17277777777778,9.399999999999999,9.7,9.1,4.0,6.5,1.5,96.5,99,94,74.0,87,61,18.299999999999997,35.8,0.8,18.299999999999997,35.8,0.8,14.5,24.0,5.0,23.200000000000003,24.3,22.1,95.2,101.5,88.9,182.5,209,156,4.485,6.83,2.14,10393.055,18742.28,2043.83,0.71,1.06,0.36,1,0
BL121670,2021-09-06,2021-09-06,1,41.0447870000203,-7.9874220000373,27.7,27.7,27.7,18.4,18.4,18.4,87.0,87,87,34.0,34,34,0.2,0.2,0.2,0.2,0.2,0.2,2.0,2.0,2.0,20.3,20.3,20.3,69.1,69.1,69.1,158.0,158,158,17.97,17.97,17.97,40047.07,40047.07,40047.07,4.36,4.36,4.36,1,0
BL12173,2021-02-28,2021-02-28,1,41.022873000039,-8.05380299992031,14.8,14.8,14.8,4.1,4.1,4.1,86.0,86,86,50.0,50,50,0.4,0.4,0.4,0.4,0.4,0.4,1.0,1.0,1.0,11.8,11.8,11.8,40.7,40.7,40.7,117.0,117,117,16.96,16.96,16.96,37217.25,37217.25,37217.25,2.56,2.56,2.56,1,0
BL121739,2021-10-15,2021-10-15,1,41.0546120002535,-8.16048499955071,21.4,21.4,21.4,12.3,12.3,12.3,85.0,85,85,41.0,41,41,0.0,0.0,0.0,0.0,0.0,0.0,0.0,0.0,0.0,8.9,8.9,8.9,25.2,25.2,25.2,233.0,233,233,15.56,15.56,15.56,36566.87,36566.87,36566.87,2.72,2.72,2.72,1,0
BL121777,2021-10-28,2021-10-29,2,40.9369000000424,-8.07066999991735,18.25,19.3,17.2,11.7,13.2,10.2,97.5,100,95,67.5,81,54,32.95,49.3,16.6,32.95,49.3,16.6,15.0,24.0,6.0,21.299999999999997,24.9,17.7,68.6,86.4,50.8,184.0,195,173,7.615,10.57,4.66,15545.210000000001,27171.31,3919.11,1.515,2.19,0.84,0,0
BL121785,2021-11-07,2021-11-08,2,40.9666630003187,-8.02809299998813,11.1,13.1,9.1,1.7,3.5,-0.1,76.0,79,73,50.0,51,49,0.0,0.0,0.0,0.0,0.0,0.0,0.0,0.0,0.0,13.65,13.8,13.5,46.8,46.8,46.8,44.0,47,41,11.88,12.3,11.46,33057.025,33195.32,32918.73,1.6949999999999998,1.71,1.68,2,0
BL121793,2021-11-14,2021-11-14,1,40.9644519996643,-8.02306700017717,13.9,13.9,13.9,3.1,3.1,3.1,81.0,81,81,43.0,43,43,0.0,0.0,0.0,0.0,0.0,0.0,0.0,0.0,0.0,10.4,10.4,10.4,34.2,34.2,34.2,34.0,34,34,11.71,11.71,11.71,31986.7,31986.7,31986.7,1.76,1.76,1.76,1,0
BL121797,2021-11-17,2021-11-17,1,40.9609549999237,-8.05492999977536,10.2,10.2,10.2,3.7,3.7,3.7,89.0,89,89,58.0,58,58,0.0,0.0,0.0,0.0,0.0,0.0,0.0,0.0,0.0,22.9,22.9,22.9,69.8,69.8,69.8,60.0,60,60,10.68,10.68,10.68,31304.32,31304.32,31304.32,1.59,1.59,1.59,1,0
BL121803,2021-11-18,2021-11-18,1,40.8816666666667,-7.85638888888889,12.2,12.2,12.2,4.6,4.6,4.6,79.0,79,79,54.0,54,54,0.0,0.0,0.0,0.0,0.0,0.0,0.0,0.0,0.0,25.5,25.5,25.5,53.6,53.6,53.6,58.0,58,58,10.76,10.76,10.76,31398.38,31398.38,31398.38,1.94,1.94,1.94,1,0
BL121827,2021-11-27,2021-11-27,1,40.9052849997414,-7.84709600024753,7.8,7.8,7.8,0.5,0.5,0.5,99.0,99,99,58.0,58,58,0.7,0.7,0.7,0.7,0.7,0.7,4.0,4.0,4.0,23.4,23.4,23.4,49.3,49.3,49.3,327.0,327,327,8.4,8.4,8.4,29646.66,29646.66,29646.66,1.06,1.06,1.06,1,0
BL121842,2021-12-19,2021-12-19,1,40.9502049999932,-8.07210199991862,11.8,11.8,11.8,5.3,5.3,5.3,82.0,82,82,66.0,66,66,0.0,0.0,0.0,0.0,0.0,0.0,0.0,0.0,0.0,16.7,16.7,16.7,51.1,51.1,51.1,112.0,112,112,8.22,8.22,8.22,29425.64,29425.64,29425.64,1.23,1.23,1.23,1,0
BL12185,2021-03-04,2021-03-04,1,40.9955555555556,-7.82694444444444,12.0,12.0,12.0,5.4,5.4,5.4,93.0,93,93,68.0,68,68,1.6,1.6,1.6,1.6,1.6,1.6,4.0,4.0,4.0,16.6,16.6,16.6,50.0,50.0,50.0,135.0,135,135,9.97,9.97,9.97,19424.68,19424.68,19424.68,1.42,1.42,1.42,0,0
BL321103,2021-03-06,2021-03-06,1,40.9759799999661,-8.15131500005722,15.7,15.7,15.7,5.7,5.7,5.7,87.0,87,87,49.0,49,49,0.0,0.0,0.0,0.0,0.0,0.0,0.0,0.0,0.0,11.3,11.3,11.3,25.6,25.6,25.6,142.0,142,142,15.52,15.52,15.52,38062.95,38062.95,38062.95,2.36,2.36,2.36,1,0
BL3211122,2021-10-08,2021-10-08,1,41.0266280004713,-8.15926799986098,21.8,21.8,21.8,10.8,10.8,10.8,85.0,85,85,48.0,48,48,0.0,0.0,0.0,0.0,0.0,0.0,0.0,0.0,0.0,9.7,9.7,9.7,26.3,26.3,26.3,92.0,92,92,16.87,16.87,16.87,37940.25,37940.25,37940.25,3.03,3.03,3.03,1,0
BL321127,2021-03-15,2021-03-15,1,40.8343000000053,-8.34653299967448,17.4,17.4,17.4,6.5,6.5,6.5,86.0,86,86,45.0,45,45,0.0,0.0,0.0,0.0,0.0,0.0,0.0,0.0,0.0,17.1,17.1,17.1,49.0,49.0,49.0,82.0,82,82,19.37,19.37,19.37,39092.06,39092.06,39092.06,3.16,3.16,3.16,1,0
BL321146,2021-03-17,2021-03-17,1,40.9289850001865,-8.25304399993685,19.2,19.2,19.2,9.9,9.9,9.9,63.0,63,63,43.0,43,43,0.0,0.0,0.0,0.0,0.0,0.0,0.0,0.0,0.0,22.9,22.9,22.9,56.5,56.5,56.5,93.0,93,93,20.04,20.04,20.04,39527.75,39527.75,39527.75,4.14,4.14,4.14,1,0
BL321150,2021-03-17,2021-03-17,1,40.9959719996982,-8.5075,20.3,20.3,20.3,10.7,10.7,10.7,61.0,61,61,42.0,42,42,0.0,0.0,0.0,0.0,0.0,0.0,0.0,0.0,0.0,26.0,26.0,26.0,50.0,50.0,50.0,65.0,65,65,19.9,19.9,19.9,39498.03,39498.03,39498.03,4.56,4.56,4.56,1,0
BL321160,2021-03-18,2021-03-18,1,40.9564629999797,-8.48815000004238,16.5,16.5,16.5,8.5,8.5,8.5,63.0,63,63,37.0,37,37,0.0,0.0,0.0,0.0,0.0,0.0,0.0,0.0,0.0,23.3,23.3,23.3,47.9,47.9,47.9,61.0,61,61,19.63,19.63,19.63,39528.62,39528.62,39528.62,4.07,4.07,4.07,1,0
BL321182,2021-03-20,2021-03-20,1,40.7527369999886,-8.29641299989488,16.9,16.9,16.9,5.4,5.4,5.4,84.0,84,84,36.0,36,36,0.0,0.0,0.0,0.0,0.0,0.0,0.0,0.0,0.0,15.5,15.5,15.5,30.2,30.2,30.2,45.0,45,45,20.68,20.68,20.68,40032.8,40032.8,40032.8,3.33,3.33,3.33,1,0
BL32120,2021-01-13,2021-01-14,2,40.8683840000629,-8.22757399982876,8.45,9.2,7.7,-1.95,-1.1,-2.8,93.0,95,91,38.5,48,29,0.0,0.0,0.0,0.0,0.0,0.0,0.0,0.0,0.0,9.55,10.5,8.6,28.450000000000003,34.2,22.7,329.5,338,321,9.99,10.0,9.98,30660.934999999998,30710.66,30611.21,1.15,1.23,1.07,2,0
BL321202,2021-03-21,2021-03-22,2,40.877238000234,-8.29432300037808,13.850000000000001,14.8,12.9,0.45000000000000007,1.1,-0.2,80.5,84,77,43.5,45,42,0.0,0.0,0.0,0.0,0.0,0.0,0.0,0.0,0.0,11.149999999999999,14.1,8.2,36.150000000000006,45.7,26.6,109.5,122,97,21.185000000000002,21.25,21.12,40359.21,40435.77,40282.65,3.035,3.08,2.99,2,0
BL321225,2021-03-25,2021-03-25,1,40.8793470001221,-8.26276499960158,12.3,12.3,12.3,1.5,1.5,1.5,100.0,100,100,51.0,51,51,0.0,0.0,0.0,0.0,0.0,0.0,0.0,0.0,0.0,11.5,11.5,11.5,33.8,33.8,33.8,314.0,314,314,20.06,20.06,20.06,39600.0,39600.0,39600.0,2.62,2.62,2.62,1,0
BL321241,2021-03-28,2021-03-29,2,40.9974949995677,-8.11147199948629,15.95,17.5,14.4,5.35,6.9,3.8,79.0,85,73,51.0,59,43,0.55,1.1,0.0,0.55,1.1,0.0,2.0,4.0,0.0,14.15,14.5,13.8,50.05,57.6,42.5,100.0,103,97,16.509999999999998,22.16,10.86,31276.504999999997,40786.1,21766.91,2.82,3.65,1.99,1,0
BL32150,2021-01-19,2021-01-19,1,40.865013999939,-8.28495300001568,6.8,6.8,6.8,-2.5,-2.5,-2.5,96.0,96,96,71.0,71,71,0.9,0.9,0.9,0.9,0.9,0.9,6.0,6.0,6.0,17.7,17.7,17.7,77.4,77.4,77.4,144.0,144,144,6.15,6.15,6.15,16110.06,16110.06,16110.06,0.75,0.75,0.75,1,0
BL3218,2021-01-08,2021-01-09,2,40.9806099997626,-8.11873799999555,3.8,4.0,3.6,-3.05,-2.5,-3.6,79.5,80,79,40.0,41,39,0.25,0.5,0.0,0.0,0.0,0.0,1.5,3.0,0.0,13.85,14.7,13.0,49.3,50.0,48.6,32.0,54,10,7.24,9.4,5.08,23428.43,29907.85,16949.01,1.08,1.19,0.97,2,0
BL32188,2021-03-02,2021-03-02,1,40.8168019999978,-8.44833699968126,13.6,13.6,13.6,7.6,7.6,7.6,97.0,97,97,69.0,69,69,1.4,1.4,1.4,1.4,1.4,1.4,8.0,8.0,8.0,15.0,15.0,15.0,33.1,33.1,33.1,183.0,183,183,11.35,11.35,11.35,36548.56,36548.56,36548.56,1.58,1.58,1.58,0,0
BL3219,2021-01-09,2021-01-09,1,40.8785509999593,-8.26006999969482,1.6,1.6,1.6,-5.2,-5.2,-5.2,76.0,76,76,37.0,37,37,0.2,0.2,0.2,0.0,0.0,0.0,2.0,2.0,2.0,13.4,13.4,13.4,45.7,45.7,45.7,7.0,7,7,4.65,4.65,4.65,15956.15,15956.15,15956.15,0.84,0.84,0.84,1,0
BL421331,2021-08-10,2021-08-10,1,39.9886799997754,-8.62511699994405,28.6,28.6,28.6,13.7,13.7,13.7,100.0,100,100,41.0,41,41,0.0,0.0,0.0,0.0,0.0,0.0,0.0,0.0,0.0,21.4,21.4,21.4,44.6,44.6,44.6,345.0,345,345,25.53,25.53,25.53,44968.87,44968.87,44968.87,5.1,5.1,5.1,1,0
DM2211273,2021-07-13,2021-07-13,1,41.3093930000729,-8.59048999998305,20.2,20.2,20.2,12.6,12.6,12.6,94.0,94,94,56.0,56,56,0.0,0.0,0.0,0.0,0.0,0.0,0.0,0.0,0.0,30.8,30.8,30.8,58.7,58.7,58.7,334.0,334,334,28.34,28.34,28.34,49304.77,49304.77,49304.77,4.35,4.35,4.35,1,1
DM2211366,2021-07-17,2021-07-17,1,41.0949989997016,-8.51401499960158,34.5,34.5,34.5,18.9,18.9,18.9,87.0,87,87,25.0,25,25,0.0,0.0,0.0,0.0,0.0,0.0,0.0,0.0,0.0,20.1,20.1,20.1,36.0,36.0,36.0,8.0,8,8,28.72,28.72,28.72,49006.95,49006.95,49006.95,7.24,7.24,7.24,1,0
DM2211373,2021-07-17,2021-07-17,1,41.2375400000148,-8.17475000010596,35.8,35.8,35.8,20.6,20.6,20.6,73.0,73,73,22.0,22,22,0.0,0.0,0.0,0.0,0.0,0.0,0.0,0.0,0.0,16.2,16.2,16.2,37.8,37.8,37.8,38.0,38,38,28.95,28.95,28.95,49054.89,49054.89,49054.89,7.35,7.35,7.35,1,0
DM2211673,2021-08-13,2021-08-13,1,41.2852030000422,-8.11553499963548,32.7,32.7,32.7,15.5,15.5,15.5,93.0,93,93,36.0,36,36,0.0,0.0,0.0,0.0,0.0,0.0,0.0,0.0,0.0,11.4,11.4,11.4,28.1,28.1,28.1,268.0,268,268,26.33,26.33,26.33,46326.28,46326.28,46326.28,5.63,5.63,5.63,1,0
DM2211700,2021-08-15,2021-08-16,2,41.1625029998355,-7.948027999666,29.6,29.7,29.5,16.85,19.2,14.5,85.0,88,82,30.5,31,30,0.0,0.0,0.0,0.0,0.0,0.0,0.0,0.0,0.0,12.45,12.6,12.3,35.8,36.0,35.6,153.0,271,35,26.355,26.69,26.02,46209.795,46237.78,46181.81,5.595,5.63,5.56,2,0
DM2211710,2021-08-15,2021-08-16,2,41.2241430001789,-7.89029200024075,27.65,27.7,27.6,12.7,13.9,11.5,82.5,89,76,28.0,29,27,0.0,0.0,0.0,0.0,0.0,0.0,0.0,0.0,0.0,12.5,13.2,11.8,42.150000000000006,43.6,40.7,310.0,333,287,26.235,26.54,25.93,46243.88,46271.95,46215.81,5.345000000000001,5.36,5.33,2,0
DM2211721,2021-08-16,2021-08-16,1,41.1133333333333,-8.40416666666667,31.8,31.8,31.8,14.4,14.4,14.4,98.0,98,98,30.0,30,30,0.0,0.0,0.0,0.0,0.0,0.0,0.0,0.0,0.0,17.6,17.6,17.6,38.5,38.5,38.5,343.0,343,343,25.71,25.71,25.71,46086.2,46086.2,46086.2,5.95,5.95,5.95,1,0
DM2211724,2021-08-16,2021-08-16,1,41.1455949995253,-7.97198499997457,29.1,29.1,29.1,14.1,14.1,14.1,88.0,88,88,31.0,31,31,0.0,0.0,0.0,0.0,0.0,0.0,0.0,0.0,0.0,12.3,12.3,12.3,35.6,35.6,35.6,35.0,35,35,26.02,26.02,26.02,46181.81,46181.81,46181.81,5.58,5.58,5.58,1,0
DM2211732,2021-08-16,2021-08-16,1,41.2220719999737,-7.88759199990167,26.6,26.6,26.6,10.4,10.4,10.4,76.0,76,76,26.0,26,26,0.0,0.0,0.0,0.0,0.0,0.0,0.0,0.0,0.0,13.2,13.2,13.2,43.6,43.6,43.6,333.0,333,333,25.93,25.93,25.93,46215.81,46215.81,46215.81,5.22,5.22,5.22,1,0
DM221187,2021-03-15,2021-03-15,1,41.1352749999364,-8.25237299998601,17.1,17.1,17.1,5.9,5.9,5.9,84.0,84,84,48.0,48,48,0.0,0.0,0.0,0.0,0.0,0.0,0.0,0.0,0.0,16.9,16.9,16.9,39.2,39.2,39.2,89.0,89,89,19.48,19.48,19.48,39125.03,39125.03,39125.03,2.94,2.94,2.94,1,0
DM2211879,2021-08-23,2021-08-23,1,41.1687150000201,-7.94230799992879,32.5,32.5,32.5,16.6,16.6,16.6,81.0,81,81,21.0,21,21,0.0,0.0,0.0,0.0,0.0,0.0,0.0,0.0,0.0,15.1,15.1,15.1,47.9,47.9,47.9,101.0,101,101,24.64,24.64,24.64,45273.75,45273.75,45273.75,5.57,5.57,5.57,1,0
DM2211887,2021-08-23,2021-08-23,1,41.2045629999373,-8.43709000004662,36.2,36.2,36.2,18.8,18.8,18.8,90.0,90,90,21.0,21,21,0.0,0.0,0.0,0.0,0.0,0.0,0.0,0.0,0.0,20.9,20.9,20.9,43.6,43.6,43.6,71.0,71,71,24.35,24.35,24.35,45282.73,45282.73,45282.73,6.48,6.48,6.48,1,0
DM2211912,2021-08-24,2021-08-24,1,41.0605555555556,-8.33,33.2,33.2,33.2,19.6,19.6,19.6,78.0,78,78,31.0,31,31,0.0,0.0,0.0,0.0,0.0,0.0,0.0,0.0,0.0,16.9,16.9,16.9,37.8,37.8,37.8,36.0,36,36,24.41,24.41,24.41,45117.55,45117.55,45117.55,6.43,6.43,6.43,1,0
DM2211986,2021-08-27,2021-08-27,1,41.1748699998856,-8.04982400046454,26.1,26.1,26.1,14.0,14.0,14.0,91.0,91,91,47.0,47,47,0.0,0.0,0.0,0.0,0.0,0.0,0.0,0.0,0.0,17.3,17.3,17.3,48.2,48.2,48.2,259.0,259,259,23.15,23.15,23.15,44677.7,44677.7,44677.7,4.32,4.32,4.32,1,0
DM221206,2021-03-16,2021-03-16,1,41.109365000195,-8.46671200000164,20.2,20.2,20.2,9.8,9.8,9.8,81.0,81,81,44.0,44,44,0.0,0.0,0.0,0.0,0.0,0.0,0.0,0.0,0.0,24.2,24.2,24.2,46.4,46.4,46.4,68.0,68,68,19.59,19.59,19.59,39300.99,39300.99,39300.99,3.95,3.95,3.95,1,0
DM221209,2021-03-16,2021-03-16,1,41.1327777777778,-8.24972222222222,17.6,17.6,17.6,7.4,7.4,7.4,81.0,81,81,48.0,48,48,0.0,0.0,0.0,0.0,0.0,0.0,0.0,0.0,0.0,25.2,25.2,25.2,58.7,58.7,58.7,87.0,87,87,19.82,19.82,19.82,39302.21,39302.21,39302.21,3.47,3.47,3.47,1,0
DM2212151,2021-09-06,2021-09-06,1,41.1520529999998,-8.06807299998071,28.1,28.1,28.1,17.6,17.6,17.6,89.0,89,89,37.0,37,37,0.1,0.1,0.1,0.1,0.1,0.1,1.0,1.0,1.0,15.5,15.5,15.5,52.2,52.2,52.2,155.0,155,155,18.18,18.18,18.18,40881.85,40881.85,40881.85,4.1,4.1,4.1,1,0
DM221221,2021-03-17,2021-03-17,1,41.1358400000466,-8.31998500002755,18.8,18.8,18.8,8.6,8.6,8.6,66.0,66,66,41.0,41,41,0.0,0.0,0.0,0.0,0.0,0.0,0.0,0.0,0.0,28.9,28.9,28.9,62.3,62.3,62.3,75.0,75,75,20.04,20.04,20.04,39539.14,39539.14,39539.14,3.93,3.93,3.93,1,0
DM2212400,2021-10-13,2021-10-14,2,41.1372020000882,-8.10034199999438,22.049999999999997,22.2,21.9,10.399999999999999,11.1,9.7,71.0,73,69,40.0,48,32,0.0,0.0,0.0,0.0,0.0,0.0,0.0,0.0,0.0,16.7,19.7,13.7,44.8,55.8,33.8,109.0,113,105,15.350000000000001,16.53,14.17,37011.465,37093.07,36929.86,3.265,3.7,2.83,2,0
DM221258,2021-03-19,2021-03-19,1,41.1122950002882,-8.20146299997966,16.3,16.3,16.3,5.2,5.2,5.2,84.0,84,84,50.0,50,50,0.0,0.0,0.0,0.0,0.0,0.0,0.0,0.0,0.0,16.9,16.9,16.9,51.1,51.1,51.1,58.0,58,58,17.88,17.88,17.88,39796.61,39796.61,39796.61,2.94,2.94,2.94,1,0
DM221263,2021-03-19,2021-03-19,1,41.3031699999174,-8.20599199983809,17.4,17.4,17.4,6.2,6.2,6.2,82.0,82,82,48.0,48,48,0.0,0.0,0.0,0.0,0.0,0.0,0.0,0.0,0.0,19.8,19.8,19.8,42.8,42.8,42.8,39.0,39,39,18.23,18.23,18.23,39758.56,39758.56,39758.56,3.21,3.21,3.21,1,0
DM221264,2021-03-19,2021-03-19,1,41.3278049998813,-8.24464699957106,16.2,16.2,16.2,4.7,4.7,4.7,79.0,79,79,48.0,48,48,0.0,0.0,0.0,0.0,0.0,0.0,0.0,0.0,0.0,21.1,21.1,21.1,43.9,43.9,43.9,40.0,40,40,18.34,18.34,18.34,39699.66,39699.66,39699.66,3.04,3.04,3.04,1,0
DM221439,2021-03-31,2021-03-31,1,41.3083850002289,-8.24172300020854,26.5,26.5,26.5,13.8,13.8,13.8,70.0,70,70,33.0,33,33,0.0,0.0,0.0,0.0,0.0,0.0,0.0,0.0,0.0,22.1,22.1,22.1,46.1,46.1,46.1,94.0,94,94,19.49,19.49,19.49,38497.52,38497.52,38497.52,4.88,4.88,4.88,1,0
DM221451,2021-03-31,2021-04-01,2,41.363666999605,-8.24326000001695,22.25,25.9,18.6,11.3,11.7,10.9,88.0,99,77,31.0,31,31,11.35,22.7,0.0,11.35,22.7,0.0,6.5,13.0,0.0,17.25,20.7,13.8,42.5,44.3,40.7,134.0,174,94,15.065,19.59,10.54,30715.885,38184.81,23246.96,3.4450000000000003,4.78,2.11,1,0
DM221453,2021-03-31,2021-04-01,2,41.1771520000034,-8.21747999999258,23.55,27.1,20.0,11.399999999999999,11.7,11.1,89.5,100,79,28.0,29,27,8.950000000000001,17.8,0.1,8.950000000000001,17.8,0.1,7.0,13.0,1.0,17.05,19.8,14.3,42.3,47.5,37.1,138.0,180,96,15.155,19.72,10.59,32935.15,40011.58,25858.72,3.2299999999999995,4.43,2.03,1,0
DM221491,2021-04-05,2021-04-05,1,41.3143300003476,-8.30831000010173,21.2,21.2,21.2,7.4,7.4,7.4,89.0,89,89,34.0,34,34,0.0,0.0,0.0,0.0,0.0,0.0,0.0,0.0,0.0,12.7,12.7,12.7,28.4,28.4,28.4,97.0,97,97,23.92,23.92,23.92,43043.78,43043.78,43043.78,4.08,4.08,4.08,1,0
DM221506,2021-04-06,2021-04-06,1,41.240347000228,-7.88828500005934,15.9,15.9,15.9,6.4,6.4,6.4,78.0,78,78,32.0,32,32,0.0,0.0,0.0,0.0,0.0,0.0,0.0,0.0,0.0,11.5,11.5,11.5,37.8,37.8,37.8,289.0,289,289,24.25,24.25,24.25,43327.36,43327.36,43327.36,3.62,3.62,3.62,1,0
DM221556,2021-04-11,2021-04-11,1,41.4453130001492,-8.70716199980842,18.9,18.9,18.9,10.4,10.4,10.4,98.0,98,98,45.0,45,45,0.5,0.5,0.5,0.5,0.5,0.5,2.0,2.0,2.0,19.6,19.6,19.6,36.7,36.7,36.7,16.0,16,16,23.18,23.18,23.18,44136.85,44136.85,44136.85,3.95,3.95,3.95,1,0
DM221558,2021-04-11,2021-04-11,1,41.4209750000636,-8.70906700028313,18.7,18.7,18.7,10.2,10.2,10.2,98.0,98,98,45.0,45,45,0.5,0.5,0.5,0.5,0.5,0.5,2.0,2.0,2.0,19.6,19.6,19.6,36.7,36.7,36.7,16.0,16,16,23.18,23.18,23.18,44136.85,44136.85,44136.85,3.92,3.92,3.92,1,0
DM221631,2021-04-17,2021-04-17,1,41.1077650001314,-8.20146199994617,18.7,18.7,18.7,7.2,7.2,7.2,78.0,78,78,44.0,44,44,0.0,0.0,0.0,0.0,0.0,0.0,0.0,0.0,0.0,14.8,14.8,14.8,33.8,33.8,33.8,81.0,81,81,25.7,25.7,25.7,45015.89,45015.89,45015.89,4.45,4.45,4.45,1,0
DM221638,2021-04-18,2021-04-18,1,41.1983170000712,-8.22892999966939,19.4,19.4,19.4,6.6,6.6,6.6,87.0,87,87,40.0,40,40,0.0,0.0,0.0,0.0,0.0,0.0,0.0,0.0,0.0,20.7,20.7,20.7,50.0,50.0,50.0,97.0,97,97,24.02,24.02,24.02,42264.15,42264.15,42264.15,4.0,4.0,4.0,1,0
DM221900,2021-06-03,2021-06-04,2,41.4345869999462,-8.70633799976773,18.85,20.1,17.6,10.4,10.8,10.0,87.5,91,84,51.0,57,45,0.0,0.0,0.0,0.0,0.0,0.0,0.0,0.0,0.0,28.25,30.9,25.6,54.2,58.7,49.7,333.5,335,332,30.325,30.36,30.29,50093.475,50176.7,50010.25,4.645,4.87,4.42,2,1
DM221959,2021-06-08,2021-06-08,1,41.2928520001305,-8.53299500041538,24.1,24.1,24.1,12.0,12.0,12.0,100.0,100,100,59.0,59,59,0.0,0.0,0.0,0.0,0.0,0.0,0.0,0.0,0.0,14.7,14.7,14.7,32.0,32.0,32.0,308.0,308,308,28.41,28.41,28.41,42371.25,42371.25,42371.25,4.88,4.88,4.88,1,0
DM321106,2021-03-18,2021-03-18,1,41.7638888888889,-8.31722222222222,12.4,12.4,12.4,3.1,3.1,3.1,81.0,81,81,39.0,39,39,0.0,0.0,0.0,0.0,0.0,0.0,0.0,0.0,0.0,13.6,13.6,13.6,45.7,45.7,45.7,46.0,46,46,19.4,19.4,19.4,39722.27,39722.27,39722.27,2.84,2.84,2.84,1,0
DM321107,2021-03-18,2021-03-18,1,42.0171229999926,-8.1520549999343,10.3,10.3,10.3,1.2,1.2,1.2,91.0,91,91,54.0,54,54,0.0,0.0,0.0,0.0,0.0,0.0,0.0,0.0,0.0,17.7,17.7,17.7,49.3,49.3,49.3,41.0,41,41,19.59,19.59,19.59,39732.96,39732.96,39732.96,2.37,2.37,2.37,1,0
DM321110,2021-03-18,2021-03-18,1,41.9894450002246,-8.55065300001039,12.4,12.4,12.4,1.7,1.7,1.7,86.0,86,86,50.0,50,50,0.0,0.0,0.0,0.0,0.0,0.0,0.0,0.0,0.0,16.2,16.2,16.2,43.6,43.6,43.6,47.0,47,47,19.29,19.29,19.29,39685.69,39685.69,39685.69,2.67,2.67,2.67,1,0
DM321111,2021-03-18,2021-03-18,1,42.0113888888889,-8.57861111111111,14.2,14.2,14.2,3.3,3.3,3.3,86.0,86,86,47.0,47,47,0.0,0.0,0.0,0.0,0.0,0.0,0.0,0.0,0.0,18.3,18.3,18.3,49.3,49.3,49.3,35.0,35,35,19.16,19.16,19.16,39661.46,39661.46,39661.46,2.86,2.86,2.86,1,0
DM321112,2021-03-18,2021-03-18,1,41.9812849998474,-8.45522800021701,13.4,13.4,13.4,2.6,2.6,2.6,86.0,86,86,50.0,50,50,0.0,0.0,0.0,0.0,0.0,0.0,0.0,0.0,0.0,16.2,16.2,16.2,43.6,43.6,43.6,47.0,47,47,19.29,19.29,19.29,39685.69,39685.69,39685.69,2.76,2.76,2.76,1,0
DM321113,2021-03-18,2021-03-18,1,41.9602777777778,-8.5025,12.1,12.1,12.1,1.9,1.9,1.9,86.0,86,86,49.0,49,49,0.0,0.0,0.0,0.0,0.0,0.0,0.0,0.0,0.0,14.0,14.0,14.0,42.8,42.8,42.8,38.0,38,38,19.32,19.32,19.32,39689.99,39689.99,39689.99,2.63,2.63,2.63,1,0
DM321118,2021-03-18,2021-03-18,1,41.9405555555556,-8.56222222222222,13.0,13.0,13.0,2.8,2.8,2.8,86.0,86,86,49.0,49,49,0.0,0.0,0.0,0.0,0.0,0.0,0.0,0.0,0.0,14.0,14.0,14.0,42.8,42.8,42.8,38.0,38,38,19.32,19.32,19.32,39689.99,39689.99,39689.99,2.71,2.71,2.71,1,0
DM321119,2021-03-18,2021-03-19,2,41.9605555555556,-8.56,13.05,13.1,13.0,2.3499999999999996,2.8,1.9,86.0,86,86,53.5,58,49,0.0,0.0,0.0,0.0,0.0,0.0,0.0,0.0,0.0,18.35,22.7,14.0,55.05,67.3,42.8,33.0,38,28,18.35,19.32,17.38,38232.755,39689.99,36775.52,2.495,2.71,2.28,2,0
DM321126,2021-03-19,2021-03-19,1,42.0047222222222,-8.58583333333333,13.6,13.6,13.6,0.5,0.5,0.5,87.0,87,87,53.0,53,53,0.0,0.0,0.0,0.0,0.0,0.0,0.0,0.0,0.0,27.7,27.7,27.7,72.0,72.0,72.0,23.0,23,23,17.21,17.21,17.21,38296.28,38296.28,38296.28,2.39,2.39,2.39,1,0
DM321129,2021-03-19,2021-03-20,2,41.7922222222222,-8.3475,15.4,15.5,15.3,2.9000000000000004,3.6,2.2,83.5,84,83,48.0,52,44,0.0,0.0,0.0,0.0,0.0,0.0,0.0,0.0,0.0,15.149999999999999,19.2,11.1,46.25,55.1,37.4,30.5,35,26,19.645,20.57,18.72,38519.5,40118.13,36920.87,2.875,3.04,2.71,2,0
DM321131,2021-03-19,2021-03-19,1,41.9258333333333,-8.405,13.5,13.5,13.5,2.4,2.4,2.4,86.0,86,86,58.0,58,58,0.0,0.0,0.0,0.0,0.0,0.0,0.0,0.0,0.0,22.7,22.7,22.7,67.3,67.3,67.3,28.0,28,28,17.38,17.38,17.38,36775.52,36775.52,36775.52,2.31,2.31,2.31,1,0
DM321142,2021-03-20,2021-03-20,1,41.8669444444444,-8.485,13.5,13.5,13.5,0.5,0.5,0.5,85.0,85,85,47.0,47,47,0.0,0.0,0.0,0.0,0.0,0.0,0.0,0.0,0.0,11.1,11.1,11.1,33.1,33.1,33.1,35.0,35,35,20.7,20.7,20.7,40206.25,40206.25,40206.25,2.84,2.84,2.84,1,0
DM321149,2021-03-20,2021-03-20,1,41.9508333333333,-8.57305555555556,12.2,12.2,12.2,1.1,1.1,1.1,80.0,80,80,48.0,48,48,0.0,0.0,0.0,0.0,0.0,0.0,0.0,0.0,0.0,17.3,17.3,17.3,42.8,42.8,42.8,22.0,22,22,20.65,20.65,20.65,40182.36,40182.36,40182.36,2.78,2.78,2.78,1,0
DM32115,2021-01-12,2021-01-12,1,41.78,-8.25472222222222,8.3,8.3,8.3,-3.3,-3.3,-3.3,77.0,77,77,31.0,31,31,0.0,0.0,0.0,0.0,0.0,0.0,0.0,0.0,0.0,7.8,7.8,7.8,22.0,22.0,22.0,64.0,64,64,9.7,9.7,9.7,30125.91,30125.91,30125.91,1.16,1.16,1.16,1,0
DM321155,2021-03-21,2021-03-21,1,41.9211111111111,-8.25416666666667,13.3,13.3,13.3,-0.9,-0.9,-0.9,85.0,85,85,45.0,45,45,0.0,0.0,0.0,0.0,0.0,0.0,0.0,0.0,0.0,10.8,10.8,10.8,36.4,36.4,36.4,42.0,42,42,21.14,21.14,21.14,40444.91,40444.91,40444.91,2.93,2.93,2.93,1,0
DM321157,2021-03-21,2021-03-21,1,41.9981690004137,-8.48195499949985,14.7,14.7,14.7,2.1,2.1,2.1,89.0,89,89,58.0,58,58,0.0,0.0,0.0,0.0,0.0,0.0,0.0,0.0,0.0,10.7,10.7,10.7,22.0,22.0,22.0,1.0,1,1,20.65,20.65,20.65,40283.76,40283.76,40283.76,2.84,2.84,2.84,1,0
DM321163,2021-03-21,2021-03-21,1,41.7897222222222,-8.37,15.1,15.1,15.1,1.0,1.0,1.0,85.0,85,85,41.0,41,41,0.0,0.0,0.0,0.0,0.0,0.0,0.0,0.0,0.0,9.7,9.7,9.7,27.7,27.7,27.7,4.0,4,4,20.9,20.9,20.9,40336.43,40336.43,40336.43,2.94,2.94,2.94,1,0
DM321168,2021-03-22,2021-03-22,1,41.6402777777778,-8.72861111111111,18.6,18.6,18.6,6.3,6.3,6.3,89.0,89,89,49.0,49,49,0.0,0.0,0.0,0.0,0.0,0.0,0.0,0.0,0.0,11.6,11.6,11.6,24.1,24.1,24.1,52.0,52,52,20.75,20.75,20.75,40502.77,40502.77,40502.77,3.26,3.26,3.26,1,0
DM321181,2021-03-23,2021-03-24,2,41.7422222222222,-8.85694444444444,14.100000000000001,14.3,13.9,6.85,6.9,6.8,93.0,97,89,62.0,71,53,0.0,0.0,0.0,0.0,0.0,0.0,0.0,0.0,0.0,16.55,17.6,15.5,36.0,39.2,32.8,342.0,350,334,20.244999999999997,20.66,19.83,40718.825,40817.35,40620.3,2.645,2.65,2.64,2,0
DM321191,2021-03-24,2021-03-24,1,41.9244444444444,-8.39694444444445,12.5,12.5,12.5,3.4,3.4,3.4,100.0,100,100,55.0,55,55,0.0,0.0,0.0,0.0,0.0,0.0,0.0,0.0,0.0,11.5,11.5,11.5,33.8,33.8,33.8,353.0,353,353,20.74,20.74,20.74,40113.2,40113.2,40113.2,2.63,2.63,2.63,1,0
DM321205,2021-03-27,2021-03-28,2,41.8303700002035,-8.48086800045437,19.65,21.2,18.1,3.9,5.6,2.2,87.5,95,80,40.0,44,36,0.0,0.0,0.0,0.0,0.0,0.0,0.0,0.0,0.0,10.2,10.6,9.8,31.7,32.8,30.6,45.5,66,25,22.075000000000003,22.1,22.05,41311.96,41391.45,41232.47,3.585,3.82,3.35,2,0
DM32121,2021-01-15,2021-01-15,1,41.9522222222222,-8.41166666666667,11.9,11.9,11.9,4.0,4.0,4.0,96.0,96,96,57.0,57,57,0.0,0.0,0.0,0.0,0.0,0.0,0.0,0.0,0.0,9.9,9.9,9.9,25.9,25.9,25.9,31.0,31,31,9.74,9.74,9.74,30376.36,30376.36,30376.36,1.19,1.19,1.19,1,0
DM321216,2021-03-28,2021-03-29,2,42.1105219999949,-8.21135199970669,18.65,19.7,17.6,5.699999999999999,8.1,3.3,80.5,83,78,36.0,41,31,0.1,0.2,0.0,0.1,0.2,0.0,1.0,2.0,0.0,16.55,17.0,16.1,37.45,38.2,36.7,148.5,151,146,16.815,22.21,11.42,30615.2,41408.94,19821.46,3.09,3.83,2.35,2,0
DM321217,2021-03-29,2021-03-29,1,41.7677777777778,-8.3475,18.0,18.0,18.0,9.3,9.3,9.3,82.0,82,82,46.0,46,46,0.2,0.2,0.2,0.2,0.2,0.2,2.0,2.0,2.0,11.7,11.7,11.7,33.8,33.8,33.8,66.0,66,66,11.21,11.21,11.21,24224.33,24224.33,24224.33,2.32,2.32,2.32,1,0
DM321218,2021-03-29,2021-03-29,1,42.0969050004747,-8.20277700000339,16.6,16.6,16.6,7.2,7.2,7.2,86.0,86,86,44.0,44,44,0.5,0.5,0.5,0.5,0.5,0.5,3.0,3.0,3.0,14.3,14.3,14.3,46.1,46.1,46.1,135.0,135,135,11.33,11.33,11.33,21262.95,21262.95,21262.95,2.25,2.25,2.25,1,0
DM321223,2021-03-29,2021-03-30,2,41.7839170000288,-8.31643999947442,20.9,22.0,19.8,8.9,9.0,8.8,82.0,83,81,42.5,43,42,0.35,0.4,0.3,0.35,0.4,0.3,2.5,3.0,2.0,11.75,12.2,11.3,36.150000000000006,36.7,35.6,76.5,85,68,14.09,16.99,11.19,32641.015,39600.0,25682.03,2.785,3.22,2.35,2,0
DM321225,2021-03-30,2021-03-30,1,41.8316666666667,-8.31611111111111,22.3,22.3,22.3,11.5,11.5,11.5,83.0,83,83,47.0,47,47,0.4,0.4,0.4,0.4,0.4,0.4,3.0,3.0,3.0,11.4,11.4,11.4,38.9,38.9,38.9,99.0,99,99,16.95,16.95,16.95,39600.0,39600.0,39600.0,3.11,3.11,3.11,1,0
DM321226,2021-03-30,2021-03-30,1,41.7844444444444,-8.31722222222222,22.2,22.2,22.2,9.2,9.2,9.2,83.0,83,83,44.0,44,44,0.4,0.4,0.4,0.4,0.4,0.4,3.0,3.0,3.0,12.2,12.2,12.2,35.6,35.6,35.6,85.0,85,85,16.99,16.99,16.99,39600.0,39600.0,39600.0,3.24,3.24,3.24,1,0
DM32123,2021-01-16,2021-01-16,1,42.0522029999892,-8.21418999989828,10.4,10.4,10.4,-2.2,-2.2,-2.2,66.0,66,66,19.0,19,19,0.0,0.0,0.0,0.0,0.0,0.0,0.0,0.0,0.0,6.4,6.4,6.4,15.1,15.1,15.1,158.0,158,158,9.91,9.91,9.91,30428.35,30428.35,30428.35,1.3,1.3,1.3,1,0
DM321234,2021-03-31,2021-03-31,1,42.0597200001611,-8.16222000016107,19.4,19.4,19.4,7.7,7.7,7.7,78.0,78,78,33.0,33,33,0.0,0.0,0.0,0.0,0.0,0.0,0.0,0.0,0.0,14.4,14.4,14.4,51.8,51.8,51.8,133.0,133,133,21.13,21.13,21.13,40015.82,40015.82,40015.82,4.15,4.15,4.15,1,0
DM321237,2021-03-31,2021-03-31,1,42.0986060004764,-8.21414399994744,21.9,21.9,21.9,10.2,10.2,10.2,78.0,78,78,34.0,34,34,0.0,0.0,0.0,0.0,0.0,0.0,0.0,0.0,0.0,14.4,14.4,14.4,51.8,51.8,51.8,133.0,133,133,21.13,21.13,21.13,40015.82,40015.82,40015.82,4.42,4.42,4.42,1,0
DM321240,2021-03-31,2021-03-31,1,42.0003459999959,-8.54216399987539,25.0,25.0,25.0,10.3,10.3,10.3,77.0,77,77,32.0,32,32,0.0,0.0,0.0,0.0,0.0,0.0,0.0,0.0,0.0,9.7,9.7,9.7,34.6,34.6,34.6,118.0,118,118,20.87,20.87,20.87,39925.65,39925.65,39925.65,4.06,4.06,4.06,1,0
DM321249,2021-03-31,2021-04-01,2,41.9447222222222,-8.43833333333333,22.65,25.5,19.8,11.35,12.6,10.1,90.5,99,82,33.5,34,33,5.5,11.0,0.0,5.5,11.0,0.0,9.5,19.0,0.0,16.4,20.6,12.2,40.3,52.2,28.4,140.5,171,110,16.03,19.92,12.14,34454.985,39842.09,29067.88,3.145,4.12,2.17,1,0
DM321253,2021-03-31,2021-04-01,2,41.8566666666667,-8.53194444444445,19.95,23.0,16.9,8.8,9.0,8.6,88.0,97,79,31.5,32,31,5.3,10.6,0.0,5.3,10.6,0.0,7.0,14.0,0.0,13.35,15.2,11.5,47.15,54.0,40.3,130.0,162,98,16.16,20.39,11.93,32562.91,39925.82,25200.0,3.09,4.15,2.03,1,0
DM321254,2021-03-31,2021-04-01,2,41.9316649998559,-8.47529700014326,20.65,24.3,17.0,10.350000000000001,11.3,9.4,88.5,97,80,36.5,40,33,4.3,8.6,0.0,4.3,8.6,0.0,8.0,16.0,0.0,15.049999999999999,19.4,10.7,45.4,58.0,32.8,141.0,168,114,16.325,20.33,12.32,32717.675,39921.14,25514.21,3.125,4.08,2.17,1,0
DM321255,2021-04-01,2021-04-01,1,41.8405555555556,-8.3575,18.9,18.9,18.9,11.7,11.7,11.7,97.0,97,97,32.0,32,32,11.7,11.7,11.7,11.7,11.7,11.7,18.0,18.0,18.0,17.5,17.5,17.5,63.0,63.0,63.0,163.0,163,163,11.69,11.69,11.69,25432.24,25432.24,25432.24,2.05,2.05,2.05,0,0
DM321256,2021-04-01,2021-04-01,1,41.8472222222222,-8.39722222222222,19.4,19.4,19.4,12.1,12.1,12.1,97.0,97,97,32.0,32,32,11.7,11.7,11.7,11.7,11.7,11.7,18.0,18.0,18.0,17.5,17.5,17.5,63.0,63.0,63.0,163.0,163,163,11.69,11.69,11.69,25432.24,25432.24,25432.24,2.08,2.08,2.08,0,0
DM321273,2021-04-07,2021-04-07,1,41.9039330000348,-8.64921200010512,18.6,18.6,18.6,7.1,7.1,7.1,90.0,90,90,51.0,51,51,0.0,0.0,0.0,0.0,0.0,0.0,0.0,0.0,0.0,10.8,10.8,10.8,22.3,22.3,22.3,58.0,58,58,22.37,22.37,22.37,42259.9,42259.9,42259.9,3.54,3.54,3.54,1,0
DM321279,2021-04-08,2021-04-08,1,41.8472222222222,-8.75027777777778,16.7,16.7,16.7,7.7,7.7,7.7,92.0,92,92,60.0,60,60,0.0,0.0,0.0,0.0,0.0,0.0,0.0,0.0,0.0,16.6,16.6,16.6,42.1,42.1,42.1,177.0,177,177,21.03,21.03,21.03,42510.58,42510.58,42510.58,3.01,3.01,3.01,1,0
DM32129,2021-01-17,2021-01-17,1,41.9619444444444,-8.56972222222222,9.9,9.9,9.9,1.6,1.6,1.6,83.0,83,83,35.0,35,35,0.0,0.0,0.0,0.0,0.0,0.0,0.0,0.0,0.0,10.9,10.9,10.9,26.3,26.3,26.3,21.0,21,21,9.49,9.49,9.49,30601.73,30601.73,30601.73,1.24,1.24,1.24,1,0
DM321291,2021-04-09,2021-04-09,1,41.7913099998898,-8.36773200001982,16.9,16.9,16.9,8.2,8.2,8.2,96.0,96,96,59.0,59,59,14.1,14.1,14.1,14.1,14.1,14.1,14.0,14.0,14.0,10.8,10.8,10.8,45.0,45.0,45.0,165.0,165,165,15.48,15.48,15.48,36354.33,36354.33,36354.33,2.26,2.26,2.26,0,0
DM3213,2021-01-09,2021-01-09,1,41.9002777777778,-8.48444444444444,5.0,5.0,5.0,-3.6,-3.6,-3.6,85.0,85,85,45.0,45,45,0.0,0.0,0.0,0.0,0.0,0.0,0.0,0.0,0.0,20.3,20.3,20.3,61.6,61.6,61.6,23.0,23,23,8.88,8.88,8.88,29789.5,29789.5,29789.5,1.0,1.0,1.0,1,0
DM32132,2021-01-17,2021-01-18,2,41.9956069999271,-8.58250500043233,12.6,13.6,11.6,1.25,1.9,0.6,90.5,93,88,56.5,71,42,0.0,0.0,0.0,0.0,0.0,0.0,0.0,0.0,0.0,9.5,10.0,9.0,27.9,30.2,25.6,97.5,164,31,9.445,9.51,9.38,30619.295,30666.02,30572.57,1.165,1.19,1.14,2,0
DM321321,2021-04-19,2021-04-19,1,42.0853979999489,-8.18899200015598,15.4,15.4,15.4,7.0,7.0,7.0,88.0,88,88,61.0,61,61,1.1,1.1,1.1,1.1,1.1,1.1,2.0,2.0,2.0,14.1,14.1,14.1,37.4,37.4,37.4,241.0,241,241,21.96,21.96,21.96,45436.52,45436.52,45436.52,3.17,3.17,3.17,0,0
DM32134,2021-01-17,2021-01-18,2,41.9519444444444,-8.58055555555556,11.7,12.8,10.6,2.75,3.2,2.3,87.5,92,83,45.0,55,35,0.0,0.0,0.0,0.0,0.0,0.0,0.0,0.0,0.0,10.600000000000001,10.9,10.3,27.0,27.7,26.3,86.0,151,21,9.575,9.66,9.49,30642.574999999997,30683.42,30601.73,1.25,1.27,1.23,2,0
DM32137,2021-01-19,2021-01-19,1,42.0179600000381,-8.58904799991184,9.3,9.3,9.3,4.1,4.1,4.1,87.0,87,87,57.0,57,57,3.3,3.3,3.3,3.3,3.3,3.3,8.0,8.0,8.0,30.0,30.0,30.0,91.4,91.4,91.4,173.0,173,173,5.33,5.33,5.33,11121.86,11121.86,11121.86,1.2,1.2,1.2,0,0
DM32139,2021-01-19,2021-01-19,1,41.7766666666667,-8.31833333333333,8.9,8.9,8.9,2.7,2.7,2.7,93.0,93,93,52.0,52,52,2.3,2.3,2.3,2.3,2.3,2.3,8.0,8.0,8.0,17.7,17.7,17.7,61.6,61.6,61.6,170.0,170,170,6.1,6.1,6.1,12279.65,12279.65,12279.65,1.04,1.04,1.04,0,0
DM32142,2021-01-19,2021-01-19,1,41.8297222222222,-8.36472222222222,10.6,10.6,10.6,3.1,3.1,3.1,91.0,91,91,60.0,60,60,4.1,4.1,4.1,4.1,4.1,4.1,8.0,8.0,8.0,27.0,27.0,27.0,88.9,88.9,88.9,161.0,161,161,5.43,5.43,5.43,9538.94,9538.94,9538.94,1.04,1.04,1.04,0,0
DM32143,2021-01-19,2021-01-19,1,41.9661111111111,-8.41694444444444,8.9,8.9,8.9,3.5,3.5,3.5,92.0,92,92,59.0,59,59,3.2,3.2,3.2,3.2,3.2,3.2,8.0,8.0,8.0,25.9,25.9,25.9,95.4,95.4,95.4,168.0,168,168,5.75,5.75,5.75,10304.31,10304.31,10304.31,1.07,1.07,1.07,0,0
DM32144,2021-01-19,2021-01-19,1,41.8106669998169,-8.27310499986013,9.6,9.6,9.6,3.4,3.4,3.4,93.0,93,93,52.0,52,52,2.3,2.3,2.3,2.3,2.3,2.3,8.0,8.0,8.0,17.7,17.7,17.7,61.6,61.6,61.6,170.0,170,170,6.1,6.1,6.1,12279.65,12279.65,12279.65,1.06,1.06,1.06,0,0
DM3215,2021-01-09,2021-01-09,1,41.965,-8.50166666666667,4.1,4.1,4.1,-4.4,-4.4,-4.4,85.0,85,85,44.0,44,44,0.0,0.0,0.0,0.0,0.0,0.0,0.0,0.0,0.0,20.3,20.3,20.3,61.6,61.6,61.6,23.0,23,23,8.88,8.88,8.88,29789.5,29789.5,29789.5,0.97,0.97,0.97,1,0
DM32155,2021-02-27,2021-02-28,2,41.9959630001916,-8.58517500003179,16.85,17.3,16.4,6.15,6.8,5.5,89.0,89,89,60.0,61,59,0.0,0.0,0.0,0.0,0.0,0.0,0.0,0.0,0.0,9.1,10.1,8.1,24.85,27.7,22.0,122.5,212,33,15.64,15.79,15.49,36475.705,36827.32,36124.09,2.2800000000000002,2.29,2.27,2,0
DM32160,2021-03-05,2021-03-05,1,42.0584130001068,-8.30858500003815,16.3,16.3,16.3,6.7,6.7,6.7,90.0,90,90,57.0,57,57,0.1,0.1,0.1,0.1,0.1,0.1,1.0,1.0,1.0,12.6,12.6,12.6,32.8,32.8,32.8,77.0,77,77,16.18,16.18,16.18,37634.21,37634.21,37634.21,2.37,2.37,2.37,1,0
DM321681,2021-09-05,2021-09-06,2,41.7486111111111,-8.49083333333333,27.15,29.7,24.6,15.3,17.3,13.3,83.5,84,83,36.0,39,33,1.45,2.9,0.0,1.45,2.9,0.0,1.0,2.0,0.0,12.3,13.6,11.0,38.0,40.0,36.0,208.5,250,167,19.185000000000002,20.46,17.91,39550.09,41582.39,37517.79,4.055,4.41,3.7,1,0
DM321687,2021-09-06,2021-09-06,1,41.7769444444444,-8.44166666666667,26.1,26.1,26.1,18.4,18.4,18.4,87.0,87,87,37.0,37,37,5.8,5.8,5.8,5.8,5.8,5.8,2.0,2.0,2.0,10.7,10.7,10.7,42.8,42.8,42.8,192.0,192,192,17.78,17.78,17.78,36781.41,36781.41,36781.41,3.61,3.61,3.61,0,0
DM32169,2021-03-07,2021-03-08,2,41.9689869999886,-8.56564199977451,11.05,12.1,10.0,1.5999999999999999,2.8,0.4,91.5,92,91,57.5,66,49,0.25,0.5,0.0,0.25,0.5,0.0,2.0,4.0,0.0,12.35,16.0,8.7,33.65,42.1,25.2,32.5,40,25,13.82,13.83,13.81,38105.835,38158.24,38053.43,1.81,1.85,1.77,2,0
DM3217,2021-01-10,2021-01-10,1,41.9291666666667,-8.4975,4.8,4.8,4.8,-4.3,-4.3,-4.3,87.0,87,87,59.0,59,59,0.0,0.0,0.0,0.0,0.0,0.0,0.0,0.0,0.0,17.4,17.4,17.4,55.8,55.8,55.8,22.0,22,22,9.1,9.1,9.1,29876.82,29876.82,29876.82,0.92,0.92,0.92,1,0
DM321709,2021-09-22,2021-09-23,2,41.8354370000627,-8.3175,23.8,25.8,21.8,10.95,11.1,10.8,88.0,92,84,43.5,44,43,1.6,3.1,0.1,1.6,3.1,0.1,1.5,2.0,1.0,12.75,14.3,11.2,44.5,49.0,40.0,40.0,40,40,17.805,18.6,17.01,39698.134999999995,39760.07,39636.2,3.375,3.5,3.25,1,0
DM321728,2021-10-11,2021-10-12,2,41.82,-8.73666666666667,22.700000000000003,22.8,22.6,8.5,8.7,8.3,80.5,82,79,42.5,43,42,0.0,0.0,0.0,0.0,0.0,0.0,0.0,0.0,0.0,9.95,11.0,8.9,23.6,26.3,20.9,62.5,80,45,15.66,15.77,15.55,37240.765,37325.21,37156.32,2.9,2.92,2.88,2,0
DM321734,2021-10-14,2021-10-14,1,41.8455349996355,-8.25467700004578,20.8,20.8,20.8,8.4,8.4,8.4,73.0,73,73,43.0,43,43,0.0,0.0,0.0,0.0,0.0,0.0,0.0,0.0,0.0,7.5,7.5,7.5,20.5,20.5,20.5,97.0,97,97,13.31,13.31,13.31,36809.08,36809.08,36809.08,2.42,2.42,2.42,1,0
DM32174,2021-03-08,2021-03-09,2,41.7986111111111,-8.72555555555556,11.850000000000001,11.9,11.8,0.8999999999999999,2.4,-0.6,91.0,93,89,49.0,53,45,0.0,0.0,0.0,0.0,0.0,0.0,0.0,0.0,0.0,13.75,16.3,11.2,38.900000000000006,43.2,34.6,181.5,348,15,15.91,16.85,14.97,34817.369999999995,37279.03,32355.71,2.17,2.21,2.13,2,0
DM321763,2021-11-14,2021-11-14,1,41.8302777777778,-8.23833333333333,17.8,17.8,17.8,3.7,3.7,3.7,89.0,89,89,44.0,44,44,0.0,0.0,0.0,0.0,0.0,0.0,0.0,0.0,0.0,10.5,10.5,10.5,39.6,39.6,39.6,49.0,49,49,11.25,11.25,11.25,31621.22,31621.22,31621.22,1.77,1.77,1.77,1,0
DM321764,2021-11-14,2021-11-15,2,41.9702269999186,-8.56988799995846,14.6,16.0,13.2,3.6500000000000004,4.7,2.6,84.5,91,78,55.0,61,49,0.0,0.0,0.0,0.0,0.0,0.0,0.0,0.0,0.0,12.45,13.2,11.7,31.9,34.6,29.2,65.0,68,62,10.73,11.08,10.38,31463.305,31520.73,31405.88,1.525,1.67,1.38,2,0
DM321765,2021-11-14,2021-11-15,2,41.8584910000695,-8.23248600006104,17.05,18.5,15.6,5.6,5.6,5.6,87.5,89,86,55.0,61,49,0.0,0.0,0.0,0.0,0.0,0.0,0.0,0.0,0.0,11.8,12.4,11.2,28.65,29.2,28.1,49.0,52,46,10.86,11.19,10.53,31512.09,31593.95,31430.23,1.65,1.78,1.52,2,0
DM321771,2021-11-16,2021-11-16,1,41.9538888888889,-8.56555555555556,13.2,13.2,13.2,3.3,3.3,3.3,88.0,88,88,62.0,62,62,0.0,0.0,0.0,0.0,0.0,0.0,0.0,0.0,0.0,9.5,9.5,9.5,28.4,28.4,28.4,51.0,51,51,10.36,10.36,10.36,30326.26,30326.26,30326.26,1.37,1.37,1.37,1,0
DM321786,2021-11-19,2021-11-20,2,41.9620360003577,-8.47017500003179,16.55,16.8,16.3,4.25,5.8,2.7,85.5,87,84,55.5,56,55,0.0,0.0,0.0,0.0,0.0,0.0,0.0,0.0,0.0,8.25,9.2,7.3,19.6,21.6,17.6,95.5,99,92,9.41,9.9,8.92,31102.205,31148.83,31055.58,1.335,1.38,1.29,2,0
DM321788,2021-11-20,2021-11-20,1,41.9608333333333,-8.53111111111111,15.7,15.7,15.7,5.7,5.7,5.7,83.0,83,83,54.0,54,54,0.0,0.0,0.0,0.0,0.0,0.0,0.0,0.0,0.0,8.3,8.3,8.3,23.8,23.8,23.8,94.0,94,94,8.68,8.68,8.68,31055.59,31055.59,31055.59,1.26,1.26,1.26,1,0
DM32180,2021-03-09,2021-03-09,1,41.8990929995643,-8.47768699963888,12.4,12.4,12.4,1.1,1.1,1.1,91.0,91,91,55.0,55,55,0.0,0.0,0.0,0.0,0.0,0.0,0.0,0.0,0.0,9.4,9.4,9.4,30.6,30.6,30.6,359.0,359,359,16.86,16.86,16.86,31027.87,31027.87,31027.87,2.27,2.27,2.27,1,0
DM321813,2021-11-25,2021-11-25,1,41.8391666666667,-8.33972222222222,11.3,11.3,11.3,3.3,3.3,3.3,95.0,95,95,60.0,60,60,1.0,1.0,1.0,1.0,1.0,1.0,3.0,3.0,3.0,13.2,13.2,13.2,36.7,36.7,36.7,17.0,17,17,7.41,7.41,7.41,23672.63,23672.63,23672.63,1.01,1.01,1.01,0,0
DM321820,2021-11-26,2021-11-26,1,41.8219444444444,-8.26111111111111,9.9,9.9,9.9,2.8,2.8,2.8,90.0,90,90,59.0,59,59,0.0,0.0,0.0,0.0,0.0,0.0,0.0,0.0,0.0,14.7,14.7,14.7,42.1,42.1,42.1,350.0,350,350,7.06,7.06,7.06,25207.06,25207.06,25207.06,0.96,0.96,0.96,1,0
DM321826,2021-12-17,2021-12-18,2,41.7408333333333,-8.51138888888889,13.9,14.4,13.4,1.15,1.2,1.1,89.5,90,89,50.0,53,47,0.0,0.0,0.0,0.0,0.0,0.0,0.0,0.0,0.0,9.05,9.7,8.4,23.55,24.1,23.0,72.0,79,65,8.24,8.42,8.06,29079.415,29087.41,29071.42,1.11,1.11,1.11,2,0
DM32183,2021-03-09,2021-03-10,2,41.9583333333333,-8.57666666666667,9.7,10.5,8.9,0.04999999999999999,0.9,-0.8,94.5,98,91,61.0,68,54,0.5,1.0,0.0,0.5,1.0,0.0,3.5,7.0,0.0,11.600000000000001,13.8,9.4,32.75,34.9,30.6,263.5,359,168,10.795,16.86,4.73,17313.934999999998,31027.87,3600.0,1.48,2.15,0.81,1,0
DM321832,2021-12-19,2021-12-19,1,41.7863888888889,-8.71944444444445,13.5,13.5,13.5,1.2,1.2,1.2,87.0,87,87,58.0,58,58,0.0,0.0,0.0,0.0,0.0,0.0,0.0,0.0,0.0,13.2,13.2,13.2,34.2,34.2,34.2,102.0,102,102,7.9,7.9,7.9,29026.18,29026.18,29026.18,1.13,1.13,1.13,1,0
DM321836,2021-12-19,2021-12-19,1,41.9583333333333,-8.45055555555555,12.0,12.0,12.0,1.5,1.5,1.5,84.0,84,84,60.0,60,60,0.0,0.0,0.0,0.0,0.0,0.0,0.0,0.0,0.0,9.6,9.6,9.6,34.6,34.6,34.6,104.0,104,104,7.92,7.92,7.92,28958.19,28958.19,28958.19,1.02,1.02,1.02,1,0
DM321838,2021-12-19,2021-12-20,2,41.8641666666667,-8.55361111111111,11.649999999999999,11.7,11.6,2.2,3.7,0.7,87.5,88,87,65.5,72,59,2.2,4.4,0.0,2.2,4.4,0.0,3.5,7.0,0.0,11.7,13.2,10.2,37.45,43.2,31.7,91.0,102,80,5.7,7.98,3.42,17351.575,28992.23,5710.92,0.81,1.01,0.61,1,0
DM4211004,2021-08-30,2021-08-31,2,41.6294570000966,-8.28529700001081,27.45,29.0,25.9,16.45,18.0,14.9,91.5,99,84,48.0,51,45,0.0,0.0,0.0,0.0,0.0,0.0,0.0,0.0,0.0,11.75,12.2,11.3,31.35,31.7,31.0,238.0,240,236,20.425,20.62,20.23,42385.14,42801.75,41968.53,4.025,4.1,3.95,2,0
DM4211118,2021-10-13,2021-10-14,2,41.5644444444444,-8.09222222222222,20.95,21.2,20.7,11.3,12.0,10.6,65.5,73,58,35.5,41,30,0.0,0.0,0.0,0.0,0.0,0.0,0.0,0.0,0.0,17.45,22.3,12.6,41.05,51.1,31.0,68.5,70,67,15.285,16.55,14.02,36940.634999999995,37023.5,36857.77,3.485,4.05,2.92,2,0
DM4211131,2021-10-15,2021-10-16,2,41.5152777777778,-8.23166666666667,19.35,20.5,18.2,9.75,11.6,7.9,93.5,94,93,57.5,66,49,0.95,1.9,0.0,0.95,1.9,0.0,3.5,7.0,0.0,11.2,11.9,10.5,25.4,27.4,23.4,241.0,320,162,10.64,15.27,6.01,21673.51,36291.52,7055.5,1.88,2.57,1.19,1,0
DM4211177,2021-11-18,2021-11-18,1,41.5452777777778,-8.08555555555555,11.8,11.8,11.8,4.0,4.0,4.0,78.0,78,78,51.0,51,51,0.0,0.0,0.0,0.0,0.0,0.0,0.0,0.0,0.0,20.9,20.9,20.9,55.8,55.8,55.8,64.0,64,64,10.54,10.54,10.54,31214.26,31214.26,31214.26,1.58,1.58,1.58,1,0
DM4211188,2021-11-19,2021-11-20,2,41.5880555555556,-8.095,14.100000000000001,14.3,13.9,7.449999999999999,7.8,7.1,77.0,81,73,59.5,62,57,0.0,0.0,0.0,0.0,0.0,0.0,0.0,0.0,0.0,21.1,22.7,19.5,47.7,51.8,43.6,66.5,67,66,9.73,10.12,9.34,31088.675,31116.69,31060.66,1.84,2.06,1.62,2,0
DM4211201,2021-11-22,2021-11-22,1,41.6796469995711,-8.29830799950494,8.8,8.8,8.8,2.3,2.3,2.3,92.0,92,92,56.0,56,56,0.0,0.0,0.0,0.0,0.0,0.0,0.0,0.0,0.0,17.8,17.8,17.8,41.4,41.4,41.4,24.0,24,24,9.04,9.04,9.04,30927.26,30927.26,30927.26,1.12,1.12,1.12,1,0
DM4211218,2021-11-24,2021-11-24,1,41.4183333333333,-8.04944444444445,9.8,9.8,9.8,-0.2,-0.2,-0.2,93.0,93,93,69.0,69,69,0.0,0.0,0.0,0.0,0.0,0.0,0.0,0.0,0.0,12.4,12.4,12.4,33.8,33.8,33.8,27.0,27,27,6.06,6.06,6.06,25298.99,25298.99,25298.99,0.79,0.79,0.79,1,0
DM4211225,2021-11-26,2021-11-26,1,41.5194444444444,-8.04111111111111,8.7,8.7,8.7,0.8,0.8,0.8,95.0,95,95,57.0,57,57,0.0,0.0,0.0,0.0,0.0,0.0,0.0,0.0,0.0,12.6,12.6,12.6,36.4,36.4,36.4,36.0,36,36,8.48,8.48,8.48,24945.27,24945.27,24945.27,1.05,1.05,1.05,1,0
DM4211226,2021-11-26,2021-11-26,1,41.5222222222222,-8.14305555555556,9.2,9.2,9.2,0.8,0.8,0.8,96.0,96,96,57.0,57,57,0.0,0.0,0.0,0.0,0.0,0.0,0.0,0.0,0.0,13.3,13.3,13.3,31.0,31.0,31.0,6.0,6,6,8.51,8.51,8.51,24914.14,24914.14,24914.14,1.08,1.08,1.08,1,0
DM4211259,2021-12-18,2021-12-19,2,41.6675129999717,-8.23973999977112,11.899999999999999,12.2,11.6,6.2,6.5,5.9,71.0,72,70,59.0,61,57,0.0,0.0,0.0,0.0,0.0,0.0,0.0,0.0,0.0,19.1,22.3,15.9,44.099999999999994,51.8,36.4,91.5,92,91,8.115,8.13,8.1,29099.434999999998,29105.12,29093.75,1.6,1.78,1.42,2,0
DM4211262,2021-12-19,2021-12-19,1,41.5055555555556,-8.22722222222222,11.4,11.4,11.4,4.1,4.1,4.1,75.0,75,75,62.0,62,62,0.0,0.0,0.0,0.0,0.0,0.0,0.0,0.0,0.0,21.2,21.2,21.2,46.4,46.4,46.4,79.0,79,79,8.1,8.1,8.1,29160.93,29160.93,29160.93,1.52,1.52,1.52,1,0
DM421131,2021-03-09,2021-03-09,1,41.6713469998042,-8.48825799994999,12.6,12.6,12.6,1.4,1.4,1.4,81.0,81,81,47.0,47,47,0.0,0.0,0.0,0.0,0.0,0.0,0.0,0.0,0.0,10.1,10.1,10.1,27.7,27.7,27.7,26.0,26,26,17.21,17.21,17.21,34686.25,34686.25,34686.25,2.45,2.45,2.45,1,0
DM421132,2021-03-09,2021-03-09,1,41.545,-8.03138888888889,12.0,12.0,12.0,-0.9,-0.9,-0.9,87.0,87,87,45.0,45,45,0.0,0.0,0.0,0.0,0.0,0.0,0.0,0.0,0.0,9.7,9.7,9.7,30.2,30.2,30.2,75.0,75,75,18.42,18.42,18.42,38393.02,38393.02,38393.02,2.41,2.41,2.41,1,0
DM421135,2021-03-09,2021-03-09,1,41.5244444444444,-8.03305555555556,11.8,11.8,11.8,-1.1,-1.1,-1.1,87.0,87,87,45.0,45,45,0.0,0.0,0.0,0.0,0.0,0.0,0.0,0.0,0.0,9.7,9.7,9.7,30.2,30.2,30.2,75.0,75,75,18.42,18.42,18.42,38393.02,38393.02,38393.02,2.39,2.39,2.39,1,0
DM421166,2021-03-16,2021-03-16,1,41.5622222222222,-7.93944444444444,13.7,13.7,13.7,1.5,1.5,1.5,90.0,90,90,48.0,48,48,0.0,0.0,0.0,0.0,0.0,0.0,0.0,0.0,0.0,15.5,15.5,15.5,45.4,45.4,45.4,56.0,56,56,19.9,19.9,19.9,39355.07,39355.07,39355.07,2.74,2.74,2.74,1,0
DM421170,2021-03-16,2021-03-17,2,41.686626999908,-8.05991799990336,18.65,18.8,18.5,9.0,9.7,8.3,70.0,78,62,39.0,41,37,0.0,0.0,0.0,0.0,0.0,0.0,0.0,0.0,0.0,23.6,28.8,18.4,58.3,71.6,45.0,85.5,86,85,19.82,20.02,19.62,39361.509999999995,39455.02,39268.0,3.915,4.12,3.71,2,0
DM421175,2021-03-17,2021-03-17,1,41.6853130000167,-8.30377199994193,17.7,17.7,17.7,8.6,8.6,8.6,62.0,62,62,37.0,37,37,0.0,0.0,0.0,0.0,0.0,0.0,0.0,0.0,0.0,28.8,28.8,28.8,71.6,71.6,71.6,85.0,85,85,20.02,20.02,20.02,39455.02,39455.02,39455.02,3.97,3.97,3.97,1,0
DM42118,2021-01-12,2021-01-12,1,41.6583333333333,-8.15305555555556,8.7,8.7,8.7,-1.6,-1.6,-1.6,74.0,74,74,35.0,35,35,0.0,0.0,0.0,0.0,0.0,0.0,0.0,0.0,0.0,11.0,11.0,11.0,27.0,27.0,27.0,60.0,60,60,9.65,9.65,9.65,30186.8,30186.8,30186.8,1.16,1.16,1.16,1,0
DM421182,2021-03-17,2021-03-17,1,41.9913599999746,-8.92756699985928,21.1,21.1,21.1,9.1,9.1,9.1,85.0,85,85,49.0,49,49,0.0,0.0,0.0,0.0,0.0,0.0,0.0,0.0,0.0,15.7,15.7,15.7,42.5,42.5,42.5,55.0,55,55,19.5,19.5,19.5,39407.2,39407.2,39407.2,3.5,3.5,3.5,1,0
DM421185,2021-03-17,2021-03-17,1,41.6102079995473,-8.60609200000763,21.0,21.0,21.0,9.8,9.8,9.8,73.0,73,73,38.0,38,38,0.0,0.0,0.0,0.0,0.0,0.0,0.0,0.0,0.0,21.4,21.4,21.4,42.8,42.8,42.8,76.0,76,76,19.69,19.69,19.69,39461.37,39461.37,39461.37,3.86,3.86,3.86,1,0
DM421187,2021-03-17,2021-03-17,1,41.5783333333333,-7.96055555555556,16.3,16.3,16.3,4.5,4.5,4.5,80.0,80,80,40.0,40,40,0.0,0.0,0.0,0.0,0.0,0.0,0.0,0.0,0.0,20.5,20.5,20.5,58.3,58.3,58.3,62.0,62,62,20.36,20.36,20.36,39537.78,39537.78,39537.78,3.21,3.21,3.21,1,0
DM421188,2021-03-17,2021-03-17,1,41.4838888888889,-7.9975,20.0,20.0,20.0,10.2,10.2,10.2,64.0,64,64,40.0,40,40,0.0,0.0,0.0,0.0,0.0,0.0,0.0,0.0,0.0,30.1,30.1,30.1,68.8,68.8,68.8,80.0,80,80,20.02,20.02,20.02,39464.25,39464.25,39464.25,4.23,4.23,4.23,1,1
DM421191,2021-03-17,2021-03-17,1,41.5206580000454,-8.259277999666,19.4,19.4,19.4,10.0,10.0,10.0,62.0,62,62,38.0,38,38,0.0,0.0,0.0,0.0,0.0,0.0,0.0,0.0,0.0,31.8,31.8,31.8,69.8,69.8,69.8,89.0,89,89,19.9,19.9,19.9,39516.54,39516.54,39516.54,4.27,4.27,4.27,1,1
DM4212,2021-01-08,2021-01-08,1,41.7297920004527,-8.34565299987793,8.0,8.0,8.0,-3.4,-3.4,-3.4,83.0,83,83,34.0,34,34,0.0,0.0,0.0,0.0,0.0,0.0,0.0,0.0,0.0,12.1,12.1,12.1,33.1,33.1,33.1,36.0,36,36,9.28,9.28,9.28,29801.83,29801.83,29801.83,1.12,1.12,1.12,1,0
DM421200,2021-03-17,2021-03-18,2,41.5989979998271,-8.23449299997753,17.5,19.0,16.0,8.0,9.9,6.1,67.0,73,61,37.0,39,35,0.0,0.0,0.0,0.0,0.0,0.0,0.0,0.0,0.0,25.599999999999998,32.8,18.4,67.5,78.8,56.2,80.0,84,76,19.855,20.02,19.69,39556.595,39653.55,39459.64,3.77,4.17,3.37,2,1
DM421202,2021-03-17,2021-03-18,2,41.5803200001187,-8.06284999953376,15.9,17.3,14.5,5.8,7.7,3.9,72.5,78,67,38.0,41,35,0.0,0.0,0.0,0.0,0.0,0.0,0.0,0.0,0.0,21.3,26.6,16.0,57.45,65.2,49.7,71.5,73,70,20.055,20.2,19.91,39582.395000000004,39678.75,39486.04,3.455,3.75,3.16,2,0
DM42121,2021-01-13,2021-01-13,1,41.7662760003408,-8.25768000019921,10.9,10.9,10.9,-2.6,-2.6,-2.6,70.0,70,70,22.0,22,22,0.0,0.0,0.0,0.0,0.0,0.0,0.0,0.0,0.0,7.1,7.1,7.1,18.4,18.4,18.4,67.0,67,67,9.81,9.81,9.81,30225.42,30225.42,30225.42,1.34,1.34,1.34,1,0
DM421214,2021-03-18,2021-03-19,2,41.5837910000152,-8.17380499998728,16.55,16.8,16.3,6.4,6.8,6.0,74.5,81,68,44.0,50,38,0.0,0.0,0.0,0.0,0.0,0.0,0.0,0.0,0.0,18.8,20.3,17.3,47.900000000000006,48.6,47.2,49.5,62,37,19.174999999999997,19.54,18.81,38912.805,39627.99,38197.62,3.3049999999999997,3.48,3.13,2,0
DM421221,2021-03-19,2021-03-19,1,41.4498130003611,-8.51487000041538,17.0,17.0,17.0,6.8,6.8,6.8,79.0,79,79,47.0,47,47,0.0,0.0,0.0,0.0,0.0,0.0,0.0,0.0,0.0,20.3,20.3,20.3,44.3,44.3,44.3,41.0,41,41,18.26,18.26,18.26,38883.25,38883.25,38883.25,3.38,3.38,3.38,1,0
DM421224,2021-03-19,2021-03-19,1,41.4944444444444,-8.00222222222222,16.5,16.5,16.5,6.1,6.1,6.1,85.0,85,85,51.0,51,51,0.0,0.0,0.0,0.0,0.0,0.0,0.0,0.0,0.0,20.5,20.5,20.5,46.4,46.4,46.4,53.0,53,53,18.47,18.47,18.47,39687.36,39687.36,39687.36,3.18,3.18,3.18,1,0
DM421225,2021-03-19,2021-03-19,1,41.675,-8.00222222222222,11.7,11.7,11.7,2.5,2.5,2.5,84.0,84,84,57.0,57,57,0.0,0.0,0.0,0.0,0.0,0.0,0.0,0.0,0.0,21.5,21.5,21.5,61.2,61.2,61.2,42.0,42,42,18.8,18.8,18.8,38292.07,38292.07,38292.07,2.52,2.52,2.52,1,0
DM421226,2021-03-19,2021-03-19,1,41.5861111111111,-8.14861111111111,14.9,14.9,14.9,5.4,5.4,5.4,82.0,82,82,53.0,53,53,0.0,0.0,0.0,0.0,0.0,0.0,0.0,0.0,0.0,20.6,20.6,20.6,50.4,50.4,50.4,52.0,52,52,18.81,18.81,18.81,38799.41,38799.41,38799.41,3.04,3.04,3.04,1,0
DM421227,2021-03-19,2021-03-19,1,41.635,-8.03027777777778,9.9,9.9,9.9,0.1,0.1,0.1,85.0,85,85,57.0,57,57,0.0,0.0,0.0,0.0,0.0,0.0,0.0,0.0,0.0,23.0,23.0,23.0,55.8,55.8,55.8,35.0,35,35,18.45,18.45,18.45,38818.0,38818.0,38818.0,2.23,2.23,2.23,1,0
DM421228,2021-03-19,2021-03-19,1,41.5397222222222,-8.09638888888889,13.4,13.4,13.4,1.6,1.6,1.6,80.0,80,80,52.0,52,52,0.0,0.0,0.0,0.0,0.0,0.0,0.0,0.0,0.0,20.9,20.9,20.9,57.6,57.6,57.6,45.0,45,45,18.12,18.12,18.12,39661.15,39661.15,39661.15,2.54,2.54,2.54,1,0
DM421229,2021-03-19,2021-03-19,1,41.682751999961,-8.00562000009749,12.8,12.8,12.8,3.6,3.6,3.6,84.0,84,84,58.0,58,58,0.0,0.0,0.0,0.0,0.0,0.0,0.0,0.0,0.0,21.5,21.5,21.5,61.2,61.2,61.2,42.0,42,42,18.8,18.8,18.8,38292.07,38292.07,38292.07,2.63,2.63,2.63,1,0
DM421233,2021-03-19,2021-03-20,2,41.6419444444444,-8.17527777777778,13.55,13.7,13.4,2.5,4.0,1.0,84.5,87,82,49.0,55,43,0.0,0.0,0.0,0.0,0.0,0.0,0.0,0.0,0.0,15.45,20.5,10.4,39.95,51.1,28.8,47.0,48,46,19.740000000000002,20.45,19.03,38870.49,40057.35,37683.63,2.835,2.9,2.77,2,0
DM421242,2021-03-20,2021-03-20,1,41.6541669999229,-8.03601799991396,11.6,11.6,11.6,0.8,0.8,0.8,82.0,82,82,45.0,45,45,0.0,0.0,0.0,0.0,0.0,0.0,0.0,0.0,0.0,16.1,16.1,16.1,41.8,41.8,41.8,61.0,61,61,20.7,20.7,20.7,40103.18,40103.18,40103.18,2.76,2.76,2.76,1,0
DM421243,2021-03-20,2021-03-20,1,41.6288888888889,-8.5175,16.9,16.9,16.9,4.9,4.9,4.9,75.0,75,75,43.0,43,43,0.0,0.0,0.0,0.0,0.0,0.0,0.0,0.0,0.0,15.2,15.2,15.2,32.4,32.4,32.4,17.0,17,17,20.39,20.39,20.39,40010.0,40010.0,40010.0,3.33,3.33,3.33,1,0
DM421245,2021-03-20,2021-03-20,1,41.6741666666667,-8.00416666666667,11.6,11.6,11.6,0.8,0.8,0.8,82.0,82,82,45.0,45,45,0.0,0.0,0.0,0.0,0.0,0.0,0.0,0.0,0.0,16.1,16.1,16.1,41.8,41.8,41.8,61.0,61,61,20.7,20.7,20.7,40103.18,40103.18,40103.18,2.77,2.77,2.77,1,0
DM421248,2021-03-20,2021-03-20,1,41.5622222222222,-7.91916666666667,14.7,14.7,14.7,3.2,3.2,3.2,78.0,78,78,43.0,43,43,0.0,0.0,0.0,0.0,0.0,0.0,0.0,0.0,0.0,14.6,14.6,14.6,41.0,41.0,41.0,69.0,69,69,20.69,20.69,20.69,40083.99,40083.99,40083.99,3.08,3.08,3.08,1,0
DM421254,2021-03-20,2021-03-21,2,41.6441666666667,-8.17055555555556,13.850000000000001,13.9,13.8,2.1,3.0,1.2,86.5,87,86,40.5,44,37,0.0,0.0,0.0,0.0,0.0,0.0,0.0,0.0,0.0,13.649999999999999,16.9,10.4,34.75,40.7,28.8,66.0,84,48,20.689999999999998,20.93,20.45,40163.78,40270.21,40057.35,3.13,3.35,2.91,2,0
DM421256,2021-03-21,2021-03-21,1,41.5811111111111,-7.82861111111111,13.9,13.9,13.9,-0.7,-0.7,-0.7,85.0,85,85,39.0,39,39,0.0,0.0,0.0,0.0,0.0,0.0,0.0,0.0,0.0,12.4,12.4,12.4,37.4,37.4,37.4,61.0,61,61,21.35,21.35,21.35,40294.19,40294.19,40294.19,2.99,2.99,2.99,1,0
DM421265,2021-03-21,2021-03-21,1,41.5708333333333,-8.00472222222222,14.3,14.3,14.3,1.6,1.6,1.6,87.0,87,87,36.0,36,36,0.0,0.0,0.0,0.0,0.0,0.0,0.0,0.0,0.0,18.1,18.1,18.1,42.8,42.8,42.8,68.0,68,68,21.14,21.14,21.14,40295.54,40295.54,40295.54,3.19,3.19,3.19,1,0
DM421270,2021-03-22,2021-03-22,1,41.7429679997762,-8.08318700048659,13.8,13.8,13.8,0.6,0.6,0.6,84.0,84,84,44.0,44,44,0.0,0.0,0.0,0.0,0.0,0.0,0.0,0.0,0.0,10.1,10.1,10.1,29.9,29.9,29.9,91.0,91,91,21.48,21.48,21.48,40512.59,40512.59,40512.59,3.03,3.03,3.03,1,0
DM421276,2021-03-22,2021-03-23,2,41.485,-8.06361111111111,16.0,16.7,15.3,0.4,1.1,-0.3,90.0,91,89,38.5,41,36,0.0,0.0,0.0,0.0,0.0,0.0,0.0,0.0,0.0,12.05,12.9,11.2,33.1,35.6,30.6,56.0,66,46,21.485,21.64,21.33,40474.71,40533.68,40415.74,3.1399999999999997,3.28,3.0,2,0
DM421298,2021-03-25,2021-03-25,1,41.7430300002628,-8.2087680000729,14.7,14.7,14.7,3.4,3.4,3.4,96.0,96,96,56.0,56,56,0.0,0.0,0.0,0.0,0.0,0.0,0.0,0.0,0.0,10.5,10.5,10.5,28.4,28.4,28.4,286.0,286,286,19.64,19.64,19.64,36379.67,36379.67,36379.67,2.8,2.8,2.8,1,0
DM421312,2021-03-27,2021-03-27,1,41.6772222222222,-7.99027777777778,15.0,15.0,15.0,2.6,2.6,2.6,94.0,94,94,44.0,44,44,0.0,0.0,0.0,0.0,0.0,0.0,0.0,0.0,0.0,18.3,18.3,18.3,43.9,43.9,43.9,68.0,68,68,22.46,22.46,22.46,41192.86,41192.86,41192.86,3.09,3.09,3.09,1,0
DM421327,2021-03-28,2021-03-28,1,41.705,-8.22777777777778,18.8,18.8,18.8,5.9,5.9,5.9,71.0,71,71,40.0,40,40,0.0,0.0,0.0,0.0,0.0,0.0,0.0,0.0,0.0,14.4,14.4,14.4,46.8,46.8,46.8,95.0,95,95,22.35,22.35,22.35,41418.68,41418.68,41418.68,3.88,3.88,3.88,1,0
DM421333,2021-03-28,2021-03-28,1,41.3830400000678,-8.14708500014411,20.7,20.7,20.7,5.4,5.4,5.4,78.0,78,78,38.0,38,38,0.0,0.0,0.0,0.0,0.0,0.0,0.0,0.0,0.0,14.5,14.5,14.5,37.1,37.1,37.1,96.0,96,96,22.01,22.01,22.01,41249.14,41249.14,41249.14,3.85,3.85,3.85,1,0
DM421335,2021-03-28,2021-03-28,1,41.5019444444444,-8.03694444444444,20.1,20.1,20.1,3.8,3.8,3.8,80.0,80,80,37.0,37,37,0.0,0.0,0.0,0.0,0.0,0.0,0.0,0.0,0.0,14.0,14.0,14.0,39.2,39.2,39.2,69.0,69,69,22.26,22.26,22.26,41383.72,41383.72,41383.72,3.82,3.82,3.82,1,0
DM421337,2021-03-28,2021-03-28,1,41.5102777777778,-8.18916666666667,22.0,22.0,22.0,8.7,8.7,8.7,62.0,62,62,36.0,36,36,0.0,0.0,0.0,0.0,0.0,0.0,0.0,0.0,0.0,19.9,19.9,19.9,44.6,44.6,44.6,83.0,83,83,21.99,21.99,21.99,41375.7,41375.7,41375.7,4.4,4.4,4.4,1,0
DM421339,2021-03-28,2021-03-29,2,41.6764729997847,-8.01391500049167,16.5,18.1,14.9,7.9,9.6,6.2,70.0,73,67,44.0,48,40,0.8,1.6,0.0,0.8,1.6,0.0,2.5,5.0,0.0,17.700000000000003,18.8,16.6,50.05,52.9,47.2,82.0,85,79,16.630000000000003,22.26,11.0,34359.165,41353.18,27365.15,3.1500000000000004,3.87,2.43,1,0
DM421348,2021-03-29,2021-03-29,1,41.6919444444444,-8.03916666666667,18.4,18.4,18.4,10.8,10.8,10.8,75.0,75,75,45.0,45,45,0.4,0.4,0.4,0.4,0.4,0.4,3.0,3.0,3.0,13.2,13.2,13.2,39.6,39.6,39.6,81.0,81,81,11.15,11.15,11.15,24745.77,24745.77,24745.77,2.54,2.54,2.54,1,0
DM42135,2021-01-16,2021-01-16,1,41.5891666666667,-7.95833333333333,7.6,7.6,7.6,-4.8,-4.8,-4.8,92.0,92,92,43.0,43,43,0.0,0.0,0.0,0.0,0.0,0.0,0.0,0.0,0.0,10.2,10.2,10.2,25.9,25.9,25.9,53.0,53,53,10.15,10.15,10.15,30633.63,30633.63,30633.63,1.15,1.15,1.15,1,0
DM421350,2021-03-29,2021-03-29,1,41.6838888888889,-7.99555555555556,14.8,14.8,14.8,7.9,7.9,7.9,82.0,82,82,50.0,50,50,0.8,0.8,0.8,0.8,0.8,0.8,4.0,4.0,4.0,16.4,16.4,16.4,37.1,37.1,37.1,46.0,46,46,11.66,11.66,11.66,26001.12,26001.12,26001.12,2.21,2.21,2.21,1,0
DM421354,2021-03-29,2021-03-30,2,41.5733333333333,-7.84138888888889,17.9,20.4,15.4,6.65,7.5,5.8,88.5,91,86,47.5,49,46,0.55,0.9,0.2,0.55,0.9,0.2,3.0,4.0,2.0,13.8,14.2,13.4,41.2,43.9,38.5,61.0,68,54,13.620000000000001,15.58,11.66,28684.4,31045.14,26323.66,2.445,2.78,2.11,2,0
DM421359,2021-03-30,2021-03-31,2,41.6770229996575,-8.1238699997796,23.15,24.8,21.5,13.100000000000001,14.8,11.4,67.0,75,59,37.0,43,31,0.05,0.1,0.0,0.05,0.1,0.0,0.5,1.0,0.0,19.0,21.4,16.6,47.15,51.5,42.8,97.5,98,97,18.450000000000003,19.89,17.01,37474.715,39688.32,35261.11,4.415,5.19,3.64,2,0
DM421390,2021-04-04,2021-04-04,1,41.5008333333333,-8.12027777777778,19.2,19.2,19.2,4.8,4.8,4.8,80.0,80,80,29.0,29,29,0.0,0.0,0.0,0.0,0.0,0.0,0.0,0.0,0.0,17.0,17.0,17.0,41.0,41.0,41.0,64.0,64,64,24.17,24.17,24.17,43019.68,43019.68,43019.68,4.01,4.01,4.01,1,0
DM42141,2021-01-17,2021-01-17,1,41.66,-8.14944444444444,13.4,13.4,13.4,1.3,1.3,1.3,86.0,86,86,16.0,16,16,0.0,0.0,0.0,0.0,0.0,0.0,0.0,0.0,0.0,8.4,8.4,8.4,21.2,21.2,21.2,45.0,45,45,9.78,9.78,9.78,30717.52,30717.52,30717.52,1.49,1.49,1.49,1,0
DM421421,2021-04-07,2021-04-07,1,41.4392079999712,-8.35249799993303,20.6,20.6,20.6,8.6,8.6,8.6,93.0,93,93,39.0,39,39,0.0,0.0,0.0,0.0,0.0,0.0,0.0,0.0,0.0,29.5,29.5,29.5,61.6,61.6,61.6,102.0,102,102,22.81,22.81,22.81,42494.98,42494.98,42494.98,4.44,4.44,4.44,1,0
DM42143,2021-01-17,2021-01-17,1,41.4955555555556,-8.04444444444444,12.5,12.5,12.5,-3.2,-3.2,-3.2,83.0,83,83,38.0,38,38,0.0,0.0,0.0,0.0,0.0,0.0,0.0,0.0,0.0,10.8,10.8,10.8,23.8,23.8,23.8,64.0,64,64,9.96,9.96,9.96,30774.93,30774.93,30774.93,1.37,1.37,1.37,1,0
DM421430,2021-04-08,2021-04-08,1,41.6897649998135,-8.07523800002204,18.0,18.0,18.0,8.9,8.9,8.9,90.0,90,90,51.0,51,51,0.0,0.0,0.0,0.0,0.0,0.0,0.0,0.0,0.0,13.4,13.4,13.4,40.7,40.7,40.7,179.0,179,179,20.0,20.0,20.0,42767.03,42767.03,42767.03,3.31,3.31,3.31,1,0
DM421433,2021-04-08,2021-04-08,1,41.5793279997508,-8.30029500001007,17.4,17.4,17.4,9.3,9.3,9.3,90.0,90,90,47.0,47,47,0.1,0.1,0.1,0.1,0.1,0.1,1.0,1.0,1.0,13.4,13.4,13.4,33.8,33.8,33.8,155.0,155,155,19.91,19.91,19.91,41306.92,41306.92,41306.92,3.42,3.42,3.42,1,0
DM42144,2021-01-18,2021-01-18,1,41.5919070000119,-8.00041699998908,9.7,9.7,9.7,-1.8,-1.8,-1.8,93.0,93,93,60.0,60,60,0.0,0.0,0.0,0.0,0.0,0.0,0.0,0.0,0.0,11.0,11.0,11.0,28.4,28.4,28.4,43.0,43,43,10.08,10.08,10.08,30861.92,30861.92,30861.92,1.12,1.12,1.12,1,0
DM42148,2021-01-18,2021-01-18,1,41.5611111111111,-8.14166666666667,13.4,13.4,13.4,2.4,2.4,2.4,89.0,89,89,59.0,59,59,0.0,0.0,0.0,0.0,0.0,0.0,0.0,0.0,0.0,12.3,12.3,12.3,27.0,27.0,27.0,87.0,87,87,9.88,9.88,9.88,30832.04,30832.04,30832.04,1.33,1.33,1.33,1,0
DM42154,2021-01-19,2021-01-19,1,41.4280555555556,-8.11638888888889,9.3,9.3,9.3,-2.7,-2.7,-2.7,87.0,87,87,62.0,62,62,0.3,0.3,0.3,0.3,0.3,0.3,2.0,2.0,2.0,14.4,14.4,14.4,42.8,42.8,42.8,125.0,125,125,6.29,6.29,6.29,19930.04,19930.04,19930.04,0.86,0.86,0.86,1,0
DM42156,2021-01-19,2021-01-19,1,41.3528960000144,-8.28124899970161,11.3,11.3,11.3,1.0,1.0,1.0,89.0,89,89,62.0,62,62,0.3,0.3,0.3,0.3,0.3,0.3,3.0,3.0,3.0,23.3,23.3,23.3,48.2,48.2,48.2,151.0,151,151,5.54,5.54,5.54,10547.78,10547.78,10547.78,1.03,1.03,1.03,1,0
DM421576,2021-06-03,2021-06-03,1,41.4566899998983,-8.72674999978807,18.1,18.1,18.1,11.2,11.2,11.2,91.0,91,91,57.0,57,57,0.0,0.0,0.0,0.0,0.0,0.0,0.0,0.0,0.0,30.9,30.9,30.9,58.7,58.7,58.7,332.0,332,332,30.29,30.29,30.29,50010.25,50010.25,50010.25,4.49,4.49,4.49,1,1
DM421583,2021-06-05,2021-06-05,1,41.3475,-8.05277777777778,24.4,24.4,24.4,10.4,10.4,10.4,83.0,83,83,43.0,43,43,0.0,0.0,0.0,0.0,0.0,0.0,0.0,0.0,0.0,12.9,12.9,12.9,31.3,31.3,31.3,359.0,359,359,29.11,29.11,29.11,50297.05,50297.05,50297.05,5.37,5.37,5.37,1,0
DM4216,2021-01-09,2021-01-09,1,41.7412770001094,-8.32844200028314,6.4,6.4,6.4,-3.6,-3.6,-3.6,84.0,84,84,46.0,46,46,0.0,0.0,0.0,0.0,0.0,0.0,0.0,0.0,0.0,14.8,14.8,14.8,41.0,41.0,41.0,27.0,27,27,8.42,8.42,8.42,29883.71,29883.71,29883.71,1.06,1.06,1.06,1,0
DM42164,2021-01-19,2021-01-19,1,41.5108333333333,-8.15416666666667,10.1,10.1,10.1,0.0,0.0,0.0,90.0,90,90,62.0,62,62,0.4,0.4,0.4,0.4,0.4,0.4,3.0,3.0,3.0,18.0,18.0,18.0,40.3,40.3,40.3,126.0,126,126,5.75,5.75,5.75,13871.32,13871.32,13871.32,0.9,0.9,0.9,1,0
DM42170,2021-01-19,2021-01-19,1,41.5491666666667,-8.31555555555556,10.3,10.3,10.3,2.2,2.2,2.2,88.0,88,88,64.0,64,64,0.9,0.9,0.9,0.9,0.9,0.9,6.0,6.0,6.0,18.9,18.9,18.9,49.0,49.0,49.0,136.0,136,136,5.86,5.86,5.86,12686.56,12686.56,12686.56,0.94,0.94,0.94,1,0
DM42172,2021-01-19,2021-01-20,2,41.4925,-8.10305555555555,9.0,9.1,8.9,1.65,5.5,-2.2,95.0,100,90,73.0,84,62,18.95,37.5,0.4,18.95,37.5,0.4,12.5,23.0,2.0,18.15,26.8,9.5,60.650000000000006,86.4,34.9,154.0,219,89,4.25,6.53,1.97,10410.995,20713.16,108.83,0.585,0.84,0.33,1,0
DM42177,2021-02-24,2021-02-24,1,41.6083333333333,-8.1675,14.1,14.1,14.1,4.0,4.0,4.0,93.0,93,93,54.0,54,54,0.5,0.5,0.5,0.5,0.5,0.5,4.0,4.0,4.0,19.4,19.4,19.4,48.2,48.2,48.2,138.0,138,138,14.0,14.0,14.0,33632.01,33632.01,33632.01,2.08,2.08,2.08,1,0
DM42182,2021-02-28,2021-02-28,1,41.6119529999627,-8.18299699995253,13.6,13.6,13.6,4.9,4.9,4.9,83.0,83,83,42.0,42,42,0.0,0.0,0.0,0.0,0.0,0.0,0.0,0.0,0.0,20.5,20.5,20.5,47.9,47.9,47.9,76.0,76,76,16.83,16.83,16.83,37126.8,37126.8,37126.8,2.83,2.83,2.83,1,0
DM421916,2021-08-23,2021-08-23,1,41.5483333333333,-8.10444444444444,31.6,31.6,31.6,17.9,17.9,17.9,76.0,76,76,23.0,23,23,0.0,0.0,0.0,0.0,0.0,0.0,0.0,0.0,0.0,18.9,18.9,18.9,51.8,51.8,51.8,58.0,58,58,24.99,24.99,24.99,45327.87,45327.87,45327.87,6.14,6.14,6.14,1,0
DM421935,2021-08-24,2021-08-24,1,41.4719444444444,-8.20666666666667,32.1,32.1,32.1,18.4,18.4,18.4,61.0,61,61,26.0,26,26,0.0,0.0,0.0,0.0,0.0,0.0,0.0,0.0,0.0,17.1,17.1,17.1,45.0,45.0,45.0,67.0,67,67,24.73,24.73,24.73,45160.67,45160.67,45160.67,6.29,6.29,6.29,1,0
DM421942,2021-08-24,2021-08-24,1,41.5180555555556,-8.16666666666667,31.8,31.8,31.8,18.6,18.6,18.6,58.0,58,58,26.0,26,26,0.0,0.0,0.0,0.0,0.0,0.0,0.0,0.0,0.0,20.8,20.8,20.8,47.9,47.9,47.9,64.0,64,64,24.77,24.77,24.77,45169.33,45169.33,45169.33,6.66,6.66,6.66,1,0
DM421954,2021-08-24,2021-08-24,1,41.7236129999161,-8.4721280002594,31.3,31.3,31.3,17.8,17.8,17.8,64.0,64,64,28.0,28,28,0.0,0.0,0.0,0.0,0.0,0.0,0.0,0.0,0.0,11.8,11.8,11.8,30.2,30.2,30.2,100.0,100,100,24.57,24.57,24.57,45195.43,45195.43,45195.43,5.69,5.69,5.69,1,0
DM421983,2021-08-27,2021-08-27,1,41.4316666666667,-8.05638888888889,27.6,27.6,27.6,14.4,14.4,14.4,87.0,87,87,40.0,40,40,0.0,0.0,0.0,0.0,0.0,0.0,0.0,0.0,0.0,18.8,18.8,18.8,46.8,46.8,46.8,255.0,255,255,22.13,22.13,22.13,44707.68,44707.68,44707.68,4.35,4.35,4.35,1,0
DM421995,2021-08-29,2021-08-29,1,41.5647222222222,-7.91666666666667,23.4,23.4,23.4,13.3,13.3,13.3,98.0,98,98,58.0,58,58,0.0,0.0,0.0,0.0,0.0,0.0,0.0,0.0,0.0,14.1,14.1,14.1,40.0,40.0,40.0,242.0,242,242,19.07,19.07,19.07,41908.7,41908.7,41908.7,3.51,3.51,3.51,1,0
RO121244,2021-06-26,2021-06-26,1,39.6363888888889,-8.55333333333333,25.9,25.9,25.9,15.2,15.2,15.2,91.0,91,91,39.0,39,39,0.0,0.0,0.0,0.0,0.0,0.0,0.0,0.0,0.0,24.3,24.3,24.3,42.1,42.1,42.1,305.0,305,305,30.38,30.38,30.38,49665.44,49665.44,49665.44,5.97,5.97,5.97,1,0
RO121283,2021-07-07,2021-07-07,1,38.91,-8.69722222222222,25.5,25.5,25.5,14.4,14.4,14.4,96.0,96,96,34.0,34,34,0.0,0.0,0.0,0.0,0.0,0.0,0.0,0.0,0.0,25.6,25.6,25.6,49.3,49.3,49.3,336.0,336,336,28.92,28.92,28.92,48934.55,48934.55,48934.55,5.88,5.88,5.88,1,0
RO121367,2021-07-28,2021-07-28,1,39.3324529997508,-8.79977499961853,29.7,29.7,29.7,16.8,16.8,16.8,90.0,90,90,40.0,40,40,0.0,0.0,0.0,0.0,0.0,0.0,0.0,0.0,0.0,25.9,25.9,25.9,50.8,50.8,50.8,331.0,331,331,27.73,27.73,27.73,47588.63,47588.63,47588.63,6.42,6.42,6.42,1,0
RO121426,2021-08-07,2021-08-07,1,39.4416666666667,-8.86944444444444,22.7,22.7,22.7,15.4,15.4,15.4,97.0,97,97,45.0,45,45,0.3,0.3,0.3,0.3,0.3,0.3,3.0,3.0,3.0,26.7,26.7,26.7,52.9,52.9,52.9,326.0,326,326,25.82,25.82,25.82,46335.18,46335.18,46335.18,4.76,4.76,4.76,1,0
RO121435,2021-08-09,2021-08-09,1,39.2377777777778,-8.76472222222222,28.4,28.4,28.4,14.3,14.3,14.3,88.0,88,88,36.0,36,36,0.0,0.0,0.0,0.0,0.0,0.0,0.0,0.0,0.0,22.7,22.7,22.7,46.8,46.8,46.8,322.0,322,322,27.2,27.2,27.2,46194.68,46194.68,46194.68,5.9,5.9,5.9,1,0
RO121474,2021-08-16,2021-08-16,1,39.187107000086,-8.65009500000212,34.6,34.6,34.6,16.7,16.7,16.7,92.0,92,92,23.0,23,23,0.0,0.0,0.0,0.0,0.0,0.0,0.0,0.0,0.0,24.3,24.3,24.3,49.3,49.3,49.3,325.0,325,325,26.19,26.19,26.19,45859.63,45859.63,45859.63,6.85,6.85,6.85,1,0
RO121505,2021-08-21,2021-08-22,2,39.8225,-8.48666666666667,28.8,29.1,28.5,14.9,15.0,14.8,99.0,99,99,45.0,46,44,0.0,0.0,0.0,0.0,0.0,0.0,0.0,0.0,0.0,21.45,22.9,20.0,43.4,45.4,41.4,329.0,332,326,24.615,24.65,24.58,45241.755000000005,45383.94,45099.57,4.99,5.05,4.93,2,0
RO121510,2021-08-22,2021-08-23,2,39.0177777777778,-8.63472222222222,34.35,35.6,33.1,16.950000000000003,17.6,16.3,90.0,90,90,29.0,30,28,0.0,0.0,0.0,0.0,0.0,0.0,0.0,0.0,0.0,22.049999999999997,23.7,20.4,43.05,46.1,40.0,312.5,322,303,24.685,25.06,24.31,44973.14,45146.83,44799.45,6.02,6.1,5.94,2,0
RO121557,2021-09-02,2021-09-02,1,39.6791666666667,-8.35833333333333,27.6,27.6,27.6,16.6,16.6,16.6,91.0,91,91,40.0,40,40,0.0,0.0,0.0,0.0,0.0,0.0,0.0,0.0,0.0,23.8,23.8,23.8,42.1,42.1,42.1,328.0,328,328,22.14,22.14,22.14,43235.98,43235.98,43235.98,4.75,4.75,4.75,1,0
RO121589,2021-09-18,2021-09-18,1,39.1638120004866,-8.81482300016615,23.7,23.7,23.7,16.0,16.0,16.0,83.0,83,83,45.0,45,45,0.0,0.0,0.0,0.0,0.0,0.0,0.0,0.0,0.0,26.0,26.0,26.0,50.0,50.0,50.0,342.0,342,342,20.85,20.85,20.85,39854.66,39854.66,39854.66,4.34,4.34,4.34,1,0
RO121611,2021-09-24,2021-09-24,1,38.7636111111111,-8.79611111111111,24.3,24.3,24.3,13.4,13.4,13.4,99.0,99,99,56.0,56,56,0.7,0.7,0.7,0.7,0.7,0.7,3.0,3.0,3.0,18.1,18.1,18.1,37.8,37.8,37.8,208.0,208,208,17.15,17.15,17.15,39600.0,39600.0,39600.0,3.17,3.17,3.17,1,0
RO121680,2021-10-20,2021-10-20,1,39.5513329999977,-8.12016700002882,24.6,24.6,24.6,15.4,15.4,15.4,96.0,96,96,53.0,53,53,0.7,0.7,0.7,0.7,0.7,0.7,3.0,3.0,3.0,18.4,18.4,18.4,40.0,40.0,40.0,300.0,300,300,12.93,12.93,12.93,33600.43,33600.43,33600.43,2.51,2.51,2.51,1,0
RO121697,2021-10-25,2021-10-25,1,39.3636111111111,-8.265,23.0,23.0,23.0,11.8,11.8,11.8,97.0,97,97,38.0,38,38,0.0,0.0,0.0,0.0,0.0,0.0,0.0,0.0,0.0,23.0,23.0,23.0,38.2,38.2,38.2,341.0,341,341,14.27,14.27,14.27,34989.68,34989.68,34989.68,3.12,3.12,3.12,1,0
RO2211209,2021-08-15,2021-08-15,1,39.1177799999714,-9.03861000008053,27.8,27.8,27.8,16.7,16.7,16.7,93.0,93,93,33.0,33,33,0.0,0.0,0.0,0.0,0.0,0.0,0.0,0.0,0.0,31.5,31.5,31.5,56.5,56.5,56.5,336.0,336,336,25.28,25.28,25.28,45819.07,45819.07,45819.07,5.7,5.7,5.7,1,1
RO2211250,2021-08-18,2021-08-18,1,39.2152799998389,-8.90388999991947,27.4,27.4,27.4,15.9,15.9,15.9,85.0,85,85,37.0,37,37,0.0,0.0,0.0,0.0,0.0,0.0,0.0,0.0,0.0,30.7,30.7,30.7,54.4,54.4,54.4,323.0,323,323,25.61,25.61,25.61,45697.44,45697.44,45697.44,5.75,5.75,5.75,1,1
RO2211266,2021-08-20,2021-08-20,1,39.1984999995761,-8.86049999978807,26.7,26.7,26.7,15.3,15.3,15.3,97.0,97,97,43.0,43,43,0.0,0.0,0.0,0.0,0.0,0.0,0.0,0.0,0.0,26.2,26.2,26.2,47.2,47.2,47.2,328.0,328,328,24.84,24.84,24.84,44003.58,44003.58,44003.58,4.94,4.94,4.94,1,0
RO2211345,2021-08-29,2021-08-29,1,38.8252799998389,-9.20889000044929,24.8,24.8,24.8,16.5,16.5,16.5,97.0,97,97,42.0,42,42,0.0,0.0,0.0,0.0,0.0,0.0,0.0,0.0,0.0,16.8,16.8,16.8,36.4,36.4,36.4,313.0,313,313,22.95,22.95,22.95,41744.17,41744.17,41744.17,4.34,4.34,4.34,1,0
RO2211726,2021-10-13,2021-10-13,1,39.18,-9.34639000044929,27.1,27.1,27.1,16.9,16.9,16.9,79.0,79,79,36.0,36,36,0.0,0.0,0.0,0.0,0.0,0.0,0.0,0.0,0.0,13.6,13.6,13.6,27.4,27.4,27.4,57.0,57,57,16.6,16.6,16.6,37403.95,37403.95,37403.95,3.75,3.75,3.75,1,0
RO2211728,2021-10-13,2021-10-13,1,39.083814999991,-9.03340300000376,28.4,28.4,28.4,15.0,15.0,15.0,78.0,78,78,29.0,29,29,0.0,0.0,0.0,0.0,0.0,0.0,0.0,0.0,0.0,15.3,15.3,15.3,26.6,26.6,26.6,7.0,7,7,16.63,16.63,16.63,37425.34,37425.34,37425.34,4.2,4.2,4.2,1,0
RO2211840,2021-10-22,2021-10-22,1,38.8563899999195,-9.24332999971178,20.7,20.7,20.7,12.4,12.4,12.4,86.0,86,86,41.0,41,41,0.0,0.0,0.0,0.0,0.0,0.0,0.0,0.0,0.0,24.1,24.1,24.1,49.3,49.3,49.3,352.0,352,352,15.37,15.37,15.37,35861.0,35861.0,35861.0,3.17,3.17,3.17,1,0
RO221199,2021-03-17,2021-03-17,1,39.1975,-8.8566699997584,21.9,21.9,21.9,11.0,11.0,11.0,65.0,65,65,40.0,40,40,0.0,0.0,0.0,0.0,0.0,0.0,0.0,0.0,0.0,24.8,24.8,24.8,44.3,44.3,44.3,57.0,57,57,20.34,20.34,20.34,39549.39,39549.39,39549.39,4.37,4.37,4.37,1,0
RO221903,2021-07-15,2021-07-16,2,38.8860169998805,-9.16785300003158,34.05,34.9,33.2,20.75,22.0,19.5,61.0,62,60,20.5,21,20,0.0,0.0,0.0,0.0,0.0,0.0,0.0,0.0,0.0,22.85,26.0,19.7,44.3,49.7,38.9,331.0,338,324,29.185,29.24,29.13,48720.880000000005,48736.36,48705.4,7.859999999999999,7.96,7.76,2,0
RO321585,2021-07-24,2021-07-24,1,37.8333299997118,-8.66694000000755,24.2,24.2,24.2,15.6,15.6,15.6,94.0,94,94,52.0,52,52,0.0,0.0,0.0,0.0,0.0,0.0,0.0,0.0,0.0,23.2,23.2,23.2,50.8,50.8,50.8,331.0,331,331,28.26,28.26,28.26,47368.45,47368.45,47368.45,5.14,5.14,5.14,1,0
RO321615,2021-08-01,2021-08-01,1,37.9558190001382,-8.54892100016276,25.7,25.7,25.7,14.7,14.7,14.7,94.0,94,94,38.0,38,38,0.0,0.0,0.0,0.0,0.0,0.0,0.0,0.0,0.0,28.1,28.1,28.1,54.0,54.0,54.0,323.0,323,323,26.99,26.99,26.99,46517.57,46517.57,46517.57,5.41,5.41,5.41,1,0
RO321688,2021-08-17,2021-08-17,1,38.4799480003781,-8.59669699986776,37.0,37.0,37.0,16.9,16.9,16.9,82.0,82,82,18.0,18,18,0.0,0.0,0.0,0.0,0.0,0.0,0.0,0.0,0.0,25.8,25.8,25.8,47.9,47.9,47.9,341.0,341,341,25.85,25.85,25.85,45722.06,45722.06,45722.06,7.93,7.93,7.93,1,0
TM121103,2021-03-10,2021-03-10,1,41.4543070001072,-7.76332500033908,10.7,10.7,10.7,0.8,0.8,0.8,100.0,100,100,49.0,49,49,0.2,0.2,0.2,0.2,0.2,0.2,2.0,2.0,2.0,12.7,12.7,12.7,32.0,32.0,32.0,269.0,269,269,12.92,12.92,12.92,29406.01,29406.01,29406.01,1.68,1.68,1.68,1,0
TM121117,2021-03-15,2021-03-15,1,41.8419444444444,-7.74611111111111,13.5,13.5,13.5,0.6,0.6,0.6,88.0,88,88,49.0,49,49,0.0,0.0,0.0,0.0,0.0,0.0,0.0,0.0,0.0,11.6,11.6,11.6,27.7,27.7,27.7,77.0,77,77,19.61,19.61,19.61,39129.23,39129.23,39129.23,2.68,2.68,2.68,1,0
TM121124,2021-03-16,2021-03-16,1,41.2134119998084,-7.87259699980418,15.6,15.6,15.6,3.7,3.7,3.7,80.0,80,80,47.0,47,47,0.0,0.0,0.0,0.0,0.0,0.0,0.0,0.0,0.0,17.5,17.5,17.5,61.9,61.9,61.9,96.0,96,96,19.71,19.71,19.71,39284.01,39284.01,39284.01,2.97,2.97,2.97,1,0
TM121145,2021-03-17,2021-03-17,1,41.6700030001005,-7.88966500017378,14.0,14.0,14.0,4.3,4.3,4.3,74.0,74,74,42.0,42,42,0.0,0.0,0.0,0.0,0.0,0.0,0.0,0.0,0.0,23.6,23.6,23.6,58.3,58.3,58.3,70.0,70,70,20.35,20.35,20.35,39580.62,39580.62,39580.62,3.11,3.11,3.11,1,0
TM12115,2021-01-10,2021-01-10,1,41.7641666666667,-7.67944444444444,3.4,3.4,3.4,-3.3,-3.3,-3.3,83.0,83,83,56.0,56,56,0.0,0.0,0.0,0.0,0.0,0.0,0.0,0.0,0.0,20.9,20.9,20.9,46.4,46.4,46.4,4.0,4,4,8.77,8.77,8.77,29939.19,29939.19,29939.19,1.06,1.06,1.06,1,0
TM121153,2021-03-17,2021-03-17,1,41.7625409995185,-7.61125299983554,17.9,17.9,17.9,4.6,4.6,4.6,79.0,79,79,38.0,38,38,0.0,0.0,0.0,0.0,0.0,0.0,0.0,0.0,0.0,15.4,15.4,15.4,35.6,35.6,35.6,117.0,117,117,20.19,20.19,20.19,39507.91,39507.91,39507.91,3.25,3.25,3.25,1,0
TM121154,2021-03-17,2021-03-17,1,41.4274230003357,-7.66215799967448,14.6,14.6,14.6,4.7,4.7,4.7,82.0,82,82,45.0,45,45,0.0,0.0,0.0,0.0,0.0,0.0,0.0,0.0,0.0,22.3,22.3,22.3,54.4,54.4,54.4,83.0,83,83,20.19,20.19,20.19,39503.39,39503.39,39503.39,3.1,3.1,3.1,1,0
TM121161,2021-03-17,2021-03-17,1,41.678269999822,-7.29834799978468,18.0,18.0,18.0,3.8,3.8,3.8,85.0,85,85,39.0,39,39,0.0,0.0,0.0,0.0,0.0,0.0,0.0,0.0,0.0,15.6,15.6,15.6,32.0,32.0,32.0,86.0,86,86,20.07,20.07,20.07,39508.04,39508.04,39508.04,3.25,3.25,3.25,1,0
TM121162,2021-03-17,2021-03-17,1,41.7677777777778,-7.84416666666667,14.3,14.3,14.3,4.5,4.5,4.5,86.0,86,86,43.0,43,43,0.0,0.0,0.0,0.0,0.0,0.0,0.0,0.0,0.0,21.8,21.8,21.8,46.8,46.8,46.8,96.0,96,96,20.46,20.46,20.46,39595.28,39595.28,39595.28,3.01,3.01,3.01,1,0
TM121171,2021-03-17,2021-03-18,2,41.4549679999881,-7.69510300000509,14.1,15.6,12.6,3.4,5.3,1.5,81.0,82,80,42.5,43,42,0.0,0.0,0.0,0.0,0.0,0.0,0.0,0.0,0.0,19.299999999999997,21.4,17.2,43.95,46.1,41.8,65.5,69,62,20.08,20.15,20.01,39552.89,39641.79,39463.99,3.09,3.16,3.02,2,0
TM121175,2021-03-17,2021-03-18,2,41.7661111111111,-7.83611111111111,12.350000000000001,14.3,10.4,3.55,4.5,2.6,85.0,86,84,41.5,43,40,0.0,0.0,0.0,0.0,0.0,0.0,0.0,0.0,0.0,19.700000000000003,21.8,17.6,43.0,46.8,39.2,71.5,96,47,20.255000000000003,20.46,20.05,39655.365,39715.45,39595.28,2.825,3.0,2.65,2,0
TM121177,2021-03-18,2021-03-18,1,41.4349820000595,-7.73798500008053,9.8,9.8,9.8,-0.1,-0.1,-0.1,80.0,80,80,43.0,43,43,0.0,0.0,0.0,0.0,0.0,0.0,0.0,0.0,0.0,18.7,18.7,18.7,46.4,46.4,46.4,73.0,73,73,20.23,20.23,20.23,39687.17,39687.17,39687.17,2.77,2.77,2.77,1,0
TM121180,2021-03-18,2021-03-18,1,41.7019444444444,-7.90027777777778,12.0,12.0,12.0,2.1,2.1,2.1,80.0,80,80,37.0,37,37,0.0,0.0,0.0,0.0,0.0,0.0,0.0,0.0,0.0,13.0,13.0,13.0,55.8,55.8,55.8,51.0,51,51,19.69,19.69,19.69,39670.23,39670.23,39670.23,2.81,2.81,2.81,1,0
TM121181,2021-03-18,2021-03-18,1,41.6988519997067,-7.85955499966939,9.8,9.8,9.8,1.1,1.1,1.1,81.0,81,81,36.0,36,36,0.0,0.0,0.0,0.0,0.0,0.0,0.0,0.0,0.0,15.1,15.1,15.1,45.7,45.7,45.7,54.0,54,54,19.94,19.94,19.94,39695.13,39695.13,39695.13,2.62,2.62,2.62,1,0
TM121185,2021-03-18,2021-03-18,1,41.8,-7.84166666666667,10.5,10.5,10.5,2.7,2.7,2.7,84.0,84,84,40.0,40,40,0.0,0.0,0.0,0.0,0.0,0.0,0.0,0.0,0.0,17.6,17.6,17.6,39.2,39.2,39.2,47.0,47,47,20.05,20.05,20.05,39715.45,39715.45,39715.45,2.66,2.66,2.66,1,0
TM121192,2021-03-18,2021-03-18,1,41.7077777777778,-7.98944444444444,13.9,13.9,13.9,4.0,4.0,4.0,80.0,80,80,37.0,37,37,0.0,0.0,0.0,0.0,0.0,0.0,0.0,0.0,0.0,13.0,13.0,13.0,55.8,55.8,55.8,51.0,51,51,19.69,19.69,19.69,39670.23,39670.23,39670.23,2.99,2.99,2.99,1,0
TM121193,2021-03-18,2021-03-18,1,41.4006379999717,-7.80842999988132,10.0,10.0,10.0,0.0,0.0,0.0,78.0,78,78,42.0,42,42,0.0,0.0,0.0,0.0,0.0,0.0,0.0,0.0,0.0,17.5,17.5,17.5,67.7,67.7,67.7,77.0,77,77,20.14,20.14,20.14,39665.35,39665.35,39665.35,2.79,2.79,2.79,1,0
TM121201,2021-03-19,2021-03-19,1,41.6922222222222,-7.96944444444444,11.3,11.3,11.3,1.9,1.9,1.9,88.0,88,88,60.0,60,60,0.0,0.0,0.0,0.0,0.0,0.0,0.0,0.0,0.0,22.6,22.6,22.6,72.4,72.4,72.4,38.0,38,38,18.73,18.73,18.73,37428.18,37428.18,37428.18,2.28,2.28,2.28,1,0
TM121202,2021-03-19,2021-03-19,1,41.7261111111111,-7.57527777777778,12.8,12.8,12.8,1.4,1.4,1.4,84.0,84,84,55.0,55,55,0.0,0.0,0.0,0.0,0.0,0.0,0.0,0.0,0.0,23.5,23.5,23.5,51.1,51.1,51.1,6.0,6,6,16.82,16.82,16.82,34520.52,34520.52,34520.52,2.2,2.2,2.2,1,0
TM121203,2021-03-19,2021-03-19,1,41.7286111111111,-8.01083333333333,12.9,12.9,12.9,2.9,2.9,2.9,86.0,86,86,55.0,55,55,0.0,0.0,0.0,0.0,0.0,0.0,0.0,0.0,0.0,20.8,20.8,20.8,61.9,61.9,61.9,40.0,40,40,19.05,19.05,19.05,36914.21,36914.21,36914.21,2.55,2.55,2.55,1,0
TM121208,2021-03-19,2021-03-19,1,41.6767900000678,-7.89602199978299,10.7,10.7,10.7,0.9,0.9,0.9,85.0,85,85,58.0,58,58,0.0,0.0,0.0,0.0,0.0,0.0,0.0,0.0,0.0,23.0,23.0,23.0,55.8,55.8,55.8,35.0,35,35,18.45,18.45,18.45,38818.0,38818.0,38818.0,2.3,2.3,2.3,1,0
TM121210,2021-03-19,2021-03-19,1,41.7569444444444,-7.87277777777778,10.3,10.3,10.3,0.7,0.7,0.7,89.0,89,89,61.0,61,61,0.0,0.0,0.0,0.0,0.0,0.0,0.0,0.0,0.0,27.0,27.0,27.0,67.3,67.3,67.3,22.0,22,22,17.73,17.73,17.73,37421.17,37421.17,37421.17,2.01,2.01,2.01,1,0
TM121212,2021-03-19,2021-03-19,1,41.3922130001916,-7.66173999998305,11.6,11.6,11.6,0.7,0.7,0.7,91.0,91,91,56.0,56,56,0.0,0.0,0.0,0.0,0.0,0.0,0.0,0.0,0.0,20.5,20.5,20.5,67.0,67.0,67.0,43.0,43,43,18.4,18.4,18.4,39698.42,39698.42,39698.42,2.39,2.39,2.39,1,0
TM121213,2021-03-19,2021-03-19,1,41.6469849999746,-7.73211700015598,12.4,12.4,12.4,2.0,2.0,2.0,82.0,82,82,56.0,56,56,0.0,0.0,0.0,0.0,0.0,0.0,0.0,0.0,0.0,24.8,24.8,24.8,57.2,57.2,57.2,29.0,29,29,18.03,18.03,18.03,39347.89,39347.89,39347.89,2.41,2.41,2.41,1,0
TM121214,2021-03-19,2021-03-19,1,41.8402777777778,-7.71555555555556,9.1,9.1,9.1,0.4,0.4,0.4,98.0,98,98,69.0,69,69,0.0,0.0,0.0,0.0,0.0,0.0,0.0,0.0,0.0,30.2,30.2,30.2,72.0,72.0,72.0,355.0,355,355,15.59,15.59,15.59,31839.18,31839.18,31839.18,1.61,1.61,1.61,1,1
TM121216,2021-03-19,2021-03-19,1,41.689638999833,-7.89050899982452,9.4,9.4,9.4,-0.1,-0.1,-0.1,93.0,93,93,62.0,62,62,0.0,0.0,0.0,0.0,0.0,0.0,0.0,0.0,0.0,25.5,25.5,25.5,68.0,68.0,68.0,31.0,31,31,18.28,18.28,18.28,38120.02,38120.02,38120.02,1.97,1.97,1.97,1,0
TM121222,2021-03-19,2021-03-20,2,41.4736749998728,-7.79935500038995,13.8,14.5,13.1,2.5,3.2,1.8,82.0,83,81,46.5,53,40,0.0,0.0,0.0,0.0,0.0,0.0,0.0,0.0,0.0,18.549999999999997,20.7,16.4,49.3,52.9,45.7,56.0,64,48,19.549999999999997,20.95,18.15,39930.17,40113.63,39746.71,2.855,3.11,2.6,2,0
TM121223,2021-03-19,2021-03-19,1,41.7288888888889,-8.05833333333333,11.5,11.5,11.5,2.1,2.1,2.1,88.0,88,88,60.0,60,60,0.0,0.0,0.0,0.0,0.0,0.0,0.0,0.0,0.0,22.6,22.6,22.6,72.4,72.4,72.4,38.0,38,38,18.73,18.73,18.73,37428.18,37428.18,37428.18,2.3,2.3,2.3,1,0
TM121230,2021-03-20,2021-03-20,1,41.6683333333333,-7.89777777777778,10.8,10.8,10.8,0.0,-0.0,-0.0,82.0,82,82,45.0,45,45,0.0,0.0,0.0,0.0,0.0,0.0,0.0,0.0,0.0,16.1,16.1,16.1,41.8,41.8,41.8,61.0,61,61,20.7,20.7,20.7,40103.18,40103.18,40103.18,2.68,2.68,2.68,1,0
TM121232,2021-03-20,2021-03-20,1,41.2143769995372,-7.86864000002543,12.2,12.2,12.2,2.0,2.0,2.0,84.0,84,84,35.0,35,35,0.0,0.0,0.0,0.0,0.0,0.0,0.0,0.0,0.0,16.3,16.3,16.3,61.2,61.2,61.2,84.0,84,84,20.75,20.75,20.75,40038.82,40038.82,40038.82,3.02,3.02,3.02,1,0
TM121234,2021-03-20,2021-03-20,1,41.8284770001305,-7.55755700005425,11.9,11.9,11.9,-0.2,-0.2,-0.2,92.0,92,92,40.0,40,40,0.0,0.0,0.0,0.0,0.0,0.0,0.0,0.0,0.0,14.2,14.2,14.2,36.0,36.0,36.0,319.0,319,319,19.88,19.88,19.88,40078.2,40078.2,40078.2,2.66,2.66,2.66,1,0
TM121239,2021-03-20,2021-03-20,1,41.6879230001238,-7.79188299973806,10.5,10.5,10.5,0.0,-0.0,-0.0,86.0,86,86,47.0,47,47,0.0,0.0,0.0,0.0,0.0,0.0,0.0,0.0,0.0,18.5,18.5,18.5,47.2,47.2,47.2,57.0,57,57,20.65,20.65,20.65,40206.04,40206.04,40206.04,2.64,2.64,2.64,1,0
TM121242,2021-03-20,2021-03-21,2,41.72,-8.05277777777778,13.2,13.5,12.9,0.75,0.9,0.6,84.5,87,82,44.0,44,44,0.0,0.0,0.0,0.0,0.0,0.0,0.0,0.0,0.0,11.649999999999999,12.2,11.1,37.25,39.2,35.3,53.0,65,41,20.715,20.96,20.47,40160.384999999995,40267.0,40053.77,2.955,3.07,2.84,2,0
TM121243,2021-03-20,2021-03-20,1,41.7491666666667,-7.68083333333333,11.2,11.2,11.2,0.7,0.7,0.7,86.0,86,86,47.0,47,47,0.0,0.0,0.0,0.0,0.0,0.0,0.0,0.0,0.0,18.5,18.5,18.5,47.2,47.2,47.2,57.0,57,57,20.65,20.65,20.65,40206.04,40206.04,40206.04,2.71,2.71,2.71,1,0
TM121249,2021-03-21,2021-03-21,1,41.648759999805,-7.78957199997372,13.0,13.0,13.0,-0.2,-0.2,-0.2,82.0,82,82,38.0,38,38,0.0,0.0,0.0,0.0,0.0,0.0,0.0,0.0,0.0,14.3,14.3,14.3,35.3,35.3,35.3,65.0,65,65,21.33,21.33,21.33,40304.93,40304.93,40304.93,2.96,2.96,2.96,1,0
TM121254,2021-03-21,2021-03-21,1,41.7508333333333,-7.68277777777778,12.4,12.4,12.4,-2.8,-2.8,-2.8,88.0,88,88,41.0,41,41,0.0,0.0,0.0,0.0,0.0,0.0,0.0,0.0,0.0,9.6,9.6,9.6,23.4,23.4,23.4,59.0,59,59,21.4,21.4,21.4,40285.66,40285.66,40285.66,2.76,2.76,2.76,1,0
TM121255,2021-03-21,2021-03-21,1,41.7203280001216,-7.72604999966092,12.3,12.3,12.3,-2.8,-2.8,-2.8,88.0,88,88,41.0,41,41,0.0,0.0,0.0,0.0,0.0,0.0,0.0,0.0,0.0,9.6,9.6,9.6,23.4,23.4,23.4,59.0,59,59,21.4,21.4,21.4,40285.66,40285.66,40285.66,2.76,2.76,2.76,1,0
TM121258,2021-03-21,2021-03-21,1,41.4129240004222,-7.55305700010724,12.2,12.2,12.2,-2.1,-2.1,-2.1,81.0,81,81,41.0,41,41,0.0,0.0,0.0,0.0,0.0,0.0,0.0,0.0,0.0,11.2,11.2,11.2,28.1,28.1,28.1,76.0,76,76,21.01,21.01,21.01,40103.8,40103.8,40103.8,2.72,2.72,2.72,1,0
TM121265,2021-03-21,2021-03-21,1,41.6600949997372,-7.77411199993557,12.6,12.6,12.6,-0.6,-0.6,-0.6,82.0,82,82,37.0,37,37,0.0,0.0,0.0,0.0,0.0,0.0,0.0,0.0,0.0,14.3,14.3,14.3,35.3,35.3,35.3,65.0,65,65,21.33,21.33,21.33,40304.93,40304.93,40304.93,2.92,2.92,2.92,1,0
TM121267,2021-03-21,2021-03-21,1,41.6677029999759,-7.81184499952528,12.9,12.9,12.9,-0.3,-0.3,-0.3,82.0,82,82,37.0,37,37,0.0,0.0,0.0,0.0,0.0,0.0,0.0,0.0,0.0,14.3,14.3,14.3,35.3,35.3,35.3,65.0,65,65,21.33,21.33,21.33,40304.93,40304.93,40304.93,2.95,2.95,2.95,1,0
TM12127,2021-01-13,2021-01-14,2,41.7141666666667,-7.95277777777778,10.1,11.1,9.1,0.9000000000000001,3.2,-1.4,75.0,100,50,32.0,43,21,0.0,0.0,0.0,0.0,0.0,0.0,0.0,0.0,0.0,10.75,15.2,6.3,28.799999999999997,41.8,15.8,170.5,334,7,9.594999999999999,9.87,9.32,30307.14,30358.66,30255.62,1.4,1.57,1.23,2,0
TM121280,2021-03-22,2021-03-22,1,41.7791666666667,-7.835,12.5,12.5,12.5,-0.4,-0.4,-0.4,88.0,88,88,41.0,41,41,0.0,0.0,0.0,0.0,0.0,0.0,0.0,0.0,0.0,11.4,11.4,11.4,26.6,26.6,26.6,113.0,113,113,21.59,21.59,21.59,40501.27,40501.27,40501.27,2.98,2.98,2.98,1,0
TM121283,2021-03-22,2021-03-22,1,41.7738888888889,-7.68111111111111,12.8,12.8,12.8,3.5,3.5,3.5,76.0,76,76,42.0,42,42,0.0,0.0,0.0,0.0,0.0,0.0,0.0,0.0,0.0,9.0,9.0,9.0,26.3,26.3,26.3,100.0,100,100,21.46,21.46,21.46,40398.07,40398.07,40398.07,2.8,2.8,2.8,1,0
TM121288,2021-03-22,2021-03-23,2,41.7169444444444,-7.88416666666667,15.399999999999999,15.6,15.2,3.7,5.2,2.2,87.0,94,80,42.0,53,31,0.0,0.0,0.0,0.0,0.0,0.0,0.0,0.0,0.0,9.45,9.5,9.4,27.75,29.9,25.6,128.5,159,98,21.41,21.56,21.26,40536.625,40548.61,40524.64,3.23,3.3,3.16,2,0
TM121290,2021-03-22,2021-03-22,1,41.6514379999373,-7.80339299996694,14.0,14.0,14.0,1.1,1.1,1.1,87.0,87,87,45.0,45,45,0.0,0.0,0.0,0.0,0.0,0.0,0.0,0.0,0.0,13.5,13.5,13.5,32.8,32.8,32.8,50.0,50,50,21.59,21.59,21.59,40498.88,40498.88,40498.88,2.85,2.85,2.85,1,0
TM121298,2021-03-23,2021-03-23,1,41.825,-7.66972222222222,15.8,15.8,15.8,5.4,5.4,5.4,90.0,90,90,30.0,30,30,0.0,0.0,0.0,0.0,0.0,0.0,0.0,0.0,0.0,8.1,8.1,8.1,23.8,23.8,23.8,209.0,209,209,21.83,21.83,21.83,40520.97,40520.97,40520.97,3.28,3.28,3.28,1,0
TM121303,2021-03-23,2021-03-23,1,41.8561111111111,-7.75277777777778,15.2,15.2,15.2,2.6,2.6,2.6,88.0,88,88,31.0,31,31,0.0,0.0,0.0,0.0,0.0,0.0,0.0,0.0,0.0,12.0,12.0,12.0,24.8,24.8,24.8,187.0,187,187,21.75,21.75,21.75,40428.19,40428.19,40428.19,3.39,3.39,3.39,1,0
TM121308,2021-03-23,2021-03-23,1,41.82424200005,-7.54437200016446,16.5,16.5,16.5,6.1,6.1,6.1,90.0,90,90,30.0,30,30,0.0,0.0,0.0,0.0,0.0,0.0,0.0,0.0,0.0,8.1,8.1,8.1,23.8,23.8,23.8,209.0,209,209,21.83,21.83,21.83,40520.97,40520.97,40520.97,3.34,3.34,3.34,1,0
TM121313,2021-03-23,2021-03-23,1,41.7276589997609,-7.21612700038486,16.9,16.9,16.9,1.8,1.8,1.8,80.0,80,80,32.0,32,32,0.0,0.0,0.0,0.0,0.0,0.0,0.0,0.0,0.0,15.4,15.4,15.4,29.2,29.2,29.2,68.0,68,68,21.6,21.6,21.6,40232.75,40232.75,40232.75,3.38,3.38,3.38,1,0
TM121315,2021-03-23,2021-03-23,1,41.7777299997542,-7.58533700002564,17.1,17.1,17.1,3.9,3.9,3.9,92.0,92,92,33.0,33,33,0.0,0.0,0.0,0.0,0.0,0.0,0.0,0.0,0.0,8.7,8.7,8.7,20.9,20.9,20.9,231.0,231,231,21.69,21.69,21.69,40415.34,40415.34,40415.34,3.23,3.23,3.23,1,0
TM121317,2021-03-23,2021-03-23,1,41.8225,-7.89027777777778,14.5,14.5,14.5,3.4,3.4,3.4,92.0,92,92,28.0,28,28,0.0,0.0,0.0,0.0,0.0,0.0,0.0,0.0,0.0,11.9,11.9,11.9,24.1,24.1,24.1,160.0,160,160,21.89,21.89,21.89,40533.6,40533.6,40533.6,3.41,3.41,3.41,1,0
TM121327,2021-03-24,2021-03-24,1,41.7918700000975,-7.81711299998893,12.5,12.5,12.5,2.8,2.8,2.8,95.0,95,95,35.0,35,35,0.0,0.0,0.0,0.0,0.0,0.0,0.0,0.0,0.0,10.6,10.6,10.6,27.7,27.7,27.7,257.0,257,257,22.01,22.01,22.01,40588.66,40588.66,40588.66,3.09,3.09,3.09,1,0
TM12133,2021-01-15,2021-01-15,1,41.7238888888889,-7.95416666666667,8.6,8.6,8.6,-1.9,-1.9,-1.9,96.0,96,96,25.0,25,25,0.0,0.0,0.0,0.0,0.0,0.0,0.0,0.0,0.0,10.9,10.9,10.9,26.3,26.3,26.3,38.0,38,38,10.19,10.19,10.19,30465.32,30465.32,30465.32,1.25,1.25,1.25,1,0
TM121333,2021-03-24,2021-03-24,1,41.7908333333333,-7.69416666666667,14.7,14.7,14.7,4.1,4.1,4.1,88.0,88,88,31.0,31,31,0.0,0.0,0.0,0.0,0.0,0.0,0.0,0.0,0.0,13.8,13.8,13.8,28.8,28.8,28.8,268.0,268,268,21.7,21.7,21.7,40346.23,40346.23,40346.23,3.13,3.13,3.13,1,0
TM121342,2021-03-24,2021-03-24,1,41.8305555555556,-7.66555555555556,15.2,15.2,15.2,5.4,5.4,5.4,89.0,89,89,35.0,35,35,0.0,0.0,0.0,0.0,0.0,0.0,0.0,0.0,0.0,14.3,14.3,14.3,32.4,32.4,32.4,321.0,321,321,21.64,21.64,21.64,40286.7,40286.7,40286.7,3.2,3.2,3.2,1,0
TM121346,2021-03-25,2021-03-25,1,41.6847600000434,-7.77793700006273,12.7,12.7,12.7,0.0,0.0,0.0,100.0,100,100,44.0,44,44,0.0,0.0,0.0,0.0,0.0,0.0,0.0,0.0,0.0,10.6,10.6,10.6,28.1,28.1,28.1,280.0,280,280,20.32,20.32,20.32,39456.77,39456.77,39456.77,2.75,2.75,2.75,1,0
TM121350,2021-03-25,2021-03-25,1,41.65,-7.27833333333333,17.7,17.7,17.7,3.6,3.6,3.6,95.0,95,95,44.0,44,44,0.0,0.0,0.0,0.0,0.0,0.0,0.0,0.0,0.0,11.8,11.8,11.8,22.3,22.3,22.3,288.0,288,288,20.24,20.24,20.24,38583.98,38583.98,38583.98,3.13,3.13,3.13,1,0
TM121352,2021-03-25,2021-03-25,1,41.8719444444444,-7.66805555555556,15.5,15.5,15.5,3.7,3.7,3.7,93.0,93,93,40.0,40,40,0.0,0.0,0.0,0.0,0.0,0.0,0.0,0.0,0.0,9.9,9.9,9.9,28.4,28.4,28.4,299.0,299,299,20.25,20.25,20.25,37127.15,37127.15,37127.15,2.95,2.95,2.95,1,0
TM121353,2021-03-25,2021-03-25,1,41.6583880000644,-7.28888500001695,16.4,16.4,16.4,2.3,2.3,2.3,96.0,96,96,45.0,45,45,0.0,0.0,0.0,0.0,0.0,0.0,0.0,0.0,0.0,13.3,13.3,13.3,31.7,31.7,31.7,272.0,272,272,20.25,20.25,20.25,38870.7,38870.7,38870.7,3.07,3.07,3.07,1,0
TM121357,2021-03-25,2021-03-25,1,41.7055555555556,-7.27611111111111,15.9,15.9,15.9,2.7,2.7,2.7,94.0,94,94,46.0,46,46,0.0,0.0,0.0,0.0,0.0,0.0,0.0,0.0,0.0,11.5,11.5,11.5,25.6,25.6,25.6,293.0,293,293,20.26,20.26,20.26,37682.33,37682.33,37682.33,3.05,3.05,3.05,1,0
TM121370,2021-03-27,2021-03-27,1,41.3308333333333,-7.82027777777778,13.4,13.4,13.4,1.1,1.1,1.1,92.0,92,92,44.0,44,44,0.0,0.0,0.0,0.0,0.0,0.0,0.0,0.0,0.0,15.0,15.0,15.0,42.5,42.5,42.5,75.0,75,75,22.28,22.28,22.28,40912.24,40912.24,40912.24,2.88,2.88,2.88,1,0
TM121376,2021-03-27,2021-03-27,1,41.8577777777778,-7.67805555555556,15.0,15.0,15.0,2.4,2.4,2.4,98.0,98,98,43.0,43,43,0.0,0.0,0.0,0.0,0.0,0.0,0.0,0.0,0.0,12.3,12.3,12.3,34.9,34.9,34.9,190.0,190,190,22.16,22.16,22.16,41173.11,41173.11,41173.11,3.0,3.0,3.0,1,0
TM121385,2021-03-27,2021-03-28,2,41.7625,-7.93861111111111,16.0,17.5,14.5,3.35,4.4,2.3,87.0,99,75,40.0,42,38,0.0,0.0,0.0,0.0,0.0,0.0,0.0,0.0,0.0,14.75,16.0,13.5,40.150000000000006,42.1,38.2,108.0,112,104,22.61,22.65,22.57,41357.64,41459.53,41255.75,3.41,3.71,3.11,2,0
TM121388,2021-03-28,2021-03-28,1,41.4206929998928,-7.73423300001356,15.5,15.5,15.5,3.1,3.1,3.1,68.0,68,68,41.0,41,41,0.0,0.0,0.0,0.0,0.0,0.0,0.0,0.0,0.0,14.1,14.1,14.1,35.6,35.6,35.6,87.0,87,87,22.24,22.24,22.24,41286.98,41286.98,41286.98,3.51,3.51,3.51,1,0
TM12139,2021-01-16,2021-01-16,1,41.8663888888889,-7.77861111111111,12.6,12.6,12.6,-2.3,-2.3,-2.3,79.0,79,79,13.0,13,13,0.0,0.0,0.0,0.0,0.0,0.0,0.0,0.0,0.0,11.5,11.5,11.5,20.9,20.9,20.9,143.0,143,143,10.16,10.16,10.16,30516.83,30516.83,30516.83,1.6,1.6,1.6,1,0
TM121393,2021-03-28,2021-03-28,1,41.8663019996219,-7.9001880000035,15.0,15.0,15.0,4.2,4.2,4.2,67.0,67,67,38.0,38,38,0.0,0.0,0.0,0.0,0.0,0.0,0.0,0.0,0.0,19.0,19.0,19.0,47.5,47.5,47.5,126.0,126,126,22.67,22.67,22.67,41437.48,41437.48,41437.48,3.61,3.61,3.61,1,0
TM121394,2021-03-28,2021-03-28,1,41.7763888888889,-7.91694444444444,17.0,17.0,17.0,3.9,3.9,3.9,75.0,75,75,38.0,38,38,0.0,0.0,0.0,0.0,0.0,0.0,0.0,0.0,0.0,16.0,16.0,16.0,42.1,42.1,42.1,112.0,112,112,22.57,22.57,22.57,41459.53,41459.53,41459.53,3.67,3.67,3.67,1,0
TM121395,2021-03-28,2021-03-28,1,41.8335300000012,-7.67016700002882,17.2,17.2,17.2,5.4,5.4,5.4,64.0,64,64,35.0,35,35,0.0,0.0,0.0,0.0,0.0,0.0,0.0,0.0,0.0,16.7,16.7,16.7,40.0,40.0,40.0,132.0,132,132,22.52,22.52,22.52,41412.38,41412.38,41412.38,4.02,4.02,4.02,1,0
TM121398,2021-03-28,2021-03-28,1,41.8538888888889,-7.61583333333333,18.1,18.1,18.1,2.9,2.9,2.9,73.0,73,73,36.0,36,36,0.0,0.0,0.0,0.0,0.0,0.0,0.0,0.0,0.0,12.5,12.5,12.5,33.5,33.5,33.5,172.0,172,172,22.3,22.3,22.3,41386.87,41386.87,41386.87,3.48,3.48,3.48,1,0
TM12140,2021-01-17,2021-01-17,1,41.7572222222222,-7.90861111111111,12.2,12.2,12.2,0.3,0.3,0.3,85.0,85,85,20.0,20,20,0.0,0.0,0.0,0.0,0.0,0.0,0.0,0.0,0.0,11.3,11.3,11.3,23.4,23.4,23.4,30.0,30,30,9.85,9.85,9.85,30688.7,30688.7,30688.7,1.53,1.53,1.53,1,0
TM121405,2021-03-28,2021-03-28,1,41.76,-7.6975,17.5,17.5,17.5,7.8,7.8,7.8,57.0,57,57,38.0,38,38,0.0,0.0,0.0,0.0,0.0,0.0,0.0,0.0,0.0,14.0,14.0,14.0,34.6,34.6,34.6,77.0,77,77,22.5,22.5,22.5,41409.7,41409.7,41409.7,3.82,3.82,3.82,1,0
TM121406,2021-03-28,2021-03-28,1,41.8755555555556,-7.72805555555556,14.8,14.8,14.8,3.9,3.9,3.9,67.0,67,67,38.0,38,38,0.0,0.0,0.0,0.0,0.0,0.0,0.0,0.0,0.0,19.0,19.0,19.0,47.5,47.5,47.5,126.0,126,126,22.67,22.67,22.67,41437.48,41437.48,41437.48,3.58,3.58,3.58,1,0
TM121421,2021-03-30,2021-03-30,1,41.7011111111111,-7.99694444444444,20.4,20.4,20.4,9.9,9.9,9.9,85.0,85,85,48.0,48,48,0.5,0.5,0.5,0.5,0.5,0.5,5.0,5.0,5.0,14.5,14.5,14.5,49.0,49.0,49.0,101.0,101,101,16.8,16.8,16.8,35459.39,35459.39,35459.39,3.13,3.13,3.13,1,0
TM121430,2021-03-30,2021-03-31,2,41.4627600002289,-7.74246999952528,18.25,20.3,16.2,6.45,6.9,6.0,80.0,84,76,39.5,51,28,0.2,0.4,0.0,0.2,0.4,0.0,1.5,3.0,0.0,19.0,22.7,15.3,48.25,53.3,43.2,103.0,108,98,17.48,19.41,15.55,32998.485,40029.71,25967.26,3.1950000000000003,3.89,2.5,2,0
TM121442,2021-03-31,2021-03-31,1,41.7747222222222,-7.73888888888889,21.4,21.4,21.4,8.3,8.3,8.3,78.0,78,78,31.0,31,31,0.0,0.0,0.0,0.0,0.0,0.0,0.0,0.0,0.0,22.3,22.3,22.3,48.6,48.6,48.6,93.0,93,93,20.04,20.04,20.04,40207.44,40207.44,40207.44,4.05,4.05,4.05,1,0
TM121448,2021-03-31,2021-03-31,1,41.6831690004137,-7.82087300009198,21.1,21.1,21.1,8.4,8.4,8.4,73.0,73,73,33.0,33,33,0.0,0.0,0.0,0.0,0.0,0.0,0.0,0.0,0.0,21.4,21.4,21.4,50.4,50.4,50.4,82.0,82,82,19.48,19.48,19.48,39810.01,39810.01,39810.01,4.0,4.0,4.0,1,0
TM121450,2021-03-31,2021-03-31,1,41.8652777777778,-7.61111111111111,22.7,22.7,22.7,9.1,9.1,9.1,78.0,78,78,28.0,28,28,0.0,0.0,0.0,0.0,0.0,0.0,0.0,0.0,0.0,19.2,19.2,19.2,46.8,46.8,46.8,137.0,137,137,20.19,20.19,20.19,40326.23,40326.23,40326.23,3.91,3.91,3.91,1,0
TM121457,2021-03-31,2021-04-01,2,41.6611111111111,-7.97277777777778,18.0,21.6,14.4,8.85,9.0,8.7,83.5,94,73,37.0,40,34,9.4,18.8,0.0,9.4,18.8,0.0,8.5,17.0,0.0,18.15,21.4,14.9,47.0,50.4,43.6,96.5,111,82,15.925,19.48,12.37,34305.005000000005,39810.01,28800.0,3.14,4.07,2.21,1,0
TM121458,2021-03-31,2021-04-01,2,41.3356520001094,-7.81464500003391,18.65,22.1,15.2,7.65,8.3,7.0,86.0,97,75,32.5,37,28,6.15,12.3,0.0,6.15,12.3,0.0,7.5,15.0,0.0,16.75,18.5,15.0,48.4,51.8,45.0,105.0,118,92,16.490000000000002,20.34,12.64,32894.46,40113.48,25675.44,3.09,4.03,2.15,1,0
TM12147,2021-01-17,2021-01-17,1,41.6969444444444,-7.98222222222222,13.7,13.7,13.7,1.2,1.2,1.2,86.0,86,86,18.0,18,18,0.0,0.0,0.0,0.0,0.0,0.0,0.0,0.0,0.0,9.9,9.9,9.9,27.7,27.7,27.7,51.0,51,51,9.77,9.77,9.77,30688.7,30688.7,30688.7,1.41,1.41,1.41,1,0
TM121476,2021-04-04,2021-04-04,1,41.717362000015,-7.57185800022549,18.9,18.9,18.9,4.9,4.9,4.9,86.0,86,86,38.0,38,38,0.0,0.0,0.0,0.0,0.0,0.0,0.0,0.0,0.0,8.0,8.0,8.0,20.5,20.5,20.5,66.0,66,66,24.26,24.26,24.26,43029.58,43029.58,43029.58,3.71,3.71,3.71,1,0
TM121480,2021-04-05,2021-04-05,1,41.6330555555556,-7.33444444444444,19.9,19.9,19.9,8.5,8.5,8.5,76.0,76,76,32.0,32,32,0.0,0.0,0.0,0.0,0.0,0.0,0.0,0.0,0.0,10.0,10.0,10.0,16.9,16.9,16.9,268.0,268,268,24.27,24.27,24.27,43189.31,43189.31,43189.31,3.84,3.84,3.84,1,0
TM121496,2021-04-08,2021-04-08,1,41.5099200005002,-7.41259199990167,17.6,17.6,17.6,7.3,7.3,7.3,90.0,90,90,41.0,41,41,0.4,0.4,0.4,0.4,0.4,0.4,2.0,2.0,2.0,15.4,15.4,15.4,39.6,39.6,39.6,187.0,187,187,19.75,19.75,19.75,42987.86,42987.86,42987.86,3.4,3.4,3.4,1,0
TM1215,2021-01-08,2021-01-08,1,41.357017999755,-7.82649799982707,2.0,2.0,2.0,-4.8,-4.8,-4.8,79.0,79,79,34.0,34,34,0.0,0.0,0.0,0.0,0.0,0.0,0.0,0.0,0.0,19.3,19.3,19.3,69.8,69.8,69.8,65.0,65,65,8.94,8.94,8.94,29326.16,29326.16,29326.16,1.16,1.16,1.16,1,0
TM121506,2021-04-09,2021-04-09,1,41.8286111111111,-7.72611111111111,13.4,13.4,13.4,5.8,5.8,5.8,99.0,99,99,62.0,62,62,5.6,5.6,5.6,5.6,5.6,5.6,4.0,4.0,4.0,13.6,13.6,13.6,36.0,36.0,36.0,203.0,203,203,15.15,15.15,15.15,38983.83,38983.83,38983.83,2.22,2.22,2.22,0,0
TM121523,2021-04-18,2021-04-19,2,41.8594444444444,-7.805,13.3,13.4,13.2,2.3,4.0,0.6,85.5,89,82,47.5,50,45,0.4,0.8,0.0,0.4,0.8,0.0,1.5,3.0,0.0,15.15,15.5,14.8,36.55,38.5,34.6,211.5,255,168,22.79,22.91,22.67,43904.2,45258.82,42549.58,3.26,3.31,3.21,2,0
TM121525,2021-04-18,2021-04-18,1,41.7863888888889,-7.69194444444444,14.8,14.8,14.8,2.7,2.7,2.7,75.0,75,75,45.0,45,45,0.0,0.0,0.0,0.0,0.0,0.0,0.0,0.0,0.0,10.0,10.0,10.0,27.7,27.7,27.7,139.0,139,139,22.53,22.53,22.53,44977.72,44977.72,44977.72,3.33,3.33,3.33,1,0
TM12154,2021-01-18,2021-01-19,2,41.3354619999727,-7.86319700029161,8.65,9.6,7.7,-0.8,-0.3,-1.3,90.0,92,88,63.5,69,58,0.15,0.3,0.0,0.15,0.3,0.0,1.0,2.0,0.0,11.1,12.2,10.0,37.3,43.6,31.0,107.5,111,104,8.4,10.09,6.71,26435.1,30961.81,21908.39,0.99,1.15,0.83,2,0
TM121551,2021-05-04,2021-05-04,1,41.8683333333333,-7.63333333333333,19.4,19.4,19.4,6.2,6.2,6.2,90.0,90,90,27.0,27,27,0.0,0.0,0.0,0.0,0.0,0.0,0.0,0.0,0.0,16.6,16.6,16.6,38.5,38.5,38.5,318.0,318,318,28.55,28.55,28.55,46842.01,46842.01,46842.01,4.67,4.67,4.67,1,0
TM121554,2021-05-04,2021-05-04,1,41.2588930002848,-7.86690699999531,16.9,16.9,16.9,5.7,5.7,5.7,97.0,97,97,40.0,40,40,0.0,0.0,0.0,0.0,0.0,0.0,0.0,0.0,0.0,14.3,14.3,14.3,47.9,47.9,47.9,283.0,283,283,28.35,28.35,28.35,46800.0,46800.0,46800.0,4.25,4.25,4.25,1,0
TM12157,2021-01-19,2021-01-19,1,41.6875,-7.92166666666667,6.1,6.1,6.1,1.0,1.0,1.0,100.0,100,100,57.0,57,57,1.5,1.5,1.5,1.5,1.5,1.5,7.0,7.0,7.0,19.4,19.4,19.4,58.3,58.3,58.3,169.0,169,169,6.09,6.09,6.09,14648.21,14648.21,14648.21,0.89,0.89,0.89,0,0
TM121638,2021-07-15,2021-07-15,1,41.1944769997067,-7.88916699992286,26.7,26.7,26.7,12.7,12.7,12.7,75.0,75,75,25.0,25,25,0.0,0.0,0.0,0.0,0.0,0.0,0.0,0.0,0.0,15.5,15.5,15.5,51.5,51.5,51.5,94.0,94,94,29.81,29.81,29.81,49215.06,49215.06,49215.06,5.73,5.73,5.73,1,0
TM121705,2021-08-15,2021-08-16,2,41.7019169999493,-7.27351800017887,30.55,31.5,29.6,15.5,16.7,14.3,81.0,90,72,21.0,26,16,0.0,0.0,0.0,0.0,0.0,0.0,0.0,0.0,0.0,22.1,23.3,20.9,46.8,48.2,45.4,320.5,324,317,26.275,26.76,25.79,46406.775,46451.26,46362.29,6.8,6.97,6.63,2,0
TM121748,2021-08-23,2021-08-23,1,41.7683129999373,-7.33194499969482,31.0,31.0,31.0,15.3,15.3,15.3,68.0,68,68,22.0,22,22,0.0,0.0,0.0,0.0,0.0,0.0,0.0,0.0,0.0,14.3,14.3,14.3,34.6,34.6,34.6,95.0,95,95,24.67,24.67,24.67,45355.14,45355.14,45355.14,5.86,5.86,5.86,1,0
TM121764,2021-08-26,2021-08-26,1,41.4991649998559,-7.52914999961853,27.4,27.4,27.4,17.0,17.0,17.0,86.0,86,86,41.0,41,41,0.0,0.0,0.0,0.0,0.0,0.0,0.0,0.0,0.0,13.0,13.0,13.0,31.7,31.7,31.7,225.0,225,225,18.3,18.3,18.3,44867.43,44867.43,44867.43,4.05,4.05,4.05,1,0
TM121781,2021-08-30,2021-08-30,1,41.2063279999627,-7.89184200021956,21.5,21.5,21.5,10.3,10.3,10.3,100.0,100,100,44.0,44,44,0.0,0.0,0.0,0.0,0.0,0.0,0.0,0.0,0.0,13.1,13.1,13.1,42.5,42.5,42.5,282.0,282,282,22.52,22.52,22.52,42856.2,42856.2,42856.2,3.91,3.91,3.91,1,0
TM1218,2021-01-09,2021-01-09,1,41.3746100001865,-7.74392999966939,1.9,1.9,1.9,-3.1,-3.1,-3.1,80.0,80,80,41.0,41,41,1.0,1.0,1.0,0.0,0.0,0.0,7.0,7.0,7.0,14.9,14.9,14.9,62.3,62.3,62.3,36.0,36,36,5.45,5.45,5.45,13264.51,13264.51,13264.51,1.04,1.04,1.04,0,0
TM121802,2021-09-05,2021-09-07,3,41.560998000039,-7.67962500042386,25.766666666666666,28.9,20.7,15.333333333333334,16.8,14.2,86.33333333333333,97,80,43.666666666666664,66,30,1.1333333333333333,3.4,0.0,1.1333333333333333,3.4,0.0,4.666666666666667,14.0,0.0,16.3,22.1,11.5,49.06666666666666,64.8,33.1,167.66666666666666,224,128,17.296666666666667,20.72,14.04,37905.316666666666,42035.56,34215.68,3.723333333333333,4.45,2.47,2,0
TM121813,2021-09-07,2021-09-07,1,41.4477929994795,-7.65042299999131,20.1,20.1,20.1,14.1,14.1,14.1,97.0,97,97,70.0,70,70,5.9,5.9,5.9,5.9,5.9,5.9,13.0,13.0,13.0,15.7,15.7,15.7,51.8,51.8,51.8,209.0,209,209,15.47,15.47,15.47,39710.12,39710.12,39710.12,2.48,2.48,2.48,0,0
TM121830,2021-09-20,2021-09-20,1,41.3343449999889,-7.85776300006443,20.5,20.5,20.5,9.8,9.8,9.8,90.0,90,90,43.0,43,43,0.0,0.0,0.0,0.0,0.0,0.0,0.0,0.0,0.0,15.9,15.9,15.9,49.3,49.3,49.3,44.0,44,44,20.23,20.23,20.23,39936.12,39936.12,39936.12,3.69,3.69,3.69,1,0
TM121833,2021-09-20,2021-09-21,2,41.3517250000106,-7.85999300003052,18.65,18.7,18.6,9.05,9.3,8.8,83.0,92,74,42.5,46,39,0.0,0.0,0.0,0.0,0.0,0.0,0.0,0.0,0.0,19.6,23.0,16.2,69.15,76.0,62.3,60.0,81,39,20.27,20.32,20.22,39972.619999999995,40009.24,39936.0,3.575,3.75,3.4,2,0
TM121844,2021-09-23,2021-09-23,1,41.697718000412,-7.28932200007969,23.9,23.9,23.9,13.7,13.7,13.7,87.0,87,87,38.0,38,38,3.4,3.4,3.4,3.4,3.4,3.4,3.0,3.0,3.0,23.1,23.1,23.1,50.0,50.0,50.0,78.0,78,78,17.55,17.55,17.55,38120.17,38120.17,38120.17,4.04,4.04,4.04,0,0
TM12189,2021-03-07,2021-03-08,2,41.3244130002128,-7.83758200009664,8.8,10.4,7.2,1.3,1.7,0.9,98.0,99,97,54.0,58,50,0.25,0.5,0.0,0.25,0.5,0.0,2.0,4.0,0.0,12.899999999999999,15.6,10.2,35.1,41.0,29.2,189.5,319,60,13.26,15.76,10.76,36422.54,38248.75,34596.33,1.69,2.02,1.36,2,0
TM121900,2021-10-15,2021-10-16,2,41.450568000012,-7.64588800006443,17.6,19.2,16.0,11.350000000000001,12.3,10.4,90.5,91,90,46.0,56,36,0.85,1.7,0.0,0.85,1.7,0.0,1.0,2.0,0.0,9.95,11.0,8.9,26.25,26.6,25.9,266.5,288,245,10.559999999999999,15.6,5.52,20269.95,36281.72,4258.18,2.03,2.86,1.2,1,0
TM221100,2021-03-27,2021-03-27,1,41.9685500000583,-7.16913800001144,15.7,15.7,15.7,2.7,2.7,2.7,95.0,95,95,38.0,38,38,0.0,0.0,0.0,0.0,0.0,0.0,0.0,0.0,0.0,14.7,14.7,14.7,38.5,38.5,38.5,97.0,97,97,22.2,22.2,22.2,41110.82,41110.82,41110.82,3.31,3.31,3.31,1,0
TM221103,2021-03-27,2021-03-27,1,41.9182050000297,-7.16477499961853,15.1,15.1,15.1,1.2,1.2,1.2,96.0,96,96,41.0,41,41,0.0,0.0,0.0,0.0,0.0,0.0,0.0,0.0,0.0,16.7,16.7,16.7,38.9,38.9,38.9,94.0,94,94,22.15,22.15,22.15,41007.25,41007.25,41007.25,3.15,3.15,3.15,1,0
TM221115,2021-03-28,2021-03-28,1,41.8625330003103,-7.0901570002238,19.5,19.5,19.5,6.3,6.3,6.3,61.0,61,61,35.0,35,35,0.0,0.0,0.0,0.0,0.0,0.0,0.0,0.0,0.0,18.9,18.9,18.9,40.0,40.0,40.0,82.0,82,82,22.41,22.41,22.41,41270.02,41270.02,41270.02,4.2,4.2,4.2,1,0
TM221119,2021-03-29,2021-03-29,1,41.7149959998661,-6.91831399997075,15.5,15.5,15.5,8.0,8.0,8.0,75.0,75,75,46.0,46,46,0.6,0.6,0.6,0.6,0.6,0.6,2.0,2.0,2.0,23.4,23.4,23.4,54.0,54.0,54.0,74.0,74,74,14.03,14.03,14.03,31062.55,31062.55,31062.55,2.99,2.99,2.99,1,0
TM221127,2021-03-31,2021-04-01,2,41.8566419998805,-7.18718799988429,20.9,24.0,17.8,10.85,12.0,9.7,81.0,94,68,29.0,29,29,4.1,8.2,0.0,4.1,8.2,0.0,6.5,13.0,0.0,23.75,25.1,22.4,64.45,76.0,52.9,116.5,125,108,17.994999999999997,20.79,15.2,34575.165,40350.33,28800.0,4.1899999999999995,4.76,3.62,1,0
TM221138,2021-04-04,2021-04-04,1,41.8533470000161,-6.88743200010724,18.3,18.3,18.3,2.3,2.3,2.3,69.0,69,69,26.0,26,26,0.0,0.0,0.0,0.0,0.0,0.0,0.0,0.0,0.0,16.2,16.2,16.2,43.2,43.2,43.2,84.0,84,84,24.26,24.26,24.26,43036.2,43036.2,43036.2,4.21,4.21,4.21,1,0
TM221167,2021-04-23,2021-04-23,1,41.2156870004866,-6.7300779999627,18.2,18.2,18.2,8.3,8.3,8.3,89.0,89,89,48.0,48,48,1.8,1.8,1.8,1.8,1.8,1.8,4.0,4.0,4.0,22.4,22.4,22.4,52.6,52.6,52.6,140.0,140,140,12.83,12.83,12.83,18079.72,18079.72,18079.72,2.79,2.79,2.79,0,0
TM221193,2021-06-03,2021-06-04,2,41.0342199999756,-6.85429199986988,27.1,28.0,26.2,12.100000000000001,12.4,11.8,82.0,91,73,22.5,25,20,0.0,0.0,0.0,0.0,0.0,0.0,0.0,0.0,0.0,15.6,18.7,12.5,43.55,51.1,36.0,318.0,341,295,28.575000000000003,30.3,26.85,49289.635,49490.08,49089.19,5.859999999999999,6.17,5.55,2,0
TM221242,2021-07-20,2021-07-20,1,41.3544199999173,-6.56450000021193,31.9,31.9,31.9,16.6,16.6,16.6,90.0,90,90,25.0,25,25,0.0,0.0,0.0,0.0,0.0,0.0,0.0,0.0,0.0,15.8,15.8,15.8,37.4,37.4,37.4,268.0,268,268,28.67,28.67,28.67,47411.25,47411.25,47411.25,6.63,6.63,6.63,1,0
TM221263,2021-08-04,2021-08-05,2,41.648702000512,-7.09546300040351,29.549999999999997,29.7,29.4,17.05,18.0,16.1,87.5,88,87,33.5,39,28,0.0,0.0,0.0,0.0,0.0,0.0,0.0,0.0,0.0,17.299999999999997,20.9,13.7,40.7,48.6,32.8,279.5,302,257,26.685000000000002,27.0,26.37,46937.354999999996,46973.94,46900.77,5.720000000000001,5.78,5.66,2,0
TM221274,2021-08-11,2021-08-11,1,41.4997280004289,-7.14359999974569,36.3,36.3,36.3,18.3,18.3,18.3,75.0,75,75,18.0,18,18,0.0,0.0,0.0,0.0,0.0,0.0,0.0,0.0,0.0,10.0,10.0,10.0,23.4,23.4,23.4,298.0,298,298,26.64,26.64,26.64,46700.25,46700.25,46700.25,6.18,6.18,6.18,1,0
TM221302,2021-08-20,2021-08-20,1,41.1132349999746,-6.81764799998866,31.7,31.7,31.7,14.2,14.2,14.2,84.0,84,84,18.0,18,18,0.0,0.0,0.0,0.0,0.0,0.0,0.0,0.0,0.0,17.0,17.0,17.0,40.0,40.0,40.0,251.0,251,251,25.47,25.47,25.47,45699.35,45699.35,45699.35,5.97,5.97,5.97,1,0
TM221303,2021-08-20,2021-08-21,2,41.2167870000005,-6.74186800003052,30.450000000000003,30.8,30.1,14.100000000000001,14.9,13.3,91.0,93,89,25.0,27,23,0.0,0.0,0.0,0.0,0.0,0.0,0.0,0.0,0.0,14.85,16.9,12.8,35.85,40.0,31.7,269.5,279,260,25.215,25.37,25.06,45647.36,45719.51,45575.21,5.82,6.0,5.64,2,0
TM22131,2021-03-10,2021-03-10,1,41.0542270000776,-6.8285149998135,14.8,14.8,14.8,-0.1,-0.1,-0.1,92.0,92,92,40.0,40,40,0.0,0.0,0.0,0.0,0.0,0.0,0.0,0.0,0.0,10.0,10.0,10.0,26.6,26.6,26.6,262.0,262,262,17.99,17.99,17.99,38782.0,38782.0,38782.0,2.57,2.57,2.57,1,0
TM221315,2021-08-23,2021-08-24,2,41.1166649998559,-7.0202650001314,35.8,36.8,34.8,18.799999999999997,19.4,18.2,61.5,65,58,15.5,16,15,0.0,0.0,0.0,0.0,0.0,0.0,0.0,0.0,0.0,10.7,11.3,10.1,27.9,29.2,26.6,27.5,28,27,24.57,24.77,24.37,45191.165,45264.78,45117.55,6.02,6.22,5.82,2,0
TM221321,2021-08-26,2021-08-26,1,41.5178579999341,-6.57792499966092,33.1,33.1,33.1,19.6,19.6,19.6,77.0,77,77,26.0,26,26,0.0,0.0,0.0,0.0,0.0,0.0,0.0,0.0,0.0,12.3,12.3,12.3,26.6,26.6,26.6,60.0,60,60,18.92,18.92,18.92,44477.82,44477.82,44477.82,4.36,4.36,4.36,1,0
TM221347,2021-09-20,2021-09-20,1,41.0830980004205,-6.86292000028822,23.3,23.3,23.3,12.2,12.2,12.2,87.0,87,87,35.0,35,35,0.0,0.0,0.0,0.0,0.0,0.0,0.0,0.0,0.0,20.3,20.3,20.3,55.8,55.8,55.8,43.0,43,43,19.8,19.8,19.8,40242.02,40242.02,40242.02,4.15,4.15,4.15,1,0
TM221367,2021-10-13,2021-10-13,1,41.0877119999462,-6.86037300003899,22.9,22.9,22.9,9.1,9.1,9.1,68.0,68,68,24.0,24,24,0.0,0.0,0.0,0.0,0.0,0.0,0.0,0.0,0.0,9.9,9.9,9.9,27.7,27.7,27.7,59.0,59,59,16.55,16.55,16.55,37062.43,37062.43,37062.43,3.2,3.2,3.2,1,0
TM221386,2021-10-24,2021-10-25,2,41.9495119995541,-6.76467700004578,14.3,14.5,14.1,5.0,6.2,3.8,88.5,93,84,45.5,48,43,0.0,0.0,0.0,0.0,0.0,0.0,0.0,0.0,0.0,11.95,12.3,11.6,28.65,29.2,28.1,312.0,337,287,12.93,13.72,12.14,34820.145000000004,34858.35,34781.94,1.955,2.0,1.91,2,0
TM221414,2021-12-12,2021-12-12,1,41.2328030003442,-6.72960300021701,12.1,12.1,12.1,3.7,3.7,3.7,100.0,100,100,77.0,77,77,0.0,0.0,0.0,0.0,0.0,0.0,0.0,0.0,0.0,11.2,11.2,11.2,23.4,23.4,23.4,81.0,81,81,5.47,5.47,5.47,17293.05,17293.05,17293.05,0.66,0.66,0.66,1,0
TM22142,2021-03-16,2021-03-16,1,41.8911679999034,-6.7223920000924,15.2,15.2,15.2,0.2,0.2,0.2,95.0,95,95,44.0,44,44,0.0,0.0,0.0,0.0,0.0,0.0,0.0,0.0,0.0,16.6,16.6,16.6,36.7,36.7,36.7,61.0,61,61,19.56,19.56,19.56,39388.4,39388.4,39388.4,2.84,2.84,2.84,1,0
TM22195,2021-03-26,2021-03-26,1,41.5439600001441,-6.30448499997457,14.2,14.2,14.2,4.6,4.6,4.6,100.0,100,100,38.0,38,38,0.0,0.0,0.0,0.0,0.0,0.0,0.0,0.0,0.0,18.8,18.8,18.8,42.8,42.8,42.8,278.0,278,278,21.2,21.2,21.2,37945.5,37945.5,37945.5,3.13,3.13,3.13,1,0
TM22196,2021-03-26,2021-03-26,1,41.8683999999364,-6.96390000025431,12.1,12.1,12.1,2.0,2.0,2.0,100.0,100,100,42.0,42,42,0.0,0.0,0.0,0.0,0.0,0.0,0.0,0.0,0.0,19.9,19.9,19.9,45.7,45.7,45.7,298.0,298,298,20.45,20.45,20.45,39857.25,39857.25,39857.25,2.74,2.74,2.74,1,0
TM22199,2021-03-27,2021-03-27,1,41.893954000473,-6.89926699956258,15.1,15.1,15.1,2.9,2.9,2.9,90.0,90,90,44.0,44,44,0.0,0.0,0.0,0.0,0.0,0.0,0.0,0.0,0.0,23.2,23.2,23.2,52.2,52.2,52.2,77.0,77,77,22.45,22.45,22.45,41035.4,41035.4,41035.4,3.15,3.15,3.15,1,0
