id|DISTRITO|TIPO|ANO|AREAPOV|AREAMATO|AREAAGRIC|AREATOTAL|REACENDIMENTOS|QUEIMADA|FALSOALARME|FOGACHO|INCENDIO|AGRICOLA|NCCO|NOMECCO|DATAALERTA|HORAALERTA|LOCAL|CONCELHO|FREGUESIA|FONTEALERTA|INE|X|Y|DIA|MES|HORA|OPERADOR|PERIMETRO|APS|CAUSA|TIPOCAUSA|DHINICIO|DHFIM|DURACAO|HAHORA|DATAEXTINCAO|HORAEXTINCAO|DATA1INTERVENCAO|HORA1INTERVENCAO|QUEIMA|LAT|LON|CAUSAFAMILIA|TEMPERATURA|HUMIDADERELATIVA|VENTOINTENSIDADE|VENTOINTENSIDADE_VETOR|VENTODIRECAO_VETOR|PRECEPITACAO|FFMC|DMC|DC|ISI|BUI|FWI|DSR|THC|MODFARSITE|ALTITUDEMEDIA|DECLIVEMEDIO|HORASEXPOSICAOMEDIA|DENDIDADERV|COSN5VARIEDADE|AREAMANCHAMODFARSITE|AREASFICHEIROS_GNR|AREASFICHEIROS_GTF|FICHEIROIMAGEM_GNR|AREASFICHEIROSHP_GTF|AREASFICHEIROSHPXML_GTF|AREASFICHEIRODBF_GTF|AREASFICHEIROPRJ_GTF|AREASFICHEIROSBN_GTF|AREASFICHEIROSBX_GTF|AREASFICHEIROSHX_GTF|AREASFICHEIROZIP_SAA
20231212025|Aveiro|Florestal|2023|0.0664|0.0|0.0|0.0664|0|0|0|1|0|0|20231212025|12|01-10-2023|00:04|Alvariça (Barreira)|Arouca|Espiunca|Populares|10410|190650|446624|1|10|0|2195356|||6.0|Desconhecida|01-10-2023 00:04:00|01-10-2023 00:30:00|26|0.0664|01-10-2023|00:30|01-10-2023|00:20|0|40.9886420000924|-8.24422799958123|Indeterminadas|20.0159851074219|79.3111204182786|4.33940736651904|1.20539093514418|104|0.0|88.5465941632304|19.4881759238317|217.365728151032|4.50409949874056|31.839772675791|9.42928360639446|1.44343157092997|||211.845|39.3243|9.15188|339.35|12.03||||||||||||
20231212065|Lisboa|Florestal|2023|0.0|0.09|0.0|0.09|0|0|0|1|0|0|20231212065|12|01-10-2023|00:30|Torres Vedras. Portugal (Quinta da Glória)|Torres Vedras|Carvoeira|112|111304|109893|234637|1|10|0|sigo|||||01-10-2023 00:30:00|01-10-2023 00:57:00|27|0.09|01-10-2023|00:57|01-10-2023|00:50|0|39.074871000184|-9.17434700012207||20.3333984375|70.2836033334972|6.42613117536456|1.78503643760127|358|0.0|93.1623005303635|43.7817185815561|892.595660456665|10.6685404440964|77.9988497454129|29.1185294342261|10.6205940589462|||150.224|9.09969|10.7994|169.786|15.85||||||||||||
20231212095|Vila Real|Florestal|2023|0.0|0.1|0.0|0.1|0|0|0|1|0|0|20231212095|12|01-10-2023|00:43|Pereira (ROSÁRIO 2º)|Montalegre|Salto|Populares|170626|219004|521868|1|10|0|1875311|Perimetro Florestal do Barroso||448.0|Intencional|01-10-2023 00:43:00|01-10-2023 03:10:00|147|0.05|01-10-2023|03:10|01-10-2023|01:05|0|41.6659780004289|-7.90494799984826|Incendiarismo - Imputáveis|18.6491943359375|67.3624423238973|4.19774071636418|1.19117405663454|43|0.0|88.8722548752238|21.2461318582731|301.026903696663|4.5316159136463|36.1191447202761|10.1890421191287|1.65563632688939||234.0|855.131|10.8662|9.94125|118.651|15.6|3518.06|||||||||||
20231212171|Vila Real|Florestal|2023|0.0|0.1|0.0|0.1|0|0|0|1|0|0|20231212171|12|01-10-2023|01:15|Portela do Muro|Montalegre|Salto|CCO|170626|218914|521951|1|10|1|1875311|||448.0|Intencional|01-10-2023 01:15:00|01-10-2023 03:09:00|114|0.1|01-10-2023|03:09|01-10-2023|01:20|0|41.6666666666667|-7.90611111111111|Incendiarismo - Imputáveis|18.2310119628906|68.5545267865429|4.08430229291471|1.19983468881089|43|0.0|88.8722548752238|21.2461318582731|301.026903696663|4.5316159136463|36.1191447202761|10.1890421191287|1.65563632688939||221.0|973.689|26.5524|9.63063|146.924|13.8|16.7263|||||||||||
20231212247|Porto|Florestal|2023|0.0|0.02|0.0|0.02|0|0|0|1|0|0|20231212247|12|01-10-2023|01:58|Vilar de Luz (Alto dos Cantoneiros)|Trofa|Covelas|112|131806|168391|480615|1|10|1|2195473|||610.0|Desconhecida|01-10-2023 01:58:00|01-10-2023 02:51:00|53|0.02|01-10-2023|02:51|01-10-2023|02:20|0|41.2941380002764|-8.51050200038486|Indeterminadas|20.8750854492188|86.9388686707892|1.32166835953994|0.531694807755342|82|0.0|86.7614086488898|16.0538036618454|358.612267651456|3.68512683172568|28.8759246242413|7.47156897168997|0.956109883291679||232.0|122.369|6.29294|10.2497|385.019|15.64|2.16073|||||||||||
20231212544|Leiria|Florestal|2023|0.0|0.005|0.0|0.005|0|0|0|1|0|0|20231212544|12|01-10-2023|05:19|Variante do Vau. 2510-664 Óbidos. Portugal (Casais do Rio)|Óbidos|Vau|112|101207|106239|266993|1|10|5|2050221|||449.0|Intencional|01-10-2023 05:19:00|01-10-2023 06:25:00|66|0.005|01-10-2023|06:25|01-10-2023|06:20|0|39.3658799997965|-9.22105999999576|Incendiarismo - Imputáveis|18.4363037109375|82.4385263906494|6.5710336291679|1.92613509026893|117|0.0|92.5996588055726|33.4978065282282|809.348907054294|9.50445356242635|60.7134984823598|23.6819551951874|7.36695431405173||232.0|19.7294|8.37754|11.0072|340.386|19.69|3.77893|||||||||||
20231212965|Porto|Florestal|2023|0.0|0.09|0.0|0.09|0|0|0|1|0|0|20231212965|12|01-10-2023|08:50|Caminho das Carvalhinhas (Rozem de Cima)|Marco de Canaveses|Rosem|112|130717|197152|463599|1|10|8|1970547|||610.0|Desconhecida|01-10-2023 08:50:00|01-10-2023 10:06:00|76|0.09|01-10-2023|10:06|01-10-2023|09:44|0|41.1415450000763|-8.16705500000053|Indeterminadas|19.6151977539063|75.7277720256044|8.70175643326815|1.91832381599029|104|0.0|89.0022457724295|20.9858388129392|224.921882995703|4.40936652928551|34.0331971592361|9.6232738137371|1.49640908517856||236.0|450.504|22.793|9.845|123.405|15.49|5.72266|||||||||||
20231213357|Santarém|Agrícola|2023|0.0|0.0|0.0294|0.0294|0|0|0|0|0|1|20231213357|12|01-10-2023|10:25|Frutejo|Chamusca|Pinheiro Grande|Populares|140703|174678|270791|1|10|10|2045011|||448.0|Intencional|01-10-2023 10:25:00|01-10-2023 10:33:00|8|0.0294|01-10-2023|10:33|01-10-2023|10:31|0|39.4047222222222|-8.42722222222222|Incendiarismo - Imputáveis|27.6488891601563|43.5142870001588|3.93495864536928|1.09304406815813|70|0.0|94.05087683795|46.697409857273|803.087339413521|8.60440071501686|81.5412922205843|25.6855909435463|8.50588346987432|||29.4444|3.85273|10.8844|216.295|24.84||http://fogos.icnf.pt/sgif2010/ficheiroskml/20231213357_Godinhos_P_Grande.kmz||||||||||
20231213895|Braga|Florestal|2023|0.0|0.1|0.0|0.1|0|0|0|1|0|0|20231213895|12|01-10-2023|12:49|Travassos (Castanheira)|Póvoa de Lanhoso|Travassos|CCO|30927|193588|511044|1|10|12|1980851|||125.0|Negligente|01-10-2023 12:49:00|01-10-2023 13:35:00|46|0.1|01-10-2023|13:35|01-10-2023|13:03|0|41.5687179999881|-8.21001500023736|Queimadas para gestão de pasto para gado|27.8944030761719|49.9457168523276|4.4147828957414|1.41398880408701|187|0.0|88.8811610582208|21.5543371416193|271.803348105006|4.56120379281849|35.9762691787506|10.221161330038|1.66488536046872||234.0|341.771|21.3286|10.035|109.502|18.34|16.11|||||||||||
20231213980|Faro|Florestal|2023|0.0|0.079|0.0|0.079|0|0|0|1|0|0|20231213980|12|01-10-2023|13:13|Clareanes|Loulé|São Clemente|112|80808|212291|23012|1|10|13|2000333|||60.0|Desconhecida|01-10-2023 13:13:00|01-10-2023 13:32:00|19|0.079|01-10-2023|13:32|01-10-2023|13:25|0|37.1727777777778|-7.99472222222222|Indeterminadas|30.4673095703125|27.9549850047996|18.043147348993|5.01198537472027|133|0.0|93.8544862137286|113.731521674168|1300.53088496252|18.8700238575711|186.655459210476|57.5077677823554|35.4229582613838|||273.811|13.2043|10.8284|370.012|5.35||||||||||||
20231214081|Aveiro|Florestal|2023|0.0|0.168|0.0|0.168|0|0|0|1|0|0|20231214081|12|01-10-2023|13:39|Junto Portagens da A1 (Enxutas)|Estarreja|Beduído|Populares|10802|164971|423568|1|10|13|1925030|||4.0|Intencional|01-10-2023 13:39:00|01-10-2023 15:38:00|119|0.168|01-10-2023|15:38|01-10-2023|13:43|0|40.780335000356|-8.54808199988471|Incendiarismo - Sem motivação conhecida|28.3633972167969|51.8024700369849|6.98081947672018|1.82468095858785|230|0.0|88.9761992557764|19.4154973962671|318.440008059802|5.19155000563428|33.6949816371158|10.9600728763954|1.88381693249213||232.0|26.0925|1.73896|11.4178|464.923|18.02|220.562|||||||||||
20231214169|Viseu|Florestal|2023|67.0|5.6|0.0|72.6|0|0|0|0|1|0|20231214169|12|01-10-2023|14:04|Couto|Viseu|Cota|117|182310|225129|422040|1|10|14|1960893|||449.0|Intencional|01-10-2023 14:04:00|01-10-2023 18:47:00|283|18.15|01-10-2023|18:47|01-10-2023|14:05|0|40.7669444444444|-7.83555555555556|Incendiarismo - Imputáveis|30.2961059570313|35.4331956690892|5.97934570099595|1.54121162679692|236|0.0|91.0510271913318|26.818385645528|413.734404080041|6.31419278983766|46.1569961565787|15.2063221338114|3.36319240826541||227.0|484.624|12.7359|10.1772|79.6087|15.13|2611.77|http://fogos.icnf.pt/sgif2010/ficheiroskml/20231214169.kml||||||||||
20231214301|Porto|Florestal|2023|0.0|0.0015|0.0|0.0015|0|0|0|1|0|0|20231214301|12|01-10-2023|14:35|Agrinha (Igreja)|Santo Tirso|Lamelas|112|131412|171460|479955|1|10|14|2195473|||124.0|Negligente|01-10-2023 14:35:00|01-10-2023 15:12:00|37|0.0015|01-10-2023|15:12|01-10-2023|15:02|0|41.2883179998398|-8.4738279999627|Queimas amontoados de sobrantes florestais ou agrícolas|28.7156921386719|54.1554693221064|5.027321326666|1.39157873037423|236|0.0|88.3416321161718|19.7626328736498|318.728392828627|4.25217666656492|34.2206670999539|9.36162700663604|1.42515061500472|||160.446|8.56465|10.6319|342.349|19.4||||||||||||
20231214437|Viana do Castelo|Florestal|2023|0.25|0.17|0.0|0.42|0|0|0|1|0|0|20231214437|12|01-10-2023|15:01|Lg Ribeiro (Ribeiro)|Monção|Merufe|Populares|160415|177888|562351|1|10|15|1960909|||448.0|Intencional|01-10-2023 15:01:00|01-10-2023 16:10:00|69|0.42|01-10-2023|16:10|01-10-2023|15:17|0|42.0303600003984|-8.40015500000781|Incendiarismo - Imputáveis|27.9883972167969|52.5754641202151|7.66150831199154|2.01513804485529|227|0.0|89.3665289531445|18.8283194093767|238.614929261579|5.29204939967845|31.4521704588871|10.7143646418619|1.80971202469062|||248.099|18.2822|9.76531|132.839|13.27||||||||||||
20231214806|Faro|Florestal|2023|13.6299379544258|103.730189514256|0.956974661254883|118.317102129936|0|0|0|0|1|0|20231214806|12|01-10-2023|16:32|Monte Novo (Chaparral)|Aljezur|Bordeira|117|80302|137277|29860|1|10|16|2000333||Sudoeste Alentejano e Costa Vicentina|449.0|Intencional|01-10-2023 16:32:00|02-10-2023 11:36:00|1144|6.22721590157559|02-10-2023|11:36|01-10-2023|16:45|0|37.232587000529|-8.83986999988556|Incendiarismo - Imputáveis|26.0700927734375|48.2238393194|16.201879611624|1.52301159548299|120|0.0|89.5906882325418|60.0315643246496|1111.93417368268|8.78707094096463|105.78519144111|29.6293558405414|10.9525997033312||237.0|80.2525|25.8603|10.9781|177.749|13.29|162.254|http://fogos.icnf.pt/sgif2010/ficheiroskml/20231214806.kml||||||||||
20231214832|Porto|Florestal|2023|0.0|0.001|0.0|0.001|0|0|0|1|0|0|20231214832|12|01-10-2023|16:37|Salgueiros (Rua Arca de Noé)|Vila Nova de Gaia|Canidelo|112|131704|155765|461745|1|10|16|2225074|||610.0|Desconhecida|01-10-2023 16:37:00|01-10-2023 16:52:00|15|0.001|01-10-2023|16:52|01-10-2023|16:48|0|41.1236499998305|-8.65987000041538|Indeterminadas|27.0708862304688|56.9950584079271|8.87650927581217|2.46569702105894|276|0.0|87.2770479779197|16.6252997793238|337.554708554972|4.01980263814876|29.6052882918309|8.19304006379441|1.12555492618129|||5.62052|5.01897|11.3961|897.975|13.0||||||||||||
20231214866|Aveiro|Florestal|2023|0.0|0.5674|0.0|0.5674|0|0|0|1|0|0|20231214866|12|01-10-2023|16:41|Frecha da Mizarela (Mizarela)|Arouca|Albergaria da Serra|PV|10401|187249|433305|1|10|16|2195462|Perimetro Florestal da Serra da Freita||125.0|Negligente|01-10-2023 16:41:00|01-10-2023 17:37:00|56|0.5674|01-10-2023|17:37|01-10-2023|17:00|0|40.8686630000009|-8.284375|Queimadas para gestão de pasto para gado|29.2263122558594|45.4249717715203|6.50701402443526|1.6905073639955|280|0.0|89.7648765220161|21.5742711768949|218.719244807255|5.53522912826063|34.6130431205366|11.7198099214012|2.12108615685136||235.0|791.442|42.3184|10.4263|175.372|14.91|36.3323|||||||||||
20231215168|Porto|Florestal|2023|0.0|0.0002|0.0|0.0002|0|0|0|1|0|0|20231215168|12|01-10-2023|18:05|Castanheira Do Ribatejo (Rua António Silva Pinto (Serra))|Vila Nova de Gaia|Avintes|112|131702|164721|459223|1|10|18|2225074|||610.0|Desconhecida|01-10-2023 18:05:00|01-10-2023 18:28:00|23|0.0002|01-10-2023|18:28|01-10-2023|18:21|0|41.101379999982|-8.5530769999822|Indeterminadas|24.3601013183594|65.9315470093187|5.89780493354497|1.63827914820693|305|0.0|87.2770479779197|16.6252997793238|337.554708554972|4.01980263814876|29.6052882918309|8.19304006379441|1.12555492618129|||70.9088|9.30609|11.09|984.806|25.2||||||||||||
20231215208|Aveiro|Florestal|2023|0.0|0.1537|0.0|0.1537|0|0|0|1|0|0|20231215208|12|01-10-2023|18:09|Raposeira (Cavadas)|Vale de Cambra|Macieira de Cambra|CCO|11906|179616|432889|1|10|18|2040889|||6.0|Desconhecida|01-10-2023 18:09:00|01-10-2023 20:15:00|126|0.07685|01-10-2023|20:15|01-10-2023|18:46|0|40.864767999649|-8.37489799976349|Indeterminadas|24.855615234375|61.9529968953296|6.29681862330092|1.16062058023962|332|0.0|89.7648765220161|21.5742711768949|218.719244807255|5.53522912826063|34.6130431205366|11.7198099214012|2.12108615685136||234.0|267.629|11.8206|10.1588|589.452|21.35|1.62558|||||||||||
20231215409|Bragança|Florestal|2023|0.0038358448982238|0.469470486354828|0.0|0.473306331253052|0|0|0|1|0|0|20231215409|12|01-10-2023|19:05|cabeça de mouro (Cabeca de Mouro)|Torre de Moncorvo|Cabeça Boa|CCO|40903|281611|470800|1|10|19|1980610|||448.0|Intencional|01-10-2023 19:05:00|01-10-2023 20:21:00|76|0.473306331253052|01-10-2023|20:21|01-10-2023|19:22|0|41.2022950000233|-7.16016199959649|Incendiarismo - Imputáveis|26.4692932128906|37.3574194765155|3.01494853791775|0.602193629827931|328|0.0|90.6500807096868|28.8449268594801|527.986724585356|5.53747793682948|50.7574163405859|14.4804243350767|3.08426570563783|||513.682|20.6606|10.3022|66.5007|13.29||http://fogos.icnf.pt/sgif2010/ficheiroskml/20231215409.kml||||||||||
20231215462|Viseu|Florestal|2023|0.0|0.97|0.0|0.97|0|0|0|1|0|0|20231215462|12|01-10-2023|19:23|Batoca|Castro Daire|Gosende|117|180309|214753|445669|1|10|19|2000464|||125.0|Negligente|01-10-2023 19:23:00|01-10-2023 22:32:00|189|0.323333333333333|01-10-2023|22:32|01-10-2023|20:00|0|40.98|-7.95777777777778|Queimadas para gestão de pasto para gado|24.1267944335938|60.4803960984183|5.41743437713372|0.506852427527288|228|0.0|89.9263009346766|23.7503308394739|342.665718569248|5.202427055415|40.4854884827631|12.16389300748|2.26541301343317||231.0|1153.84|14.9578|10.5028|107.131|9.18|2189.35|http://fogos.icnf.pt/sgif2010/ficheiroskml/215462 - GOSENDE - ROSSÃO.kml||||||||||
20231215951|Braga|Florestal|2023|0.0|0.38|0.0|0.38|0|0|0|1|0|0|20231215951|12|01-10-2023|21:54|Bouça do Fojo|Terras de Bouro|Chorense (Santa Marinha)|Outros|31006|188499|525890|1|10|21|2035013|||125.0|Negligente|01-10-2023 21:54:00|01-10-2023 23:16:00|82|0.38|01-10-2023|23:16|01-10-2023|22:25|0|41.7022222222222|-8.27138888888889|Queimadas para gestão de pasto para gado|18.73330078125|78.8139449224625|4.02188225425786|1.23887588496088|96|0.0|89.6916255583047|19.8469401677521|180.817964196901|5.70365103218953|31.1469908390255|11.3299912254957|1.99781490614034||233.0|809.042|15.2129|10.4534|130.914|4.96|2298.27|http://fogos.icnf.pt/sgif2010/ficheiroskml/20231215951.kmz||||||||||
20231216189|Setúbal|Florestal|2023|0.0|0.0006|0.0|0.0006|0|0|0|1|0|0|20231216189|12|01-10-2023|23:28|Avenida São Francisco de Assis|Alcochete|São Francisco|112|150203|127135|196909|1|10|23|2010707|||152.0|Negligente|01-10-2023 23:28:00|01-10-2023 23:43:00|15|0.0006|01-10-2023|23:43|01-10-2023|23:35|0|38.7366666666667|-8.97111111111111|Uso do fogo - Fumar|19.9075866699219|69.8008064961952|5.88316002143734|1.63421111706593|269|0.0|94.21888494962|60.9435608265256|1039.44280484933|10.734574436974|106.305177170741|33.9579026153159|13.9422935888189||231.0|-17.5069|2.36599|11.4222|359.53|16.79|3.79839|||||||||||
20231216450|Porto|Florestal|2023|0.0|0.095|0.0|0.095|0|0|0|1|0|0|20231216450|12|02-10-2023|02:39|N211 (Casal)|Penafiel|Recezinhos (São Mamede)|112|131132|194890|474742|2|10|2|2195347|||630.0|Desconhecida|02-10-2023 02:39:00|02-10-2023 04:40:00|121|0.0475|02-10-2023|04:40|02-10-2023|02:58|0|41.2418700000975|-8.19408999972873|Indeterminadas|18.5968872070313|79.1696818497249|2.23243351770945|0.796686594469105|122|0.0|87.7994348082992|23.2029626930928|322.797664137359|5.16185898388182|39.3369875106089|11.8950721381006|2.17755250730868|||250.63|12.1651|10.5303|252.398|19.09||||||||||||
20231217599|Vila Real|Florestal|2023|0.0|0.02|0.0|0.02|0|0|0|1|0|0|20231217599|12|02-10-2023|10:20|Bacelar|Ribeira de Pena|Ribeira de Pena (Salvador)|CCO|170905|225144|506223|2|10|10|1875112|||60.0|Desconhecida|02-10-2023 10:20:00|02-10-2023 11:45:00|85|0.02|02-10-2023|11:45|02-10-2023|10:40|0|41.5249470000797|-7.83187799983554|Indeterminadas|22.2781921386719|67.5005544837321|6.54525806353535|2.3229380747344|220|0.0|88.6512958695463|22.9320428539956|306.092139780647|6.50046614505267|38.6289949296938|14.127566227245|2.95248783461666|||265.336|30.8184|9.09219|269.952|18.54||||||||||||
20231218361|Beja|Agrícola|2023|0.0|0.0|0.328|0.328|0|0|0|0|0|1|20231218361|12|02-10-2023|12:47|Monte das Almas|Serpa|Salvador|112|21304|248360|108891|2|10|12|2020979|||124.0|Negligente|02-10-2023 12:47:00|02-10-2023 13:10:00|23|0.328|02-10-2023|13:10|02-10-2023|12:53|0|37.9455555555556|-7.58277777777778|Queimas amontoados de sobrantes florestais ou agrícolas|31.4218994140625|29.2858650544889|2.3730504827858|0.910480164076927|239|0.0|94.8868272300974|71.8338616130352|920.971296845335|9.60653010868591|120.224554934061|33.2199761346063|13.4105223277643|||122.464|6.32917|11.0|116.128|14.76||||||||||||
20231218452|Portalegre|Florestal|2023|0.0|0.0003|0.0|0.0003|0|0|0|1|0|0|20231218452|12|02-10-2023|13:00|EN 372 (Vinha do Ferrador)|Sousel|Sousel|Outros|121504|235919|220591|2|10|13|1910166|||610.0|Desconhecida|02-10-2023 13:00:00|02-10-2023 13:40:00|40|0.0003|02-10-2023|13:40|02-10-2023|13:16|0|38.9522749998834|-7.71873200005955|Indeterminadas|30.1385131835938|33.8417530693546|6.32462119348152|1.75683922041153|266|0.0|92.6564204352875|44.6867586982722|584.352298209514|8.37507985100424|75.0293514901208|24.1583424748219|7.63128600948197|||179.462|1.20271|11.4125|79.4939|16.55||||||||||||
20231219045|Leiria|Florestal|2023|0.0|0.07|0.0|0.07|0|0|0|1|0|0|20231219045|12|02-10-2023|14:35|Rua Principal 22. 2540-689 Bombarral. Portugal (Casal da Salgueirinha)|Bombarral|Carvalhal|112|100502|115432|260793|2|10|14|2050221|||124.0|Negligente|02-10-2023 14:35:00|02-10-2023 15:54:00|79|0.07|02-10-2023|15:54|02-10-2023|14:47|0|39.310988000234|-9.1136169995202|Queimas amontoados de sobrantes florestais ou agrícolas|26.1730895996094|55.817450450084|7.84426792915861|2.1573845398527|294|0.0|88.4173604928088|34.9676470048678|814.539733348239|4.87899463275183|63.157067176601|14.8296347170388|3.21713886292592|||134.628|14.4301|10.5628|317.33|18.03||||||||||||
20231219121|Viana do Castelo|Agrícola|2023|0.0|0.0|0.001|0.001|0|0|0|0|0|1|20231219121|12|02-10-2023|15:00|Rua 5 Outubro (Portinho)|Caminha|Vila Praia de Âncora|CCO|160217|139180|538655|2|10|15|2225094|||212.0|Negligente|02-10-2023 15:00:00|02-10-2023 15:17:00|17|0.001|02-10-2023|15:17|02-10-2023|15:03|0|41.8150019995372|-8.86510800043742|Acidentais - Transportes e Comunicações|21.8576904296875|80.4384442131896|13.635985030956|3.78777361971|209|0.0|82.863115375409|11.8014839510448|246.049177112409|3.61040295466166|21.0757756638204|6.05864315442524|0.659740759149692||227.0|-2.57152|3.31936|11.2899|180.986|26.07|2.47018|||||||||||
20231219279|Aveiro|Florestal|2023|0.0|0.0004|0.0|0.0004|0|0|0|1|0|0|20231219279|12|02-10-2023|15:40|Lugar dos Estaleiros (Carro Quebrado)|Oliveira de Azeméis|Pindelo|112|11312|173710|434719|2|10|15|2040889|||6.0|Desconhecida|02-10-2023 15:40:00|02-10-2023 16:44:00|64|0.0004|02-10-2023|16:44|02-10-2023|16:25|0|40.8810779995388|-8.44503300031026|Indeterminadas|24.8767944335938|59.6308180563206|7.87497384224885|2.16271467877817|256|0.0|88.1630570087931|23.0957476470494|223.819796442998|5.38584157730487|36.7190002624757|11.8453453328798|2.16146585754724||227.0|275.813|8.55235|11.0247|674.304|21.96|4.70762|||||||||||
20231219683|Vila Real|Florestal|2023|0.3|0.0|0.0|0.3|0|0|0|1|0|0|20231219683|12|02-10-2023|17:13|TRESMINAS|Vila Pouca de Aguiar|Tresminas|PV|171312|251410|501450|2|10|17|1875076|Perimetro Florestal da Serra da Padrela||448.0|Intencional|02-10-2023 17:13:00|02-10-2023 18:30:00|77|0.3|02-10-2023|18:30|02-10-2023|17:30|0|41.4808333333333|-7.5175|Incendiarismo - Imputáveis|23.2441955566406|57.7073812024471|9.16615275651007|2.25838032501992|263|0.0|89.1284564928617|24.6893527755439|373.467493813461|6.78530734322295|42.3752942385058|15.3434837853419|3.41707370409186|||796.361|25.6271|10.0447|85.8798|15.9||||||||||||
20231219740|Aveiro|Florestal|2023|0.0|0.0085|0.0|0.0085|0|0|0|1|0|0|20231219740|12|02-10-2023|17:16|Rua Dr Mario de Castro (Souto)|Santa Maria da Feira|Fiães|Outros|10907|167042|447845|2|10|17|2045027|||630.0|Desconhecida|02-10-2023 17:16:00|02-10-2023 17:59:00|43|0.0085|02-10-2023|17:59|02-10-2023|17:38|0|40.9990219995711|-8.52483700010512|Indeterminadas|22.6903015136719|76.3378887351336|9.38325987098539|2.60646107527372|274|0.0|85.6940701689937|17.6281280567944|342.440883970011|4.26796880433013|31.2363092727114|8.90629770662022|1.30476699439603|||151.142|10.1445|10.8534|824.167|17.26||||||||||||
20231219745|Porto|Florestal|2023|0.02|0.0|0.0|0.02|0|0|0|1|0|0|20231219745|12|02-10-2023|17:26|Lugar de Seara (Seara)|Amarante|Aboadela|CCO|130101|211436|479629|2|10|17|1970547|||610.0|Desconhecida|02-10-2023 17:26:00|02-10-2023 18:19:00|53|0.02|02-10-2023|18:19|02-10-2023|17:30|0|41.2858129999373|-7.99661199993557|Indeterminadas|22.6350036621094|70.5824357176454|7.01369915518384|1.92110496623417|277|0.0|87.7994348082992|23.2029626930928|322.797664137359|5.16185898388182|39.3369875106089|11.8950721381006|2.17755250730868||221.0|427.275|27.3348|9.31531|194.973|15.83|152.05|||||||||||
20231220300|Viana do Castelo|Florestal|2023|0.0|0.175|0.0|0.175|0|0|0|1|0|0|20231220300|12|02-10-2023|19:30|Penacova|Ponte da Barca|Vade (São Pedro)|112|160623|177057|533132|2|10|19|2225093|||448.0|Intencional|02-10-2023 19:30:00|02-10-2023 23:40:00|250|0.04375|02-10-2023|23:40|02-10-2023|19:58|0|41.7672222222222|-8.40916666666667|Incendiarismo - Imputáveis|17.8961120605469|85.9614512532068|5.62953245157154|0.512567238849912|308|0.0|87.0878420665173|21.0762804915184|185.64891683362|5.43196961331506|32.8337242120382|11.2102193658338|1.96058592585367||221.0|624.237|23.6124|8.56969|165.12|12.32|82.8271|||||||||||
20231220612|Porto|Florestal|2023|0.0|0.01|0.0|0.01|0|0|0|1|0|0|20231220612|12|02-10-2023|20:59|Lg. das Alminhas (Piares)|Marco de Canaveses|Penha Longa|112|130715|198963|458729|2|10|20|1970547|||610.0|Desconhecida|02-10-2023 20:59:00|02-10-2023 21:56:00|57|0.01|02-10-2023|21:56|02-10-2023|21:15|0|41.0977019998762|-8.14547499974569|Indeterminadas|17.3627868652344|89.2441565838749|6.50303444791751|1.63055244304126|302|0.0|88.3756636813802|22.6008337631655|230.050658508398|5.59251833245005|36.2888635239729|12.1294958493218|2.25408646856404|||282.242|24.7651|10.0009|269.436|21.98||||||||||||
20231220746|Viseu|Florestal|2023|0.0|0.01|0.0|0.01|0|0|0|1|0|0|20231220746|12|02-10-2023|21:41|Gelares|Resende|Resende|Outros|181311|215873|458606|2|10|21|2000464|||448.0|Intencional|02-10-2023 21:41:00|02-10-2023 22:12:00|31|0.01|02-10-2023|22:12|02-10-2023|21:57|0|41.0963888888889|-7.94416666666667|Incendiarismo - Imputáveis|16.8362060546875|88.8238171583201|6.1370074265709|1.60683867353379|284|0.0|89.9453803738364|25.7947062983619|348.007650820225|7.5370782084594|43.5242504236489|16.8477107297874|4.03223924371321||221.0|399.658|24.2915|9.97438|209.648|23.3|3.01256|http://fogos.icnf.pt/sgif2010/ficheiroskml/20231220746.kml||||||||||
20231220911|Leiria|Florestal|2023|0.0|0.0001|0.0|0.0001|0|0|0|1|0|0|20231220911|12|02-10-2023|22:50|Alvados (Grutas)|Porto de Mós|Alvados|112|101603|146926|285842|2|10|22|2050221||Serras de Aire e Candeeiros|448.0|Intencional|02-10-2023 22:50:00|02-10-2023 23:22:00|32|0.0001|02-10-2023|23:22|02-10-2023|23:10|0|39.5391000000636|-8.75048300001356|Incendiarismo - Imputáveis|18.8000122070313|90.5518203405464|7.81963949544681|2.32265791371013|348|0.0|89.1701273613687|30.4978390742284|633.146230907137|5.66909692174572|54.4399253059602|15.3216687149882|3.40847916810571||234.0|438.867|21.3635|10.0719|270.932|19.15|80.922|||||||||||
20231221007|Beja|Agrícola|2023|0.0|0.0|0.044|0.044|0|0|0|0|0|1|20231221007|12|02-10-2023|23:36|Monte da Meia Légua|Beja|Santiago Maior|112|20513|219934|114147|2|10|23|2020979|||610.0|Desconhecida|02-10-2023 23:36:00|02-10-2023 23:48:00|12|0.044|02-10-2023|23:48|02-10-2023|23:46|0|37.9938888888889|-7.90611111111111|Indeterminadas|21.5455871582031|62.0884718489074|7.55474349924701|2.09853986090195|288|0.0|94.5717966897699|61.440542378509|884.507071390402|9.16400228864618|104.699264109197|30.3397944984885|11.4217136444388||232.0|171.109|2.0471|11.5225|241.854|6.17|43290.7|||||||||||
20231222215|Porto|Florestal|2023|0.0|8.64786925970316|0.0|8.64786925970316|0|0|0|0|1|0|20231222215|12|03-10-2023|10:02|Lugar de Gens (Arco)|Penafiel|Boelhe|CCO|131102|190096|462910|3|10|10|2195347|||630.0|Desconhecida|03-10-2023 10:02:00|03-10-2023 12:17:00|135|4.33455166387558|03-10-2023|12:17|03-10-2023|10:10|0|41.1352850000064|-8.25108299997118|Indeterminadas|20.0425048828125|78.5885905657792|6.84539432316088|1.76231563111777|55|0.0|87.0530433365052|22.1239726108721|227.270771852204|3.78446858333909|35.5872306323714|8.66830365869167|1.24369042425329|||280.231|18.2734|9.98813|101.889|17.6||http://fogos.icnf.pt/sgif2010/ficheiroskml/20231222215.kml||||||||||
20231222823|Porto|Florestal|2023|0.598674701088667|0.0|0.0343056766152382|0.632980377703905|1|0|0|1|0|0|20231222823|12|03-10-2023|11:55|Lugar do Casal (Casal)|Penafiel|Recezinhos (São Mamede)|Populares|131132|194777|474722|3|10|11|2195347|||711.0|Reacendimento|03-10-2023 11:55:00|03-10-2023 12:58:00|63|0.632980377703905|03-10-2023|12:58|03-10-2023|12:18|0|41.2416870000627|-8.19543800036113|Reacendimentos|21.48720703125|72.4706234673844|6.94833487184509|1.78874371446331|73|0.0|86.9318337109438|24.4522066003339|327.641701490875|3.72545667063842|41.2146866724445|9.33244567461186|1.41729706201813||212.0|250.63|12.1651|10.5303|252.398|19.09|7.92717|||||||||||
20231223243|Porto|Florestal|2023|0.466320577144623|0.0005967475891113|0.0|0.466917324733734|0|0|0|1|0|0|20231223243|12|03-10-2023|13:29|Seixinho|Trofa|Coronado_Sao Mamede|PV|131804|163662|480362|3|10|13|1990536|||610.0|Desconhecida|03-10-2023 13:29:00|03-10-2023 15:08:00|99|0.466917324733734|03-10-2023|15:08|03-10-2023|13:45|0|41.2916666666667|-8.56694444444445|Indeterminadas|23.70400390625|70.0608093932627|8.37838773591826|2.59241784021239|348|0.0|85.0860313955693|17.9305580663758|368.323254345792|3.20955234027513|31.9702147008898|7.0134761140456|0.854812539633983||232.0|118.606|4.21408|11.1069|540.629|21.1|233.859|http://fogos.icnf.pt/sgif2010/ficheiroskml/20231223243.kmz||||||||||
20231223397|Porto|Florestal|2023|0.0|0.3|0.0|0.3|0|0|0|1|0|0|20231223397|12|03-10-2023|14:04|4 caminhos (Covas)|Trofa|Coronado (São Mamede)|112|131804|163543|481456|3|10|14|2195473|||610.0|Desconhecida|03-10-2023 14:04:00|03-10-2023 15:02:00|58|0.3|03-10-2023|15:02|03-10-2023|14:19|0|41.3015130000644|-8.56842300004429|Indeterminadas|24.3070922851563|67.6384231537888|9.36220192772665|2.75710378600595|343|0.0|85.0860313955693|17.9305580663758|368.323254345792|3.20955234027513|31.9702147008898|7.0134761140456|0.854812539633983||232.0|118.606|4.21408|10.4391|540.629|21.1|233.859|http://fogos.icnf.pt/sgif2010/ficheiroskml/incendio 20231223397.kml||||||||||
20231223461|Aveiro|Agrícola|2023|0.0|0.0|0.0025|0.0025|0|0|0|0|0|1|20231223461|12|03-10-2023|14:15|Rua da Agra (Rua Bernardo Claraval)|Aveiro|São Bernardo|112|10510|157183|406205|3|10|14|1985053|||610.0|Desconhecida|03-10-2023 14:15:00|03-10-2023 14:37:00|22|0.0025|03-10-2023|14:37|03-10-2023|14:23|0|40.623614999983|-8.63915299998389|Indeterminadas|25.4283996582031|59.1721562850237|11.569032500257|3.21362013896027|343|0.0|87.2744317052758|24.6672251226157|405.212073082599|4.62540245941759|42.8180882448325|11.4196456414081|2.02588157696541||232.0|3.74062|1.4174|11.3163|794.082|18.42|54.0615|||||||||||
20231223566|Porto|Florestal|2023|0.0|0.05|0.0|0.05|0|0|0|1|0|0|20231223566|12|03-10-2023|14:25|Lg. 4 Caminhos (Santa Eulália)|Trofa|Coronado (São Romão)|Populares|131805|163464|479134|3|10|14|2195473|||610.0|Desconhecida|03-10-2023 14:25:00|03-10-2023 15:15:00|50|0.05|03-10-2023|15:15|03-10-2023|14:27|0|41.2805970001221|-8.56923899994956|Indeterminadas|24.3070922851563|67.6384231537888|9.36220192772665|2.75710378600595|343|0.0|85.0860313955693|17.9305580663758|368.323254345792|3.20955234027513|31.9702147008898|7.0134761140456|0.854812539633983||232.0|118.606|4.21408|11.3706|540.629|21.1|233.859|http://fogos.icnf.pt/sgif2010/ficheiroskml/incendio 20231223566.kml||||||||||
20231223650|Faro|Florestal|2023|0.0|0.101|0.0|0.101|0|0|0|1|0|0|20231223650|12|03-10-2023|14:50|Vale de São Faustino|Loulé|Boliqueime|Populares|80804|201930|22075|3|10|14|2000333|||124.0|Negligente|03-10-2023 14:50:00|03-10-2023 17:39:00|169|0.0505|03-10-2023|17:39|03-10-2023|15:07|0|37.1644444444444|-8.11138888888889|Queimas amontoados de sobrantes florestais ou agrícolas|32.3878112792969|29.9144963967956|3.04054979210091|1.48415601461219|225|0.0|93.9557630024333|120.418943588606|1313.02875703283|8.15644987017236|195.918314205361|33.9193495973306|13.9142886179444|||253.874|17.4804|10.7913|343.031|9.93||||||||||||
20231224056|Porto|Florestal|2023|0.0|0.03|0.0|0.03|0|0|0|1|0|0|20231224056|12|03-10-2023|16:23|A43 - Nó de Gens (Campo de Tiro da Minhoteira)|Gondomar|Gondomar (São Cosme)|Outros|130409|165896|461185|3|10|16|2225141|||610.0|Desconhecida|03-10-2023 16:23:00|03-10-2023 17:48:00|85|0.03|03-10-2023|17:48|03-10-2023|16:43|0|41.1190930000941|-8.5392070002026|Indeterminadas|24.2767883300781|67.4317557084403|13.447229254767|3.79511305876314|332|0.0|85.7420060414083|18.716552122061|347.320236875284|3.68378480719973|32.9888134890814|8.09145381008727|1.10097108714153||227.0|60.2887|25.3942|10.4987|526.869|17.75|81.9488|||||||||||
20231224068|Viana do Castelo|Florestal|2023|0.0|0.02|0.0|0.02|0|0|0|1|0|0|20231224068|12|03-10-2023|16:28|Ribeiro (Cima de Vila)|Monção|Merufe|CCO|160415|177997|562126|3|10|16|1960909|||448.0|Intencional|03-10-2023 16:28:00|03-10-2023 16:41:00|13|0.02|03-10-2023|16:41|03-10-2023|16:28|0|42.0283449999491|-8.39883799976773|Incendiarismo - Imputáveis|23.4335876464844|57.0089608702529|9.97800208425472|2.77166724562631|35|0.0|86.6718513244239|21.2776220856543|248.124080628767|4.83250716016983|35.0426329513858|10.5633041067253|1.76479603639632||227.0|248.099|18.2822|9.76531|132.839|13.27|518.797|||||||||||
20231224151|Porto|Florestal|2023|0.0|0.05|0.0|0.05|0|0|0|1|0|0|20231224151|12|03-10-2023|16:50|Penha Longa. Marco de Canaveses. Portugal (Cardia)|Marco de Canaveses|Penha Longa|112|130715|199173|457521|3|10|16|1970547|||610.0|Desconhecida|03-10-2023 16:50:00|03-10-2023 17:34:00|44|0.05|03-10-2023|17:34|03-10-2023|17:16|0|41.0868200000127|-8.14296699947781|Indeterminadas|24.6245056152344|53.6649845356509|4.12373373605849|1.14681574910292|351|0.0|87.4163763042421|23.9347497901194|234.832375915625|4.00785132138207|38.1489018803496|9.48645834750257|1.45895927217552|||304.385|21.5699|9.10219|224.597|22.29||||||||||||
20231224157|Porto|Florestal|2023|0.0|0.015|0.0|0.015|0|0|0|1|0|0|20231224157|12|03-10-2023|16:35|Mouta (SÃO DOMINGOS)|Paços de Ferreira|Ferreira|Populares|130905|181164|478822|3|10|16|2195345|||610.0|Desconhecida|03-10-2023 16:35:00|03-10-2023 17:17:00|42|0.015|03-10-2023|17:17|03-10-2023|16:47|0|41.2784020000034|-8.35795000023312|Indeterminadas|25.3549133300781|59.0131237717366|5.2118161200757|1.52007894830241|321|0.0|86.5632969894326|22.1689680303451|328.682523443861|3.52139613239536|37.940424757829|8.46076961886317|1.19147346117365|||345.346|9.14347|10.9713|331.431|27.74||||||||||||
20231224212|Porto|Florestal|2023|0.0|0.03|0.0|0.03|0|0|0|1|0|0|20231224212|12|03-10-2023|16:55|Lugar das Margens (Vila Meã)|Amarante|Real|Populares|130127|195787|475671|3|10|16|1970547|||610.0|Desconhecida|03-10-2023 16:55:00|03-10-2023 17:12:00|17|0.03|03-10-2023|17:12|03-10-2023|16:57|0|41.2502350000044|-8.18338899999857|Indeterminadas|25.076806640625|53.8178960291971|2.24300288128766|0.638597715202337|342|0.0|86.9318337109438|24.4522066003339|327.641701490875|3.72545667063842|41.2146866724445|9.33244567461186|1.41729706201813||232.0|178.257|10.4033|10.5647|262.926|21.11|267.998|||||||||||
20231224248|Braga|Florestal|2023|0.02|0.18|0.0|0.2|0|0|0|1|0|0|20231224248|12|03-10-2023|17:07|Traz Serrinha|Fafe|São Gens|PV|30728|204528|498773|3|10|17|1875258|||124.0|Negligente|03-10-2023 17:07:00|03-10-2023 18:00:00|53|0.2|03-10-2023|18:00|03-10-2023|17:18|0|41.4583333333333|-8.07888888888889|Queimas amontoados de sobrantes florestais ou agrícolas|23.5797973632813|58.0408358739569|1.26812857423067|0.698553263327114|297|0.0|87.1641102636072|24.2722060003376|281.535752646021|3.99447674149541|39.9366975256468|9.71730475377388|1.52238680533476||223.0|538.376|24.4465|10.3588|126.465|13.97|30.9465|http://fogos.icnf.pt/sgif2010/ficheiroskml/20231224248.kml||||||||||
20231224698|Lisboa|Florestal|2023|0.0|0.0|0.0|0.0|0|0|0|1|0|0|20231224698|12|03-10-2023|19:04|Rua Casal Carrasquinha (Casal das Palhagueiras)|Torres Vedras|A Dos Cunhados|112|111301|98101|241100|3|10|19|sigo|||630.0|Desconhecida|03-10-2023 19:04:00|03-10-2023 19:33:00|29|0.0|03-10-2023|19:33|03-10-2023|19:27|0|39.1317730002933|-9.3115630001492|Indeterminadas|20.5955139160156|84.1272908319988|20.6674883903742|5.74096899732615|355|0.0|85.1979454332751|37.5616345980242|866.685414980865|5.52615426473101|67.7794642121937|16.9450863994284|4.07358148460832||231.0|61.0719|6.86145|11.1728|253.297|13.32|2.7132|||||||||||
20231224912|Vila Real|Florestal|2023|0.0|0.04|0.0|0.04|0|0|0|1|0|0|20231224912|12|03-10-2023|19:30|Soutelinho do Amésio (Ribeira das Relvas)|Vila Pouca de Aguiar|Telões|PV|171311|235698|493961|3|10|19|1875076|||125.0|Negligente|03-10-2023 19:30:00|03-10-2023 20:38:00|68|0.04|03-10-2023|20:38|03-10-2023|20:35|0|41.414146999783|-7.70616200023227|Queimadas para gestão de pasto para gado|22.13271484375|50.4506850213764|3.331811241414|0.990740327842533|349|0.0|87.5094975973116|26.5535522602885|412.963424844938|4.06415094235853|45.7524043944254|10.673277983792|1.79744680612755||221.0|717.57|10.5142|10.1144|127.942|14.96|2.12274|||||||||||
20231225270|Viana do Castelo|Florestal|2023|1.0|0.0|0.0|1.0|0|0|0|0|1|0|20231225270|12|03-10-2023|22:23|Mondão (Sé)|Arcos de Valdevez|Gondoriz|112|160115|177751|546448|3|10|22|sigo|||448.0|Intencional|03-10-2023 22:23:00|03-10-2023 23:32:00|69|1.0|03-10-2023|23:32|03-10-2023|22:56|0|41.8871870001157|-8.40120700001717|Incendiarismo - Imputáveis|16.1058898925781|82.9381232475297|8.80049688309256|2.25611802052547|63|0.0|86.8866698453192|22.3468016877934|190.459401941042|4.15518944628747|34.5570623230589|9.23198773059717|1.39040538465461|||115.49|15.6382|10.1675|142.747|12.59||||||||||||
20231225650|Viana do Castelo|Florestal|2023|0.2|0.0|0.0|0.2|0|0|0|1|0|0|20231225650|12|04-10-2023|02:36|Bouça (Chasqueira)|Viana do Castelo|Alvarães|112|160902|149790|520195|4|10|2|sigo|||448.0|Intencional|04-10-2023 02:36:00|04-10-2023 03:18:00|42|0.2|04-10-2023|03:18|04-10-2023|03:00|0|41.6495470004612|-8.73585700008604|Incendiarismo - Imputáveis|16.4429870605469|86.1061701179188|6.91689513974503|1.86383660409854|39|0.0|86.0458510824012|21.7542093121325|290.150224216095|2.88140323938764|36.640544590367|6.91984425626851|0.834717253473781||232.0|75.8156|4.80123|11.4381|360.236|8.61|78.4088|||||||||||
20231225674|Viseu|Florestal|2023|0.49|0.0|0.0|0.49|0|0|0|1|0|0|20231225674|12|04-10-2023|02:56|Antas|Viseu|Cota|PV|182310|225617|423778|4|10|2|1960893|Perimetro Florestal de São Salvador||449.0|Intencional|04-10-2023 02:56:00|04-10-2023 04:43:00|107|0.49|04-10-2023|04:43|04-10-2023|03:05|0|40.7825|-7.82972222222222|Incendiarismo - Imputáveis|15.6346984863281|66.5314621199612|8.85168767595246|2.33512960285274|50|0.0|88.7685884329054|32.471701405765|429.07029787887|3.89338022960443|54.6110919912069|11.4246797776085|2.02746258237095||227.0|603.454|15.28|10.5969|80.4327|14.65|2611.77|http://fogos.icnf.pt/sgif2010/ficheiroskml/Oc. n.º 1225674_23.kml||||||||||
20231226956|Porto|Florestal|2023|0.0|0.002|0.0|0.002|0|0|0|1|0|0|20231226956|12|04-10-2023|10:59|Lugar de Cortinhas (Quinchães)|Santo Tirso|Monte Córdova|Outros|131413|174617|482867|4|10|10|2195473|||124.0|Negligente|04-10-2023 10:59:00|04-10-2023 11:48:00|49|0.002|04-10-2023|11:48|04-10-2023|11:15|0|41.3146420001984|-8.43626999987496|Queimas amontoados de sobrantes florestais ou agrícolas|21.59560546875|71.059432095401|6.64045183246328|1.44695447250981|105|0.0|86.6115198373822|23.5239053881456|333.733845343275|3.092089353461|39.9992420022019|7.79311319953165|1.03014259941989|||377.856|7.91094|10.6691|359.97|18.45||||||||||||
20231227271|Vila Real|Florestal|2023|0.0|4.0|0.0|4.0|0|0|0|0|1|0|20231227271|12|04-10-2023|12:04|Cortinhas|Montalegre|Chã|PV|170604|227972|536666|4|10|12|1875311|Perimetro Florestal do Barroso||125.0|Negligente|04-10-2023 12:04:00|04-10-2023 13:20:00|76|4.0|04-10-2023|13:20|04-10-2023|12:10|0|41.7988888888889|-7.79666666666667|Queimadas para gestão de pasto para gado|21.3585144042969|64.0297943283482|4.90589168906477|1.28187965579521|159|0.0|86.8403598769393|24.7817926764183|263.464118274999|3.49157377268325|40.1274737058523|8.68729545091352|1.24851749326993||236.0|957.619|16.1904|10.0031|130.702|15.13|3.78435|http://fogos.icnf.pt/sgif2010/ficheiroskml/20231227271.kmz||||||||||
20231227436|Lisboa|Florestal|2023|0.0|0.187|0.0|0.187|0|0|0|1|0|0|20231227436|12|04-10-2023|12:44|Caminho Novo (PNSC - Estrada São Julião) (Ribeira do Falcão)|Sintra|São João das Lampas|112|111110|88515|217960|4|10|12|2101004||Sintra-Cascais|630.0|Desconhecida|04-10-2023 12:44:00|04-10-2023 14:12:00|88|0.187|04-10-2023|14:12|04-10-2023|13:00|0|38.9222200001611|-9.41860999994808|Indeterminadas|22.6820007324219|71.533095262849|11.3477072427396|3.58521545515814|336|0.0|84.5333479394559|41.5429598319707|942.589294203561|3.50240129342301|74.8398354541431|12.6163768483841|2.41670276787318||236.0|40.2323|19.9381|11.1691|303.797|15.05|8.80285|||||||||||
20231227745|Aveiro|Florestal|2023|0.182|0.0|0.0|0.182|0|0|0|1|0|0|20231227745|12|04-10-2023|13:51|Vale de Seixo - Mamodeiro|Aveiro|Requeixo|117|10509|163150|402541|4|10|13|1985053|||610.0|Desconhecida|04-10-2023 13:51:00|04-10-2023 14:47:00|56|0.182|04-10-2023|14:47|04-10-2023|14:01|0|40.5908333333333|-8.56833333333333|Indeterminadas|24.5578857421875|62.9002129078816|6.85685122442396|2.0457991867085|292|0.0|86.8382369042602|25.9337752874098|410.187023522052|3.76406567512008|44.7882841118532|9.88972151674719|1.57052442401159||232.0|36.8531|3.13299|11.0922|393.7|12.65|374.737|||||||||||
20231227850|Porto|Agrícola|2023|0.0|0.0|0.004|0.004|0|0|0|0|0|1|20231227850|12|04-10-2023|14:10|Lg. Eça de Queiroz (Fornos)|Penafiel|Penafiel|112|131124|186515|470397|4|10|14|2195347|||630.0|Desconhecida|04-10-2023 14:10:00|04-10-2023 14:46:00|36|0.004|04-10-2023|14:46|04-10-2023|14:22|0|41.2026469998889|-8.29389700041877|Indeterminadas|25.6798950195313|58.5149812257333|4.48489884273677|1.24580523409355|227|0.0|86.6115198373822|23.5239053881456|333.733845343275|3.092089353461|39.9992420022019|7.79311319953165|1.03014259941989|||236.288|11.4778|10.4919|317.316|22.75||||||||||||
20231227920|Porto|Florestal|2023|0.683991347014904|0.0|0.006057926261425|0.690049273276329|1|0|0|1|0|0|20231227920|12|04-10-2023|14:27|Lg. Nó da N211 (Pinheiro da India)|Penafiel|Recezinhos (São Mamede)|112|131132|195041|474672|4|10|14|2195347|||711.0|Reacendimento|04-10-2023 14:27:00|04-10-2023 15:29:00|62|0.690049273276329|04-10-2023|15:29|04-10-2023|14:31|0|41.2412430000305|-8.19228800031874|Reacendimentos|25.2510925292969|57.2657878148417|3.38325234902667|1.06041597846825|225|0.0|86.8108992668992|25.7181168429758|332.537561354156|3.27125896797259|43.1024789554734|8.57389802676806|1.21981654527022|||300.552|17.4927|10.2638|261.906|20.41||http://fogos.icnf.pt/sgif2010/ficheiroskml/1195956_1199881_1207106_1207452_1210909_1216450_1222823_1227920.kmz||||||||||
20231227986|Porto|Florestal|2023|0.08|0.08|0.0|0.16|0|0|0|1|0|0|20231227986|12|04-10-2023|14:36|Lg. do Contado (Igreja)|Amarante|Louredo|112|130120|200075|476404|4|10|14|1970547|||449.0|Intencional|04-10-2023 14:36:00|04-10-2023 15:24:00|48|0.16|04-10-2023|15:24|04-10-2023|14:45|0|41.2568470001221|-8.13223800023397|Incendiarismo - Imputáveis|25.2510925292969|57.2657878148417|3.38325234902667|1.06041597846825|225|0.0|86.8108992668992|25.7181168429758|332.537561354156|3.27125896797259|43.1024789554734|8.57389802676806|1.21981654527022|||289.667|14.2921|10.0053|257.983|18.9||||||||||||
20231228022|Setúbal|Florestal|2023|0.0|0.0002|0.0|0.0002|0|0|0|1|0|0|20231228022|12|04-10-2023|14:43|Rua 9 à Cidade Sol L70. 2835-514 Barreiro. Portugal (Cidade Sol)|Barreiro|Santo António da Charneca|112|150407|121644|185803|4|10|14|2010707|||610.0|Desconhecida|04-10-2023 14:43:00|04-10-2023 15:10:00|27|0.0002|04-10-2023|15:10|04-10-2023|15:10|0|38.6361699999703|-9.03299999978807|Indeterminadas|24.0760131835938|62.2149853799404|10.3373582569182|3.20780594913796|288|0.0|85.8304692806066|57.9092155882223|1080.0316250661|3.02073898552425|102.128585977003|13.4197743557004|2.6957395601522|||26.6444|4.05246|11.5356|731.083|24.12||||||||||||
20231228129|Porto|Florestal|2023|0.0|0.01|0.0|0.01|0|0|0|1|0|0|20231228129|12|04-10-2023|14:53|Olival (Rua de Lavadores)|Vila Nova de Gaia|Olival||131711|165300|453099|4|10|14|2225074|||610.0|Desconhecida|04-10-2023 14:53:00|04-10-2023 15:22:00|29|0.01|04-10-2023|15:22|04-10-2023|15:00|0|41.0462659994761|-8.54584600024753|Indeterminadas|24.4631896972656|65.0672759838268|6.28788251705389|2.03226071837941|275|0.0|85.7899577398677|19.887492008375|352.226731504191|2.67888567783946|34.8550088429731|6.26104716440647|0.69925253641751||223.0|162.995|16.8366|11.0644|683.226|19.0|1251.06|||||||||||
20231228141|Porto|Florestal|2023|0.0|0.1|0.0|0.1|0|0|0|1|0|0|20231228141|12|04-10-2023|15:01|Lg. Ribeiro (Traginha)|Marco de Canaveses|Vila Boa de Quires|PV|130731|194017|470879|4|10|15|1970547|||610.0|Desconhecida|04-10-2023 15:01:00|04-10-2023 16:14:00|73|0.1|04-10-2023|16:14|04-10-2023|15:03|0|41.2070769998762|-8.20446800020006|Indeterminadas|25.6669860839844|55.4435298448287|4.38729554319827|1.37383011762579|247|0.0|86.8108992668992|25.7181168429758|332.537561354156|3.27125896797259|43.1024789554734|8.57389802676806|1.21981654527022|||258.19|14.8259|10.2822|207.375|26.28||||||||||||
20231228495|Setúbal|Florestal|2023|0.0|0.1274|0.0|0.1274|0|0|0|1|0|0|20231228495|12|04-10-2023|16:15|Escola Básica Cidade Sol. M510. 2835-490 Barreiro. Portugal (Santo António)|Barreiro|Santo António da Charneca|112|150407|121594|185087|4|10|16|2010707|||413.0|Negligente|04-10-2023 16:15:00|04-10-2023 16:54:00|39|0.1274|04-10-2023|16:54|04-10-2023|16:20|0|38.6297160000271|-9.03349300000403|Acidentais - Outros|23.93740234375|61.988403988144|14.5537616649983|4.04271157361063|293|0.0|85.8304692806066|57.9092155882223|1080.0316250661|3.02073898552425|102.128585977003|13.4197743557004|2.6957395601522|||26.6444|4.05246|11.5356|731.083|24.12||||||||||||
20231228671|Braga|Florestal|2023|0.0|0.2|0.0|0.2|0|0|0|1|0|0|20231228671|12|04-10-2023|16:59|Rua de freitas (Vessadas)|Barcelos|Galegos (Santa Maria)|112|30268|161194|510130|4|10|16|2195474|||630.0|Desconhecida|04-10-2023 16:59:00|04-10-2023 17:46:00|47|0.2|04-10-2023|17:46|04-10-2023|17:10|0|41.5595750003391|-8.59832500033908|Indeterminadas|24.2994934082031|66.260752595771|8.04213372798007|2.22335584921929|285|0.0|86.0458510824012|21.7542093121325|290.150224216095|2.88140323938764|36.640544590367|6.91984425626851|0.834717253473781|||32.04|4.07514|11.3466|316.159|22.01||||||||||||
20231228742|Porto|Florestal|2023|0.0|0.003|0.0|0.003|0|0|0|1|0|0|20231228742|12|04-10-2023|17:10|Lg. Boucas (Ribeiro)|Amarante|Oliveira|Populares|130124|194844|476349|4|10|17|1970547|||610.0|Desconhecida|04-10-2023 17:10:00|04-10-2023 17:25:00|15|0.003|04-10-2023|17:25|04-10-2023|17:12|0|41.2563349999322|-8.19465499983894|Indeterminadas|24.2578979492188|62.4987476962181|6.38911399471684|1.77475388742134|276|0.0|86.8108992668992|25.7181168429758|332.537561354156|3.27125896797259|43.1024789554734|8.57389802676806|1.21981654527022|||205.372|10.3424|10.6047|252.712|19.67||||||||||||
20231228872|Porto|Florestal|2023|0.0|0.005|0.0|0.005|0|0|0|1|0|0|20231228872|12|04-10-2023|17:39|Lg. Aldeia Bela (Aldeia Bela)|Amarante|Travanca|Populares|130136|193812|477852|4|10|17|1970547|||610.0|Desconhecida|04-10-2023 17:39:00|04-10-2023 17:46:00|7|0.005|04-10-2023|17:46|04-10-2023|17:41|0|41.269864999983|-8.2069829999076|Indeterminadas|24.2578979492188|62.4987476962181|6.38911399471684|1.77475388742134|276|0.0|86.8108992668992|25.7181168429758|332.537561354156|3.27125896797259|43.1024789554734|8.57389802676806|1.21981654527022|||188.79|10.6139|10.5781|224.305|18.35||||||||||||
20231229056|Setúbal|Florestal|2023|0.0|0.0034|0.0|0.0034|0|0|0|1|0|0|20231229056|12|04-10-2023|18:31|Rua 2 - Cidade Sol|Barreiro|Santo António da Charneca|112|150407|121298|185220|4|10|18|2010707|||413.0|Negligente|04-10-2023 18:31:00|04-10-2023 18:54:00|23|0.0034|04-10-2023|18:54|04-10-2023|18:45|0|38.6308333333333|-9.03694444444444|Acidentais - Outros|22.726708984375|69.236273307575|14.1169012493061|3.92136145814057|309|0.0|85.8304692806066|57.9092155882223|1080.0316250661|3.02073898552425|102.128585977003|13.4197743557004|2.6957395601522|||26.6444|4.05246|11.5356|731.083|24.12||||||||||||
20231229409|Vila Real|Florestal|2023|0.0|0.008|0.0|0.008|0|0|0|1|0|0|20231229409|12|04-10-2023|20:01|Cimo de Vila de Castanheira. Chaves. Portugal (São João)|Chaves|Cimo de Vila da Castanheira|112|170309|272382|536850|4|10|20|1980865|||122.0|Negligente|04-10-2023 20:01:00|04-10-2023 21:30:00|89|0.008|04-10-2023|21:30|04-10-2023|20:20|0|41.7977969996134|-7.26226300027635|Queimadas de sobrantes florestais ou agrícolas|19.12880859375|62.1783238009674|0.692380653409987|0.166170303944076|321|0.0|87.6993344535247|29.2854477359184|409.712356611847|4.07695187252484|49.6913001321664|11.2269003351675|1.96575264698272|||778.992|9.7373|11.1813|84.8634|13.94||||||||||||
20231229456|Coimbra|Agrícola|2023|0.0|0.0|0.03|0.03|0|0|0|0|0|1|20231229456|12|04-10-2023|20:12|Rua Doutor Manuel Estrela (Vala do Regente Rei)|Mira|Praia de Mira|112|60804|144040|387705|4|10|20|1970101|||448.0|Intencional|04-10-2023 20:12:00|04-10-2023 20:46:00|34|0.03|04-10-2023|20:46|04-10-2023|20:28|0|40.45625|-8.79283999972873|Incendiarismo - Imputáveis|19.3832946777344|89.8775884461573|12.0577633006245|3.34937869461791|345|0.0|84.0476017762079|18.5929579110189|528.324372729053|3.45071221620817|34.1788349783266|7.80152088126055|1.03211055924614|||4.24062|0.448616|11.8444|126.977|13.91||||||||||||
20231229463|Viseu|Florestal|2023|0.0|0.005|0.0|0.005|0|0|0|1|0|0|20231229463|12|04-10-2023|20:10|EN323 (EN323) Km 71|Moimenta da Beira|Rua|112|180716|245542|441976|4|10|20|2000464|||448.0|Intencional|04-10-2023 20:10:00|04-10-2023 21:05:00|55|0.005|04-10-2023|21:05|04-10-2023|20:21|0|40.9455555555556|-7.59222222222222|Incendiarismo - Imputáveis|18.5288024902344|72.7716548267908|6.68262776596255|1.60797127948648|277|0.0|87.7404673072575|31.449710930022|456.95432300144|3.74153397561986|53.6656294999779|10.947680996259|1.88004862251251||227.0|794.974|15.2919|10.7025|118.345|22.91|620.408|http://fogos.icnf.pt/sgif2010/ficheiroskml/1229463_04OUT23_Rua_MBR.kml||||||||||
20231229476|Viseu|Florestal|2023|0.0|0.003|0.0|0.003|0|0|0|1|0|0|20231229476|12|04-10-2023|20:17|Corgo de São Paio|Moimenta da Beira|Caria|112|180707|245136|441430|4|10|20|2000464|||448.0|Intencional|04-10-2023 20:17:00|04-10-2023 21:35:00|78|0.003|04-10-2023|21:35|||0|40.9405555555556|-7.59722222222222|Incendiarismo - Imputáveis|18.5288024902344|72.7716548267908|6.68262776596255|1.60797127948648|277|0.0|87.7404673072575|31.449710930022|456.95432300144|3.74153397561986|53.6656294999779|10.947680996259|1.88004862251251||232.0|717.196|14.8141|10.7025|118.748|24.17|7.48766|http://fogos.icnf.pt/sgif2010/ficheiroskml/1229476_04out23_Caria_MBR.kml||||||||||
20231229767|Braga|Florestal|2023|0.0|0.067|0.0|0.067|0|0|0|1|0|0|20231229767|12|04-10-2023|21:51|Curtinhas (Castelhão)|Barcelos|Vila Seca|112|30287|152678|503164|4|10|21|2195474|||630.0|Desconhecida|04-10-2023 21:51:00|04-10-2023 22:40:00|49|0.067|04-10-2023|22:40|04-10-2023|22:05|0|41.4963919999864|-8.69985699971517|Indeterminadas|17.909814453125|92.1848657664879|2.35731359020865|0.465045184678539|330|0.0|86.0458510824012|21.7542093121325|290.150224216095|2.88140323938764|36.640544590367|6.91984425626851|0.834717253473781|||21.255|3.75928|11.4528|298.826|10.24||||||||||||
20231229836|Vila Real|Florestal|2023|0.0|0.0032|0.0|0.0032|0|0|0|1|0|0|20231229836|12|04-10-2023|22:14|CIMO DE VILA DA CASTANHEIRA (São João)|Chaves|Cimo de Vila da Castanheira|CCO|170309|272407|536881|4|10|22|1980865|||122.0|Negligente|04-10-2023 22:14:00|04-10-2023 23:04:00|50|0.0032|04-10-2023|23:04|04-10-2023|22:35|0|41.798077000512|-7.26195999993218|Queimadas de sobrantes florestais ou agrícolas|15.22548828125|78.6817111110647|1.24321718995972|0.536163945203082|16|0.0|87.6993344535247|29.2854477359184|409.712356611847|4.07695187252484|49.6913001321664|11.2269003351675|1.96575264698272|||778.992|9.7373|11.1813|84.8634|13.94||||||||||||
20231230699|Viseu|Agrícola|2023|0.0|0.0|0.0001|0.0001|0|0|0|0|0|1|20231230699|12|05-10-2023|08:26|Cadavais|Moimenta da Beira|Alvite|112|180702|236429|445819|5|10|8|2000464|||124.0|Negligente|05-10-2023 08:26:00|05-10-2023 08:55:00|29|0.0001|05-10-2023|08:55|05-10-2023|08:46|0|40.9805555555556|-7.70027777777778|Queimas amontoados de sobrantes florestais ou agrícolas|13.7117858886719|93.9132966862275|1.07780448818477|0.299390135606881|101|0.0004633425874089|88.9408863386253|33.6578676314003|462.140518558081|4.42541338617781|56.9470479989744|12.9663867241137|2.53663792671704|||904.259|4.61099|11.0203|112.731|13.18||http://fogos.icnf.pt/sgif2010/ficheiroskml/1230699_05OUT23_Alvite_MBR.kml||||||||||
20231231196|Braga|Florestal|2023|0.0|0.001|0.0|0.001|0|0|0|1|0|0|20231231196|12|05-10-2023|10:39|Estrada Municipal 525 (Esporão)|Cabeceiras de Basto|Abadim|CCO|30401|211968|507158|5|10|10|1875234|||124.0|Negligente|05-10-2023 10:39:00|05-10-2023 11:23:00|44|0.001|05-10-2023|11:23|05-10-2023|10:52|0|41.5336630000009|-7.98972799989912|Queimas amontoados de sobrantes florestais ou agrícolas|19.356103515625|72.8900657551617|3.64262070561548|0.802504474815651|131|0.0002316712937044|87.2379777002285|27.2262583342758|291.14078719192|3.56409012296546|44.1343670653156|9.36204879958048|1.42526427026514||223.0|786.696|19.6807|9.98312|266.414|20.66|4.67673|http://fogos.icnf.pt/sgif2010/ficheiroskml/1231196.kml||||||||||
20231231280|Portalegre|Florestal|2023|0.2314|0.0|0.0|0.2314|0|0|0|1|0|0|20231231280|12|05-10-2023|10:59|Fronteira do Caia (A6-A6 Km 156)|Elvas|Caia e São Pedro|117|120705|294325|213457|5|10|10|1910166|||151.0|Negligente|05-10-2023 10:59:00|05-10-2023 11:59:00|60|0.2314|05-10-2023|11:59|05-10-2023|11:22|0|38.8837020000153|-7.0460149998135|Uso do fogo - Fumar|28.4414001464844|34.4175665660772|6.43222872692169|1.83416328050982|42|0.0|94.0310763207526|66.9982044987567|782.978952649337|10.1090687937607|110.383152794623|33.1725786510872|13.3766740735152|||3.57787|1.19295|11.9385|83.0183|11.45||||||||||||
20231231304|Aveiro|Agrícola|2023|0.0|0.0|0.0005|0.0005|0|0|0|0|0|1|20231231304|12|05-10-2023|11:04|ER333 (ER333) Km 14|Oliveira do Bairro|Oiã|112|11403|165035|397334|5|10|11|1985059|||124.0|Negligente|05-10-2023 11:04:00|05-10-2023 11:33:00|29|0.0005|05-10-2023|11:33|05-10-2023|11:15|0|40.5441666666667|-8.54583333333333|Queimas amontoados de sobrantes florestais ou agrícolas|21.72060546875|72.4965558334693|2.19872829250219|0.610757859028387|307|0.0|86.5264211078176|27.1283278567338|415.030934532794|3.44897231210654|46.6358262773145|9.41057848027293|1.4383672695167|||32.6656|5.19166|11.1572|328.529|17.15||||||||||||
20231231692|Beja|Agrícola|2023|0.0|0.0|0.027|0.027|0|0|0|0|0|1|20231231692|12|05-10-2023|12:44|Monte das Pias|Cuba|Faro do Alentejo|Populares|20702|217587|128716|5|10|12|2020979|||222.0|Negligente|05-10-2023 12:44:00|05-10-2023 13:24:00|40|0.027|05-10-2023|13:24|05-10-2023|13:05|0|38.1252777777778|-7.9325|Acidentais - Maquinaria|31.4468933105469|31.7373650933274|5.54806699651373|1.39845356786927|39|0.0|93.3959960493005|71.068804821495|903.439328714621|9.17221100711693|118.778429009633|32.0551031820253|12.5894544592338||231.0|161.489|3.51519|11.5844|109.797|4.93|1027.63|||||||||||
20231231924|Porto|Florestal|2023|0.0|0.001|0.0|0.001|0|0|0|1|0|0|20231231924|12|05-10-2023|13:49|Eira Velha|Paredes|Louredo|Populares|131014|182174|473719|5|10|13|2195439|||630.0|Desconhecida|05-10-2023 13:49:00|05-10-2023 14:14:00|25|0.001|05-10-2023|14:14|05-10-2023|14:00|0|41.2325|-8.34583333333333|Indeterminadas|23.6154113769531|64.4910704745777|6.47857177195158|1.87647677411039|272|0.0|86.5190997722279|24.7180116174278|338.49005798976|3.19035535817117|41.8042113324|8.23289129377673|1.13526335232796|||252.447|19.4517|10.5087|363.939|16.14||||||||||||
20231232037|Setúbal|Agrícola|2023|0.0|0.0|0.0324|0.0324|0|0|0|0|0|1|20231232037|12|05-10-2023|14:24|Rua da Esperança - Bairro Primeiro de Maio|Moita|Moita|112|150603|128415|186686|5|10|14|2010707|||630.0|Desconhecida|05-10-2023 14:24:00|05-10-2023 14:42:00|18|0.0324|05-10-2023|14:42|05-10-2023|14:41|0|38.6447222222222|-8.95527777777778|Indeterminadas|27.8846069335938|41.7015776344219|9.31172355851032|2.58658987736398|300|0.0|89.1606617252253|62.7435043348953|1057.65052970308|5.12405122770834|109.279856666566|20.6414798940504|5.77643877655195||233.0|14.5631|1.41398|11.5794|452.054|20.11|2.16487|||||||||||
20231232163|Porto|Florestal|2023|0.0|0.01|0.0|0.01|0|0|0|1|0|0|20231232163|12|05-10-2023|14:58|Rua de Novelhe (Souselinho)|Penafiel|Santiago de Subarrifana|112|131131|185053|471590|5|10|14|2195347|||630.0|Desconhecida|05-10-2023 14:58:00|05-10-2023 15:52:00|54|0.01|05-10-2023|15:52|05-10-2023|15:15|0|41.2133579995897|-8.31135800043742|Indeterminadas|24.1844116210938|61.4071065697068|7.11069568911351|1.97770942336179|284|0.0|86.5190997722279|24.7180116174278|338.49005798976|3.19035535817117|41.8042113324|8.23289129377673|1.13526335232796||232.0|161.563|8.15932|10.8363|342.282|17.72|13.6092|||||||||||
20231232202|Setúbal|Florestal|2023|0.0|0.0298|0.0|0.0298|0|0|0|1|0|0|20231232202|12|05-10-2023|15:06|N10 - IMAPARK|Setúbal|Gâmbia-Pontes-Alto Guerra|112|151207|141169|175979|5|10|15|2010707||Estuario do Sado|232.0|Negligente|05-10-2023 15:06:00|05-10-2023 15:31:00|25|0.0298|05-10-2023|15:31|05-10-2023|15:19|0|38.5491666666667|-8.80805555555555|Acidentais - Outros|28.2337890625|40.3236022636514|11.0512753917534|3.06979871993149|301|0.0|89.1606617252253|62.7435043348953|1057.65052970308|5.12405122770834|109.279856666566|20.6414798940504|5.77643877655195|||-10.3675|0.748391|11.4259|227.609|12.1||||||||||||
20231232275|Lisboa|Agrícola|2023|0.0|0.0|0.03|0.03|0|0|0|0|0|1|20231232275|12|05-10-2023|15:26|São Mamede. Torres Vedras. Portugal (SÃO MAMEDE)|Torres Vedras|Ventosa|112|111318|98288|233762|5|10|15|ICNF|||||05-10-2023 15:26:00|05-10-2023 16:04:00|38|0.03|05-10-2023|16:04|05-10-2023|15:43|0|39.0657199997372|-9.30829999976688||22.8463989257813|62.5252310055004|17.7236525202362|5.11427731760658|352|0.0|85.5736736778732|40.0354598284184|876.254035342193|3.90389026980991|71.8625412440087|13.4234074846537|2.69703146956135|||61.0956|9.72434|11.0322|351.406|17.17||||||||||||
20231232397|Braga|Florestal|2023|0.005|0.005|0.0|0.01|0|0|0|1|0|0|20231232397|12|05-10-2023|16:02|Estrada Nacional 103 (Torre)|Póvoa de Lanhoso|Ferreiros|CCO|30908|185534|513203|5|10|16|1980851|||122.0|Negligente|05-10-2023 16:02:00|05-10-2023 17:30:00|88|0.01|05-10-2023|17:30|05-10-2023|16:15|0|41.5880530002382|-8.3066219997406|Queimadas de sobrantes florestais ou agrícolas|23.5880981445313|60.988377000766|5.60525733403546|1.46154725297469|289|0.0|86.9340911783875|26.5308517085084|280.853430282748|3.519425818585|42.9245273423676|9.10889962364762|1.35776176918759|||94.965|8.57696|9.67563|194.126|20.49||http://fogos.icnf.pt/sgif2010/ficheiroskml/20231232397.kmz||||||||||
20231232408|Porto|Florestal|2023|0.0|0.02|0.0|0.02|0|0|0|1|0|0|20231232408|12|05-10-2023|16:10|Lg. de Lordelo (Moira)|Marco de Canaveses|Sobretâmega|112|130723|196012|469867|5|10|16|1970547|||610.0|Desconhecida|05-10-2023 16:10:00|05-10-2023 18:20:00|130|0.01|05-10-2023|18:20|05-10-2023|16:24|0|41.1979819997152|-8.18067200024923|Indeterminadas|24.4359069824219|57.8439917254743|6.06097237533891|1.5116787574775|290|0.0|86.8592038608262|27.1152218976586|337.390184523101|3.15605311459277|45.1574582878907|8.55107593836399|1.21407538761974|||260.135|14.1002|9.55094|198.365|25.4||||||||||||
20231232468|Lisboa|Agrícola|2023|0.0|0.0|0.0125|0.0125|0|0|0|0|0|1|20231232468|12|05-10-2023|16:20|Av Eng Valente Oliveira (Cotão Velho)|Oeiras|Porto Salvo|112|111009|98055|198033|5|10|16|2101004|||630.0|Desconhecida|05-10-2023 16:20:00|05-10-2023 17:31:00|71|0.0125|05-10-2023|17:31|05-10-2023|17:01|0|38.7439159997304|-9.30568400012122|Indeterminadas|22.3532043457031|68.2976671551519|19.5902787917771|5.58086381243005|344|0.0|84.76730282159|42.7129331302848|947.272140150826|3.44039424275991|76.7716899188086|12.6258258510498|2.41990736195169|||158.792|7.97455|11.4019|1079.33|16.5||||||||||||
20231232656|Porto|Florestal|2023|0.0|0.2|0.0|0.2|0|0|0|1|0|0|20231232656|12|05-10-2023|17:12|Lugar D.Miguel (Estrada de Dom Miguel)|Gondomar|São Pedro da Cova|112|130410|167737|466781|5|10|17|2225141|||610.0|Desconhecida|05-10-2023 17:12:00|05-10-2023 18:33:00|81|0.2|05-10-2023|18:33|05-10-2023|17:25|0|41.1695600001017|-8.51757699999544|Indeterminadas|21.8735900878906|72.4570346274401|11.1960988129905|2.94462617320437|335|0.0|85.5465248315294|20.8796046618694|356.847658506144|3.02441543330618|36.430258831799|7.20712776025013|0.897032204318174||232.0|111.938|14.9592|10.4094|899.835|22.64|4.00968|||||||||||
20231232796|Setúbal|Florestal|2023|0.0|0.0384|0.0|0.0384|0|0|0|1|0|0|20231232796|12|05-10-2023|17:51|Rua Pedro Esteves|Moita|Alhos Vedros|112|150601|122173|186880|5|10|17|2010707|||630.0|Desconhecida|05-10-2023 17:51:00|05-10-2023 18:25:00|34|0.0384|05-10-2023|18:25|05-10-2023|18:00|0|38.6458333333333|-9.02694444444444|Indeterminadas|24.1123901367188|56.4266452623921|18.283095296703|5.18600498457999|324|0.0|85.8922786162079|59.3185827647972|1084.91493854266|3.47880151503802|104.370778297879|15.1414751929842|3.33784833397673|||-0.501875|1.93714|11.4522|655.319|23.09||||||||||||
20231233529|Porto|Florestal|2023|0.0|0.001|0.0|0.001|0|0|0|1|0|0|20231233529|12|05-10-2023|21:54|São Bartolomeu (Profitela)|Trofa|Coronado (São Romão)|112|131805|164457|479738|5|10|21|2195473|||610.0|Desconhecida|05-10-2023 21:54:00|05-10-2023 23:15:00|81|0.001|05-10-2023|23:15|05-10-2023|22:05|0|41.2860799998707|-8.55741300000085|Indeterminadas|17.6401000976563|91.0434750463773|7.24220693934445|1.80192692420176|10|0.0|84.1210172141679|19.797075759992|377.752238476651|2.42797633964215|35.0075059792787|5.71333846081858|0.594653692787364||223.0|97.6006|20.3084|11.2053|518.931|27.01|59.7077|http://fogos.icnf.pt/sgif2010/ficheiroskml/Incendio 20231233529.kml||||||||||
20231233941|Santarém|Florestal|2023|0.0|0.0006|0.0|0.0006|0|0|0|1|0|0|20231233941|12|06-10-2023|02:21|Toucinhos|Ourém|Alburitel|Populares|142101|165147|296406|6|10|2|1980072|||448.0|Intencional|06-10-2023 02:21:00|06-10-2023 02:40:00|19|0.0006|06-10-2023|02:40|06-10-2023|02:28|0|39.6351820000013|-8.5390919997957|Incendiarismo - Imputáveis|16.8673034667969|83.8747204343549|8.10924681898098|2.25256856082805|355|0.0|92.9561101043522|47.5582686136299|674.554709236313|11.8565998979398|80.8636679342227|31.8210978635098|12.4272414351147|||214.391|9.60785|10.7672|240.622|19.73||||||||||||
20231234004|Viana do Castelo|Florestal|2023|0.0|0.001|0.0|0.001|0|0|0|1|0|0|20231234004|12|06-10-2023|03:15|Santa Ana (GROVELAS)|Ponte da Barca|Grovelas|CCO|160610|174886|531508|6|10|3|1930632|||448.0|Intencional|06-10-2023 03:15:00|06-10-2023 04:15:00|60|0.001|06-10-2023|04:15|06-10-2023|03:15|0|41.7525900000996|-8.43509299993515|Incendiarismo - Imputáveis|10.8593994140625|82.2576368763276|5.25581097274608|1.49293900270457|73|0.0|88.8728088919001|27.4800625887469|205.475489221316|4.54744464981593|41.188773641652|11.0161507001681|1.90091094437931||227.0|290.083|30.0649|9.12625|159.205|14.22|28.7634|||||||||||
20231234217|Braga|Florestal|2023|0.0|0.03|0.0|0.03|1|0|0|1|0|0|20231234217|12|06-10-2023|07:10|Rua das Pontizelas (Castelhão)|Barcelos|Vila Seca|112|30287|152694|503167|6|10|7|2195474|||711.0|Reacendimento|06-10-2023 07:10:00|06-10-2023 08:02:00|52|0.03|06-10-2023|08:02|06-10-2023|07:30|0|41.4964269998339|-8.69966199980842|Reacendimentos|12.0375|87.1847756360108|8.39160776407482|2.5258898385267|53|0.0002316712937044|87.7076015234499|24.6644922032042|300.160945407501|3.87471367536831|40.9224076936536|9.60779209213519|1.49215064154367||227.0|21.255|3.75928|11.4528|298.826|10.24|4.91861|||||||||||
20231235808|Porto|Florestal|2023|0.0|0.01|0.0|0.01|0|0|0|1|0|0|20231235808|12|06-10-2023|13:11|Lg. Traginha (Covela)|Marco de Canaveses|Vila Boa de Quires|112|130731|194156|470442|6|10|13|1970547|||610.0|Desconhecida|06-10-2023 13:11:00|06-10-2023 13:23:00|12|0.01|06-10-2023|13:23|06-10-2023|13:20|0|41.2031469999419|-8.20280499988132|Indeterminadas|27.5815063476563|49.1254969479354|7.9588024750315|2.21077846528653|88|0.0|87.6358698599854|29.0308327469163|342.767432325836|4.80032627228781|47.9160006158857|12.5395445714516|2.39071400332318|||186.786|13.2059|10.2822|233.071|25.16||||||||||||
20231235817|Braga|Florestal|2023|0.02|1.41|0.0|1.43|0|0|0|0|1|0|20231235817|12|06-10-2023|13:12|Rua Vale Côvo (Portagide)|Póvoa de Lanhoso|Vilela|CCO|30929|190295|509502|6|10|13|1980851|||610.0|Desconhecida|06-10-2023 13:12:00|06-10-2023 14:17:00|65|1.43|06-10-2023|14:17|06-10-2023|13:25|0|41.5547980001238|-8.24946999973721|Indeterminadas|28.5512939453125|46.1358234331393|6.06359533376644|1.51848424652793|104|0.0|88.5589768528193|28.7506682922262|286.457875351108|5.02882948376984|45.9674091932985|12.7107910270692|2.44880593054794||212.0|177.431|16.591|10.2397|137.207|23.89|34.2744|http://fogos.icnf.pt/sgif2010/ficheiroskml/20231235817 - Incêndio em Vilela (1).kmz||||||||||
20231236290|Braga|Florestal|2023|0.3|0.2|0.0|0.5|0|0|0|1|0|0|20231236290|12|06-10-2023|14:48|Rua Cilindro (Monte de Oleiros)|Guimarães|Longos|CCO|30827|179411|505807|6|10|14|sigo|||448.0|Intencional|06-10-2023 14:48:00|06-10-2023 15:47:00|59|0.5|06-10-2023|15:47|06-10-2023|14:58|0|41.5213230000602|-8.37979699982537|Incendiarismo - Imputáveis|29.8142028808594|42.9309279297171|4.89139317820865|1.12903823960436|104|0.0|88.5589768528193|28.7506682922262|286.457875351108|5.02882948376984|45.9674091932985|12.7107910270692|2.44880593054794|||232.145|15.8653|9.46063|440.549|21.34||||||||||||
20231236354|Braga|Agrícola|2023|0.0|0.0|0.03|0.03|0|0|0|0|0|1|20231236354|12|06-10-2023|14:55|Rua da Cabreira (Souto da Ponte)|Guimarães|Gondar|CCO|30821|180193|494600|6|10|14|sigo|||127.0|Negligente|06-10-2023 14:55:00|06-10-2023 15:33:00|38|0.03|06-10-2023|15:33|06-10-2023|15:15|0|41.4204440000322|-8.37006400002374|Queimadas extensivas - Limpeza de caminhos. acessos e instalações_|29.3156982421875|49.1614126320676|5.72515464290466|1.44813921475989|69|0.0|87.242689821852|26.5575106502561|343.989907721205|4.41352136977197|44.5218267018892|11.240516655842|1.9699745160665|||128.08|10.0798|10.66|457.801|22.12||||||||||||
20231236544|Leiria|Florestal|2023|0.0|0.18|0.05|0.23|0|0|0|1|0|0|20231236544|12|06-10-2023|15:37|São Gregório da Fanadia. Caldas da Rainha. Portugal (MOINHO DE SÃO GREGÓRIO)|Caldas da Rainha|São Gregório|112|100612|119980|264233|6|10|15|2050221|||449.0|Intencional|06-10-2023 15:37:00|06-10-2023 16:40:00|63|0.23|06-10-2023|16:40|06-10-2023|16:00|0|39.3423999998305|-9.0613099998898|Incendiarismo - Imputáveis|30.0218139648438|39.1246092454847|5.83417222023076|1.88817913818159|319|0.0|90.1610487362895|42.322027711371|835.63606159531|5.79741080042747|75.1312246632674|18.5697855710469|4.79023806351975|||107.226|16.4085|9.98563|353.71|22.26||||||||||||
20231236555|Braga|Florestal|2023|0.0|0.005|0.0|0.005|0|0|0|1|0|0|20231236555|12|06-10-2023|15:40|Matadouro|Celorico de Basto|Molares|CCO|30514|211885|494444|6|10|15|1875234|||121.0|Negligente|06-10-2023 15:40:00|06-10-2023 17:35:00|115|0.005|06-10-2023|17:35|06-10-2023|16:10|0|41.4191666666667|-7.99111111111111|Queimadas de sobrantes florestais ou agrícolas|28.8073059082031|45.2668576942648|6.26784062461494|1.67473990599566|50|0.0|87.6358698599854|29.0308327469163|342.767432325836|4.80032627228781|47.9160006158857|12.5395445714516|2.39071400332318||227.0|229.725|16.0678|10.0903|272.171|14.1|1.73985|http://fogos.icnf.pt/sgif2010/ficheiroskml/1236555.kml||||||||||
20231236660|Lisboa|Florestal|2023|0.0|0.05|0.0|0.05|0|0|0|1|0|0|20231236660|12|06-10-2023|16:07|Rua Santa Luzia (Sassoeiros)|Cascais|Carcavelos|112|110502|96301|193099|6|10|16|2101004|||610.0|Desconhecida|06-10-2023 16:07:00|06-10-2023 16:48:00|41|0.05|06-10-2023|16:48|06-10-2023|16:18|0|38.6992800002628|-9.32511400010851|Indeterminadas|23.144189453125|66.6476871937763|8.21071214716787|2.2807533742133|273|0.0|86.8188877339678|44.5306633116934|952.445915663522|3.2440921335699|79.7408194795069|12.3212749982756|2.31755156435207|||54.0744|6.12989|11.4231|1033.37|22.96||||||||||||
20231236903|Coimbra|Agrícola|2023|0.0|0.0|0.0002|0.0002|0|0|0|0|0|1|20231236903|12|06-10-2023|17:04|Rua Outeiro da Cruz (IP3 (EN111) Km 22)|Montemor-o-velho|Tentúgal|112|61011|160339|361072|6|10|17|1970101|||124.0|Negligente|06-10-2023 17:04:00|06-10-2023 17:28:00|24|0.0002|06-10-2023|17:28|06-10-2023|17:24|0|40.2173500000106|-8.59902999983894|Queimas amontoados de sobrantes florestais ou agrícolas|30.0142150878906|39.4089566599628|11.3985790766803|3.16627196574454|348|0.0|89.6073478998297|32.3515546978297|484.261723879144|4.96898863605893|55.4432626275113|13.9845558883732|2.89979345772726|||15.3763|4.70912|10.9181|286.887|21.56||||||||||||
20231237165|Braga|Florestal|2023|0.0|0.01|0.0|0.01|1|0|0|1|0|0|20231237165|12|06-10-2023|17:50|Rua Caminho de Portagide (Portagide)|Póvoa de Lanhoso|Vilela|CCO|30929|190187|509382|6|10|17|1980851|||711.0|Reacendimento|06-10-2023 17:50:00|06-10-2023 18:36:00|46|0.01|06-10-2023|18:36|06-10-2023|18:03|0|41.5537229998906|-8.25075699998273|Reacendimentos|27.4770141601563|51.8672568255219|4.65363605398653|1.7411548470581|29|0.0|88.5589768528193|28.7506682922262|286.457875351108|5.02882948376984|45.9674091932985|12.7107910270692|2.44880593054794||223.0|174.304|16.1121|10.2397|144.141|24.86|181.952|http://fogos.icnf.pt/sgif2010/ficheiroskml/20231237165 - Reac. em Vilela com o registo 20231235817.kmz||||||||||
20231237223|Braga|Florestal|2023|0.2|0.3|0.0|0.5|0|0|0|1|0|0|20231237223|12|06-10-2023|18:10|Tabuadelo (Carvalhos)|Guimarães|Polvoreira|CCO|30837|186979|493176|6|10|18|sigo|||122.0|Negligente|06-10-2023 18:10:00|06-10-2023 19:01:00|51|0.5|06-10-2023|19:01|06-10-2023|18:20|0|41.4077600002289|-8.28885700013902|Queimadas de sobrantes florestais ou agrícolas|25.2517944335938|55.5820716419455|9.39896790569912|2.71057103768298|37|0.0|87.242689821852|26.5575106502561|343.989907721205|4.41352136977197|44.5218267018892|11.240516655842|1.9699745160665||221.0|399.589|26.7179|10.2716|488.199|15.68|27.2043|||||||||||
20231237401|Leiria|Agrícola|2023|0.0|0.0|0.004|0.004|0|0|0|0|0|1|20231237401|12|06-10-2023|18:53|Estrada do Crasto (Quinta da Fonte Velha)|Batalha|Golpilheira|112|100404|141198|300769|6|10|18|2050221|||610.0|Desconhecida|06-10-2023 18:53:00|06-10-2023 19:51:00|58|0.004|06-10-2023|19:51|06-10-2023|19:01|0|39.6731599998474|-8.81843199994829|Indeterminadas|26.6329895019531|50.6478469579648|5.95286588885798|1.66812354843094|315|0.0|90.969925186353|38.2993470821431|654.462538402254|7.44015028087385|66.8225100607452|20.9109567146309|5.91058833604327|||108.837|14.5182|10.6328|306.178|22.82||||||||||||
20231237549|Coimbra|Florestal|2023|0.0|0.002|0.0|0.002|0|0|0|1|0|0|20231237549|12|06-10-2023|19:23|Gaiate|Miranda do Corvo|Semide|112|60904|184900|352799|6|10|19|1970101|||60.0|Desconhecida|06-10-2023 19:23:00|06-10-2023 19:50:00|27|0.002|06-10-2023|19:50|06-10-2023|19:35|0|40.1436510001289|-8.3103119998508|Indeterminadas|25.4890075683594|40.9084890323227|7.54822213810803|2.09672837169668|50|0.0|91.8549691181651|39.5116273032719|420.014861059394|9.29066139974174|63.9771196777269|23.938083717801|7.50856784507394|||139.467|13.8408|10.8478|202.351|21.7||||||||||||
20231237835|Braga|Florestal|2023|0.17|0.0|0.0|0.17|0|0|0|1|0|0|20231237835|12|06-10-2023|20:27|Cabadouços|Amares|Vilela|CCO|30124|185287|522031|6|10|20|2030333|||449.0|Intencional|06-10-2023 20:27:00|06-10-2023 21:57:00|90|0.17|06-10-2023|21:57|06-10-2023|20:40|0|41.6675|-8.30972222222222|Incendiarismo - Imputáveis|21.2903076171875|64.6311298058895|10.1797944686789|2.53162848470376|56|0.0|88.5589768528193|28.7506682922262|286.457875351108|5.02882948376984|45.9674091932985|12.7107910270692|2.44880593054794||223.0|343.533|33.0108|9.27344|186.693|15.25|746.275|http://fogos.icnf.pt/sgif2010/ficheiroskml/20231237835.kmz||||||||||
20231238113|Braga|Florestal|2023|0.0|3.0|0.0|3.0|0|0|0|0|1|0|20231238113|12|06-10-2023|21:52|Rua do Alto-Rendufe. Guimarães. Portugal (LISTOSO)|Guimarães|Rendufe|112|30839|192639|500796|6|10|21|1980436|||122.0|Negligente|06-10-2023 21:52:00|07-10-2023 00:34:00|162|1.5|07-10-2023|00:34|06-10-2023|22:15|0|41.4764369996389|-8.22125799973806|Queimadas de sobrantes florestais ou agrícolas|18.9250122070313|68.5496802594211|9.30094450269744|2.6550455063449|65|0.0|88.2061480648114|29.2830204564586|296.503170492701|4.93811775632063|46.9691999657047|12.6811514508809|2.43870789469304|||515.051|16.1556|10.6294|336.4|21.59||http://fogos.icnf.pt/sgif2010/ficheiroskml/Rendufe-Rua do Alto 1.kml||||||||||
20231238212|Aveiro|Florestal|2023|0.0|0.1245|0.0|0.1245|0|0|0|1|0|0|20231238212|12|06-10-2023|22:26|São Vicente de Pereira (Torre)|Ovar|São Vicente de Pereira Jusã|112|11506|164309|433604|6|10|22|2045033|||6.0|Desconhecida|06-10-2023 22:26:00|06-10-2023 23:26:00|60|0.1245|06-10-2023|23:26|06-10-2023|22:40|0|40.8706769998868|-8.55649799982707|Indeterminadas|23.0638061523438|64.2268178178167|10.6157349691462|2.97684713931461|73|0.0|87.9501131922857|26.4591709246339|343.735487185779|3.73165292494368|44.3782582394259|9.76484194208372|1.53559376438694|||121.0|4.34948|11.0744|488.0|16.22||||||||||||
20231238260|Aveiro|Agrícola|2023|0.0|0.0|0.001|0.001|0|0|0|0|0|1|20231238260|12|06-10-2023|22:45|Prados da Areia|Vagos|Santo André de Vagos|Populares|11810|152325|393950|6|10|22|1985053|||15.0|Negligente|06-10-2023 22:45:00|06-10-2023 23:12:00|27|0.001|06-10-2023|23:12|06-10-2023|22:50|0|40.5130555555556|-8.69555555555556|Uso do fogo - Fumar|22.8478942871094|64.5596328873389|9.35482395704524|2.57658723115219|74|0.0|88.5569271726967|29.4320475351455|420.808579064044|4.0381856617648|50.1033221623822|11.1933939142205|1.95538044673772|||16.2962|3.84711|11.4856|340.441|18.92||||||||||||
20231238303|Lisboa|Florestal|2023|0.0|0.01|0.0|0.01|0|0|0|1|0|0|20231238303|12|06-10-2023|23:06|N9. 2565 Torres Vedras. Portugal (EN9 (EN9) Km 76)|Torres Vedras|Carvoeira|112|111304|110134|234664|6|10|23|sigo|||||06-10-2023 23:06:00|06-10-2023 23:50:00|44|0.01|06-10-2023|23:50|06-10-2023|23:25|0|39.0751399999195|-9.17157000011868||20.7440124511719|72.8680628607117|4.2824902853194|1.18958063481095|309|0.0|91.152659308251|54.7212341392982|920.045926569946|6.7115172226645|95.2757640854733|23.3914774389886|7.20777050754571|||142.424|9.98807|10.8597|165.703|20.32||||||||||||
20231238324|Braga|Florestal|2023|0.397647839641571|2.36018690645695|0.0767192838430405|2.83455402994156|0|0|0|0|1|0|20231238324|12|06-10-2023|23:11|Lugar de Roda (Roda)|Vila Verde|Valdreu|CCO|31355|183293|529075|6|10|23|sigo|||449.0|Intencional|06-10-2023 23:11:00|07-10-2023 01:42:00|151|1.41727701497078|07-10-2023|01:42|06-10-2023|23:37|0|41.7309130001068|-8.33394699997372|Incendiarismo - Imputáveis|18.1953979492188|71.6952517442806|7.22165629366035|2.07676615582937|80|0.0|88.8728088919001|27.4800625887469|205.475489221316|4.54744464981593|41.188773641652|11.0161507001681|1.90091094437931||233.0|451.304|46.7067|8.8125|104.243|11.03|2461.92|||||||||||
20231238454|Viana do Castelo|Florestal|2023|0.0|0.001|0.0|0.001|0|0|0|1|0|0|20231238454|12|07-10-2023|00:18|Santana (GROVELAS)|Ponte da Barca|Grovelas|CCO|160610|174849|531225|7|10|0|sigo|||448.0|Intencional|07-10-2023 00:18:00|07-10-2023 00:31:00|13|0.001|07-10-2023|00:31|07-10-2023|00:19|0|41.7500429999994|-8.43552800006337|Incendiarismo - Imputáveis|18.1552062988281|68.3090291614303|7.44717165673835|2.06865879353843|80|0.0|91.1824857776427|30.4401614760433|211.463263757448|6.58358487941746|44.7690485530602|15.442540691566|3.45621777422067||212.0|197.958|32.1744|9.12625|164.424|12.62|64.1916|||||||||||
20231238495|Viana do Castelo|Florestal|2023|0.0|0.01|0.0|0.01|0|0|0|1|0|0|20231238495|12|07-10-2023|00:46|Fonte Coberta (Senhora da Pegada)|Ponte da Barca|Bravães|CCO|160603|173644|533772|7|10|0|sigo|||448.0|Intencional|07-10-2023 00:46:00|07-10-2023 01:00:00|14|0.01|07-10-2023|01:00|07-10-2023|00:47|0|41.7729329999288|-8.45012699999743|Incendiarismo - Imputáveis|18.1552062988281|68.3090291614303|7.44717165673835|2.11214806067765|80|0.0|91.1824857776427|30.4401614760433|211.463263757448|6.58358487941746|44.7690485530602|15.442540691566|3.45621777422067||237.0|269.205|25.1002|9.88094|191.385|11.28|46.0139|||||||||||
20231238596|Porto|Florestal|2023|0.0|0.0013|0.0|0.0013|0|0|0|1|0|0|20231238596|12|07-10-2023|01:54|Perozelo (Castilhão)|Penafiel|Perozelo|112|131125|188207|465203|7|10|1|2195347|||630.0|Desconhecida|07-10-2023 01:54:00|07-10-2023 02:34:00|40|0.0013|07-10-2023|02:34|07-10-2023|02:15|0|41.1559099997414|-8.27362800015344|Indeterminadas|19.6508117675781|63.953675145157|9.66377889942742|2.73764275678968|90|0.0|89.9921917376043|29.4642074013342|248.489026368806|5.59053842843125|45.4542452499317|13.7280531390066|2.80631713713378|||297.434|10.362|10.4469|126.707|12.46||||||||||||
20231238662|Porto|Florestal|2023|0.0|0.4|0.0|0.4|0|0|0|1|0|0|20231238662|12|07-10-2023|02:46|Rua de Santa Maria (Castanheira)|Felgueiras|Vila Fria|112|130332|191207|490698|7|10|2|2195394|||610.0|Desconhecida|07-10-2023 02:46:00|07-10-2023 04:53:00|127|0.2|07-10-2023|04:53|07-10-2023|03:00|0|41.385503000021|-8.23826200008392|Indeterminadas|19.2037902832031|66.0091690404961|11.1336041733323|3.09343642468461|85|0.0|89.7624461963579|29.1809587219036|349.944959479017|5.54440902246707|48.2941274792131|14.1027803360658|2.94332552246016|||204.638|18.8611|9.9475|443.772|17.3||||||||||||
20231238711|Porto|Florestal|2023|0.0|0.001|0.0|0.001|0|0|0|1|0|0|20231238711|12|07-10-2023|03:33|Lugar da Feira Nova (Rua Fausto Cardoso)|Póvoa de Varzim|Póvoa de Varzim|112|131310|148963|490180|7|10|3|2045026|||||07-10-2023 03:33:00|07-10-2023 04:02:00|29|0.001|07-10-2023|04:02|07-10-2023|03:52|0|41.3792669995626|-8.74324700037638||19.9409118652344|70.8930350884647|13.3853311478936|3.62835962146127|91|0.0|87.6052700058|23.3501757453127|388.737463452237|3.66886954787806|40.6031140378075|9.12979943046369|1.36328072095858|||-17.0931|1.01046|11.4922|473.338|12.33||||||||||||
20231238971|Porto|Florestal|2023|0.0|0.028|0.0|0.028|0|0|0|1|0|0|20231238971|12|07-10-2023|07:30|Espaço Industrial da Palmeira. Rua Parque Industrial. 4780-361 Santo Tirso. Portugal (Torre)|Santo Tirso|Areias|112|131404|171417|487597|7|10|7|2195473|||610.0|Desconhecida|07-10-2023 07:30:00|07-10-2023 07:50:00|20|0.028|07-10-2023|07:50|07-10-2023|07:40|0|41.3571220000585|-8.47470299985674|Indeterminadas|17.2097106933594|68.6803713410733|11.2573068681997|3.12702968561102|92|0.0|89.7624461963579|29.1809587219036|349.944959479017|5.54440902246707|48.2941274792131|14.1027803360658|2.94332552246016||227.0|50.2925|8.74961|10.9734|587.133|19.46|7.58978|||||||||||
20231239085|Porto|Florestal|2023|0.0|0.2|0.0|0.2|0|0|0|1|0|0|20231239085|12|07-10-2023|08:09|Lg Zebreiros (Tapada de São Domingos)|Gondomar|Foz do Sousa|Outros|130403|168503|456249|7|10|8|2225141|||610.0|Desconhecida|07-10-2023 08:09:00|07-10-2023 10:48:00|159|0.1|07-10-2023|10:48|07-10-2023|08:23|0|41.0747550000085|-8.50790700011783|Indeterminadas|21.0403076171875|66.6448658642821|12.3140650614659|2.57421175839086|115|0.0|88.3750369353875|24.7325273370179|367.993822202433|4.09006341308894|42.3493947140255|10.2572744333628|1.67531123190087||227.0|60.2887|25.3942|10.6669|526.869|17.75|81.9488|||||||||||
20231239411|Porto|Florestal|2023|0.0|1.1699311380215|0.0|1.1699311380215|0|0|0|0|1|0|20231239411|12|07-10-2023|09:32|Lg Sta Cruz (Igreja)|Amarante|Louredo|112|130120|199803|476579|7|10|9|1970547|||449.0|Intencional|07-10-2023 09:32:00|07-10-2023 12:21:00|169|0.584965569010749|07-10-2023|12:21|07-10-2023|09:45|0|41.2584220001433|-8.1354750000106|Incendiarismo - Imputáveis|20.2651916503906|62.3591482993672|9.84822381354311|2.55218434337216|89|0.0|90.3173859650133|31.7482010002292|348.604655714508|6.88620698980841|51.7206219416961|17.2555390891796|4.20661150632616||233.0|374.601|52.6047|9.45219|242.524|16.76|223.374|||||||||||
20231239643|Porto|Florestal|2023|0.0|0.4|0.0|0.4|0|0|0|1|0|0|20231239643|12|07-10-2023|10:21|Rua do Padrão 61. 4610-856 Felgueiras. Portugal (Castanheira)|Felgueiras|Vila Fria|112|130332|191158|490672|7|10|10|2195394|||610.0|Desconhecida|07-10-2023 10:21:00|07-10-2023 11:54:00|93|0.4|07-10-2023|11:54|07-10-2023|10:40|0|41.3852679999669|-8.23884499973721|Indeterminadas|24.8799072265625|54.6966576457287|8.66147997703376|2.20091333960344|93|0.0|89.7624461963579|29.1809587219036|349.944959479017|5.54440902246707|48.2941274792131|14.1027803360658|2.94332552246016|||204.638|18.8611|9.9475|443.772|17.3||||||||||||
20231239753|Porto|Florestal|2023|3.28226630217002|9.20176798438677|0.0|12.4840342865568|0|0|0|0|1|0|20231239753|12|07-10-2023|10:50|Sra da Graça (Senhora da Graça)|Amarante|Vila Caiz|PV|130138|199813|475105|7|10|10|1970547|||449.0|Intencional|07-10-2023 10:50:00|07-10-2023 15:56:00|306|2.55112565531476|07-10-2023|15:56|07-10-2023|11:05|0|41.2451530000899|-8.13535499996609|Incendiarismo - Imputáveis|23.960107421875|51.0425355826027|9.26583849466997|2.03010358549695|89|0.0|90.3173859650133|31.7482010002292|348.604655714508|6.88620698980841|51.7206219416961|17.2555390891796|4.20661150632616||232.0|200.809|38.1707|9.48156|205.925|21.9|11.0433|http://fogos.icnf.pt/sgif2010/ficheiroskml/20231239753_1.kml||||||||||
20231239776|Lisboa|Florestal|2023|0.0|0.037|0.0|0.037|0|0|0|1|0|0|20231239776|12|07-10-2023|10:55|Rodeio (Casal da Martinela)|Alenquer|Vila Verde Dos Francos|112|110114|114262|245858|7|10|10|2000107|||630.0|Desconhecida|07-10-2023 10:55:00|07-10-2023 11:55:00|60|0.037|07-10-2023|11:55|07-10-2023|11:18|0|39.1763699997796|-9.1252830002043|Indeterminadas|25.6177917480469|51.1196292791127|10.9047661842662|3.21340658189955|135|0.0|91.3430796487096|45.2586303163983|841.608839793552|9.5461465667943|79.7902011959967|27.3013154018025|9.47575507831339|||123.674|8.22942|10.3491|184.923|15.82||||||||||||
20231239783|Porto|Florestal|2023|0.0|0.2|0.0|0.2|0|0|0|1|0|0|20231239783|12|07-10-2023|10:56|Picoto|Marco de Canaveses|Banho e Carvalhosa|PV|130704|199390|476109|7|10|10|1970547|||610.0|Desconhecida|07-10-2023 10:56:00|07-10-2023 12:14:00|78|0.2|07-10-2023|12:14|07-10-2023|11:20|0|41.2541969998678|-8.14040500005086|Indeterminadas|23.960107421875|51.0425355826027|9.26583849466997|2.49105993026546|88|0.0|90.3173859650133|31.7482010002292|348.604655714508|6.88620698980841|51.7206219416961|17.2555390891796|4.20661150632616||223.0|449.634|45.3809|9.45219|235.721|19.81|2.93714|||||||||||
20231240064|Porto|Florestal|2023|0.0|0.05|0.0|0.05|0|0|0|1|0|0|20231240064|12|07-10-2023|11:59|Lg Seara (Outeiro)|Marco de Canaveses|Banho e Carvalhosa|CCO|130704|199155|475779|7|10|11|1970547|||610.0|Desconhecida|07-10-2023 11:59:00|07-10-2023 12:46:00|47|0.05|07-10-2023|12:46|07-10-2023|12:15|0|41.2512249999576|-8.14320700009664|Indeterminadas|26.4102111816406|45.3072732665268|9.15930316441546|2.45136433549423|90|0.0|90.3173859650133|31.7482010002292|348.604655714508|6.88620698980841|51.7206219416961|17.2555390891796|4.20661150632616|||275.969|22.9675|9.48156|228.624|20.86||||||||||||
20231240334|Lisboa|Florestal|2023|0.0|0.01|0.0|0.01|0|0|0|1|0|0|20231240334|12|07-10-2023|13:10|Maçussa (Quinta de Vila Chã)|Azambuja|Maçussa|Populares|110309|137693|247001|7|10|13|2000107|||630.0|Desconhecida|07-10-2023 13:10:00|07-10-2023 13:41:00|31|0.01|07-10-2023|13:41|07-10-2023|13:32|0|39.1886600001653|-8.85426000012292|Indeterminadas|32.0112854003906|27.0328426911615|12.9917550128648|3.60882083690689|140|0.0|92.9511372903004|54.2386927163106|813.940958600242|12.9739888793897|92.9865006718334|36.1757313416386|15.5943601492865|||75.6419|14.6443|10.4572|373.815|15.82||||||||||||
20231240365|Viseu|Florestal|2023|0.0|0.0001|0.0|0.0001|0|0|0|1|0|0|20231240365|12|07-10-2023|13:12|ER323 (ER323) Km 63|Moimenta da Beira|Baldos|Populares|180705|247891|446544|7|10|13|2000464|||124.0|Negligente|07-10-2023 13:12:00|07-10-2023 13:34:00|22|0.0001|07-10-2023|13:34|07-10-2023|13:24|0|40.9866666666667|-7.56388888888889|Queimas amontoados de sobrantes florestais ou agrícolas|28.8391967773438|30.1386355348364|7.47369460645857|2.07602627957182|111|0.0|91.8392278209366|38.9356005395727|473.29511975437|8.34789865344064|64.5878998068164|22.304686594014|6.62567372728726||221.0|603.363|13.2059|10.3788|122.477|18.27|151.775|http://fogos.icnf.pt/sgif2010/ficheiroskml/1240365_07OUT23_Baldos_TBC.kml||||||||||
20231240431|Porto|Florestal|2023|0.0|0.33|0.0|0.33|0|0|0|1|0|0|20231240431|12|07-10-2023|13:37|Casal|Penafiel|Recezinhos (São Mamede)|PV|131132|194778|474723|7|10|13|2195347|||630.0|Desconhecida|07-10-2023 13:37:00|07-10-2023 15:43:00|126|0.165|07-10-2023|15:43|07-10-2023|14:10|0|41.2416949998008|-8.19542300012377|Indeterminadas|28.8656860351563|38.4679655948649|6.24931248999603|1.56937865401151|90|0.0|90.3173859650133|31.7482010002292|348.604655714508|6.88620698980841|51.7206219416961|17.2555390891796|4.20661150632616||212.0|250.63|12.1651|10.5303|252.398|19.09|7.92717|||||||||||
20231240484|Porto|Florestal|2023|24.8557451881409|2.48068854660988|0.0|27.3364337347507|0|0|0|0|1|0|20231240484|12|07-10-2023|13:47|Monte Cabrito (Monte de Covas)|Trofa|Coronado (São Mamede)||131804|163406|481063|7|10|13|2195473|||610.0|Desconhecida|07-10-2023 13:47:00|07-10-2023 19:45:00|358|5.53784727036476|07-10-2023|19:45|07-10-2023|14:00|0|41.297970000373|-8.57004499991735|Indeterminadas|27.47548828125|53.1201871868037|2.66230642002037|1.56025043540539|300|0.0|87.6052700058|23.3501757453127|388.737463452237|3.66886954787806|40.6031140378075|9.12979943046369|1.36328072095858||223.0|65.6706|10.0502|10.4391|490.477|19.33|747.701|http://fogos.icnf.pt/sgif2010/ficheiroskml/20231240484_1.kml||||||||||
20231240501|Porto|Florestal|2023|0.0|0.001|0.0|0.001|0|0|0|1|0|0|20231240501|12|07-10-2023|13:52|Autoestrada do Minho. 4785 Trofa. Portugal (A3-S-N Km 14)|Trofa|Covelas|112|131806|165524|480418|7|10|13|2195473|||610.0|Desconhecida|07-10-2023 13:52:00|08-10-2023 00:37:00|645|0.0001|08-10-2023|00:37|||0|41.2922499995761|-8.54472199969821|Indeterminadas|27.47548828125|53.1201871868037|2.66230642002037|0.921425801793522|333|0.0|87.6052700058|23.3501757453127|388.737463452237|3.66886954787806|40.6031140378075|9.12979943046369|1.36328072095858||223.0|88.3625|11.5596|10.6066|436.655|22.88|4.11594|http://fogos.icnf.pt/sgif2010/ficheiroskml/Incendio 20231240501.kml||||||||||
20231240699|Leiria|Florestal|2023|0.28|0.018|0.0|0.298|0|0|0|1|0|0|20231240699|12|07-10-2023|14:34|Carrasqueira (Cabeço Seixal)|Caldas da Rainha|São Gregório|112|100612|122360|264373|7|10|14|2050221|||449.0|Intencional|07-10-2023 14:34:00|07-10-2023 16:14:00|100|0.298|07-10-2023|16:14|07-10-2023|14:45|0|39.3438780000475|-9.03371499998702|Incendiarismo - Imputáveis|30.4945922851563|32.4862180657224|8.78149512744026|2.61346960160271|237|0.0|91.3430796487096|45.2586303163983|841.608839793552|9.5461465667943|79.7902011959967|27.3013154018025|9.47575507831339|||123.445|18.2431|10.1141|367.151|21.46||||||||||||
20231240838|Faro|Agrícola|2023|0.0|0.0|0.003|0.003|0|0|0|0|0|1|20231240838|12|07-10-2023|15:12|EN125 (EN125) Km 108|Faro|Sé|112|80505|220050|7027|7|10|15|2000333||Ria Formosa|152.0|Negligente|07-10-2023 15:12:00|07-10-2023 15:39:00|27|0.003|07-10-2023|15:39|07-10-2023|15:16|0|37.0288888888889|-7.90777777777778|Uso do fogo - Fumar|24.9169860839844|65.4021587427648|18.0681476714318|5.01892990873105|125|0.0|87.184211209118|134.577335295474|1443.52591962733|7.7578986429482|218.280030213891|33.2166719871833|13.4081615101919|||-24.4681|2.44153|11.5481|406.766|15.62||||||||||||
20231240923|Beja|Florestal|2023|6.0223|0.0|0.0|6.0223|0|0|0|0|1|0|20231240923|12|07-10-2023|15:32|São Lourenço|Vidigueira|Pedrógão|CCO|21401|242012|125919|7|10|15|2020979|||610.0|Desconhecida|07-10-2023 15:32:00|07-10-2023 23:46:00|494|0.7527875|07-10-2023|23:46|07-10-2023|15:54|0|38.0991666666667|-7.65416666666667|Indeterminadas|32.9500061035156|24.6158839452232|13.0873145275297|2.45845686966397|180|0.0|94.2885255015908|88.8732272100327|952.912949677367|14.3823302058773|144.138773023233|45.9232705944216|23.788495629972||222.0|95.3213|10.5593|10.3925|40.8941|7.24|243.787|http://fogos.icnf.pt/sgif2010/ficheiroskml/20231240932.zip||||||||||
20231241136|Porto|Florestal|2023|0.0|0.0001|0.0|0.0001|0|0|0|1|0|0|20231241136|12|07-10-2023|16:31|LatLong(41.19977812.-8.58664155) - Autoestrada do Minho. 4425 Maia. Portugal (Rua das Cruzes)|Maia|Águas Santas|112|130601|161959|470165|7|10|16|2045026|||||07-10-2023 16:31:00|08-10-2023 00:37:00|486|1.25e-05|08-10-2023|00:37|||0|41.1997800000509|-8.5866410001119||27.2178894042969|52.2240070397739|7.11531348476116|1.16141324850449|344|0.0|87.6052700058|23.3501757453127|388.737463452237|3.66886954787806|40.6031140378075|9.12979943046369|1.36328072095858|||65.2813|7.56771|11.0538|1248.66|18.25||||||||||||
20231241287|Porto|Florestal|2023|0.0|0.0212|0.0|0.0212|0|0|0|1|0|0|20231241287|12|07-10-2023|16:50|Alto da Parteira|Paredes|Lordelo|Populares|131013|175104|473378|7|10|16|2195409|||630.0|Desconhecida|07-10-2023 16:50:00|07-10-2023 17:18:00|28|0.0212|07-10-2023|17:18|07-10-2023|17:20|0|41.2291666666667|-8.43|Indeterminadas|29.3453002929688|39.8680485392259|2.74721340366587|1.07008056716134|333|0.0|89.7624461963579|29.1809587219036|349.944959479017|5.54440902246707|48.2941274792131|14.1027803360658|2.94332552246016||234.0|192.21|17.0327|10.0372|420.943|21.23|2.05104|||||||||||
20231241484|Braga|Florestal|2023|5.22083207193613|96.3806614456385|0.0112068660616875|101.612700383636|0|0|0|0|1|0|20231241484|12|07-10-2023|18:04|ED311 (ED311) Km 10|Fafe|Várzea Cova|CCO|30734|203683|502910|7|10|18|1875234|||311.0|Intencional|07-10-2023 18:04:00|08-10-2023 02:16:00|492|12.7018716943834|08-10-2023|02:16|07-10-2023|18:13|0|41.4955555555556|-8.08888888888889|Estruturais - Caça e vida selvagem|26.4306884765625|33.5108363738356|2.01109522364427|1.98448957217741|65|0.0|90.7719494184591|32.0905820792946|302.292262777857|7.04759807099588|50.7203136198673|17.374271911858|4.25797993829617||223.0|538.376|24.4465|9.59062|126.465|13.97|30.9465|http://fogos.icnf.pt/sgif2010/ficheiroskml/20231241484.kml||||||||||
20231241806|Braga|Florestal|2023|0.33|0.0|0.0|0.33|0|0|0|1|0|0|20231241806|12|07-10-2023|19:24|Borbela|Fafe|Arnozela|Populares|30706|199869|489572|7|10|19|1875258|||446.0|Intencional|07-10-2023 19:24:00|07-10-2023 21:02:00|98|0.33|07-10-2023|21:02|07-10-2023|19:45|0|41.3755555555556|-8.13472222222222|Incendiarismo - Imputáveis|23.8571105957031|44.0609956406783|2.85941678339704|1.32282400767778|77|0.0|90.3173859650133|31.7482010002292|348.604655714508|6.88620698980841|51.7206219416961|17.2555390891796|4.20661150632616||223.0|540.276|39.9128|10.0466|194.293|14.2|293.303|http://fogos.icnf.pt/sgif2010/ficheiroskml/20231241806.kml||||||||||
20231241891|Portalegre|Agrícola|2023|0.0|0.0|0.0638|0.0638|0|0|0|0|0|1|20231241891|12|07-10-2023|19:50|Bairro de S. Sebastião (ER371 (ER371) Km 40)|Campo Maior|Nossa Senhora da Expectação|Populares|120401|291983|226968|7|10|19|1910166|||413.0|Negligente|07-10-2023 19:50:00|07-10-2023 20:42:00|52|0.0638|07-10-2023|20:42|07-10-2023|20:09|0|39.005627000067|-7.07118800004323|Acidentais - Outros|30.0285888671875|20.1922772195729|5.36675500348208|1.57849397793836|216|0.0|94.4587544028196|71.3003155625545|710.40482082438|12.7544612255733|113.997115074273|39.1720556406765|17.9530014531456|||144.961|6.17618|11.4056|237.74|17.95|||http://fogos.icnf.pt/sgif2010/GTF_kml/1241891.kml|||||||||
20231241935|Vila Real|Florestal|2023|0.0|0.68|0.0|0.68|0|0|0|1|0|0|20231241935|12|07-10-2023|20:04|VINHÓS|Peso da Régua|Vinhós|112|170811|224754|473250|7|10|20|2195382|||449.0|Intencional|07-10-2023 20:04:00|07-10-2023 22:30:00|146|0.34|07-10-2023|22:30|07-10-2023|20:17|0|41.2280779997508|-7.83789699978299|Incendiarismo - Imputáveis|20.743310546875|52.3828003458245|6.26806471323688|1.93432377777557|83|0.0|89.9698879231525|31.6390024065389|387.122915625589|6.37671788348108|52.5424554161257|16.4290767842253|3.85659644087203|||640.61|42.3|8.96656|164.079|15.15||http://fogos.icnf.pt/sgif2010/ficheiroskml/20231241935.kml||||||||||
20231241951|Vila Real|Florestal|2023|1.5|0.0|0.0|1.5|0|0|0|0|1|0|20231241951|12|07-10-2023|20:10|Ribeira de Pena (Bustelo)|Ribeira de Pena|Ribeira de Pena (Salvador)|112|170905|230095|504067|7|10|20|1990527|||448.0|Intencional|07-10-2023 20:10:00|08-10-2023 01:40:00|330|0.3|08-10-2023|01:40|07-10-2023|20:20|0|41.5053669998381|-7.77267499976688|Incendiarismo - Imputáveis|19.6281066894531|53.7585716131748|7.98838638836035|2.21845575277577|62|0.0|90.3454433870485|31.7249796935058|330.723759043342|6.34830126839033|51.1769659752546|16.1432414588377|3.73863027542452||232.0|725.912|17.6105|10.2544|267.554|24.55|13.2134|||||||||||
20231241979|Braga|Agrícola|2023|0.0|0.0|0.015|0.015|0|0|0|0|0|1|20231241979|12|07-10-2023|20:17|Rua de Ribeirais (Barreiro)|Guimarães|Selho (São Jorge)|CCO|30854|181663|496464|7|10|20|sigo|||630.0|Desconhecida|07-10-2023 20:17:00|07-10-2023 20:52:00|35|0.015|07-10-2023|20:52|07-10-2023|20:35|0|41.4372580001089|-8.35253799994787|Indeterminadas|19.84169921875|62.1133654209761|6.48084230383964|1.80023397328879|33|0.0|91.0133690298773|31.6918235162564|292.534985214389|7.00195789125462|49.8754777627188|17.1367946936873|4.15550955193177||232.0|165.098|17.6109|10.1991|555.567|18.88|7.81445|||||||||||
20231241983|Castelo Branco|Florestal|2023|0.0|0.0019|0.0|0.0019|0|0|0|1|0|0|20231241983|12|07-10-2023|20:15|"N18 km70 | Chão da Serra (ED18 (ED18) Km 70)"|Fundão|Vale de Prazeres|Populares|50428|259053|349837|7|10|20|sigo||Serra da Gardunha|215.0|Negligente|07-10-2023 20:15:00|07-10-2023 20:49:00|34|0.0019|07-10-2023|20:49|07-10-2023|20:26|0|40.1150449996524|-7.44041800022125|Acidentais - Transportes e Comunicações|24.1426940917969|30.4672161884495|7.73535904248132|2.1487108451337|58|0.0|93.6272631248175|53.5374330481757|546.701933510986|13.0250646531823|86.0163426805982|34.928778033565|14.6555968041097||232.0|516.561|11.2114|10.6381|137.429|32.1|6.65774|||||||||||
20231241984|Aveiro|Florestal|2023|0.0|0.053|0.0|0.053|0|0|0|1|0|0|20231241984|12|07-10-2023|20:18|Lugar da Igreja (Loureiro)|Santa Maria da Feira|Argoncilhe|112|10901|165548|450172|7|10|20|2045027|||630.0|Desconhecida|07-10-2023 20:18:00|07-10-2023 21:26:00|68|0.053|07-10-2023|21:26|07-10-2023|20:34|0|41.0199130000008|-8.54272500038147|Indeterminadas|22.2084899902344|71.0040506966992|5.26446890180626|1.51428099740871|10|0.0|88.3750369353875|24.7325273370179|367.993822202433|4.09006341308894|42.3493947140255|10.2572744333628|1.67531123190087||231.0|172.625|10.1186|10.8972|887.417|16.06|1.33345|||||||||||
20231242104|Braga|Florestal|2023|0.0|0.004|0.0|0.004|0|0|0|1|0|0|20231242104|12|07-10-2023|20:58|Ponte do Boco|Vila Verde|Barros|117|31307|177285|529457|7|10|20|2215002|||630.0|Desconhecida|07-10-2023 20:58:00|07-10-2023 21:50:00|52|0.004|07-10-2023|21:50|07-10-2023|21:16|0|41.7341666666667|-8.40611111111111|Indeterminadas|19.6946960449219|61.821959486168|5.50646089245543|1.79726505612178|55|0.0|91.1824857776427|30.4401614760433|211.463263757448|6.58358487941746|44.7690485530602|15.442540691566|3.45621777422067||233.0|488.944|30.9199|9.45094|133.255|14.56|456.001|||||||||||
20231242317|Coimbra|Agrícola|2023|0.0|0.0|0.005|0.005|0|0|0|0|0|1|20231242317|12|07-10-2023|22:05|Rua do Lavadouro 27 (Carreiros)|Figueira da Foz|Quiaios|Populares|60510|140100|359900|7|10|22|1970101|||124.0|Negligente|07-10-2023 22:05:00|07-10-2023 22:17:00|12|0.005|07-10-2023|22:17|07-10-2023|22:12|0|40.2055850002501|-8.83667399989234|Queimas amontoados de sobrantes florestais ou agrícolas|20.3992858886719|85.958989349606|3.05632944620356|0.848980401723212|42|0.0|87.6108758357363|22.9371486219959|543.471812548389|4.60951393989374|41.4959689438716|11.1860979089891|1.95312507113076||227.0|91.4844|5.31689|11.4847|344.393|21.7|11.7897|||||||||||
20231242402|Braga|Florestal|2023|0.0|0.03|0.0|0.03|0|0|0|1|0|0|20231242402|12|07-10-2023|22:32|Rebordochão (MONTE)|Terras de Bouro|Monte|PV|31011|190830|525360|7|10|22|2035013|||125.0|Negligente|07-10-2023 22:32:00|07-10-2023 23:20:00|48|0.03|07-10-2023|23:20|07-10-2023|22:50|0|41.6975820000966|-8.24329200002882|Queimadas para gestão de pasto para gado|17.5363098144531|68.5437592598458|7.91157433204345|1.99284314919991|79|0.0|91.1824857776427|30.4401614760433|211.463263757448|6.58358487941746|44.7690485530602|15.442540691566|3.45621777422067|||740.225|14.9956|10.4622|117.308|9.36||http://fogos.icnf.pt/sgif2010/ficheiroskml/20231242402.kmz||||||||||
20231242496|Viseu|Florestal|2023|0.03|0.0|0.0|0.03|0|0|0|1|0|0|20231242496|12|07-10-2023|23:08|Paranho (Arca)|Oliveira de Frades|Arca|112|181001|192484|404293|7|10|23|2000464|Perimetro Florestal da Serra de Arca||449.0|Intencional|07-10-2023 23:08:00|07-10-2023 23:46:00|38|0.03|07-10-2023|23:46|07-10-2023|23:39|0|40.6074779997932|-8.2219230000178|Incendiarismo - Imputáveis|17.9316955566406|60.619411321716|5.62610776922501|1.56280771367361|80|0.0|92.4689796879948|39.9984603928348|427.37865442631|9.69289502498499|64.8286114789874|24.8254741665309|8.00824906233242||237.0|599.185|15.4271|9.94125|150.206|20.49|5.50435|||||||||||
20231242515|Santarém|Florestal|2023|0.0|0.0741|0.0|0.0741|0|0|0|1|0|0|20231242515|12|07-10-2023|23:15|Casal do Ribeiro|Ourém|Rio de Couros|Populares|142112|167862|308698|7|10|23|1980072|||448.0|Intencional|07-10-2023 23:15:00|07-10-2023 23:45:00|30|0.0741|07-10-2023|23:45|07-10-2023|23:29|0|39.7459899997711|-8.5080650001102|Incendiarismo - Imputáveis|18.4006896972656|80.3823643575676|5.59091265375496|1.55303129270971|75|0.0|93.2521808075382|44.2325766972135|542.489584663496|13.050829026814|73.4857655318198|32.3791910179939|12.8156227045422||227.0|141.922|7.37751|10.8047|317.42|15.59|59.329|||||||||||
20231242556|Castelo Branco|Florestal|2023|0.03|0.0|0.0|0.03|0|0|0|1|0|0|20231242556|12|07-10-2023|23:41|EN 351 (ED351 (ED351) Km 0)|Oleiros|Oleiros|RNPV|50608|218746|330177|7|10|23|sigo|||449.0|Intencional|07-10-2023 23:41:00|08-10-2023 00:40:00|59|0.03|08-10-2023|00:40|07-10-2023|23:46|0|39.9398449998432|-7.91377300050524|Incendiarismo - Imputáveis|19.2864013671875|43.5056955141314|7.3411912067405|1.98137820659937|85|0.0|92.698925992137|47.1611477247377|422.204587385496|12.491344231244|73.7321903959833|31.4952085825456|12.2028605789017|||498.008|7.29459|9.37969|166.297|20.19||||||||||||
20231242605|Porto|Florestal|2023|0.0|0.026|0.0|0.026|0|0|0|1|0|0|20231242605|12|08-10-2023|00:02|Rª do Tudão (Lugar Novo)|Penafiel|Recezinhos (São Martinho)|Populares|131133|193955|472916|8|10|0|2195347|||630.0|Desconhecida|08-10-2023 00:02:00|08-10-2023 00:58:00|56|0.026|08-10-2023|00:58|08-10-2023|00:15|0|41.2254230001238|-8.20522499985165|Indeterminadas|16.2679992675781|68.0334097972926|8.78129697371532|2.43924915936537|87|0.0|90.3668482267348|34.339210709055|354.296508009429|5.47921390180827|55.2830330974901|15.054684583616|3.3040586192076|||331.109|17.6164|10.1475|262.454|22.21||||||||||||
20231242645|Viseu|Florestal|2023|0.0|0.0705|0.0|0.0705|0|0|0|1|0|0|20231242645|12|08-10-2023|00:24|Anreade|Resende|Anreade|112|181301|212182|459509|8|10|0|2000464|||131.0|Negligente|08-10-2023 00:24:00|08-10-2023 00:54:00|30|0.0705|08-10-2023|00:54|08-10-2023|00:35|0|41.1047222222222|-7.98805555555556|Uso do fogo - Lançamento Foguetes|16.7249084472656|62.8425309229882|8.73510030482741|2.42641675134095|96|0.0|90.5026528403576|34.1655112555492|261.44258892832|5.51294094130693|51.5044298609059|14.5474978834271|3.10959765256646|||269.165|32.1161|9.20344|207.855|23.13||http://fogos.icnf.pt/sgif2010/ficheiroskml/20231242645.kml||||||||||
20231242657|Aveiro|Florestal|2023|0.0|0.0945|0.0|0.0945|0|0|0|1|0|0|20231242657|12|08-10-2023|00:29|Lugar da Ouvida (SENHORA DA OVÍDIA)|Vale de Cambra|Cepelos|112|11903|184913|430768|8|10|0|2040889|||6.0|Desconhecida|08-10-2023 00:29:00|08-10-2023 02:25:00|116|0.0945|08-10-2023|02:25|08-10-2023|01:05|0|40.8457820002238|-8.31201800028483|Indeterminadas|17.9969116210938|67.5173220170839|5.37104431697518|1.43943687165921|94|0.0|91.5738198690688|35.8300195267338|256.443568903935|6.63546629715122|53.1091543100039|17.0238933695224|4.10717435874518|||568.73|34.8222|9.31938|236.628|19.25||||||||||||
20231242764|Viana do Castelo|Florestal|2023|0.0|0.005|0.0|0.005|0|0|0|1|0|0|20231242764|12|08-10-2023|01:27|GROVELAS|Ponte da Barca|Grovelas São João Evangelista|112|160610|174935|531297|8|10|1|2045010|||448.0|Intencional|08-10-2023 01:27:00|08-10-2023 02:21:00|54|0.005|08-10-2023|02:21|08-10-2023|01:53|0|41.7505555555556|-8.43444444444444|Incendiarismo - Imputáveis|16.0059143066406|71.1097421761654|6.35173790533201|1.74838495477847|81|0.0|91.2322336523661|33.0367028282671|217.077519616823|6.5803305029087|47.8629346695231|16.0002908104581|3.68023240345226|||290.083|30.0649|9.12625|159.205|14.22||||||||||||
20231242890|Braga|Florestal|2023|0.511734188961983|25.6512183677971|0.0|26.1629525567591|0|0|0|0|1|0|20231242890|12|08-10-2023|02:55|Serrinha|Fafe|São Gens|112|30728|203730|497298|8|10|2|1875234|||311.0|Intencional|08-10-2023 02:55:00|08-10-2023 10:33:00|458|3.73756465096559|08-10-2023|10:33|08-10-2023|03:40|0|41.445|-8.08861111111111|Estruturais - Caça e vida selvagem|16.2687927246094|58.6889220220537|8.75973340001068|2.14921690113773|74|0.0|90.8215617544618|34.7433848438496|307.904068686061|5.98095715012105|54.197795985271|15.918878001756|3.64715271276754|||711.835|11.2981|10.7591|128.187|13.62||http://fogos.icnf.pt/sgif2010/ficheiroskml/20231242890.kml||||||||||
20231242937|Braga|Florestal|2023|0.0|0.1|0.0|0.1|1|0|0|1|0|0|20231242937|12|08-10-2023|03:44|Saramagas|Fafe|São Gens|112|30728|203878|497530|8|10|3|1875234|||711.0|Reacendimento|08-10-2023 03:44:00|08-10-2023 06:54:00|190|0.0333333333333333|08-10-2023|06:54|08-10-2023|04:00|0|41.4469444444444|-8.08666666666667|Reacendimentos|15.6368957519531|59.7678351724891|8.72249313588823|2.39616331199812|71|0.0|90.8215617544618|34.7433848438496|307.904068686061|5.98095715012105|54.197795985271|15.918878001756|3.64715271276754||232.0|680.844|15.9305|10.7591|144.553|11.74|20.1529|http://fogos.icnf.pt/sgif2010/ficheiroskml/1242937.kml||||||||||
20231242944|Viana do Castelo|Florestal|2023|0.0|0.25|0.0|0.25|0|0|0|1|0|0|20231242944|12|08-10-2023|03:50|Soutelo (Igreja)|Ponte da Barca|Grovelas|PV|160610|174503|531161|8|10|3|sigo|||448.0|Intencional|08-10-2023 03:50:00|08-10-2023 05:11:00|81|0.25|08-10-2023|05:11|08-10-2023|03:55|0|41.7494559997982|-8.43968100017971|Incendiarismo - Imputáveis|14.5754943847656|72.9376884276682|5.99435996582134|1.63744003363219|80|0.0|91.2322336523661|33.0367028282671|217.077519616823|6.5803305029087|47.8629346695231|16.0002908104581|3.68023240345226||212.0|197.958|32.1744|9.12625|164.424|12.62|64.1916|||||||||||
20231243184|Viana do Castelo|Florestal|2023|0.0|0.07|0.0|0.07|0|0|0|1|0|0|20231243184|12|08-10-2023|07:24|Apeadeiro (Chasqueira)|Viana do Castelo|Alvarães|112|160902|149734|520210|8|10|7|1985040|||448.0|Intencional|08-10-2023 07:24:00|08-10-2023 08:07:00|43|0.07|08-10-2023|08:07|08-10-2023|07:45|0|41.6496829997169|-8.73653299993939|Incendiarismo - Imputáveis|15.1921936035156|83.9526449200061|6.09336015355691|1.75588382255947|97|0.0004633425874089|89.7799120329992|29.3519010502409|311.562239108673|5.34384713145112|47.5133615436895|13.5812485182056|2.75341812196285|||42.0225|3.75551|11.4381|414.739|13.28||||||||||||
20231243454|Porto|Florestal|2023|0.0|0.33|0.0|0.33|0|0|0|1|0|0|20231243454|12|08-10-2023|08:45|Cota (Casal)|Penafiel|Recezinhos (São Mamede)|PV|131132|194786|474769|8|10|8|2195347|||630.0|Desconhecida|08-10-2023 08:45:00|08-10-2023 09:23:00|38|0.33|08-10-2023|09:23|08-10-2023|08:55|0|41.2421069998211|-8.19532700008816|Indeterminadas|16.9233947753906|69.1393933207036|7.73710508821538|1.91538703085988|91|0.0|90.3668482267348|34.339210709055|354.296508009429|5.47921390180827|55.2830330974901|15.054684583616|3.3040586192076||234.0|331.109|17.6164|10.5303|262.454|22.21|2.38238|||||||||||
20231243580|Porto|Florestal|2023|0.015|0.015|0.0|0.03|0|0|0|1|0|0|20231243580|12|08-10-2023|09:18|Vila Nova (SÃO SALVADOR)|Amarante|Salvador do Monte|PV|130129|203060|474129|8|10|9|1970547|||610.0|Desconhecida|08-10-2023 09:18:00|08-10-2023 10:19:00|61|0.03|08-10-2023|10:19|08-10-2023|09:38|0|41.2363620000415|-8.09662700017293|Indeterminadas|20.00380859375|63.7728289808764|6.05391442721303|1.56628915446774|90|0.0|90.3668482267348|34.339210709055|354.296508009429|5.47921390180827|55.2830330974901|15.054684583616|3.3040586192076||233.0|166.431|23.3555|10.065|226.855|15.21|142.73|||||||||||
20231244210|Braga|Florestal|2023|0.0|0.11|0.0|0.11|0|0|0|1|0|0|20231244210|12|08-10-2023|11:48|Rua de Aredes (Bouça do Paço)|Guimarães|Briteiros (Santa Leocádia)|112|30843|183198|506955|8|10|11|sigo|||448.0|Intencional|08-10-2023 11:48:00|08-10-2023 12:09:00|21|0.11|08-10-2023|12:09|08-10-2023|11:54|0|41.5317499997881|-8.33445699996418|Incendiarismo - Imputáveis|26.7451110839844|44.0988429655129|3.62034777657587|1.06102587469785|141|0.0|91.0630610706481|34.3227934887027|298.277165878451|6.16962688575736|53.3097008949628|16.1514780117202|3.74200723476515|||238.778|19.2923|10.3681|264.637|21.89||||||||||||
20231244358|Vila Real|Florestal|2023|0.0|0.5|0.0|0.5|0|0|0|1|0|0|20231244358|12|08-10-2023|12:16|Pinduradouro (Bouça do Rei)|Vila Pouca de Aguiar|Gouvães da Serra|PV|171306|232289|499095|8|10|12|1875076|Perimetro Florestal do Alvão||125.0|Negligente|08-10-2023 12:16:00|08-10-2023 13:22:00|66|0.5|08-10-2023|13:22|08-10-2023|12:37|0|41.4605120001899|-7.74665500005086|Queimadas para gestão de pasto para gado|26.3072143554688|38.184315412271|4.06641921398459|1.05146312923774|127|0.0|90.5474489129244|34.2920250454587|336.163057627327|5.69090821472348|54.6475466816334|15.3986290094953|3.43884137168532||234.0|1000.02|13.7503|10.2428|201.765|17.94|117.547|||||||||||
20231244409|Braga|Florestal|2023|0.0|0.025|0.0|0.025|0|0|0|1|0|0|20231244409|12|08-10-2023|12:42|Devesa|Póvoa de Lanhoso|Ferreiros|112|30908|185648|513246|8|10|12|1980851|||122.0|Negligente|08-10-2023 12:42:00|08-10-2023 13:21:00|39|0.025|08-10-2023|13:21|08-10-2023|12:58|0|41.5883333333333|-8.30527777777778|Queimadas de sobrantes florestais ou agrícolas|27.989892578125|40.3096930370734|4.20948208792869|1.18925968042874|162|0.0|91.0630610706481|34.3227934887027|298.277165878451|6.16962688575736|53.3097008949628|16.1514780117202|3.74200723476515|||284.668|25.2536|9.67563|204.11|22.66||http://fogos.icnf.pt/sgif2010/ficheiroskml/20231244409.kmz||||||||||
20231244485|Braga|Florestal|2023|0.0|0.01|0.0|0.01|0|0|0|1|0|0|20231244485|12|08-10-2023|12:58|Fontainha|Guimarães|São Salvador Souto|112|30862|185804|502942|8|10|12|2070570|||122.0|Negligente|08-10-2023 12:58:00|08-10-2023 14:12:00|74|0.01|08-10-2023|14:12|08-10-2023|13:12|0|41.4955555555556|-8.30305555555556|Queimadas de sobrantes florestais ou agrícolas|27.989892578125|40.3096930370734|4.20948208792869|1.1677022682258|172|0.0|91.0630610706481|34.3227934887027|298.277165878451|6.16962688575736|53.3097008949628|16.1514780117202|3.74200723476515|||145.098|11.4306|10.1116|288.269|19.87||||||||||||
20231244680|Beja|Agrícola|2023|0.0|0.0|0.0079|0.0079|0|0|0|0|0|1|20231244680|12|08-10-2023|13:47|MONTE DOS ESTEIROS|Ourique|Ourique|CCO|21203|192647|81324|8|10|13|2020979|||222.0|Negligente|08-10-2023 13:47:00|08-10-2023 13:50:00|3|0.0079|08-10-2023|13:50|08-10-2023|13:48|0|37.6983333333333|-8.21638888888889|Acidentais - Maquinaria|33.1491943359375|21.4540249536959|9.45165968663029|2.62546102406397|120|0.0|94.3300617625497|103.566261456246|1045.56191682551|13.3131648102137|166.020392068453|45.2916884355531|23.2124867423782|||158.348|4.35618|11.2109|77.3501|10.03||||||||||||
20231244925|Leiria|Florestal|2023|5.01664856761992|2.22886475236416|0.0|7.24551331998408|0|0|0|0|1|0|20231244925|12|08-10-2023|14:44|IC9 (EN242 IC36) Km 2|Leiria|Barosa|112|100904|139490|308636|8|10|14|2050221|||610.0|Desconhecida|08-10-2023 14:44:00|08-10-2023 19:04:00|260|1.99247944429144|08-10-2023|19:04|08-10-2023|15:00|0|39.7438888888889|-8.83916666666667|Indeterminadas|28.91640625|39.7325749099096|6.81677583302249|2.22061510280424|335|0.0|91.0120547715972|35.6825710358699|576.204304029857|6.06529236629949|61.7977740144877|17.2734056189827|4.21432392191209||212.0|66.9419|4.10168|10.7269|488.521|25.83|9.93396|http://fogos.icnf.pt/sgif2010/ficheiroskml/146 - FICHA-1244925.kmz||||||||||
20231245217|Aveiro|Florestal|2023|0.06|0.0|0.0|0.06|0|0|0|1|0|0|20231245217|12|08-10-2023|15:59|Quinta do Mariques|Albergaria-a-Velha|Alquerubim|PV|10202|167725|408171|8|10|15|1985058|||311.0|Intencional|08-10-2023 15:59:00|08-10-2023 16:36:00|37|0.06|08-10-2023|16:36|08-10-2023|16:11|0|40.6416666666667|-8.51472222222222|Estruturais - Caça e vida selvagem|29.8528991699219|38.2546584830691|5.85583475552861|1.76691156722686|300|0.0|91.3100324658048|35.027485570939|432.735041222248|6.03404054752709|58.2645051565846|16.6669542627021|3.95598335184221||232.0|14.3556|5.30071|11.2294|394.979|12.14|502.29|||||||||||
20231245332|Castelo Branco|Florestal|2023|0.0|0.03|0.0|0.03|0|0|0|1|0|0|20231245332|12|08-10-2023|16:27|Santuário de N Sr das Dores (Santuário Nossa Senhora das Dores)|Covilhã|Paul|112|50314|243030|358759|8|10|16|sigo|||4.0|Intencional|08-10-2023 16:27:00|08-10-2023 16:59:00|32|0.03|08-10-2023|16:59|08-10-2023|16:40|0|40.1963669999441|-7.62776199976603|Incendiarismo - Sem motivação conhecida|29.7778869628906|26.1160086243163|4.05580685283712|1.12661301467698|263|0.0|92.3885958249319|46.7217304867371|315.392743891084|7.57317867761359|68.1897023220078|21.404740417179|6.15986994269393|||479.969|12.3468|9.96687|93.2427|23.95||||||||||||
20231245541|Castelo Branco|Florestal|2023|0.0|0.072|0.0|0.072|0|0|0|1|0|0|20231245541|12|08-10-2023|17:17|Alto do Valongo (Valongo)|Covilhã|Coutada|Populares|50329|244232|359213|8|10|17|sigo|||4.0|Intencional|08-10-2023 17:17:00|08-10-2023 19:07:00|110|0.072|08-10-2023|19:07|08-10-2023|17:25|0|40.2003880000114|-7.6136169995202|Incendiarismo - Sem motivação conhecida|28.2239929199219|35.378737358039|3.34075294706171|1.05899590912586|291|0.0|92.3885958249319|46.7217304867371|315.392743891084|7.57317867761359|68.1897023220078|21.404740417179|6.15986994269393|||479.969|12.3468|10.1444|93.2427|23.95||||||||||||
20231245848|Santarém|Florestal|2023|0.0|0.027|0.0|0.027|0|0|0|1|0|0|20231245848|12|08-10-2023|18:46|Santo Estêvão (IC13 (EN119) Km 29)|Benavente|Santo Estêvão|112|140503|152352|211559|8|10|18|2045011|||448.0|Intencional|08-10-2023 18:46:00|08-10-2023 19:13:00|27|0.027|08-10-2023|19:13|08-10-2023|19:05|0|38.8703570000331|-8.68212299982707|Incendiarismo - Imputáveis|32.7227111816406|17.4350054980405|6.05396727477539|1.96457810899789|316|0.0|93.9000988078639|81.3557843482841|993.518989828659|9.2399981726634|135.062153893552|33.7814963568404|13.8143522748572|||47.0737|1.54675|11.4966|97.5342|15.05||http://fogos.icnf.pt/sgif2010/ficheiroskml/GFAM-2023-10-25 09_44.kml||||||||||
20231245999|Vila Real|Florestal|2023|0.0|0.05|0.0|0.05|0|0|0|1|0|0|20231245999|12|08-10-2023|19:29|Senhora da Saúde|Montalegre|Vilar Perdizes (São Miguel)|Populares|170628|240116|541226|8|10|19|1875311|||125.0|Negligente|08-10-2023 19:29:00|08-10-2023 20:35:00|66|0.05|08-10-2023|20:35|08-10-2023|19:45|0|41.8394444444444|-7.65027777777778|Queimadas para gestão de pasto para gado|23.24111328125|38.8396776829276|1.93988770339017|0.611111829273521|293|0.0|91.2646095544606|36.4480397103863|369.035801856602|6.92739266909084|58.4611933804089|18.4992802828573|4.75809334081317||232.0|846.532|6.62266|11.4675|77.0|12.83|335.609|||||||||||
20231246020|Bragança|Florestal|2023|2.37475230903625|11.0568880270004|0.339186556625366|13.770826892662|0|0|0|0|1|0|20231246020|12|08-10-2023|19:44|Alvaredos (Pedras Brancas)|Vinhais|Sobreiró de Baixo|112|41223|288435|539964|8|10|19|1980610|||126.0|Negligente|08-10-2023 19:44:00|09-10-2023 02:50:00|426|1.967260984666|09-10-2023|02:50|08-10-2023|20:05|0|41.8242030000687|-7.06868199997478|Queimadas extensivas - Penetração em áreas de caça e margens dos rios_|22.39638671875|37.5947711439553|3.76194443399413|1.31909713344064|15|0.0|92.1257716479866|40.6962152867666|424.506174928237|7.47380433295846|65.656636911578|20.7858416259973|5.84813757540601||233.0|786.438|27.9997|9.50812|96.8889|12.14|217.44|http://fogos.icnf.pt/sgif2010/ficheiroskml/20231246020.kml||||||||||
20231246149|Évora|Agrícola|2023|0.0|0.0|0.0276|0.0276|0|0|0|0|0|1|20231246149|12|08-10-2023|20:21|ER373 Km 49|Alandroal|Juromenha (Nossa Senhora do Loreto)|112|70102|273451|196230|8|10|20|2010557|||215.0|Negligente|08-10-2023 20:21:00|08-10-2023 20:49:00|28|0.0276|08-10-2023|20:49|08-10-2023|20:42|0|38.7305555555556|-7.28833333333333|Acidentais - Transportes e Comunicações|25.3549133300781|34.1072890309217|9.15579023055397|2.54327506404277|5|0.0|94.1048782233965|70.1500602503045|720.323291629797|9.05104907752265|112.829764848716|31.0997840219768|11.932994878961||231.0|171.219|12.9846|11.2144|48.0312|8.78|9408.08|http://fogos.icnf.pt/sgif2010/ficheiroskml/20231246149.kml||||||||||
20231246245|Porto|Florestal|2023|0.0|0.0313|0.0|0.0313|0|0|0|1|0|0|20231246245|12|08-10-2023|20:45|Rua Aldeia de Cima (Rande)|Penafiel|Milhundos|Populares|131119|189405|469984|8|10|20|2195347|||630.0|Desconhecida|08-10-2023 20:45:00|08-10-2023 21:17:00|32|0.0313|08-10-2023|21:17|08-10-2023|20:56|0|41.1989729997847|-8.25944000032213|Indeterminadas|22.1797119140625|63.9539524076819|5.23581795978409|1.57394262668931|55|0.0|89.8117252445231|31.5636875119194|355.631087896986|4.76051614914062|51.6639232560477|12.9977265367065|2.5475000078229|||383.251|16.1106|10.435|203.09|17.59||||||||||||
20231246300|Porto|Florestal|2023|0.0|0.1|0.0|0.1|0|0|0|1|0|0|20231246300|12|08-10-2023|21:05|Rua Luis de Camões 230 (Pinheiro da India)|Penafiel|Recezinhos (São Mamede)|Outros|131132|194910|474663|8|10|21|2195347|||630.0|Desconhecida|08-10-2023 21:05:00|08-10-2023 21:59:00|54|0.1|08-10-2023|21:59|08-10-2023|21:15|0|41.2411519998974|-8.19385199970669|Indeterminadas|19.8803039550781|66.7850746283004|4.17208928744109|1.15891369095586|70|0.0|90.3668482267348|34.339210709055|354.296508009429|5.47921390180827|55.2830330974901|15.054684583616|3.3040586192076|||357.996|22.2466|10.5303|271.276|21.64||||||||||||
20231246382|Porto|Florestal|2023|0.0|0.5|0.0|0.5|0|0|0|1|0|0|20231246382|12|08-10-2023|21:33|Bela Vista|Amarante|Real|CCO|130127|198397|476094|8|10|21|1970547|||610.0|Desconhecida|08-10-2023 21:33:00|08-10-2023 23:10:00|97|0.5|08-10-2023|23:10|08-10-2023|22:00|0|41.2541666666667|-8.15222222222222|Indeterminadas|19.8803039550781|66.7850746283004|4.17208928744109|1.22169576722391|84|0.0|90.3668482267348|34.339210709055|354.296508009429|5.47921390180827|55.2830330974901|15.054684583616|3.3040586192076|||188.868|14.348|10.035|262.802|23.63||||||||||||
20231246384|Bragança|Florestal|2023|0.0|0.06|0.0|0.06|0|0|0|1|0|0|20231246384|12|08-10-2023|21:34|Peleias (Alto dos Talhões)|Vinhais|Tuizelo|CCO|41226|287830|544337|8|10|21|1980610||Montesinho|60.0|Desconhecida|08-10-2023 21:34:00|09-10-2023 02:24:00|290|0.015|09-10-2023|02:24|08-10-2023|21:50|0|41.8636330000559|-7.07531100008223|Indeterminadas|17.4204040527344|52.664258360261|5.38635954923289|1.49186475628146|23|0.0|92.1257716479866|40.6962152867666|424.506174928237|7.47380433295846|65.656636911578|20.7858416259973|5.84813757540601|||806.872|19.8103|9.57844|79.9151|16.17||http://fogos.icnf.pt/sgif2010/ficheiroskml/20231246384.kml||||||||||
20231246435|Lisboa|Florestal|2023|0.0|0.003|0.0|0.003|0|0|0|1|0|0|20231246435|12|08-10-2023|21:46|Av 10 Junho (Moinhos da Casela)|Mafra|Milharado|Populares|110911|106700|219800|8|10|21|2225052|||630.0|Desconhecida|08-10-2023 21:46:00|08-10-2023 22:06:00|20|0.003|08-10-2023|22:06|08-10-2023|22:02|0|38.9409089999729|-9.20920699967278|Indeterminadas|22.7903076171875|62.9111079129847|8.58192479356758|2.19448877534984|358|0.0|92.0352186800453|60.7693650306801|932.02626018811|8.40709094792794|104.504195068547|28.5925577421714|10.2833999280647||231.0|184.227|5.73774|10.9097|473.593|20.82|3.94398|||||||||||
20231247038|Braga|Florestal|2023|0.1|0.2|0.0|0.3|0|0|0|1|0|0|20231247038|12|09-10-2023|04:50|Bustelos (Castanheira)|Póvoa de Lanhoso|Travassos|CCO|30927|193525|511135|9|10|4|1980851|||122.0|Negligente|09-10-2023 04:50:00|09-10-2023 07:15:00|145|0.15|09-10-2023|07:15|09-10-2023|05:13|0|41.5695329999924|-8.21077200041877|Queimadas de sobrantes florestais ou agrícolas|15.2043090820313|72.7317719989882|7.53714014371846|2.2159481485264|65|0.0|90.8711904699943|37.3951473885213|313.614191244654|6.39814071217132|57.6152766847131|17.3077190729593|4.22915318652957||234.0|341.771|21.3286|10.035|109.502|18.34|16.11|||||||||||
20231247138|Porto|Florestal|2023|0.0|0.005|0.0|0.005|0|0|0|1|0|0|20231247138|12|09-10-2023|06:30|Guimbra|Paredes|Rebordosa|Populares|131018|177897|472558|9|10|6|2195409|||630.0|Desconhecida|09-10-2023 06:30:00|09-10-2023 07:07:00|37|0.005|09-10-2023|07:07|09-10-2023|06:42|0|41.2219444444444|-8.39666666666667|Indeterminadas|14.9171997070313|88.0305817166808|8.24109763379648|2.39020183426495|87|0.0002316712937044|90.4678218589118|34.2910145745503|361.639599127455|6.23451939346631|55.4398737796631|16.6275174078375|3.9394303079643||223.0|184.995|9.20331|9.83625|396.271|17.95|12.3389|||||||||||
20231247211|Porto|Florestal|2023|0.0|0.33|0.0|0.33|0|0|0|1|0|0|20231247211|12|09-10-2023|07:17|Lugar de Casal (Casal)|Penafiel|Recezinhos (São Mamede)|PV|131132|194777|474790|9|10|7|2195347|||630.0|Desconhecida|09-10-2023 07:17:00|09-10-2023 09:20:00|123|0.165|09-10-2023|09:20|09-10-2023|07:30|0|41.2422969998254|-8.19543700006273|Indeterminadas|13.6610961914063|83.537841385182|8.67078887115768|2.36751028785817|87|0.0|90.4163268184391|36.9426923467937|360.073861402984|6.32125885379648|58.8028224050553|17.3419810192853|4.24398279521095|||159.746|11.5352|10.5303|255.426|19.31||||||||||||
20231248309|Braga|Florestal|2023|0.0|1.18526607542038|0.0|1.18526607542038|0|0|0|0|1|0|20231248309|12|09-10-2023|10:50|Outeirão|Cabeceiras de Basto|Rio Douro|PV|30415|216307|509560|9|10|10|1875250|Perimetro Florestal da Serra da Cabreira (Cabeceiras Basto)||31.0|Intencional|09-10-2023 10:50:00|09-10-2023 12:45:00|115|1.18526607542038|09-10-2023|12:45|09-10-2023|11:02|0|41.5552777777778|-7.93777777777778|Estruturais - Caça e vida selvagem|22.5486999511719|49.821814130853|5.63388821546889|1.52590349708083|102|0.0|90.5969871300076|36.8301408696487|341.636029307014|6.08631036713963|58.0224712690507|16.7372677607589|3.98557129459428||234.0|750.689|37.9982|8.75688|223.048|17.75|475.423|http://fogos.icnf.pt/sgif2010/ficheiroskml/1248309-cambeses.kml||||||||||
20231248377|Beja|Agrícola|2023|0.0|0.0|0.0215|0.0215|0|0|0|0|0|1|20231248377|12|09-10-2023|10:59|Monte do Poço Seco|Vidigueira|Selmes|PV|21402|233104|134838|9|10|10|2020979|||124.0|Negligente|09-10-2023 10:59:00|09-10-2023 11:33:00|34|0.0215|09-10-2023|11:33|09-10-2023|11:14|0|38.18|-7.75527777777778|Queimas amontoados de sobrantes florestais ou agrícolas|26.8352905273438|33.1659030412608|0.643080579451397|0.0645374679389063|270|0.0|93.718328689589|71.9706014225428|806.555071834842|7.67019992441832|117.687456204818|28.2995744575082|10.0976272766752|||132.634|5.25717|11.2356|45.8828|13.59||||||||||||
20231248800|Porto|Florestal|2023|0.0|0.01|0.0|0.01|0|0|0|1|0|0|20231248800|12|09-10-2023|12:07|Bouzinde|Paredes|Cristelo|Populares|131009|181263|473526|9|10|12|2195409|||630.0|Desconhecida|09-10-2023 12:07:00|09-10-2023 12:30:00|23|0.01|09-10-2023|12:30|09-10-2023|12:15|0|41.2308333333333|-8.35666666666667|Indeterminadas|29.4695068359375|41.1185050615223|6.10276369712071|1.69521213808909|99|0.0|90.4678218589118|34.2910145745503|361.639599127455|6.23451939346631|55.4398737796631|16.6275174078375|3.9394303079643|||322.291|6.69997|10.0963|395.77|16.56||||||||||||
20231248859|Porto|Florestal|2023|0.0|0.001|0.0|0.001|0|0|0|1|0|0|20231248859|12|09-10-2023|12:23|Senhora do Alivio (Bouça Chã)|Felgueiras|Santão|Populares|130321|196727|482880|9|10|12|2195394|||610.0|Desconhecida|09-10-2023 12:23:00|09-10-2023 12:35:00|12|0.001|09-10-2023|12:35|09-10-2023|12:28|0|41.3151530000899|-8.17222200022803|Indeterminadas|28.1852966308594|41.3274545655717|6.52306037729323|1.81196121591479|95|0.0|90.4163268184391|36.9426923467937|360.073861402984|6.32125885379648|58.8028224050553|17.3419810192853|4.24398279521095|||277.236|15.7898|10.1684|291.124|16.3||||||||||||
20231249043|Porto|Florestal|2023|0.0|0.15|0.0|0.15|0|0|0|1|0|0|20231249043|12|09-10-2023|13:02|Lg da Costa (Gestosa)|Valongo|Campo|112|131502|172392|466648|9|10|13|sigo|||610.0|Desconhecida|09-10-2023 13:02:00|09-10-2023 14:49:00|107|0.15|09-10-2023|14:49|09-10-2023|13:20|0|41.1685279999839|-8.46210199991862|Indeterminadas|29.7679992675781|38.2985190125873|4.65153992448893|0.986582036837374|69|0.0|90.5121673278414|34.5949502087283|260.130475709626|6.34040203974522|51.9257783347015|16.2548735267635|3.784511826696|||130.159|8.28852|10.5759|800.127|22.62||http://fogos.icnf.pt/sgif2010/ficheiroskml/Incendio 20231249043.kml||||||||||
20231249114|Porto|Florestal|2023|0.0|0.02|0.0|0.02|0|0|0|1|0|0|20231249114|12|09-10-2023|13:14|Lg do Cabrito (CABRITO)|Trofa|Covelas|112|131806|163888|481077|9|10|13|2195473|||610.0|Desconhecida|09-10-2023 13:14:00|09-10-2023 14:10:00|56|0.02|09-10-2023|14:10|09-10-2023|13:30|0|41.2981099997626|-8.56429199960497|Indeterminadas|29.4823852539063|41.9908332262771|2.54357766181477|0.54620607727229|40|0.0|89.6710479655349|27.6401538342822|400.036501904386|5.15924659739946|47.1379282694664|13.1539002181084|2.60192902225995|||130.021|16.747|10.4391|548.458|25.13||http://fogos.icnf.pt/sgif2010/ficheiroskml/20231240484.kml||||||||||
20231249231|Beja|Agrícola|2023|0.0|0.0|0.0556|0.0556|0|0|0|0|0|1|20231249231|12|09-10-2023|13:37|Monte do Brejo|Ourique|Panoias|112|21204|188632|88734|9|10|13|2020979|||215.0|Negligente|09-10-2023 13:37:00|09-10-2023 14:07:00|30|0.0556|09-10-2023|14:07|09-10-2023|13:50|0|37.765|-8.26222222222222|Acidentais - Transportes e Comunicações|31.5749145507813|23.8107675500783|6.24844862784267|2.07336081518358|300|0.0|94.3009867673233|103.192841498867|1057.06000558992|9.54748293402972|165.897388132491|36.5415128678149|15.8745364031372|||150.544|4.16399|11.0506|63.6773|6.52||||||||||||
20231249350|Viseu|Florestal|2023|0.0|0.1|0.0|0.1|0|0|0|1|0|0|20231249350|12|09-10-2023|14:00|Sobreira|Oliveira de Frades|Reigoso|112|181006|188528|411954|9|10|14|2000464|||449.0|Intencional|09-10-2023 14:00:00|09-10-2023 16:47:00|167|0.05|09-10-2023|16:47|09-10-2023|14:14|0|40.6764170000288|-8.26881199995677|Incendiarismo - Imputáveis|30.7755981445313|30.089397205888|1.1703119207213|1.07328075169797|325|0.0|91.6236969428777|38.7771536161274|262.508813532841|7.31183311695298|56.6381778507446|18.9266378567682|4.9543758513938||212.0|346.33|17.5406|10.1016|215.329|16.54|1.33207|||||||||||
20231249525|Braga|Florestal|2023|0.0|0.03|0.0|0.03|0|0|0|1|0|0|20231249525|12|09-10-2023|14:31|Estrada da Lagarteira (Azevido)|Braga|Priscos|CCO|30336|170095|503559|9|10|14|sigo|||630.0|Desconhecida|09-10-2023 14:31:00|09-10-2023 15:10:00|39|0.03|09-10-2023|15:10|09-10-2023|14:47|0|41.5007920000288|-8.49129500018226|Indeterminadas|29.8944946289063|37.7171256461559|1.44751330416536|0.739058440742985|304|0.0|90.3482316426786|32.036470970239|317.508430392853|5.22290888539544|51.1662960076731|13.9008175762852|2.86913057097661|||118.666|13.439|10.7816|384.286|26.65||||||||||||
20231249584|Porto|Florestal|2023|0.0|0.1|0.0|0.1|0|0|0|1|0|0|20231249584|12|09-10-2023|14:40|São Pantaleão (Matos)|Trofa|Muro|112|131808|161588|480068|9|10|14|2195473|||610.0|Desconhecida|09-10-2023 14:40:00|09-10-2023 15:42:00|62|0.1|09-10-2023|15:42|09-10-2023|14:46|0|41.2889199998644|-8.59168000009325|Indeterminadas|28.6671997070313|50.904345617784|2.13277601875872|0.906268879460958|341|0.0|89.6710479655349|27.6401538342822|400.036501904386|5.15924659739946|47.1379282694664|13.1539002181084|2.60192902225995|||120.324|7.71826|11.0181|567.117|20.76||http://fogos.icnf.pt/sgif2010/ficheiroskml/20231249584.kmz||||||||||
20231249701|Braga|Florestal|2023|0.01|0.01|0.0|0.02|1|0|0|1|0|0|20231249701|12|09-10-2023|15:08|Casas Novas|Guimarães|Rendufe|PV|30839|192384|500739|9|10|15|1980436|||711.0|Reacendimento|09-10-2023 15:08:00|09-10-2023 15:52:00|44|0.02|09-10-2023|15:52|09-10-2023|15:22|0|41.4759200000763|-8.22431300004323|Reacendimentos|29.0142150878906|33.3383890822428|3.40966230134823|0.947128417041175|240|0.0|90.8711904699943|37.3951473885213|313.614191244654|6.39814071217132|57.6152766847131|17.3077190729593|4.22915318652957||223.0|410.571|18.5526|10.6294|352.338|23.51|1299.53|http://fogos.icnf.pt/sgif2010/ficheiroskml/Rendufe- Rua do Alto 2.kml||||||||||
20231249793|Braga|Florestal|2023|0.0|0.04|0.0|0.04|0|0|0|1|0|0|20231249793|12|09-10-2023|15:28|Carvalhosa (Lampadela)|Vila Verde|Vila Verde|PV|31357|175564|518924|9|10|15|sigo|||449.0|Intencional|09-10-2023 15:28:00|09-10-2023 16:13:00|45|0.04|09-10-2023|16:13|09-10-2023|15:36|0|41.6393179999457|-8.42641700002882|Incendiarismo - Imputáveis|30.3861938476563|34.3296514591224|3.30080971164926|1.09720407667743|275|0.0|91.1127695172633|37.1364865210087|304.272713241733|6.26360360108937|56.9087038925091|16.922679559959|4.06405208993332|||78.5931|13.3975|10.8291|238.294|19.52||||||||||||
20231249972|Viana do Castelo|Florestal|2023|0.0|0.02|0.0|0.02|0|0|0|1|0|0|20231249972|12|09-10-2023|16:08|Miranda (Viveiro do Grandachão)|Arcos de Valdevez|Miranda|PV|160121|170009|541614|9|10|16|1930632|||448.0|Intencional|09-10-2023 16:08:00|09-10-2023 17:00:00|52|0.02|09-10-2023|17:00|09-10-2023|16:28|0|41.8434079996745|-8.49423499955071|Incendiarismo - Imputáveis|28.1618896484375|46.1898532798187|5.44531800997408|1.57425961506327|322|0.0|90.2086351629135|31.1645637605066|226.382096170963|4.76175496258706|46.3703571792626|12.2305853541618|2.28744427971231|||473.879|14.005|10.3253|107.47|19.62||||||||||||
20231249976|Viana do Castelo|Florestal|2023|0.0|0.7|0.0|0.7|0|0|0|1|0|0|20231249976|12|09-10-2023|16:08|Orbacém (São Martinho)|Caminha|Orbacém|PV|160213|147742|539149|9|10|16|1985040|||448.0|Intencional|09-10-2023 16:08:00|09-10-2023 17:24:00|76|0.7|09-10-2023|17:24|09-10-2023|16:28|0|41.8200570000543|-8.76211300002204|Incendiarismo - Imputáveis|25.1123901367188|62.349279395228|8.60238429451566|2.57199426548579|346|0.0|87.1439013522474|19.6801679546917|279.672848743269|2.99909871509595|33.4719125002947|6.78095219864901|0.805292051998032|||119.736|16.2455|10.5084|273.431|10.02||||||||||||
20231250125|Aveiro|Agrícola|2023|0.0|0.0|0.08|0.08|0|0|0|0|0|1|20231250125|12|09-10-2023|16:39|Fermelã (Junqueira)|Albergaria-a-velha|Angeja|112|10203|163047|414120|9|10|16|1985058|||121.0|Negligente|09-10-2023 16:39:00|09-10-2023 18:14:00|95|0.08|09-10-2023|18:14|09-10-2023|17:36|0|40.6951729996999|-8.57031800005171|Queimadas de sobrantes florestais ou agrícolas|29.5400024414063|38.8669669616767|10.6925805198551|2.94211503092662|322|0.0|90.8924311109553|34.4618706886872|361.428140628162|5.49603875185107|55.6566935224583|15.1460586740384|3.33963695251124|||24.4344|8.65292|11.4906|485.935|13.16||||||||||||
20231250172|Braga|Agrícola|2023|0.0|0.0|0.116|0.116|0|0|0|0|0|1|20231250172|12|09-10-2023|16:48|Ramil|Vieira do Minho|Rossas|CCO|31113|202798|512242|9|10|16|1980851|||448.0|Intencional|09-10-2023 16:48:00|09-10-2023 17:24:00|36|0.116|09-10-2023|17:24|09-10-2023|17:05|0|41.5794444444444|-8.09944444444444|Incendiarismo - Imputáveis|28.7596069335938|33.8319771293184|4.7797443969265|1.50824554245771|276|0.0|90.8711904699943|37.3951473885213|313.614191244654|6.39814071217132|57.6152766847131|17.3077190729593|4.22915318652957||227.0|527.523|32.0175|10.4969|189.592|29.62|1.42409|http://fogos.icnf.pt/sgif2010/ficheiroskml/20231250172.kml||||||||||
20231250321|Faro|Agrícola|2023|0.0|0.0|0.2|0.2|0|0|0|0|0|1|20231250321|12|09-10-2023|17:24|Cova da Onça|Olhão|Pechão|117|81004|222791|7185|9|10|17|2000333||Ria Formosa|151.0|Negligente|09-10-2023 17:24:00|09-10-2023 18:28:00|64|0.2|09-10-2023|18:28|09-10-2023|17:34|0|37.03|-7.87694444444444|Uso do fogo - Fumar|24.28359375|64.9914519857894|9.92142746936194|2.54303626312128|177|0.0|88.3025471347849|138.402624641554|1454.01093708339|6.44690083768688|223.596637362277|29.3962774985366|10.8005617205398||231.0|-24.4681|2.44153|11.6738|406.766|15.62|9.45881|||||||||||
20231250410|Porto|Florestal|2023|0.0|0.001|0.0|0.001|0|0|0|1|0|0|20231250410|12|09-10-2023|17:40|Lugar do Seixinho (Mendões)|Trofa|Coronado (São Mamede)|Outros|131804|163695|480046|9|10|17|2195473|||222.0|Negligente|09-10-2023 17:40:00|09-10-2023 18:26:00|46|0.001|09-10-2023|18:26|09-10-2023|17:55|0|41.2888219997618|-8.56653500027127|Acidentais - Maquinaria|27.0231872558594|54.8218670085315|8.67525288797529|2.50265455929998|332|0.0|89.6710479655349|27.6401538342822|400.036501904386|5.15924659739946|47.1379282694664|13.1539002181084|2.60192902225995||232.0|118.606|4.21408|11.1069|540.629|21.1|233.859|http://fogos.icnf.pt/sgif2010/ficheiroskml/incendio 20231250410.kml||||||||||
20231250488|Viana do Castelo|Florestal|2023|0.0|0.01|0.0|0.01|0|0|0|1|0|0|20231250488|12|09-10-2023|18:05|CARRALCOVA (Codeçal)|Arcos de Valdevez|Carralcova|PV|160107|180841|549053|9|10|18|sigo|Perimetro Florestal das Serras do Soajo e Peneda||125.0|Negligente|09-10-2023 18:05:00|09-10-2023 18:57:00|52|0.01|09-10-2023|18:57|09-10-2023|18:13|0|41.9107250001695|-8.36405799971686|Queimadas para gestão de pasto para gado|24.3669067382813|47.2670629381404|5.70500935074844|1.58472481965234|316|0.0|91.2819979513675|35.8402124474134|222.917209436159|5.66977130617797|51.1292583275176|14.8051084517073|3.20772717785972||221.0|348.506|34.2406|8.52781|96.5056|15.81|32.8939|||||||||||
20231250549|Porto|Florestal|2023|0.0|0.02|0.0|0.02|1|0|0|1|0|0|20231250549|12|09-10-2023|18:16|Lg. Casal (Alto da Bandeira)|Amarante|Ataíde|Outros|130104|194806|474823|9|10|18|1970547|||711.0|Reacendimento|09-10-2023 18:16:00|09-10-2023 18:43:00|27|0.02|09-10-2023|18:43|09-10-2023|18:30|0|41.2425949997372|-8.19509000036452|Reacendimentos|26.5883117675781|38.4143907419066|5.36363609264621|1.48989891462395|321|0.0|90.4163268184391|36.9426923467937|360.073861402984|6.32125885379648|58.8028224050553|17.3419810192853|4.24398279521095||227.0|250.63|12.1651|10.5303|252.398|19.09|78.7203|||||||||||
20231250725|Braga|Florestal|2023|0.3|0.714|0.0|1.014|0|0|0|0|1|0|20231250725|12|09-10-2023|19:07|Ponte de Vilar Chão|Vieira do Minho|Anjos|CCO|31102|204112|515745|9|10|19|1980851|||610.0|Desconhecida|09-10-2023 19:07:00|09-10-2023 20:12:00|65|1.014|09-10-2023|20:12|09-10-2023|19:35|0|41.6111111111111|-8.08388888888889|Indeterminadas|24.4729858398438|43.0615604372322|4.23556401042247|1.07667187398233|349|0.0|90.8711904699943|37.3951473885213|313.614191244654|6.39814071217132|57.6152766847131|17.3077190729593|4.22915318652957||234.0|760.3|25.3741|10.0744|201.229|17.15|462.574|http://fogos.icnf.pt/sgif2010/ficheiroskml/20231250725.kmz||||||||||
20231250937|Braga|Florestal|2023|0.0|3.00601655379534|0.0|3.00601655379534|0|0|0|0|1|0|20231250937|12|09-10-2023|19:56|Ribeira de Mercequeira|Celorico de Basto|Basto (São Clemente)|112|30520|205992|498728|9|10|19|1875258|||311.0|Intencional|09-10-2023 19:56:00|09-10-2023 22:57:00|181|1.00200551793178|09-10-2023|22:57|09-10-2023|20:15|0|41.4577777777778|-8.06138888888889|Estruturais - Caça e vida selvagem|24.4729858398438|43.0615604372322|4.23556401042247|1.20665178638845|25|0.0|90.8711904699943|37.3951473885213|313.614191244654|6.39814071217132|57.6152766847131|17.3077190729593|4.22915318652957|||751.629|19.1159|10.1188|124.548|9.65||http://fogos.icnf.pt/sgif2010/ficheiroskml/20231250937.kml||||||||||
20231250945|Lisboa|Florestal|2023|0.0|0.001|0.0|0.001|0|0|0|1|0|0|20231250945|12|09-10-2023|19:55|Rua do Retiro (Bairro das Barrizes)|Cascais|Alcabideche|Populares|110501|92401|197299|9|10|19|2101004|||630.0|Desconhecida|09-10-2023 19:55:00|09-10-2023 20:41:00|46|0.001|09-10-2023|20:41|09-10-2023|20:05|0|38.7366390000449|-9.37058700005213|Indeterminadas|22.0364929199219|73.9982972575421|19.3786292390215|5.36049172906811|331|0.0|87.5119480274377|49.7023756115106|967.860779188912|3.52824872259252|88.0949429387053|13.9471631403764|2.88608364143906|||101.239|9.15788|11.1666|948.822|17.62||||||||||||
20231251004|Porto|Agrícola|2023|0.0|0.0|0.1|0.1|0|0|0|0|0|1|20231251004|12|09-10-2023|20:05|Lg do Escudeiro (Torrinha)|Póvoa de Varzim|Amorim|CCO|131303|149100|492999|9|10|20|2045026|||||09-10-2023 20:05:00|09-10-2023 21:00:00|55|0.1|09-10-2023|21:00|09-10-2023|20:14|0|41.4046599997414|-8.74184599982368||22.5880981445313|65.3813937178039|7.64969499887765|2.18706215205303|19|0.0|89.6710479655349|27.6401538342822|400.036501904386|5.15924659739946|47.1379282694664|13.1539002181084|2.60192902225995||232.0|21.6319|1.45292|11.4406|598.349|17.01|109.775|||||||||||
20231251114|Porto|Florestal|2023|0.0|0.04|0.0|0.04|0|0|0|1|0|0|20231251114|12|09-10-2023|20:39|Lugar Fernando Távora (Rua Gonçalves Zarco)|Matosinhos|Santa Cruz do Bispo|112|130808|153737|471371|9|10|20|2045026|||||09-10-2023 20:39:00|09-10-2023 21:42:00|63|0.04|09-10-2023|21:42|09-10-2023|20:55|0|41.2102000003391|-8.68474199997054||22.5880981445313|65.3813937178039|7.64969499887765|2.18706215205303|19|0.0|89.6710479655349|27.6401538342822|400.036501904386|5.15924659739946|47.1379282694664|13.1539002181084|2.60192902225995|||31.665|2.2329|11.4334|895.053|18.5||||||||||||
20231251335|Lisboa|Florestal|2023|0.0|0.001|0.0|0.001|0|0|0|1|0|0|20231251335|12|09-10-2023|21:44|Casal do Caladouro|Mafra|Milharado|112|110911|107779|219874|9|10|21|2045035|||630.0|Desconhecida|09-10-2023 21:44:00|09-10-2023 22:33:00|49|0.001|09-10-2023|22:33|09-10-2023|21:59|0|38.9416666666667|-9.19666666666667|Indeterminadas|22.8426147460938|57.2292940604125|13.6147376064058|3.37584401671282|337|0.0|92.6792229986799|64.0480007604261|938.118921198852|8.05765979816134|109.419981598754|28.3627037009372|10.1375312413033|||191.113|10.1792|10.6944|448.998|21.07||||||||||||
20231251508|Faro|Florestal|2023|0.0|0.0002|0.0|0.0002|0|0|0|1|0|0|20231251508|12|09-10-2023|22:39|Estrada da SIC (Quinta do Romão)|Loulé|Quarteira|CCO|80805|202299|12099|9|10|22|sigo|||610.0|Desconhecida|09-10-2023 22:39:00|09-10-2023 22:52:00|13|0.0002|09-10-2023|22:52|09-10-2023|22:42|0|37.0746650001738|-8.10720000002119|Indeterminadas|22.0320068359375|75.3297542632487|2.93079332665491|0.814109257404141|206|0.0|88.3025471347849|138.402624641554|1454.01093708339|6.44690083768688|223.596637362277|29.3962774985366|10.8005617205398|||-13.3456|3.76164|11.5278|455.346|14.99||||||||||||
20231251546|Braga|Florestal|2023|0.0|0.01|0.0|0.01|0|0|0|1|0|0|20231251546|12|09-10-2023|23:08|Boucinha|Póvoa de Lanhoso|Vilela|CCO|30929|189430|509677|9|10|23|1980851|||122.0|Negligente|09-10-2023 23:08:00|09-10-2023 23:25:00|17|0.01|09-10-2023|23:25|09-10-2023|23:17|0|41.5563888888889|-8.25972222222222|Queimadas de sobrantes florestais ou agrícolas|17.0559020996094|70.4915018010179|6.648796561081|1.84688793363361|58|0.0|91.1127695172633|37.1364865210087|304.272713241733|6.26360360108937|56.9087038925091|16.922679559959|4.06405208993332||212.0|177.431|16.591|10.1966|137.207|23.89|34.2744|||||||||||
20231251603|Viseu|Florestal|2023|0.014|0.0|0.0|0.014|0|0|0|1|0|0|20231251603|12|09-10-2023|23:32|Nesprido. Viseu. Portugal (Estação de Tratamento de Águas)|Viseu|Povolide|112|182320|226876|407698|9|10|23|2000464|||630.0|Desconhecida|09-10-2023 23:32:00|10-10-2023 01:40:00|128|0.007|10-10-2023|01:40|09-10-2023|23:55|0|40.6377449999915|-7.81541200002034|Indeterminadas|18.1748901367188|49.3777349900622|7.67391583375584|2.20069282699452|57|0.0|92.6428206541781|48.0294615543443|430.755168389154|9.24090070499985|75.1193037213747|25.8881311825344|8.62496108296594||234.0|308.163|19.101|10.0728|203.548|31.43|1.47988|||||||||||
20231251655|Aveiro|Florestal|2023|0.21|0.0|0.0|0.21|0|0|0|1|0|0|20231251655|12|09-10-2023|23:57|Bragal|Aveiro|Requeixo|112|10509|164294|403341|9|10|23|1985053|||610.0|Desconhecida|09-10-2023 23:57:00|10-10-2023 01:00:00|63|0.21|10-10-2023|01:00|10-10-2023|00:25|0|40.5980555555556|-8.555|Indeterminadas|19.681787109375|74.4543827639718|6.13025579996772|1.54438847575402|51|0.0|91.3955881103917|37.993777959443|438.860282189044|6.01580424830498|62.467452690495|17.2687830959853|4.21232793568385||227.0|27.9963|4.10353|10.9969|383.112|14.39|27.2168|||||||||||
20231251794|Porto|Florestal|2023|0.0|0.1|0.0|0.1|0|0|0|1|0|0|20231251794|12|10-10-2023|01:23|Lugar de Casal (Alto da Bandeira)|Amarante|Ataíde|PV|130104|194941|474874|10|10|1|1970547|||449.0|Intencional|10-10-2023 01:23:00|10-10-2023 02:41:00|78|0.1|10-10-2023|02:41|10-10-2023|01:40|0|41.2430529997084|-8.19348500039842|Incendiarismo - Imputáveis|16.8558898925781|63.448494336115|5.33977718314915|1.51837359659529|83|0.0|90.4658217455175|39.232604222936|365.637662550445|5.65573462805969|61.868986816755|16.403126000761|3.84582061521786||212.0|250.63|12.1651|10.5303|252.398|19.09|7.92717|||||||||||
20231251873|Vila Real|Florestal|2023|0.0|0.03|0.0|0.03|0|0|0|1|0|0|20231251873|12|10-10-2023|02:29|Junto A4 (Serrinha)|Vila Real|Vale de Nogueiras|PV|171427|240687|482196|10|10|2|2020736|||11.0|Negligente|10-10-2023 02:29:00|10-10-2023 03:32:00|63|0.03|10-10-2023|03:32|10-10-2023|02:40|0|41.307978000111|-7.64727300008138|Uso do fogo - Queima de lixo|15.0028015136719|68.9206513265706|2.3850209896608|0.636547073923469|325|0.0|90.7389435381031|41.487226542333|449.522610391813|5.92611495781862|67.4189269048732|17.7974926093503|4.44328343601872||237.0|729.813|11.4793|10.5056|294.293|21.14|48.2948|||||||||||
20231252671|Braga|Florestal|2023|0.0|0.2|0.0|0.2|0|0|0|1|0|0|20231252671|12|10-10-2023|09:19|Castanheira|Póvoa de Lanhoso|Travassos|CCO|30927|193511|510841|10|10|9|1980851|||122.0|Negligente|10-10-2023 09:19:00|10-10-2023 09:40:00|21|0.2|10-10-2023|09:40|10-10-2023|09:21|0|41.5668850000037|-8.21092700004578|Queimadas de sobrantes florestais ou agrícolas|19.4779907226563|66.7694681392297|6.68778587167539|1.85771829768761|76|0.0|90.908265120166|39.6950758187163|319.085256796412|5.83133101571868|60.5566277054118|16.5891916928933|3.92337258702587||234.0|341.771|21.3286|9.83969|109.502|18.34|16.11|||||||||||
20231253027|Setúbal|Florestal|2023|0.0|0.001|0.0|0.001|0|0|0|1|0|0|20231253027|12|10-10-2023|10:24|Rua Joaquim Pereira Tomé Lopes|Palmela|Palmela|112|150802|134932|178148|10|10|10|2010707|||630.0|Desconhecida|10-10-2023 10:24:00|10-10-2023 10:49:00|25|0.001|10-10-2023|10:49|10-10-2023|10:37|0|38.5682920000288|-8.8796880001492|Indeterminadas|23.5100952148438|57.9455787268609|1.5876503457141|0.441013984920584|109|0.0|90.2202625374986|75.1933937361795|1086.07927115816|5.47324540480584|128.197745224784|23.1734471392509|7.08928342654624|||73.6681|6.74038|10.8441|727.467|29.38||||||||||||
20231253471|Viseu|Florestal|2023|0.0|0.0188|0.0|0.0188|0|0|0|1|0|0|20231253471|12|10-10-2023|11:39|Damião|Vila Nova de Paiva|Pendilhe|112|182203|226841|438238|10|10|11|2000464|||122.0|Negligente|10-10-2023 11:39:00|10-10-2023 13:04:00|85|0.0188|10-10-2023|13:04|10-10-2023|11:55|0|40.9127777777778|-7.81444444444444|Queimadas de sobrantes florestais ou agrícolas|25.9995971679688|38.5226538870419|7.20927395073683|1.60288203151825|75|0.0|92.6713788977979|49.5203616219316|463.281847439416|8.5090229186639|78.1555396055655|24.9478031505518|8.07822769753945||227.0|699.865|21.0058|11.2169|164.22|18.08|10.12|http://fogos.icnf.pt/sgif2010/ficheiroskml/1253471_10OUT23_Pendilhe_VNP.kml||||||||||
20231253501|Braga|Florestal|2023|0.0|0.1|0.0|0.1|0|0|0|1|0|0|20231253501|12|10-10-2023|11:44|Castanheira|Póvoa de Lanhoso|Travassos|Outros|30927|193663|511012|10|10|11|1980851|||449.0|Intencional|10-10-2023 11:44:00|10-10-2023 12:44:00|60|0.1|10-10-2023|12:44|10-10-2023|12:00|0|41.5684329999818|-8.20910699950324|Incendiarismo - Imputáveis|25.2064147949219|47.7801220864612|4.79488853961142|1.13173986445687|123|0.0|90.908265120166|39.6950758187163|319.085256796412|5.83133101571868|60.5566277054118|16.5891916928933|3.92337258702587||227.0|202.74|22.56|10.035|133.868|24.85|39.8472|http://fogos.icnf.pt/sgif2010/ficheiroskml/travassos.kmz||||||||||
20231253623|Castelo Branco|Florestal|2023|0.0|0.0458|0.0|0.0458|0|0|0|1|0|0|20231253623|12|10-10-2023|12:07|Cabeço de S. Tiago (Fonte do Soldado)|Belmonte|Belmonte|112|50101|266885|375395|10|10|12|sigo|||211.0|Negligente|10-10-2023 12:07:00|10-10-2023 12:32:00|25|0.0458|10-10-2023|12:32|10-10-2023|12:17|0|40.3446049997542|-7.34590000046624|Acidentais - Transportes e Comunicações|27.2640930175781|27.7415048736572|5.38368061874075|1.4954668385391|73|0.0|92.9921938784059|54.6790244166694|380.437752990976|8.59729745572834|80.4507625774058|25.4915045743661|8.3924523646761||234.0|513.974|13.8922|9.95313|195.622|22.24|2.27746|||||||||||
20231254180|Santarém|Agrícola|2023|0.0|0.0|0.0035|0.0035|0|0|0|0|0|1|20231254180|12|10-10-2023|13:57|Escola Profissional de Desenvolvimento Rural (Casal da Murteira)|Abrantes|Mouriscas|112|140106|204285|282545|10|10|13|1980072|||142.0|Negligente|10-10-2023 13:57:00|10-10-2023 14:21:00|24|0.0035|10-10-2023|14:21|10-10-2023|14:21|0|39.5110380003187|-8.08327200041877|Uso do fogo - Fogueiras|31.5483947753906|22.253673744727|2.91899285913458|0.687514926366834|36|0.0|94.8417323436586|71.0254490577703|725.490377244836|11.130719032494|114.120041187403|35.85451576508|15.3501116564352||213.0|162.059|10.1888|10.9469|165.841|16.82|1.51872|||||||||||
20231254286|Aveiro|Florestal|2023|0.0|0.0005|0.0|0.0005|0|0|0|1|0|0|20231254286|12|10-10-2023|14:16|Rua dos Combatentes (Serro)|Oliveira de Azeméis|Nogueira do Cravo|112|11308|172367|435127|10|10|14|2040889|||6.0|Desconhecida|10-10-2023 14:16:00|10-10-2023 14:56:00|40|0.0005|10-10-2023|14:56|10-10-2023|14:31|0|40.8847019999557|-8.46098500039842|Indeterminadas|28.7777954101563|36.0369373376232|3.81928349829689|1.06091208286025|303|0.0|91.6735904836197|41.5101343578026|268.374546442998|6.32284036385234|59.8697675844488|17.5138878639521|4.31872990145937||227.0|239.923|13.8782|10.5787|719.778|21.16|70.3962|||||||||||
20231254331|Lisboa|Florestal|2023|0.0|0.01|0.0|0.01|0|0|0|1|0|0|20231254331|12|10-10-2023|14:23|EN9 W-E entre #Runa e Zibreira (Casal de São José)|Torres Vedras|Carvoeira|Outros|111304|108500|234400|10|10|14|sigo|||||10-10-2023 14:23:00|10-10-2023 14:27:00|4|0.01|10-10-2023|14:27|10-10-2023|14:45|0|39.0725879997677|-9.19040799988641||29.5126892089844|34.7781869057252|5.0868132206865|1.41300367241292|287|0.0|92.7294650217138|67.060769099642|944.050659968383|7.28948022722994|113.89514481787|26.9520833763648|9.26226811632475||231.0|92.86|11.3239|10.6088|174.198|19.72|1.98959|||||||||||
20231254514|Braga|Florestal|2023|0.3|0.0|0.0|0.3|0|0|0|1|0|0|20231254514|12|10-10-2023|15:04|Casadela|Fafe|Quinchães|112|30722|199670|494388|10|10|15|1875250|||4.0|Intencional|10-10-2023 15:04:00|10-10-2023 15:39:00|35|0.3|10-10-2023|15:39|10-10-2023|15:14|0|41.4188888888889|-8.13722222222222|Incendiarismo - Sem motivação conhecida|27.6065002441406|39.6255390429252|3.86515912448351|1.07365531235653|292|0.0|90.4658217455175|39.232604222936|365.637662550445|5.65573462805969|61.868986816755|16.403126000761|3.84582061521786|||449.847|39.1802|9.92781|322.002|17.67||http://fogos.icnf.pt/sgif2010/ficheiroskml/1254514-casadela.kml||||||||||
20231254521|Viana do Castelo|Florestal|2023|0.0|0.003|0.0|0.003|0|0|0|1|0|0|20231254521|12|10-10-2023|15:05|Santana (GROVELAS)|Ponte da Barca|Grovelas|CCO|160610|174881|531231|10|10|15|sigo|||448.0|Intencional|10-10-2023 15:05:00|10-10-2023 15:17:00|12|0.003|10-10-2023|15:17|10-10-2023|15:05|0|41.7501019999964|-8.43513799998495|Incendiarismo - Imputáveis|27.0330139160156|43.5359028917402|5.60568803939469|1.55713556649852|272|0.0|91.104544744019|38.1907512467754|228.477879480105|5.76010000775758|53.8701263431919|15.419667317858|3.4471617395254||212.0|197.958|32.1744|9.12625|164.424|12.62|64.1916|||||||||||
20231254536|Braga|Florestal|2023|0.01|0.0|0.0|0.01|0|0|0|1|0|0|20231254536|12|10-10-2023|15:07|Casadela|Fafe|Quinchães|112|30722|199644|494382|10|10|15|1875250|||4.0|Intencional|10-10-2023 15:07:00|10-10-2023 17:00:00|113|0.01|10-10-2023|17:00|||0|41.4186111111111|-8.1375|Incendiarismo - Sem motivação conhecida|27.6065002441406|39.6255390429252|3.86515912448351|1.37313035740123|292|0.0|90.4658217455175|39.232604222936|365.637662550445|5.65573462805969|61.868986816755|16.403126000761|3.84582061521786|||529.664|45.7564|9.92781|274.846|19.08||http://fogos.icnf.pt/sgif2010/ficheiroskml/1254514-casadela(1).kml||||||||||
20231254660|Vila Real|Florestal|2023|0.1|0.0|0.0|0.1|0|0|0|1|0|0|20231254660|12|10-10-2023|15:29|Teloes (Ponte da Poça)|Vila Pouca de Aguiar|Telões|PV|171311|236084|497949|10|10|15|1875076|Perimetro Florestal do Alvão||448.0|Intencional|10-10-2023 15:29:00|10-10-2023 16:05:00|36|0.1|10-10-2023|16:05|10-10-2023|15:41|0|41.4500300000008|-7.70130200001929|Incendiarismo - Imputáveis|26.7799926757813|34.7146926788638|3.05008544449317|1.08835905073059|234|0.0|90.985175993341|41.3142892648746|414.434751748031|6.02239300536882|66.1440991612469|17.8259949353704|4.45588621800842|||769.46|21.527|10.3134|176.98|19.58||||||||||||
20231254911|Castelo Branco|Agrícola|2023|0.0093|0.0|0.04|0.0493|0|0|0|0|0|1|20231254911|12|10-10-2023|16:22|Santa Bárbara (Cantinhos)|Castelo Branco|Lousa|PV|50213|264266|331121|10|10|16|1980346|||224.0|Negligente|10-10-2023 16:22:00|10-10-2023 16:48:00|26|0.0493|10-10-2023|16:48|10-10-2023|16:36|0|39.9461169995202|-7.38112499978807|Acidentais - Maquinaria|30.280908203125|20.1552341649029|0.958846504448415|0.266346251235671|132|0.0|94.0048381302398|63.7965569020283|564.741645058837|10.0206240175578|99.494418613011|31.467539414411|12.1838917900184||231.0|356.899|3.26411|11.1484|49.0236|17.44|942.091|||||||||||
20231255051|Leiria|Florestal|2023|0.0|0.165|0.0|0.165|0|0|0|1|0|0|20231255051|12|10-10-2023|16:47|Quinta Nova (Quinta das Inglesas)|Alcobaça|Aljubarrota (Prazeres)|Populares|100111|129705|287954|10|10|16|2050221|||221.0|Negligente|10-10-2023 16:47:00|10-10-2023 18:19:00|92|0.165|10-10-2023|18:19|10-10-2023|16:52|0|39.5568799999025|-8.95100700000922|Acidentais - Maquinaria|28.0815063476563|41.7631464130175|13.5606631095615|3.08277908481881|318|0.0|93.1076473079259|51.2441050627121|678.897490916902|7.4591287367789|86.2184884774617|23.9344712059617|7.50656233411525|||65.6006|14.0985|10.7044|263.214|24.32||||||||||||
20231255069|Santarém|Agrícola|2023|0.0|0.0|0.001|0.001|0|0|0|0|0|1|20231255069|12|10-10-2023|16:58|Asseiceira - EN1 (IC2 (IC2) Km 65)|Rio Maior|Asseiceira|CCO|141410|130445|256389|10|10|16|1980072|||610.0|Desconhecida|10-10-2023 16:58:00|10-10-2023 16:59:00|1|0.001|10-10-2023|16:59|10-10-2023|16:59|0|39.2726670000288|-8.93911300023397|Indeterminadas|30.6014038085938|30.1637946109655|12.0032936039363|3.33424822331565|309|0.0|94.0766168627636|64.8688268472299|832.794669171531|9.4177168205|108.59139551789|31.4135235999578|12.1468978748148||232.0|73.5206|8.13004|10.8469|407.419|23.29|4.23439|||||||||||
20231255222|Braga|Florestal|2023|0.0|0.005|0.0|0.005|1|0|0|1|0|0|20231255222|12|10-10-2023|17:38|ED311 (ED311) Km 9|Fafe|Moreira do Rei|Outros|30718|203472|502830|10|10|17|1875234|||711.0|Reacendimento|10-10-2023 17:38:00|10-10-2023 19:04:00|86|0.005|10-10-2023|19:04|10-10-2023|17:46|0|41.4947222222222|-8.09166666666667|Reacendimentos|25.4252868652344|50.4434907264601|5.61055261790385|1.40317647624534|275|0.0|90.908265120166|39.6950758187163|319.085256796412|5.83133101571868|60.5566277054118|16.5891916928933|3.92337258702587||223.0|538.376|24.4465|9.59062|126.465|13.97|30.9465|||||||||||
20231255416|Braga|Florestal|2023|0.896858393716812|0.587541293811798|0.0|1.48439968752861|0|0|0|0|1|0|20231255416|12|10-10-2023|18:26|Avª Nossa Senhora da Conceição (Senhora da Conceição)|Vila Verde|Oriz (Santa Marinha)|112|31343|180895|526802|10|10|18|sigo|||630.0|Desconhecida|10-10-2023 18:26:00|10-10-2023 20:08:00|102|1.48439968752861|10-10-2023|20:08|10-10-2023|19:00|0|41.710396999783|-8.36269700050354|Indeterminadas|23.6775146484375|51.0252556196591|4.6106835998676|0.486720458377951|334|0.0|91.104544744019|38.1907512467754|228.477879480105|5.76010000775758|53.8701263431919|15.419667317858|3.4471617395254|||119.919|18.1682|9.07156|157.569|16.83||||||||||||
20231255458|Viseu|Agrícola|2023|0.0|0.0|0.03|0.03|0|0|0|0|0|1|20231255458|12|10-10-2023|18:38|Cotelo|Castro Daire|Gosende|PV|180309|217737|449271|10|10|18|2000464|||121.0|Negligente|10-10-2023 18:38:00|10-10-2023 20:29:00|111|0.03|10-10-2023|20:29|10-10-2023|19:09|0|41.0123490005069|-7.92227500014835|Queimadas de sobrantes florestais ou agrícolas|23.0956970214844|45.8139550191751|6.60314393034|1.55784282813214|312|0.0|91.3175513700997|43.2896070923396|390.381015932529|6.92281535289565|67.7868840266735|20.0019186354537|5.46343443607315||231.0|1102.1|20.1406|10.1456|115.343|11.07|1121.12|||||||||||
20231255500|Porto|Florestal|2023|0.0|0.0002|0.0|0.0002|0|0|0|1|0|0|20231255500|12|10-10-2023|18:50|Rua de Belide (Travessa de Belide)|Vila Nova de Gaia|Valadares|112|131722|156600|458542|10|10|18|2225074|||610.0|Desconhecida|10-10-2023 18:50:00|10-10-2023 19:17:00|27|0.0002|10-10-2023|19:17|10-10-2023|18:56|0|41.0948569997152|-8.64969799995422|Indeterminadas|24.0487915039063|63.7499910461194|6.58037292008059|1.7635135396379|340|0.0|89.8941831815326|31.5864531433025|385.125310483683|4.32319968018033|52.4239037302388|12.1402071007764|2.25761089882021||232.0|5.56875|3.78954|11.3909|780.627|16.81|67.6494|||||||||||
20231255540|Lisboa|Florestal|2023|0.0|0.001|0.0|0.001|0|0|0|1|0|0|20231255540|12|10-10-2023|18:58|Rua Covilhã (Águas Medicinais de Casais)|Sintra|Casal de Cambra|112|111115|104155|204323|10|10|18|2101004|||610.0|Desconhecida|10-10-2023 18:58:00|10-10-2023 19:32:00|34|0.001|10-10-2023|19:32|10-10-2023|19:10|0|38.80125|-9.23639899995592|Indeterminadas|21.8698059082031|77.7416407527618|8.17677239880974|2.60080487442193|292|0.0|87.5604840728551|51.1781958030004|972.856048842232|3.26820058666449|90.4595708149578|13.339164421628|2.66714466124393|||242.264|10.5666|11.1197|891.427|18.36||||||||||||
20231255617|Braga|Florestal|2023|0.0|0.05|0.0|0.05|0|0|0|1|0|0|20231255617|12|10-10-2023|19:10|Travessa de Gurfaz (Barrelas)|Esposende|Marinhas||30612|145036|511206|10|10|19|2195398|||312.0|Negligente|10-10-2023 19:10:00|10-10-2023 20:51:00|101|0.05|10-10-2023|20:51|10-10-2023|20:15|0|41.5683070000013|-8.79210300021701|Acidentais - Outros|22.6069885253906|59.9489035963128|3.98239228090848|0.985734260653057|10|0.0|90.3977040881112|34.2608876639318|323.189230441681|4.88082366200397|54.1664742121787|13.612188321986|2.76453042224744|||27.3337|5.36775|11.0175|368.696|11.42||||||||||||
20231255626|Viana do Castelo|Agrícola|2023|0.0|0.0|0.003|0.003|0|0|0|0|0|1|20231255626|12|10-10-2023|19:20|Rua de Bralde (Mangoeiro)|Vila Nova de Cerveira|Gondarém|112|161006|149316|549624|10|10|19|1960909|||115.0|Negligente|10-10-2023 19:20:00|10-10-2023 20:14:00|54|0.003|10-10-2023|20:14|10-10-2023|19:42|0|41.914462000529|-8.74407000011868|Uso do fogo - Queima de lixo|21.8918090820313|72.0097507174838|3.91951332799049|1.02832243868208|20|0.0|87.1923158869278|21.082281429108|284.749532581159|3.52154261343134|35.5790584321804|8.13894327338748|1.11243412342882|||198.107|20.7382|9.99437|372.196|20.14||||||||||||
20231255749|Vila Real|Florestal|2023|0.0|1.0|0.0|1.0|0|0|0|0|1|0|20231255749|12|10-10-2023|19:55|Telões. Vila Pouca de Aguiar. Portugal (Cavadas)|Vila Pouca de Aguiar|Telões|112|171311|237074|499123|10|10|19|1875076|||449.0|Intencional|10-10-2023 19:55:00|10-10-2023 21:59:00|124|0.5|10-10-2023|21:59|10-10-2023|20:30|0|41.4605599996779|-7.68939000023736|Incendiarismo - Imputáveis|20.4606872558594|49.3630312457253|5.57811756283381|1.29310999311562|294|0.0|90.985175993341|41.3142892648746|414.434751748031|6.02239300536882|66.1440991612469|17.8259949353704|4.45588621800842|||704.477|9.28279|9.43344|186.804|19.16||||||||||||
20231255843|Viana do Castelo|Florestal|2023|0.0|0.005|0.0|0.005|0|0|0|1|0|0|20231255843|12|10-10-2023|20:21|Santana (Bárrio)|Ponte da Barca|Boivães|Populares|160602|174273|532152|10|10|20|sigo|||448.0|Intencional|10-10-2023 20:21:00|10-10-2023 21:06:00|45|0.005|10-10-2023|21:06|10-10-2023|20:47|0|41.7583699999915|-8.44248499976264|Incendiarismo - Imputáveis|19.7052856445313|66.0358149743931|2.46928379195514|0.833725369193747|63|0.0|91.104544744019|38.1907512467754|228.477879480105|5.76010000775758|53.8701263431919|15.419667317858|3.4471617395254||212.0|197.958|32.1744|8.83781|164.424|12.62|64.1916|||||||||||
20231256070|Porto|Florestal|2023|0.0|0.06|0.0|0.06|0|0|0|1|0|0|20231256070|12|10-10-2023|21:29|Figueiró-Santa Cristina. Amarante. Portugal (Granja)|Amarante|Figueiró (Santa Cristina)|112|130131|196986|479917|10|10|21|1970547|||610.0|Desconhecida|10-10-2023 21:29:00|10-10-2023 23:35:00|126|0.03|10-10-2023|23:35|10-10-2023|21:40|0|41.2884700001611|-8.16910700003306|Indeterminadas|19.2355895996094|65.6084685302127|1.24969824023561|0.826631239656857|91|0.0|90.4658217455175|39.232604222936|365.637662550445|5.65573462805969|61.868986816755|16.403126000761|3.84582061521786|||386.055|18.367|10.1475|210.664|16.58||||||||||||
20231256113|Lisboa|Florestal|2023|0.0|0.1|0.0|0.1|0|0|0|1|0|0|20231256113|12|10-10-2023|21:35|Rua das Passarinhas (Toja)|Sintra|Terrugem|Populares|111113|92318|208747|10|10|21|2101004|||630.0|Desconhecida|10-10-2023 21:35:00|10-10-2023 22:06:00|31|0.1|10-10-2023|22:06|10-10-2023|21:54|0|38.8397200001611|-9.3733300002416|Indeterminadas|19.7864013671875|89.271812879454|9.35636617137158|2.15034388563386|353|0.0|87.5604840728551|51.1781958030004|972.856048842232|3.26820058666449|90.4595708149578|13.339164421628|2.66714466124393||232.0|153.212|3.6938|11.3737|420.41|18.28|311.644|||||||||||
20231256129|Viana do Castelo|Florestal|2023|0.0|0.005|0.0|0.005|0|0|0|1|0|0|20231256129|12|10-10-2023|21:47|Soutelo - Rua das Cruzes (Soutelo)|Ponte da Barca|Grovelas|CCO|160610|174164|531216|10|10|21|sigo|||122.0|Negligente|10-10-2023 21:47:00|10-10-2023 21:57:00|10|0.005|10-10-2023|21:57|10-10-2023|21:47|0|41.7499419996474|-8.44375299983554|Queimadas de sobrantes florestais ou agrícolas|17.4764038085938|73.962141685268|3.58056427062428|0.994601186284523|69|0.0|91.104544744019|38.1907512467754|228.477879480105|5.76010000775758|53.8701263431919|15.419667317858|3.4471617395254||212.0|197.958|32.1744|9.12625|164.424|12.62|64.1916|||||||||||
20231256200|Porto|Florestal|2023|6.86763071846962|14.5258428869247|0.0|21.3934736053944|0|0|0|0|1|0|20231256200|12|10-10-2023|22:13|Boelhe (Samarda)|Penafiel|Boelhe|PV|131102|190207|462606|10|10|22|2195347|||6.0|Desconhecida|10-10-2023 22:13:00|11-10-2023 03:25:00|312|4.3823148461318|11-10-2023|03:25|10-10-2023|22:35|0|41.1325519996219|-8.24975300047133|Indeterminadas|18.9962097167969|72.8709432452836|4.9705299005414|1.3310744412928|107|0.0|90.5616938966971|37.0768680204245|265.891613282868|5.4724143652589|54.9853546737|14.9957426738053|3.28119640816687|||280.231|18.2734|9.98813|101.889|17.6||http://fogos.icnf.pt/sgif2010/ficheiroskml/20231256200_1.kml||||||||||
20231256277|Porto|Florestal|2023|0.0|0.5|0.0|0.5|0|0|0|1|0|0|20231256277|12|10-10-2023|22:42|Castelo Matos (Outoreça)|Baião|Ovil|Populares|130211|210398|467150|10|10|22|1970547|||449.0|Intencional|10-10-2023 22:42:00|11-10-2023 00:15:00|93|0.5|11-10-2023|00:15|10-10-2023|23:00|0|41.1734569999907|-8.00922199991014|Incendiarismo - Imputáveis|18.6127868652344|64.7057314971205|3.90647934761514|1.1695909328158|101|0.0|90.6017160458231|39.0907920575861|272.714875671484|5.94357578752462|57.5563496863349|16.3699161646571|3.83204967174646|||506.604|18.7387|9.64531|167.523|18.61||||||||||||
20231256352|Lisboa|Florestal|2023|0.0|0.02|0.0|0.02|0|0|0|1|0|0|20231256352|12|10-10-2023|23:25|Runa|Torres Vedras|Runa|112|111312|106700|234500|10|10|23|sigo|||||10-10-2023 23:25:00|10-10-2023 23:53:00|28|0.02|10-10-2023|23:53|10-10-2023|23:40|0|39.0732980002297|-9.21121699968974||18.6044860839844|79.047982047565|5.98882006430765|1.66356112897435|350|0.0|92.7294650217138|67.060769099642|944.050659968383|7.28948022722994|113.89514481787|26.9520833763648|9.26226811632475|||68.7725|10.1051|10.4016|269.113|23.36||||||||||||
20231256405|Porto|Florestal|2023|0.181886786389351|1.56635896267891|0.0|1.74824574906826|0|0|0|0|1|0|20231256405|12|10-10-2023|23:50|LG Perafita (Perafita)|Penafiel|Boelhe|CCO|131102|190114|462343|10|10|23|2195347|||6.0|Desconhecida|10-10-2023 23:50:00|11-10-2023 02:10:00|140|0.87412287453413|11-10-2023|02:10|11-10-2023|00:05|0|41.1301750002967|-8.25086500002278|Indeterminadas|17.9818054199219|74.2044176371242|5.45048813449069|1.39569172242225|109|0.0|90.5616938966971|37.0768680204245|265.891613282868|5.4724143652589|54.9853546737|14.9957426738053|3.28119640816687|||280.231|18.2734|9.98813|101.889|17.6||||||||||||
20231256596|Porto|Florestal|2023|0.0|0.02|0.0|0.02|0|0|0|1|0|0|20231256596|12|11-10-2023|02:09|RUA DA COSTA NOVA (Arcas)|Lousada|Cristelos|Outros|130508|186974|477990|11|10|2|2195394|||610.0|Desconhecida|11-10-2023 02:09:00|11-10-2023 02:35:00|26|0.02|11-10-2023|02:35|11-10-2023|02:13|0|41.2710220000479|-8.28859200000763|Indeterminadas|15.9179931640625|85.536796470257|3.83811444157251|1.06614290043681|103|0.0|89.7755526751195|38.6830868695704|372.801709479017|5.56604707583005|61.4305915674879|16.14385197867|3.73888054101514|||257.823|17.5902|10.4144|312.776|23.63||||||||||||
20231256632|Viana do Castelo|Florestal|2023|0.33|0.0|0.0|0.33|0|0|0|1|0|0|20231256632|12|11-10-2023|02:47|Alderiz (Quinta da Vista)|Monção|Pias|CCO|160420|167915|562008|11|10|2|1960909|||448.0|Intencional|11-10-2023 02:47:00|11-10-2023 03:41:00|54|0.33|11-10-2023|03:41|11-10-2023|02:53|0|42.0269300005171|-8.52057000001272|Incendiarismo - Imputáveis|15.3558898925781|82.7560890605234|5.03877963683095|1.50002304061102|115|0.0|88.5834918065628|32.30662265724|287.651161402425|5.82325118096064|50.4483746202274|15.0009163669403|3.28320039960693||227.0|95.8581|11.573|10.2809|146.684|9.91|624.185|||||||||||
20231256782|Leiria|Florestal|2023|0.01|0.0|0.0|0.01|0|0|0|1|0|0|20231256782|12|11-10-2023|06:15|Rua Vale de São João (ER357 (ER357) Km 3)|Leiria|Caranguejeira|112|100907|152091|305852|11|10|6|2050221|||610.0|Desconhecida|11-10-2023 06:15:00|11-10-2023 06:56:00|41|0.01|11-10-2023|06:56|11-10-2023|06:43|0|39.7196179999246|-8.69184700012207|Indeterminadas|14.189111328125|78.7697237112239|3.44796068679447|0.957766857442908|92|0.0|93.0040519192224|57.5587137697821|567.142632270917|9.04766934005922|91.8205085991964|28.247373370711|10.0646827200277|||156.37|12.0246|10.6025|227.817|15.23||||||||||||
20231256873|Leiria|Florestal|2023|0.0|0.35|0.0|0.35|0|0|0|1|0|0|20231256873|12|11-10-2023|07:18|Acampamento Baptista - Água de Madeiros (Água  Madeiros)|Alcobaça|Pataias|112|100110|122480|307712|11|10|7|2050221|Perimetro Florestal Alva de Madeiros||610.0|Desconhecida|11-10-2023 07:18:00|11-10-2023 08:49:00|91|0.35|11-10-2023|08:49|11-10-2023|07:21|0|39.7341929999987|-9.03738300005595|Indeterminadas|16.252099609375|80.0709041217168|3.17692000780986|0.884787697118401|147|0.0|90.0187004896847|43.2335530053391|593.266765211498|6.09499563568227|73.1418163604234|18.986657290512|4.98221849156889|||51.6315|6.56918|11.2208|138.483|8.32||||||||||||
20231257271|Porto|Florestal|2023|0.0|0.15|0.0|0.15|0|0|0|1|0|0|20231257271|12|11-10-2023|08:58|Boelhe (Picada)|Penafiel|Boelhe|112|131102|190900|462403|11|10|8|2195347|||6.0|Desconhecida|11-10-2023 08:58:00|11-10-2023 10:32:00|94|0.15|11-10-2023|10:32|11-10-2023|09:10|0|41.1307299995422|-8.24149999989404|Indeterminadas|16.2156921386719|76.675013639781|7.32571510231342|1.58110239275945|120|0.0|90.2841708604184|39.1892636003304|271.269674073884|5.94059479085183|57.5819369358277|16.3676900883797|3.83112736529956|||280.231|18.2734|9.98813|101.889|17.6||||||||||||
20231257715|Lisboa|Florestal|2023|0.08|0.0|0.0|0.08|0|0|0|1|0|0|20231257715|12|11-10-2023|10:05|Alguber (Gouxaria)|Cadaval|Alguber||110401|124402|257100|11|10|10|2225085|||630.0|Desconhecida|11-10-2023 10:05:00|11-10-2023 13:08:00|183|0.0266666666666667|11-10-2023|13:08|11-10-2023|10:51|0|39.2785620000627|-9.00921699947781|Indeterminadas|24.0411926269531|56.0782025069569|4.43750993063709|1.42844093201467|224|0.0|91.7455461990218|56.8722294853741|865.141166575779|7.34018776960085|97.6897549111077|25.2174687858477|8.23342520810941|||90.8106|9.26254|10.7953|308.791|17.95||||||||||||
20231258303|Braga|Florestal|2023|0.0|10.0|0.0|10.0|0|0|0|0|1|0|20231258303|12|11-10-2023|12:01|L. Monte (Coto Grande)|Vila Verde|Valões|RNPV|31356|173865|529754|11|10|12|sigo|||125.0|Negligente|11-10-2023 12:01:00|11-10-2023 13:27:00|86|10.0|11-10-2023|13:27|11-10-2023|12:15|0|41.7367680001259|-8.44729500028822|Queimadas para gestão de pasto para gado|25.4949890136719|46.3325006085839|7.77726410603052|2.2013264209964|214|0.0|90.6286897593862|40.3533758374963|233.770977502566|6.94113010595393|56.3772514757824|18.1722639012035|4.61023322379515|||425.621|32.3629|10.0259|164.615|15.01||||||||||||
20231258368|Vila Real|Florestal|2023|0.0|0.12|0.0|0.12|0|0|0|1|0|0|20231258368|12|11-10-2023|12:14|Cavaleiro|Santa Marta de Penaguião|Fontes|Populares|171103|226756|474314|11|10|12|2195382|||610.0|Desconhecida|11-10-2023 12:14:00|11-10-2023 12:49:00|35|0.12|11-10-2023|12:49|11-10-2023|12:20|0|41.2375900000996|-7.81397199948629|Indeterminadas|26.1754089355469|43.6540987504654|2.49330783603404|0.692585510009455|182|0.0|90.4077356328259|41.2267213032392|408.960848486917|5.15326623595076|65.8562672037195|15.8248508660907|3.60910936018077|||635.902|39.585|8.26406|178.159|15.52||||||||||||
20231258452|Porto|Florestal|2023|0.0|0.33|0.0|0.33|0|0|0|1|0|0|20231258452|12|11-10-2023|12:36|Lg. de Varziela (Casal)|Penafiel|Recezinhos (São Mamede)|PV|131132|194779|474789|11|10|12|2195347|||630.0|Desconhecida|11-10-2023 12:36:00|11-10-2023 13:08:00|32|0.33|11-10-2023|13:08|11-10-2023|12:40|0|41.2422929996914|-8.19541499985589|Indeterminadas|26.5480895996094|45.8221982556563|3.75275473188945|1.27626883072155|237|0.0|90.5153330133632|41.5022415716397|371.120318678375|5.57601909859646|64.8688399839769|16.654760245562|3.9508618666156|||226.476|16.8553|10.5303|260.032|19.48||||||||||||
20231258481|Castelo Branco|Florestal|2023|0.0018|0.0|0.0|0.0018|0|0|0|1|0|0|20231258481|12|11-10-2023|12:41|Sapateira|Castelo Branco|Castelo Branco|Sapadores florestais|50205|255903|314738|11|10|12|sigo|||114.0|Negligente|11-10-2023 12:41:00|11-10-2023 13:00:00|19|0.0018|11-10-2023|13:00|11-10-2023|12:43|0|39.7991719998254|-7.48036499977112|Uso do fogo - Queima de lixo|29.4384094238281|26.736324880668|2.90255032978744|0.766744226191135|184|0.0|94.3326559916947|71.0693915756405|597.783344551771|9.1418521638733|109.571796402784|30.9142787017338|11.8072984989449|||309.819|11.8651|10.7797|369.098|13.12||||||||||||
20231258483|Viseu|Florestal|2023|0.26|0.0|0.0|0.26|0|0|0|1|0|0|20231258483|12|11-10-2023|12:41|FACHO|Sátão|Mioma|PV|181706|234732|421298|11|10|12|2000464|Perimetro Florestal do Seixo e Facho||211.0|Negligente|11-10-2023 12:41:00|11-10-2023 13:18:00|37|0.26|11-10-2023|13:18|11-10-2023|12:54|0|40.76|-7.72166666666667|Acidentais - Transportes e Comunicações|27.4929138183594|27.4541890400045|3.18814078248767|1.02246220004987|223|0.0|93.5073247294672|56.1373897666285|549.877274026063|8.27122098805083|89.4458038981361|26.2116408396387|8.81665106314069||227.0|625.692|21.465|9.97281|178.596|25.58|2167.03|http://fogos.icnf.pt/sgif2010/ficheiroskml/Sátão - Incêndio nº 20231258483 - Fontaínhas.kml||||||||||
20231258552|Aveiro|Agrícola|2023|0.0|0.0|0.0141|0.0141|0|0|0|0|0|1|20231258552|12|11-10-2023|12:57|Jt ao campo de futebol (Quintal)|Estarreja|Avanca|Outros|10801|160063|426602|11|10|12|2045033|||6.0|Desconhecida|11-10-2023 12:57:00|11-10-2023 13:41:00|44|0.0141|11-10-2023|13:41|11-10-2023|13:10|0|40.8074299997754|-8.60641299989488|Indeterminadas|25.4086853027344|52.9756840353152|6.34117952658945|2.09323531475328|238|0.0|89.6518309039346|38.9381257803358|372.542383548084|5.61399109051519|61.7428472840531|16.293729442379|3.80053896978935||232.0|4.57188|1.84846|11.4413|404.483|14.21|1402.0|||||||||||
20231258764|Porto|Agrícola|2023|0.0|0.0|0.1|0.1|0|0|0|0|0|1|20231258764|12|11-10-2023|13:38|Lugar da Igreja (Corgo)|Paços de Ferreira|Lamoso|Populares|130909|181199|483600|11|10|13|2195345|||610.0|Desconhecida|11-10-2023 13:38:00|11-10-2023 14:07:00|29|0.1|11-10-2023|14:07|11-10-2023|13:45|0|41.3214179997974|-8.35767800013224|Indeterminadas|26.6421142578125|50.173327180121|6.79751131585208|2.10634457587763|244|0.0|89.7755526751195|38.6830868695704|372.801709479017|5.56604707583005|61.4305915674879|16.14385197867|3.73888054101514||223.0|360.238|8.77769|10.7916|341.798|20.25|225.182|||||||||||
20231258840|Vila Real|Florestal|2023|0.5|0.0|0.0|0.5|0|0|0|1|0|0|20231258840|12|11-10-2023|13:55|Outeiro do Grosal|Montalegre|Pitões das Junias|Outros|170623|214739|543106|11|10|13|1875311|PNPG Baldios cogeridos|Peneda-Geres|125.0|Negligente|11-10-2023 13:55:00|11-10-2023 14:17:00|22|0.5|11-10-2023|14:17|||0|41.8572222222222|-7.95555555555556|Queimadas para gestão de pasto para gado|25.6169982910156|38.5673167148701|7.88912722039472|2.29084469864527|220|0.0|90.8465359377391|40.9740419085216|299.83784910996|6.58402369344699|61.0807586075932|18.241239762555|4.64125154299245||236.0|1032.7|32.0597|10.2188|38.3788|7.99|24.2481|||||||||||
20231258863|Porto|Florestal|2023|0.0|0.03|0.0|0.03|0|0|0|1|0|0|20231258863|12|11-10-2023|13:57|Lugar Covelo (CAMPELO)|Baião|Campelo|Populares|130202|208300|465800|11|10|13|1970547|||610.0|Desconhecida|11-10-2023 13:57:00|11-10-2023 14:31:00|34|0.03|11-10-2023|14:31|11-10-2023|14:04|0|41.1613229995304|-8.03424199998379|Indeterminadas|27.0042053222656|42.1351797181049|6.50297699649696|2.09985320928482|260|0.0|90.651272179219|41.4745413970848|278.180903991796|5.70386473104231|60.4263664525063|16.2966811912251|3.80175770019641|||506.604|18.7387|9.77469|167.523|18.61||||||||||||
20231258893|Aveiro|Florestal|2023|0.0|1.2|0.0|1.2|0|0|0|0|1|0|20231258893|12|11-10-2023|14:07|Lug Aroes (Lomba)|Vale de Cambra|Arões|PV|11901|190102|428743|11|10|14|2040889|Perimetro Florestal da Serra da Freita||6.0|Desconhecida|11-10-2023 14:07:00|11-10-2023 15:12:00|65|1.2|11-10-2023|15:12|11-10-2023|14:30|0|40.8276299995846|-8.25046000000503|Indeterminadas|27.5610900878906|39.6539309739903|9.85975119227731|2.53420782938123|263|0.0|91.3639004700466|43.9055655438634|273.889656184209|7.0018004242202|62.6882228673488|19.3484343592984|5.15148002741187||232.0|535.321|53.1818|8.4975|102.309|19.67|20.2248|||||||||||
20231259051|Braga|Florestal|2023|0.0|0.08|0.0|0.08|0|0|0|1|0|0|20231259051|12|11-10-2023|14:40|Rua de Andrias 95. 4705-393 Braga. Portugal (Covelo)|Braga|Celeirós|112|30306|174088|504689|11|10|14|sigo|||215.0|Negligente|11-10-2023 14:40:00|11-10-2023 16:52:00|132|0.04|11-10-2023|16:52|11-10-2023|15:00|0|41.5111099995507|-8.44351799964905|Acidentais - Transportes e Comunicações|26.9815002441406|43.2481608143042|8.25918011016313|1.93595549618657|225|0.0|90.4204772494912|41.6600070455674|315.429226059115|6.30207434304309|62.6379115657153|17.9013029236957|4.4892595981112||231.0|169.242|10.3298|10.7006|670.896|24.13|1.98231|||||||||||
20231259115|Vila Real|Florestal|2023|0.0|0.01|0.0|0.01|1|0|0|1|0|0|20231259115|12|11-10-2023|14:50|TELÕES (Alto da Veiga)|Vila Pouca de Aguiar|Telões|Populares|171311|237152|498065|11|10|14|1875076|||711.0|Reacendimento|11-10-2023 14:50:00|11-10-2023 15:26:00|36|0.01|11-10-2023|15:26|11-10-2023|15:00|0|41.4510279999839|-7.68852199978299|Reacendimentos|27.2390991210938|34.0925861432906|6.02433733022481|1.78480300931819|231|0.0|91.034858726171|43.6589032903479|419.745993691391|6.19968583836365|69.2981038372191|18.6745585290488|4.83817989621825|||769.46|21.527|10.2563|176.98|19.58||||||||||||
20231259129|Vila Real|Florestal|2023|0.5|0.0|0.0|0.5|0|0|0|1|0|0|20231259129|12|11-10-2023|14:55|Falperra (Arcas)|Vila Pouca de Aguiar|Lixa do Alvão|112|171318|234765|502922|11|10|14|1875076|Perimetro Florestal do Alvão||448.0|Intencional|11-10-2023 14:55:00|11-10-2023 16:45:00|110|0.5|11-10-2023|16:45|11-10-2023|15:07|0|41.4948709996541|-7.71680700000789|Incendiarismo - Imputáveis|27.2390991210938|34.0925861432906|6.02433733022481|1.83552861821627|238|0.0|91.034858726171|43.6589032903479|419.745993691391|6.19968583836365|69.2981038372191|18.6745585290488|4.83817989621825||227.0|923.591|5.10515|10.8006|241.248|14.58|62.6135|||||||||||
20231259202|Portalegre|Florestal|2023|0.0|0.0131|0.0|0.0131|0|0|0|1|0|0|20231259202|12|11-10-2023|15:11|Milheira (PINTADINHO)|Ponte de Sor|Montargil|112|121302|197700|236637|11|10|15|1910166|||610.0|Desconhecida|11-10-2023 15:11:00|11-10-2023 15:50:00|39|0.0131|11-10-2023|15:50|11-10-2023|15:23|0|39.0975449996524|-8.15967500050863|Indeterminadas|32.3030029296875|22.418438066245|8.48080313874067|2.35577864965019|281|0.0|93.7643361333975|77.7724137518832|766.454202776319|8.86490021192373|124.070994277354|31.8736455386377|12.4635879134165||222.0|111.906|8.53278|10.8856|78.0488|27.71|33.0682|||||||||||
20231259229|Guarda|Florestal|2023|0.0|0.2995|0.0|0.2995|0|0|0|1|0|0|20231259229|12|11-10-2023|15:12|Vale das Lameiras|Sabugal|Nave|PV|91120|299170|380993|11|10|15|2000180|||449.0|Intencional|11-10-2023 15:12:00|11-10-2023 16:36:00|84|0.2995|11-10-2023|16:36|11-10-2023|15:25|0|40.3916666666667|-6.965|Incendiarismo - Imputáveis|27.9406066894531|24.7346026065516|5.68464414621139|1.63078790861629|250|0.0|93.8179011064691|61.7621114682356|517.946318055112|9.02778497262881|95.156933919896|28.7053151883093|10.3552886727313||232.0|814.196|4.94599|11.3584|109.501|19.95|102.323|||||||||||
20231259242|Braga|Florestal|2023|0.0|0.25|0.0|0.25|1|0|0|1|0|0|20231259242|12|11-10-2023|15:18|Azenhas da Ponte|Vieira do Minho|Anjos|112|31102|204313|515800|11|10|15|1980851|||711.0|Reacendimento|11-10-2023 15:18:00|11-10-2023 16:16:00|58|0.25|11-10-2023|16:16|11-10-2023|15:31|0|41.6116666666667|-8.08138888888889|Reacendimentos|25.6458068847656|42.6142184105545|8.75779556501193|2.13448514248687|240|0.0|90.9579224608446|42.0279540583653|324.460186483912|6.52392194267206|63.4944964834337|18.498158189656|4.75758251812253||233.0|666.185|26.5137|10.0744|198.892|19.65|1132.72|http://fogos.icnf.pt/sgif2010/ficheiroskml/20231259242.kmz||||||||||
20231259288|Porto|Florestal|2023|0.0|0.05|0.0|0.05|0|0|0|1|0|0|20231259288|12|11-10-2023|15:17|Lugar de Leça (Rua Direita)|Matosinhos|Leça da Palmeira|Populares|130805|152700|469400|11|10|15|2045026|||||11-10-2023 15:17:00|11-10-2023 16:04:00|47|0.05|11-10-2023|16:04|11-10-2023|15:35|0|41.1923940001594|-8.69695899963379||25.4783874511719|53.9508077226118|6.95341572406966|1.70462798807472|215|0.0|87.7537372749426|31.3116431169909|410.804774365323|4.32100661390024|52.6002714664508|12.1586584496931|2.26368774727921|||0.618746|3.9737|11.4939|779.367|16.69||||||||||||
20231259439|Braga|Florestal|2023|0.35|0.35|0.0|0.7|1|0|0|1|0|0|20231259439|12|11-10-2023|16:01|Longos (Costa)|Guimarães|Longos|CCO|30827|180343|505893|11|10|16|sigo|||711.0|Reacendimento|11-10-2023 16:01:00|11-10-2023 17:06:00|65|0.7|11-10-2023|17:06|11-10-2023|16:20|0|41.522126999961|-8.36863399995698|Reacendimentos|25.8337036132813|44.8494716650184|5.18821192325086|1.23851292658213|208|0.0|90.4204772494912|41.6600070455674|315.429226059115|6.30207434304309|62.6379115657153|17.9013029236957|4.4892595981112|||232.145|15.8653|10.0588|440.549|21.34||||||||||||
20231259484|Castelo Branco|Agrícola|2023|0.0|0.0|0.01|0.01|0|0|0|0|0|1|20231259484|12|11-10-2023|16:00|Rua do Pisão (Pisão)|Covilhã|Paul|CCO|50314|241777|358918|11|10|16|1980346|||124.0|Negligente|11-10-2023 16:00:00|11-10-2023 16:20:00|20|0.01|11-10-2023|16:20|11-10-2023|16:10|0|40.1978530004289|-7.64246699968974|Queimas amontoados de sobrantes florestais ou agrícolas|26.9254089355469|29.519770944384|8.52415130828663|2.3678198078574|284|0.0|92.6454138335585|55.9044952114896|332.351038202607|7.26387980621017|78.7097390139765|22.4024769048345|6.67717704647594||232.0|464.68|14.2728|10.3222|113.868|23.01|1.37462|||||||||||
20231259657|Castelo Branco|Florestal|2023|0.0|0.0002|0.0|0.0002|0|0|0|1|0|0|20231259657|12|11-10-2023|16:44|IC8 KM 117.2 E-O (ED241 (ED241) Km 14)|Proença-a-nova|Proença-a-nova|Bombeiros|50804|213122|311014|11|10|16|sigo|||215.0|Negligente|11-10-2023 16:44:00|11-10-2023 16:46:00|2|0.0002|11-10-2023|16:46|11-10-2023|16:45|0|39.7673629999823|-7.97995200051202|Acidentais - Transportes e Comunicações|29.5414978027344|27.0162661988987|11.137309452831|3.09369707023083|292|0.0|94.2646501818867|66.1776463306115|530.623158825491|10.0829521724762|100.896545544797|31.8059677258125|12.4167846974604|||370.304|23.6663|9.78313|136.412|17.14||||||||||||
20231259705|Viana do Castelo|Agrícola|2023|0.0|0.0|0.005|0.005|0|0|0|0|0|1|20231259705|12|11-10-2023|17:04|BOALHOSA|Ponte de Lima|Boalhosa|PV|160709|171188|529198|11|10|17|1930632|||121.0|Negligente|11-10-2023 17:04:00|11-10-2023 18:10:00|66|0.005|11-10-2023|18:10|11-10-2023|17:05|0|41.7316666666667|-8.47944444444444|Queimadas de sobrantes florestais ou agrícolas|23.6086059570313|57.7129082349811|5.10265493446675|1.71021569302979|237|0.0|88.87880053283|34.9598562236057|237.093904398502|5.70992986700165|51.0874187672987|14.8788212093447|3.23604977836723||232.0|578.121|13.1432|10.5288|113.145|10.95|54.8474|||||||||||
20231259726|Vila Real|Florestal|2023|0.01|0.0|0.0|0.01|1|0|0|1|0|0|20231259726|12|11-10-2023|17:01|Falperra|Vila Pouca de Aguiar|Soutelo de Aguiar|CCO|171310|239114|503751|11|10|17|1875076|||711.0|Reacendimento|11-10-2023 17:01:00|11-10-2023 17:34:00|33|0.01|11-10-2023|17:34|11-10-2023|17:01|0|41.5021279999945|-7.66467000007629|Reacendimentos|24.4427124023438|46.0964568906364|4.10716210708523|1.14087836307923|250|0.0|91.034858726171|43.6589032903479|419.745993691391|6.19968583836365|69.2981038372191|18.6745585290488|4.83817989621825||227.0|910.625|10.1041|10.7053|245.756|18.45|62.6135|||||||||||
20231259795|Braga|Agrícola|2023|0.0|0.0|0.002|0.002|0|0|0|0|0|1|20231259795|12|11-10-2023|17:06|Av. S. Martinho (ED309 (ED309) Km 45)|Braga|Nogueiró|CCO|30329|179769|509192|11|10|17|sigo|||121.0|Negligente|11-10-2023 17:06:00|11-10-2023 17:20:00|14|0.002|11-10-2023|17:20|11-10-2023|17:15|0|41.5518099999428|-8.37562699953715|Queimadas de sobrantes florestais ou agrícolas|24.3677001953125|54.1174894997389|3.74561645629379|1.04044901563716|204|0.0|90.4204772494912|41.6600070455674|315.429226059115|6.30207434304309|62.6379115657153|17.9013029236957|4.4892595981112||232.0|407.749|23.8637|9.63188|714.317|21.65|9.66201|||||||||||
20231259857|Braga|Florestal|2023|0.0|0.01|0.0|0.01|0|0|0|1|0|0|20231259857|12|11-10-2023|17:31|Sediais|Celorico de Basto|Ribas|Populares|30518|210149|498233|11|10|17|1875234|||122.0|Negligente|11-10-2023 17:31:00|11-10-2023 18:40:00|69|0.01|11-10-2023|18:40|11-10-2023|17:33|0|41.4533333333333|-8.01166666666667|Queimadas de sobrantes florestais ou agrícolas|23.5154052734375|52.1484353867197|4.24011423024207|1.43893475440993|235|0.0|90.9579224608446|42.0279540583653|324.460186483912|6.52392194267206|63.4944964834337|18.498158189656|4.75758251812253||227.0|283.751|26.2817|9.65813|244.164|14.61|10.0627|http://fogos.icnf.pt/sgif2010/ficheiroskml/1259857.kml||||||||||
20231259870|Porto|Florestal|2023|2.95052825436592|1.9054095808506|0.0|4.85593783521652|0|0|0|0|1|0|20231259870|12|11-10-2023|17:42|Monte Covas (CABRITO)|Trofa|Covelas|Outros|131806|164297|481156|11|10|17|2195473|||610.0|Desconhecida|11-10-2023 17:42:00|11-10-2023 18:24:00|42|4.85973514556885|11-10-2023|18:24|11-10-2023|18:00|0|41.298847000334|-8.55940800031026|Indeterminadas|24.443505859375|58.1327731076495|4.91793625695827|1.62068811792727|240|0.0|87.7537372749426|31.3116431169909|410.804774365323|4.32100661390024|52.6002714664508|12.1586584496931|2.26368774727921||232.0|121.988|9.5456|9.99844|444.75|18.0|51.7604|http://fogos.icnf.pt/sgif2010/ficheiroskml/20231259870(2).kml||||||||||
20231259914|Castelo Branco|Agrícola|2023|0.0|0.0|0.02|0.02|0|0|0|0|0|1|20231259914|12|11-10-2023|17:54|POUSADINHAS (Carreira de Tiro)|Covilhã|Covilhã (São Martinho)|112|50319|252199|367700|11|10|17|1980346|||124.0|Negligente|11-10-2023 17:54:00|11-10-2023 18:39:00|45|0.02|11-10-2023|18:39|11-10-2023|18:10|0|40.2763540003035|-7.51935899999407|Queimas amontoados de sobrantes florestais ou agrícolas|25.7155090332031|32.7668365198424|6.30736659331657|1.83965177288829|285|0.0|92.6454138335585|55.9044952114896|332.351038202607|7.26387980621017|78.7097390139765|22.4024769048345|6.67717704647594||227.0|748.181|31.6462|10.2438|274.079|25.12|64.7299|||||||||||
20231259968|Porto|Florestal|2023|0.0|0.025|0.0|0.025|0|0|0|1|0|0|20231259968|12|11-10-2023|18:06|Lg. de Mato (Lavandeira)|Amarante|Oliveira|CCO|130124|194399|475599|11|10|18|1970547|||610.0|Desconhecida|11-10-2023 18:06:00|11-10-2023 18:41:00|35|0.025|11-10-2023|18:41|11-10-2023|18:10|0|41.2495860004425|-8.19994599978129|Indeterminadas|23.9298034667969|47.7665427638925|4.63559940061097|1.28766650016972|260|0.0|90.5153330133632|41.5022415716397|371.120318678375|5.57601909859646|64.8688399839769|16.654760245562|3.9508618666156|||226.476|16.8553|10.1806|260.032|19.48||||||||||||
20231260064|Vila Real|Florestal|2023|0.0|0.0078|0.0|0.0078|0|0|0|1|0|0|20231260064|12|11-10-2023|18:34|Castelo (LEBRE)|Santa Marta de Penaguião|Fontes|CCO|171103|226960|473786|11|10|18|1980896|||449.0|Intencional|11-10-2023 18:34:00|11-10-2023 18:54:00|20|0.0078|11-10-2023|18:54|11-10-2023|18:40|0|41.2328329997593|-7.81155700047811|Incendiarismo - Imputáveis|22.4214111328125|52.3234407631143|5.75065680064603|1.59740466684612|266|0.0|90.4077356328259|41.2267213032392|408.960848486917|5.15326623595076|65.8562672037195|15.8248508660907|3.60910936018077||221.0|666.754|40.7058|9.31906|188.36|17.37|34.3715|||||||||||
20231260120|Viseu|Agrícola|2023|0.0|0.0|0.0001|0.0001|0|0|0|0|0|1|20231260120|12|11-10-2023|18:47|Lamelas de Cá|Castro Daire|Castro Daire|PV|180304|216399|438799|11|10|18|2000464|||121.0|Negligente|11-10-2023 18:47:00|11-10-2023 19:08:00|21|0.0001|11-10-2023|19:08|11-10-2023|19:03|0|40.9180809999837|-7.93844700018565|Queimadas de sobrantes florestais ou agrícolas|22.3850036621094|47.72160544957|6.8203948735602|1.90492007125879|262|0.0|92.7216183310992|52.4880656323709|468.934011623987|7.81221848171858|82.0237204896923|24.0867551420425|7.59130588122045||227.0|687.063|16.7862|10.6409|355.246|16.79|5.16129|||||||||||
20231260152|Aveiro|Florestal|2023|0.0876|0.0|0.0|0.0876|0|0|0|1|0|0|20231260152|12|11-10-2023|18:54|Lugar de Buintes (Quintinha)|Castelo de Paiva|Bairros|112|10601|190895|453051|11|10|18|2040889|||6.0|Desconhecida|11-10-2023 18:54:00|11-10-2023 20:49:00|115|0.0876|11-10-2023|20:49|11-10-2023|19:05|0|41.0465149996016|-8.24142199993134|Indeterminadas|23.5078063964844|51.2060098965863|5.84430703800545|1.10632937114012|263|0.0|90.2841708604184|39.1892636003304|271.269674073884|5.94059479085183|57.5819369358277|16.3676900883797|3.83112736529956|||220.887|25.1263|9.27281|441.627|14.57||||||||||||
20231260181|Lisboa|Agrícola|2023|0.0|0.0|0.005|0.005|0|0|0|0|0|1|20231260181|12|11-10-2023|19:06|Covas|Sintra|Almargem do Bispo|112|111103|99896|214042|11|10|19|2045035|||121.0|Negligente|11-10-2023 19:06:00|11-10-2023 19:26:00|20|0.005|11-10-2023|19:26|11-10-2023|19:24|0|38.8883333333333|-9.28694444444444|Queimadas de sobrantes florestais ou agrícolas|19.7431884765625|85.6291729270513|4.85349878158258|1.34819410599516|235|0.0|86.3122327436257|52.2798882903518|977.590448134225|3.61714981572355|92.2291307063349|14.5925179095353|3.12665108945971|||169.421|22.0937|10.0306|362.291|14.47||||||||||||
20231260241|Viana do Castelo|Florestal|2023|0.0|0.03|0.0|0.03|0|0|0|1|0|0|20231260241|12|11-10-2023|19:19|Lg Sequeira (Cornidelo)|Ponte da Barca|Touvedo (Salvador)|Populares|160618|181309|535969|11|10|19|sigo|||448.0|Intencional|11-10-2023 19:19:00|11-10-2023 20:01:00|42|0.03|11-10-2023|20:01|11-10-2023|19:24|0|41.7929370000627|-8.35800300015344|Incendiarismo - Imputáveis|21.6069885253906|47.6973724936066|5.00390167595791|1.07896882272708|221|0.0|90.6286897593862|40.3533758374963|233.770977502566|6.94113010595393|56.3772514757824|18.1722639012035|4.61023322379515||227.0|210.876|23.4844|9.38312|99.6533|12.05|194.037|||||||||||
20231260323|Aveiro|Florestal|2023|0.0|0.065|0.0|0.065|0|0|0|1|0|0|20231260323|12|11-10-2023|19:40|Lugar do Paraíso (Candal)|Santa Maria da Feira|Lobão|112|10911|169387|447307|11|10|19|2045027|||630.0|Desconhecida|11-10-2023 19:40:00|11-10-2023 20:20:00|40|0.065|11-10-2023|20:20|11-10-2023|19:55|0|40.9942730002933|-8.49694199985928|Indeterminadas|22.7282043457031|61.8870915520073|5.6191744148263|1.08817812278147|276|0.0|88.4453907158381|33.1673455971992|390.239364316691|4.76173708144268|54.7098909624128|13.4268395342177|2.69825212419612|||189.086|11.5153|10.9616|710.257|15.45||||||||||||
20231260357|Viseu|Agrícola|2023|0.0|0.0|0.015|0.015|0|0|0|0|0|1|20231260357|12|11-10-2023|19:46|IP3 (EN2) Km 122|Lamego|Bigorne|CCO|180503|221171|447755|11|10|19|2000464|||127.0|Negligente|11-10-2023 19:46:00|11-10-2023 20:42:00|56|0.015|11-10-2023|20:42|11-10-2023|20:19|0|40.9986111111111|-7.88138888888889|Queimadas extensivas - Limpeza de caminhos. acessos e instalações_|21.4001098632813|52.1182859030148|6.54628454358758|1.63861607063253|269|0.0|91.3673438367751|45.9414931616825|395.903365663975|5.94541105536577|71.2212980194561|18.3778867998064|4.70296846531818||237.0|919.456|12.6293|10.5069|173.569|14.59|5.04326|http://fogos.icnf.pt/sgif2010/ficheiroskml/Bigorne 20231260357.kml||||||||||
20231260410|Vila Real|Florestal|2023|0.0|0.65|0.0|0.65|0|0|0|1|0|0|20231260410|12|11-10-2023|19:59|Mexido|Boticas|Ardãos|PV|170202|243393|534543|11|10|19|2045023|Perimetro Florestal do Barroso||122.0|Negligente|11-10-2023 19:59:00|11-10-2023 22:10:00|131|0.325|11-10-2023|22:10|11-10-2023|21:27|0|41.7791666666667|-7.61111111111111|Queimadas de sobrantes florestais ou agrícolas|19.452294921875|51.4284990992605|6.68221707602639|1.46212240541522|254|0.0|91.4139838233245|43.9466821323968|385.068552955235|7.1130013138133|68.3826218180611|20.4923788371448|5.70279039534652||232.0|558.06|5.33464|9.19063|51.0634|14.78|195.874|||||||||||
20231260433|Viseu|Florestal|2023|0.0|0.028|0.0|0.028|0|0|0|1|0|0|20231260433|12|11-10-2023|20:10|LatLong(40.98702000.-7.88347000) - Autoestrada do Interior Norte. 3600 Castro Daire. Portugal (Poço)|Castro Daire|Mezio|112|180311|221009|446467|11|10|20|2000464|||122.0|Negligente|11-10-2023 20:10:00|11-10-2023 21:20:00|70|0.028|11-10-2023|21:20|||0|40.9870200000869|-7.88347000000377|Queimadas de sobrantes florestais ou agrícolas|19.5902038574219|59.6086064767|5.26295578900893|1.35434000882208|262|0.0|91.3673438367751|45.9414931616825|395.903365663975|5.94541105536577|71.2212980194561|18.3778867998064|4.70296846531818||227.0|976.4|13.9266|10.5822|177.349|12.71|1.22897|||||||||||
20231260440|Porto|Florestal|2023|0.576100269460678|0.0|0.0|0.576100269460678|0|0|0|1|0|0|20231260440|12|11-10-2023|20:12|Rua da Costa (Lourosa)|Lousada|Ordem|112|130517|186829|481702|11|10|20|2195394|||214.0|Negligente|11-10-2023 20:12:00|11-10-2023 22:00:00|108|0.834070877051353|11-10-2023|22:00|11-10-2023|20:30|0|41.3044429998928|-8.29040500005086|Acidentais - Transportes e Comunicações|22.11611328125|57.5106985487321|0.893338981161265|0.14288711474653|0|0.0|89.7755526751195|38.6830868695704|372.801709479017|5.56604707583005|61.4305915674879|16.14385197867|3.73888054101514||232.0|210.473|7.79397|9.65469|315.354|23.53|1.23497|http://fogos.icnf.pt/sgif2010/ficheiroskml/20231260440.kml||||||||||
20231260529|Lisboa|Agrícola|2023|0.0|0.0|0.0003|0.0003|0|0|0|0|0|1|20231260529|12|11-10-2023|20:24|Venda das Pulgas|Mafra|Enxara do Bispo|Populares|110905|106119|226938|11|10|20|2045035|||145.0|Negligente|11-10-2023 20:24:00|11-10-2023 21:24:00|60|0.0003|11-10-2023|21:24|11-10-2023|21:20|0|39.005|-9.21694444444444|Uso do fogo - Fogueiras|20.7007995605469|66.8544951995254|4.95153105604666|1.22307559054665|288|0.0|92.2427101978943|69.676758079951|949.671200007446|7.80088810167975|117.754574806478|28.6342375344902|10.3099475834356||232.0|172.997|12.2201|10.7772|257.693|10.8|473.529|||||||||||
20231260640|Santarém|Agrícola|2023|0.0|0.0|0.016|0.016|0|0|0|0|0|1|20231260640|12|11-10-2023|21:08|N10 junto Bombas Prio (Samorena)|Benavente|Samora Correia|Populares|140502|136183|217017|11|10|21|2045011|||211.0|Negligente|11-10-2023 21:08:00|11-10-2023 21:17:00|9|0.016|11-10-2023|21:17|11-10-2023|21:14|0|38.9184869999356|-8.86892299996482|Acidentais - Transportes e Comunicações|20.4894958496094|67.3672833200297|5.25788083606794|1.46052245446332|282|0.0|91.6264354686617|89.8314555986872|1099.05552701729|7.06941595328736|149.179826738774|29.1124894102217|10.6166950285794|||-6.91125|1.8153|11.7722|183.924|12.88||||||||||||
20231260670|Vila Real|Florestal|2023|0.0|1.19|0.0|1.19|0|0|0|0|1|0|20231260670|12|11-10-2023|21:11|Viso (VINHÓS)|Peso da Régua|Vinhós|Populares|170811|224735|473218|11|10|21|2195382|||449.0|Intencional|11-10-2023 21:11:00|11-10-2023 22:36:00|85|1.19|11-10-2023|22:36|11-10-2023|21:20|0|41.2277869998084|-7.83811700026194|Incendiarismo - Imputáveis|18.9409118652344|63.8625587074075|4.14822956631183|0.666938050961216|251|0.0|90.4077356328259|41.2267213032392|408.960848486917|5.15326623595076|65.8562672037195|15.8248508660907|3.60910936018077|||635.902|39.585|8.96656|178.159|15.52||http://fogos.icnf.pt/sgif2010/ficheiroskml/20231260670.kml||||||||||
20231260694|Beja|Agrícola|2023|0.0|0.0|0.04|0.04|0|0|0|0|0|1|20231260694|12|11-10-2023|21:28|Poço das Fontainhas|Serpa|Pias|112|21303|258296|116044|11|10|21|2020979|||610.0|Desconhecida|11-10-2023 21:28:00|11-10-2023 21:53:00|25|0.04|11-10-2023|21:53|11-10-2023|21:49|0|38.0094444444444|-7.46916666666667|Indeterminadas|22.7805114746094|45.5873262529607|9.09117897384704|2.52532749273529|293|0.0|92.5267118685331|112.879690476091|1075.7694467224|6.84496045064235|178.844364515724|29.7235130188418|11.0142808725685||231.0|135.244|4.75728|11.0384|99.4366|10.06|721.604|||||||||||
20231260772|Porto|Florestal|2023|0.0|0.05|0.0|0.05|0|0|0|1|0|0|20231260772|12|11-10-2023|21:55|Lg. Ribeirinho (Ladário)|Marco de Canaveses|Soalhães|Populares|130722|202700|465800|11|10|21|1970547|||610.0|Desconhecida|11-10-2023 21:55:00|11-10-2023 22:14:00|19|0.05|11-10-2023|22:14|11-10-2023|21:59|0|41.1613599999746|-8.1009629999929|Indeterminadas|19.6477905273438|59.612965255128|3.58781756421361|0.433309942289697|197|0.0|90.651272179219|41.4745413970848|278.180903991796|5.70386473104231|60.4263664525063|16.2966811912251|3.80175770019641|||402.091|16.8314|10.3106|219.753|19.2||||||||||||
20231260807|Guarda|Florestal|2023|0.0|1.49695124268532|0.0|1.49695124268532|0|0|0|0|1|0|20231260807|12|11-10-2023|22:09|Penedo do Livreiro|Celorico da Beira|Prados|112|90312|264797|398029|11|10|22|2000180||Serra da Estrela|127.0|Negligente|11-10-2023 22:09:00|11-10-2023 23:32:00|83|1.49695124268532|11-10-2023|23:32|11-10-2023|22:25|0|40.5486111111111|-7.36805555555556|Queimadas extensivas - Limpeza de caminhos. acessos e instalações_|17.6226135253906|54.9859939947986|3.75256841217982|0.828920681803305|229|0.0|93.6791280799102|57.363389459644|468.807740036568|8.18976945593525|87.8526258281039|25.795269337023|8.57027627709274|||974.022|21.1962|10.2506|141.473|21.94||http://fogos.icnf.pt/sgif2010/ficheiroskml/20231260807.kmz||||||||||
20231260994|Porto|Florestal|2023|0.0|0.001|0.0|0.001|0|0|0|1|0|0|20231260994|12|11-10-2023|23:13|Monte Cabrito (Monte de Covas)|Trofa|Coronado (São Mamede)|112|131804|163622|480894|11|10|23|2195473|||610.0|Desconhecida|11-10-2023 23:13:00|11-10-2023 23:51:00|38|0.001|11-10-2023|23:51|11-10-2023|23:25|0|41.2964570003086|-8.56744999998146|Indeterminadas|20.2568908691406|73.2136564967306|9.22982700153467|2.56384083375963|119|0.0|87.7537372749426|31.3116431169909|410.804774365323|4.32100661390024|52.6002714664508|12.1586584496931|2.26368774727921||232.0|118.606|4.21408|11.1069|540.629|21.1|233.859|http://fogos.icnf.pt/sgif2010/ficheiroskml/incendio 20231260994.kml||||||||||
20231261151|Lisboa|Florestal|2023|0.025|0.0|0.0|0.025|0|0|0|1|0|0|20231261151|12|12-10-2023|00:48|Cabeço do Outeiro (PNSC / SS) (Cabeço do Outeiro)|Sintra|Colares|Populares|111105|83497|202042|12|10|0|2101004|Perimetro Florestal da Serra de Sintra|Sintra-Cascais|630.0|Desconhecida|12-10-2023 00:48:00|12-10-2023 01:36:00|48|0.025|12-10-2023|01:36|12-10-2023|01:10|0|38.7782210000356|-9.4737680000729|Indeterminadas|19.2689147949219|83.1675792564885|5.19374651388592|1.62166663409314|156|0.0|86.5074238485553|53.8411236835393|982.566079726021|5.96297571342351|94.7080828149758|21.4421233573685|6.17892455775783||237.0|151.639|22.507|10.295|235.17|10.73|166.275|||||||||||
20231261193|Porto|Florestal|2023|0.0|0.03|0.0|0.03|0|0|0|1|0|0|20231261193|12|12-10-2023|01:26|Rua do Monte (REAL)|Amarante|Real|PV|130127|196599|475400|12|10|1|1970547|||610.0|Desconhecida|12-10-2023 01:26:00|12-10-2023 02:07:00|41|0.03|12-10-2023|02:07|12-10-2023|01:32|0|41.2477979999118|-8.17369799984826|Indeterminadas|16.7914978027344|70.3513667031212|3.71233710638011|1.01454150364799|103|0.0|90.6673265797139|44.1343441396059|376.694617262359|6.50324784334317|68.2715790409328|19.1853777239395|5.07488763387837|||357.996|22.2466|10.2403|271.276|21.64||||||||||||
20231261266|Aveiro|Florestal|2023|0.0|0.134|0.0|0.134|0|0|0|1|0|0|20231261266|12|12-10-2023|02:37|Santo Adrião (Calhaus Altos)|Castelo de Paiva|Real|PV|10606|189639|447710|12|10|2|2225107|||6.0|Desconhecida|12-10-2023 02:37:00|12-10-2023 03:24:00|47|0.134|12-10-2023|03:24|12-10-2023|02:56|0|40.9984119998084|-8.256261999872|Indeterminadas|16.6650024414063|74.255808380989|5.0949447096727|1.42563298570029|114|0.0|91.2835721180196|42.0217925724284|276.964119142243|9.02936033468173|60.93173864903|22.8827318750319|6.93262704724194|||201.505|19.9734|9.535|268.58|14.94||||||||||||
20231261286|Viana do Castelo|Florestal|2023|81.5665529433966|122.596348099995|1.4037793514967|205.566680394888|0|0|0|0|1|0|20231261286|12|12-10-2023|02:50|Lugar de Cela (Coutos da Costa)|Melgaço|Cousso|CCO|160304|187229|565182|12|10|2|1960909|||125.0|Negligente|12-10-2023 02:50:00|12-10-2023 06:01:00|191|68.5275735703866|12-10-2023|06:01|12-10-2023|02:57|0|42.0560579999288|-8.28742699993981|Queimadas para gestão de pasto para gado|15.2474914550781|75.7598158830005|6.96437732384939|1.61856500222428|122|0.0|90.7233243720396|41.1866279859353|296.306439759626|8.74529922580832|61.1304185706841|22.4076652253196|6.67991442991748||221.0|551.636|24.6452|9.93|186.449|15.82|63.8484|http://fogos.icnf.pt/sgif2010/ficheiroskml/20231261286.kml|http://fogos.icnf.pt/sgif2010/GTF_kml/20231261286.kml|||||||||
20231261287|Braga|Florestal|2023|0.05|0.05|0.0|0.1|0|0|0|1|0|0|20231261287|12|12-10-2023|02:55|GAMIL (Monte do Maio)|Barcelos|Gamil|CCO|30236|160642|504217|12|10|2|2195474|||630.0|Desconhecida|12-10-2023 02:55:00|12-10-2023 03:47:00|52|0.1|12-10-2023|03:47|12-10-2023|03:05|0|41.5063049999873|-8.60455199983385|Indeterminadas|17.1953063964844|78.6043966565063|6.35158579517729|1.84398405553089|108|0.0|90.2092263937717|38.4818073217319|333.921484225861|9.65857555407906|59.7494787154346|23.7567167175619|7.40816873668541||223.0|118.531|18.8715|10.5794|343.462|14.29|420.51|||||||||||
20231261485|Aveiro|Florestal|2023|0.0|0.0985|0.0|0.0985|0|0|0|1|0|0|20231261485|12|12-10-2023|06:49|Lg. Ancia (Carvoeiro)|Castelo de Paiva|Bairros|Populares|10601|189865|449848|12|10|6|2195356|||6.0|Desconhecida|12-10-2023 06:49:00|12-10-2023 07:39:00|50|0.0985|12-10-2023|07:39|12-10-2023|07:05|0|41.0176679999961|-8.25362299998601|Indeterminadas|15.5755859375|77.5106243769176|6.91622192023379|1.99246200930601|112|0.0|91.2835721180196|42.0217925724284|276.964119142243|9.02936033468173|60.93173864903|22.8827318750319|6.93262704724194|||201.505|19.9734|9.64219|268.58|14.94||||||||||||
20231261591|Faro|Florestal|2023|0.0|0.0016|0.0|0.0016|0|0|0|1|0|0|20231261591|12|12-10-2023|07:44|Sesmarias (Ponta Grande)|Albufeira|Albufeira|CCO|80101|186324|11991|12|10|7|2000333|||610.0|Desconhecida|12-10-2023 07:44:00|12-10-2023 08:47:00|63|0.0016|12-10-2023|08:47|12-10-2023|07:56|0|37.0735850000382|-8.28684999995761|Indeterminadas|14.6080871582031|77.5543118078413|5.43527538556905|1.64213216338053|116|0.0|91.1171559953989|135.6002228683|1413.73763181514|9.68336095352866|218.747031537383|38.4398170958955|17.3632823391787|||-27.9731|7.16466|10.9118|421.06|16.87||||||||||||
20231261733|Porto|Florestal|2023|0.0|0.0001|0.0|0.0001|0|0|0|1|0|0|20231261733|12|12-10-2023|08:24|Rua Camilo Vaz (Rua da Escola de Laborim)|Vila Nova de Gaia|Mafamude|112|131710|160225|460032|12|10|8|2225074|||610.0|Desconhecida|12-10-2023 08:24:00|12-10-2023 08:41:00|17|0.0001|12-10-2023|08:41|12-10-2023|08:37|0|41.1084500000212|-8.60665099991692|Indeterminadas|19.387109375|70.6706695439003|11.0584268616399|3.07178523934442|130|0.0|90.6031449759141|35.8611334463141|395.88880938505|10.1758109016279|58.4791093736744|24.3745948530876|7.75261312583637|||153.091|12.8058|10.9438|1416.63|18.75||||||||||||
20231262869|Lisboa|Florestal|2023|0.0|0.5|0.0|0.5|0|0|0|1|0|0|20231262869|12|12-10-2023|11:48|MOLEDO|Lourinhã|Moledo|Populares|110804|103100|257999|12|10|11|sigo|||||12-10-2023 11:48:00|12-10-2023 12:40:00|52|0.5|12-10-2023|12:40|12-10-2023|12:15|0|39.2845390000608|-9.25617499987284||24.4026123046875|52.2413367410309|17.9420802665517|5.00299153100796|172|0.0|88.1693995198204|40.1975674273376|845.422858345558|8.2924937911237|71.8539795093438|23.4600732060382|7.24522499164412|||116.477|4.15644|11.2559|378.708|20.0||||||||||||
20231263004|Porto|Florestal|2023|0.0|0.002|0.0|0.002|0|0|0|1|0|0|20231263004|12|12-10-2023|12:21|Mato (Alto da Bandeira)|Amarante|Ataíde|PV|130104|194963|474873|12|10|12|1970547|||449.0|Intencional|12-10-2023 12:21:00|12-10-2023 12:42:00|21|0.002|12-10-2023|12:42|12-10-2023|12:26|0|41.2430470000373|-8.19321299976773|Incendiarismo - Imputáveis|27.0572143554688|38.305967177719|6.37459909557902|1.77072197099417|160|0.0|90.6673265797139|44.1343441396059|376.694617262359|6.50324784334317|68.2715790409328|19.1853777239395|5.07488763387837||212.0|250.63|12.1651|10.5303|252.398|19.09|7.92717|||||||||||
20231263102|Braga|Florestal|2023|1.6|0.0|0.0|1.6|0|0|0|0|1|0|20231263102|12|12-10-2023|12:46|Saramagas|Fafe|São Gens|CCO|30728|203867|497641|12|10|12|1875234|||311.0|Intencional|12-10-2023 12:46:00|12-10-2023 13:24:00|38|1.6|12-10-2023|13:24|12-10-2023|12:55|0|41.4480555555556|-8.08694444444444|Estruturais - Caça e vida selvagem|26.0049072265625|36.9964036731939|7.98042082698319|2.47918298558895|181|0.0|91.0075961959114|44.6154711492594|329.845069784693|7.40203211960991|66.6820800393962|20.8108400322301|5.86059237027086||233.0|559.559|50.6521|10.7591|304.226|16.0|494.243|http://fogos.icnf.pt/sgif2010/ficheiroskml/1263102.kml||||||||||
20231263118|Vila Real|Florestal|2023|0.0|0.1|0.0|0.1|0|0|0|1|0|0|20231263118|12|12-10-2023|12:45|Sabugueiro|Montalegre|Chã|Outros|170604|230833|533275|12|10|12|1875311|||125.0|Negligente|12-10-2023 12:45:00|12-10-2023 13:10:00|25|0.1|12-10-2023|13:10|12-10-2023|12:47|0|41.7683333333333|-7.76222222222222|Queimadas para gestão de pasto para gado|24.0154052734375|38.0308223209585|8.96791798576947|2.85078742187468|180|0.0|90.8961728985068|43.3322704177082|304.864622059179|7.65709542017095|63.9430134103478|20.8598760532245|5.88505674499524||232.0|878.892|5.41646|10.9019|99.7064|16.04|368.614|||||||||||
20231263203|Lisboa|Florestal|2023|0.0|0.02|0.0|0.02|0|0|0|1|0|0|20231263203|12|12-10-2023|13:07|Coutada (Palhacana)|Alenquer|Pereiro de Palhacana|112|110110|113841|232234|12|10|13|2225085|||211.0|Negligente|12-10-2023 13:07:00|12-10-2023 13:52:00|45|0.02|12-10-2023|13:52|12-10-2023|13:30|0|39.0536299999555|-9.12842999988132|Acidentais - Transportes e Comunicações|29.5997863769531|32.3938929994603|15.270503479871|4.24180652218639|189|0.0|92.2928081060763|72.5503679031116|955.528061457641|11.8970208565469|121.952097179548|38.449898803142|17.3713435766137|||177.985|14.0147|10.7816|214.94|13.39||||||||||||
20231263204|Braga|Florestal|2023|0.0|0.015|0.0|0.015|0|0|0|1|0|0|20231263204|12|12-10-2023|13:07|Ruela Abílio Pacheco (Soalheiro)|Vizela|Vizela (Santo Adrião)|CCO|31406|187405|488052|12|10|13|sigo|||122.0|Negligente|12-10-2023 13:07:00|12-10-2023 13:36:00|29|0.015|12-10-2023|13:36|12-10-2023|13:10|0|41.361632999844|-8.28365999999973|Queimadas de sobrantes florestais ou agrícolas|28.6967102050781|34.1918193025434|11.4820355532053|3.18945432033481|192|0.0|90.7191915822338|41.3900053265194|378.499703131361|7.89579672534178|65.0079939634938|21.5090929883363|6.21312392400204||232.0|170.632|12.4587|10.4613|463.855|20.0|18.5523|||||||||||
20231263226|Viseu|Agrícola|2023|0.0|0.0|0.0325|0.0325|0|0|0|0|0|1|20231263226|12|12-10-2023|13:13|Queirela (SENHORA DA SAÚDE)|Viseu|Bodiosa|112|182304|213681|414912|12|10|13|2000464|||449.0|Intencional|12-10-2023 13:13:00|12-10-2023 13:50:00|37|0.0325|12-10-2023|13:50|12-10-2023|13:24|0|40.7030250000954|-7.97123699982961|Incendiarismo - Imputáveis|28.7095886230469|25.5233583513192|11.949074400528|3.31918733348|212|0.0|93.0274551075246|55.6801039654047|474.644694485315|11.0576783476031|86.1073003734398|31.3377170731009|12.0950626676625||232.0|472.059|10.5242|10.6403|202.202|18.81|72.2527|||||||||||
20231263253|Porto|Florestal|2023|0.0|0.22|0.0|0.22|0|0|0|1|0|0|20231263253|12|12-10-2023|13:15|Largo Sta Luzia (Bouças do Frutuoso)|Vila do Conde|Retorta|Bombeiros|131621|151143|486569|12|10|13|sigo|||124.0|Negligente|12-10-2023 13:15:00|12-10-2023 15:10:00|115|0.22|12-10-2023|15:10|12-10-2023|13:25|0|41.3468930000729|-8.71689700000816|Queimas amontoados de sobrantes florestais ou agrícolas|27.4807983398438|40.6026268220227|15.8314349092887|4.31435787813472|199|0.0|89.6143082961839|33.7479301132305|416.348129956143|8.64448837803357|56.1229628197426|21.2647046531726|6.08871943771127||223.0|25.6506|3.98707|11.3666|634.976|14.77|7.76601|||||||||||
20231263330|Porto|Florestal|2023|0.0|0.03|0.0|0.03|0|0|0|1|0|0|20231263330|12|12-10-2023|13:24|Cerqueda|Paredes|Lordelo|CCO|131013|176981|474773|12|10|13|2195409|||630.0|Desconhecida|12-10-2023 13:24:00|12-10-2023 13:56:00|32|0.03|12-10-2023|13:56|12-10-2023|13:30|0|41.2419444444444|-8.40777777777778|Indeterminadas|28.6967102050781|34.1918193025434|11.4820355532053|3.18945432033481|192|0.0|90.7191915822338|41.3900053265194|378.499703131361|7.89579672534178|65.0079939634938|21.5090929883363|6.21312392400204|||210.236|19.459|10.3406|387.563|18.99||||||||||||
20231263352|Braga|Florestal|2023|0.0|0.7|0.0|0.7|0|0|0|1|0|0|20231263352|12|12-10-2023|13:40|Bustelo (Castanheira)|Póvoa de Lanhoso|Travassos|Outros|30927|193740|511051|12|10|13|1980851|||125.0|Negligente|12-10-2023 13:40:00|12-10-2023 14:49:00|69|0.7|12-10-2023|14:49|12-10-2023|13:57|0|41.5687780000104|-8.20818200005425|Queimadas para gestão de pasto para gado|27.0565124511719|33.1521880174141|10.2427116792518|3.00922122246619|197|0.0|91.0075961959114|44.6154711492594|329.845069784693|7.40203211960991|66.6820800393962|20.8108400322301|5.86059237027086||234.0|341.771|21.3286|10.035|109.502|18.34|16.11|||||||||||
20231263361|Braga|Florestal|2023|0.0|0.05|0.0|0.05|0|0|0|1|0|0|20231263361|12|12-10-2023|13:42|Rua das Devesas (Rebolo)|Vila Nova de Famalicão|Oliveira (São Mateus)|CCO|31242|176632|491349|12|10|13|sigo|||449.0|Intencional|12-10-2023 13:42:00|12-10-2023 14:19:00|37|0.05|12-10-2023|14:19|12-10-2023|13:50|0|41.3910769997703|-8.41253200001187|Incendiarismo - Imputáveis|28.6967102050781|34.1918193025434|11.4820355532053|3.24931752783462|198|0.0|90.7191915822338|41.3900053265194|378.499703131361|7.89579672534178|65.0079939634938|21.5090929883363|6.21312392400204|||143.54|10.3643|10.7194|500.875|19.22||||||||||||
20231263451|Vila Real|Florestal|2023|0.7|0.2|0.0|0.9|0|0|0|1|0|0|20231263451|12|12-10-2023|13:50|Crasto|Montalegre|Cambeses do Rio|PV|170602|223263|538593|12|10|13|1875311|||125.0|Negligente|12-10-2023 13:50:00|12-10-2023 15:02:00|72|0.9|12-10-2023|15:02|12-10-2023|13:52|0|41.8163888888889|-7.85305555555556|Queimadas para gestão de pasto para gado|25.135888671875|34.1974864170156|11.7346980240202|3.51967102029879|196|0.0|90.8961728985068|43.3322704177082|304.864622059179|7.65709542017095|63.9430134103478|20.8598760532245|5.88505674499524|||1064.68|23.2089|10.6647|41.4652|9.09||||||||||||
20231263514|Vila Real|Florestal|2023|0.0|7.72|0.0|7.72|0|0|0|0|1|0|20231263514|12|12-10-2023|14:10|Serra Marão (FRAGAS DA ERMIDA)|Peso da Régua|Vinhós|Outros|170811|221426|474600|12|10|14|2195382|Perimetro Florestal das Serras do Marão Vila Real e Ordem||449.0|Intencional|12-10-2023 14:10:00|12-10-2023 19:10:00|300|1.544|12-10-2023|19:10|12-10-2023|14:25|0|41.2403299999237|-7.87754499965244|Incendiarismo - Imputáveis|27.7087951660156|31.1123097668759|9.0253127491146|2.14445280569454|243|0.0|90.4572277235214|43.7229952273311|414.350769019144|5.77748589927483|69.1926707965145|17.7135201012429|4.40624388774186||221.0|666.754|40.7058|8.57375|188.36|17.37|34.3715|http://fogos.icnf.pt/sgif2010/ficheiroskml/20231263514 KML.kml||||||||||
20231263629|Braga|Florestal|2023|1.06237162914276|0.0|0.0|1.06237162914276|1|0|0|0|1|0|20231263629|12|12-10-2023|14:31|São Martinho (Vessadas)|Barcelos|Galegos (Santa Maria)|Outros|30268|161209|510267|12|10|14|2195474|||711.0|Reacendimento|12-10-2023 14:31:00|12-10-2023 15:10:00|39|1.06237162914276|12-10-2023|15:10|12-10-2023|14:40|0|41.5608019998338|-8.59814800050524|Reacendimentos|27.2337890625|38.6166078222227|16.2871041281638|4.41621930269828|190|0.0|90.2092263937717|38.4818073217319|333.921484225861|9.65857555407906|59.7494787154346|23.7567167175619|7.40816873668541|||83.1344|6.85953|11.3466|267.756|22.95||||||||||||
20231263704|Porto|Florestal|2023|0.0|0.02|0.0|0.02|0|0|0|1|0|0|20231263704|12|12-10-2023|14:42|Silva Escura (Rua Central de Frejufe)|Maia|Silva Escura|CCO|130614|161584|475837|12|10|14|2045026|||||12-10-2023 14:42:00|12-10-2023 16:32:00|110|0.02|12-10-2023|16:32|12-10-2023|14:45|0|41.2508299999767|-8.59146700011359||26.7830139160156|43.7415513239219|15.8191746071565|4.1943434410864|208|0.0|89.6143082961839|33.7479301132305|416.348129956143|8.64448837803357|56.1229628197426|21.2647046531726|6.08871943771127||223.0|92.1056|6.11506|11.4012|871.659|18.6|8.09829|||||||||||
20231263725|Porto|Florestal|2023|0.0|0.006|0.0|0.006|0|0|0|1|0|0|20231263725|12|12-10-2023|14:44|Rua D Antonio Morais (Travessa do Sobreiro)|Vila Nova de Gaia|Canelas|CCO|131703|160543|455339|12|10|14|2225074|||124.0|Negligente|12-10-2023 14:44:00|12-10-2023 16:32:00|108|0.006|12-10-2023|16:32|12-10-2023|14:55|0|41.066212000317|-8.60256199995677|Queimas amontoados de sobrantes florestais ou agrícolas|27.2929016113281|39.5624039454288|16.9021617351493|4.56067058650397|215|0.0|90.6031449759141|35.8611334463141|395.88880938505|10.1758109016279|58.4791093736744|24.3745948530876|7.75261312583637|||96.1881|4.87042|11.2744|1040.93|17.19||||||||||||
20231263732|Viseu|Florestal|2023|0.2136|12.02|3.04|15.2736|0|0|0|0|1|0|20231263732|12|12-10-2023|14:50|IP3 (EN2) Km 122|Lamego|Bigorne|117|180503|221292|448119|12|10|14|2000464|Perimetro Florestal da Serra de Leomil||125.0|Negligente|12-10-2023 14:50:00|12-10-2023 18:07:00|197|5.0912|12-10-2023|18:07|12-10-2023|15:09|0|41.0019444444444|-7.88|Queimadas para gestão de pasto para gado|28.1080871582031|28.3598292389793|10.8777554660965|2.59942614917287|236|0.0|91.7689489690567|48.8155794479235|401.458169008701|7.76768577279891|74.8711405825508|22.8860020629296|6.9343807655382||231.0|969.491|12.9542|10.3634|160.122|10.6|1.73733|http://fogos.icnf.pt/sgif2010/ficheiroskml/20231263732.kml||||||||||
20231263733|Braga|Florestal|2023|0.0|0.018|0.0|0.018|1|0|0|1|0|0|20231263733|12|12-10-2023|14:50|Devesa (Carvalheira)|Póvoa de Lanhoso|Ferreiros|CCO|30908|185433|513243|12|10|14|1980851|||711.0|Reacendimento|12-10-2023 14:50:00|12-10-2023 16:27:00|97|0.018|12-10-2023|16:27|12-10-2023|15:22|0|41.5884119998084|-8.30783299975925|Reacendimentos|27.9937072753906|33.9349108655028|12.7612820611089|3.29220073540296|201|0.0|90.9607710176103|44.3833342860922|321.04907945267|8.59065320356068|65.9675186827617|23.0125140951443|7.00237401006118||221.0|197.224|20.033|9.67563|173.063|17.14|82.1592|http://fogos.icnf.pt/sgif2010/ficheiroskml/20231263733.kmz||||||||||
20231263736|Aveiro|Florestal|2023|0.0932|0.0|0.0|0.0932|0|0|0|1|0|0|20231263736|12|12-10-2023|14:51|Cavadas do Pano - Carregal|Aveiro|Requeixo|112|10509|165352|400834|12|10|14|1985053|||610.0|Desconhecida|12-10-2023 14:51:00|12-10-2023 16:31:00|100|0.0932|12-10-2023|16:31|12-10-2023|15:04|0|40.5755555555556|-8.54222222222222|Indeterminadas|29.7565856933594|29.1578860215412|16.0801599353514|4.35354798482085|224|0.0|92.7105275024584|46.0738811039126|456.217451622638|12.6418889660004|73.5723814213121|31.7152193185883|12.3541470576818|||24.9538|8.91625|11.1106|380.915|17.37||||||||||||
20231263774|Porto|Florestal|2023|0.0|0.05|0.0|0.05|0|0|0|1|0|0|20231263774|12|12-10-2023|15:00|Penha Longa (Refojos de Cima)|Marco de Canaveses|Penha Longa|112|130715|197948|459229|12|10|15|1970547|||6.0|Desconhecida|12-10-2023 15:00:00|12-10-2023 16:29:00|89|0.05|12-10-2023|16:29|12-10-2023|15:12|0|41.1021979999542|-8.15755299992031|Indeterminadas|27.6277099609375|29.9178514179779|11.2050892852707|2.85196917306357|229|0.0|91.1712613739301|44.2278371006203|283.744847961523|7.45587020319939|63.6518454210719|20.4145010872704|5.66448626414374|||304.385|21.5699|9.99844|224.597|22.29||||||||||||
20231263884|Leiria|Florestal|2023|0.0|0.05|0.0|0.05|0|0|0|1|0|0|20231263884|12|12-10-2023|15:14|Marinha Pequena|Marinha Grande|Marinha Grande|PV|101001|133887|308892|12|10|15|2050221|||211.0|Negligente|12-10-2023 15:14:00|12-10-2023 15:45:00|31|0.05|12-10-2023|15:45|12-10-2023|15:26|0|39.7458333333333|-8.90444444444444|Acidentais - Transportes e Comunicações|28.6884094238281|33.1662037634023|16.9285452106215|4.70237366961709|227|0.0|91.8294235755943|46.2750226162136|599.175591993724|11.1637285471625|77.5725091647076|29.9455659507998|11.1603412422519||231.0|96.8913|1.1592|11.3406|432.521|12.3|18.288|||||||||||
20231263992|Porto|Florestal|2023|0.0|0.14|0.0|0.14|1|0|0|1|0|0|20231263992|12|12-10-2023|15:36|Casal (Pinheiro da India)|Penafiel|Recezinhos (São Mamede)|CCO|131132|194889|474618|12|10|15|2195347|||711.0|Reacendimento|12-10-2023 15:36:00|12-10-2023 16:23:00|47|0.14|12-10-2023|16:23|12-10-2023|15:45|0|41.240748000145|-8.19409699969822|Reacendimentos|27.8315063476563|30.7924336503115|10.1034701634048|2.57449471492379|228|0.0|90.6673265797139|44.1343441396059|376.694617262359|6.50324784334317|68.2715790409328|19.1853777239395|5.07488763387837||212.0|250.63|12.1651|10.5303|252.398|19.09|7.92717|||||||||||
20231264014|Porto|Florestal|2023|0.0|0.05|0.0|0.05|0|0|0|1|0|0|20231264014|12|12-10-2023|15:42|oliveira (Matouce)|Amarante|Travanca|Populares|130136|195244|476712|12|10|15|1970547|||610.0|Desconhecida|12-10-2023 15:42:00|12-10-2023 17:15:00|93|0.05|12-10-2023|17:15|12-10-2023|16:15|0|41.2596079995897|-8.18987800015343|Indeterminadas|27.8315063476563|30.7924336503115|10.1034701634048|2.24549617439947|235|0.0|90.6673265797139|44.1343441396059|376.694617262359|6.50324784334317|68.2715790409328|19.1853777239395|5.07488763387837|||205.372|10.3424|10.7284|252.712|19.67||||||||||||
20231264081|Coimbra|Florestal|2023|0.5|0.0|0.0|0.5|0|0|0|1|0|0|20231264081|12|12-10-2023|15:56|Casais São Clemente (Pousa Foles)|Miranda do Corvo|Lamas|112|60901|179554|344603|12|10|15|1970101|||129.0|Negligente|12-10-2023 15:56:00|12-10-2023 17:01:00|65|0.5|12-10-2023|17:01|12-10-2023|16:10|0|40.0697199998962|-8.37277999983893|Queimadas extensivas - Outras_|30.6210876464844|23.1949985400247|12.4723944708102|3.32976630300907|238|0.0|93.9719351760627|59.9438433376891|457.050644018378|13.7701618530907|90.2847565872355|37.0899520669173|16.2986827200313|||216.391|19.5034|10.3128|239.472|28.42||||||||||||
20231264161|Faro|Florestal|2023|0.0|0.3|0.0|0.3|0|0|0|1|0|0|20231264161|12|12-10-2023|16:11|Barracha (Barrabés)|São Brás de Alportel|São Brás de Alportel|112|81201|223102|19625|12|10|16|2000333|||124.0|Negligente|12-10-2023 16:11:00|12-10-2023 17:00:00|49|0.3|12-10-2023|17:00|12-10-2023|16:19|0|37.1421970001856|-7.87304200013479|Queimas amontoados de sobrantes florestais ou agrícolas|23.8850952148438|61.8673195533227|5.46807424794358|1.2485419501522|175|0.0|87.2181406362845|142.560859888211|1468.98244184413|6.00331454694274|229.452358738797|28.0631752621971|9.94880812829633||237.0|203.501|6.68484|11.1644|311.549|10.57|5.28056|||||||||||
20231264206|Braga|Florestal|2023|0.0|0.9|0.0|0.9|0|0|0|1|0|0|20231264206|12|12-10-2023|16:23|R. Aldeia  Nova (Aldeia Nova)|Vila Nova de Famalicão|Lousado|CCO|31224|167001|487938|12|10|16|sigo|||124.0|Negligente|12-10-2023 16:23:00|12-10-2023 17:12:00|49|0.9|12-10-2023|17:12|12-10-2023|16:35|0|41.3600250000424|-8.52749499956767|Queimas amontoados de sobrantes florestais ou agrícolas|25.4041076660156|48.8152063189474|14.6027605085642|3.78353274959986|217|0.0|89.6143082961839|33.7479301132305|416.348129956143|8.64448837803357|56.1229628197426|21.2647046531726|6.08871943771127|||64.6988|9.0396|10.9141|682.484|24.49||||||||||||
20231264216|Viana do Castelo|Florestal|2023|0.0|0.5|0.0|0.5|0|0|0|1|0|0|20231264216|12|12-10-2023|16:24|Oussias (Codeçal)|Arcos de Valdevez|Carralcova|PV|160107|180808|549177|12|10|16|sigo|||125.0|Negligente|12-10-2023 16:24:00|12-10-2023 17:00:00|36|0.5|12-10-2023|17:00|12-10-2023|16:35|0|41.9118349997203|-8.36446699990167|Queimadas para gestão de pasto para gado|25.2882019042969|36.4231748351159|12.463494964222|2.96725114909656|205|0.0|90.7864536549751|42.9404527781211|239.125999963503|8.93342046601001|59.2718985688003|22.3902309159587|6.67071793815693||221.0|348.506|34.2406|8.52781|96.5056|15.81|32.8939|||||||||||
20231264227|Porto|Florestal|2023|0.0|0.5|0.0|0.5|0|0|0|1|0|0|20231264227|12|12-10-2023|16:25|Lugar de Pinheirais (Barreiro)|Amarante|Travanca|Populares|130136|194600|476899|12|10|16|1970547|||610.0|Desconhecida|12-10-2023 16:25:00|12-10-2023 18:06:00|101|0.5|12-10-2023|18:06|12-10-2023|16:30|0|41.2612930001153|-8.19757200029161|Indeterminadas|26.9526916503906|35.0218321953405|8.68887552428815|1.96537822049383|246|0.0|90.6673265797139|44.1343441396059|376.694617262359|6.50324784334317|68.2715790409328|19.1853777239395|5.07488763387837||232.0|205.372|10.3424|10.6047|252.712|19.67|54.4203|||||||||||
20231264261|Porto|Florestal|2023|1.31174129874706|1.44909583403468|0.0005271311879158|2.76136426396966|0|0|0|0|1|0|20231264261|12|12-10-2023|16:36|Soalhães (Telheira)|Marco de Canaveses|Soalhães|112|130722|203520|468082|12|10|16|1970547|||610.0|Desconhecida|12-10-2023 16:36:00|12-10-2023 18:00:00|84|2.76136426396966|12-10-2023|18:00|12-10-2023|16:48|0|41.1819099998474|-8.09117999977536|Indeterminadas|26.9526916503906|35.0218321953405|8.68887552428815|1.96537822049383|246|0.0|90.6673265797139|44.1343441396059|376.694617262359|6.50324784334317|68.2715790409328|19.1853777239395|5.07488763387837|||462.045|23.9226|10.0978|224.56|17.71||http://fogos.icnf.pt/sgif2010/ficheiroskml/20231264261.kml||||||||||
20231264287|Viseu|Florestal|2023|0.0065|0.685|0.0|0.6915|0|0|0|1|0|0|20231264287|12|12-10-2023|16:42|Mosteiro|Castro Daire|Castro Daire|CCO|180304|217877|435793|12|10|16|2000464|||449.0|Intencional|12-10-2023 16:42:00|12-10-2023 17:57:00|75|0.6915|12-10-2023|17:57|12-10-2023|17:01|0|40.8909750000636|-7.92099499993854|Incendiarismo - Imputáveis|27.9360900878906|24.9989444912411|12.1495548048768|3.002052734706|238|0.0|93.0274551075246|55.6801039654047|474.644694485315|11.0576783476031|86.1073003734398|31.3377170731009|12.0950626676625|||544.769|27.0624|9.54375|363.091|22.2||||||||||||
20231264328|Santarém|Agrícola|2023|0.0|0.0|0.084|0.084|0|0|0|0|0|1|20231264328|12|12-10-2023|16:52|Lamarosa (IC10 (EN114) Km 103)|Coruche|São José da Lamorosa|112|140903|162751|230789|12|10|16|2045011|||152.0|Negligente|12-10-2023 16:52:00|12-10-2023 17:18:00|26|0.084|12-10-2023|17:18|12-10-2023|17:15|0|39.0440700001187|-8.56335199991862|Uso do fogo - Fumar|31.9272094726563|23.7455014752677|15.2419360407782|4.40148347676179|239|0.0|93.3654313926948|89.6593021637396|972.683932912425|10.8758579951181|145.734988583651|38.50171932389|17.4128044563946||231.0|58.5863|9.56786|11.3472|124.518|22.04|89.2874|http://fogos.icnf.pt/sgif2010/ficheiroskml/ANPC 20231264328.kml||||||||||
20231264336|Porto|Florestal|2023|0.0|0.7|0.0|0.7|0|0|0|1|0|0|20231264336|12|12-10-2023|16:54|Lugar  de Mancelos (Pego)|Amarante|Travanca|PV|130136|196362|479137|12|10|16|1970547|||610.0|Desconhecida|12-10-2023 16:54:00|12-10-2023 17:51:00|57|0.7|12-10-2023|17:51|12-10-2023|17:05|0|41.2814519998762|-8.17655499988132|Indeterminadas|26.9526916503906|35.0218321953405|8.68887552428815|2.04600928327773|245|0.0|90.6673265797139|44.1343441396059|376.694617262359|6.50324784334317|68.2715790409328|19.1853777239395|5.07488763387837|||271.212|12.9499|10.1475|199.847|14.57||||||||||||
20231264358|Lisboa|Florestal|2023|0.0|0.07|0.0|0.07|0|0|0|1|0|0|20231264358|12|12-10-2023|16:57|Rua da Lapa (Moinho do Gato)|Sintra|Sintra (São Martinho)|112|111111|90718|206697|12|10|16|2101004|||630.0|Desconhecida|12-10-2023 16:57:00|12-10-2023 18:05:00|68|0.07|12-10-2023|18:05|12-10-2023|17:08|0|38.8210669999652|-9.39142499976688|Indeterminadas|22.7478881835938|64.9213817026937|17.5894289424218|4.40797939198118|207|0.0|86.5074238485553|53.8411236835393|982.566079726021|5.96297571342351|94.7080828149758|21.4421233573685|6.17892455775783|||142.654|13.8037|11.1522|684.524|20.17||||||||||||
20231264387|Vila Real|Florestal|2023|0.0|0.1|0.0|0.1|1|0|0|1|0|0|20231264387|12|12-10-2023|17:02|Sabugueiro|Montalegre|Chã|Outros|170604|230852|533272|12|10|17|1875311|||711.0|Reacendimento|12-10-2023 17:02:00|12-10-2023 17:54:00|52|0.1|12-10-2023|17:54|12-10-2023|17:04|0|41.7683333333333|-7.76222222222222|Reacendimentos|23.09951171875|36.2291173153309|9.3908732551379|2.60857590420497|216|0.0|90.8961728985068|43.3322704177082|304.864622059179|7.65709542017095|63.9430134103478|20.8598760532245|5.88505674499524||227.0|912.438|8.76604|10.9019|112.401|16.05|18.7558|||||||||||
20231264412|Viseu|Florestal|2023|0.0235|0.1362|0.0|0.1597|0|0|0|1|0|0|20231264412|12|12-10-2023|17:09|Mosteiro 2 (Mosteiro)|Castro Daire|Castro Daire|Outros|180304|217798|435844|12|10|17|2000464|||449.0|Intencional|12-10-2023 17:09:00|12-10-2023 18:23:00|74|0.1597|12-10-2023|18:23|12-10-2023|17:25|0|40.8914420000712|-7.92193299982283|Incendiarismo - Imputáveis|26.4594970703125|27.2016634156522|9.67535822339766|2.47290275983656|252|0.0|93.0274551075246|55.6801039654047|474.644694485315|11.0576783476031|86.1073003734398|31.3377170731009|12.0950626676625||232.0|673.156|17.9133|9.54375|335.536|20.15|16.9735|||||||||||
20231264421|Braga|Florestal|2023|0.0|0.03|0.0|0.03|0|0|0|1|0|0|20231264421|12|12-10-2023|17:11|Gandarela|Celorico de Basto|Basto (São Clemente)|PV|30520|207811|498816|12|10|17|1875250|||124.0|Negligente|12-10-2023 17:11:00|12-10-2023 18:47:00|96|0.03|12-10-2023|18:47|12-10-2023|17:23|0|41.4586111111111|-8.03972222222222|Queimas amontoados de sobrantes florestais ou agrícolas|23.7715087890625|42.8984871872077|7.54377075703456|2.05380463766021|229|0.0|91.0075961959114|44.6154711492594|329.845069784693|7.40203211960991|66.6820800393962|20.8108400322301|5.86059237027086|||571.448|24.2849|9.63156|130.353|15.65||http://fogos.icnf.pt/sgif2010/ficheiroskml/1264421-gandarela.kml||||||||||
20231264516|Santarém|Florestal|2023|0.0|0.03|0.0|0.03|0|0|0|1|0|0|20231264516|12|12-10-2023|17:31|Chã (Brejo Alto)|Ourém|Caxarias|112|142104|164295|305866|12|10|17|2045011|||448.0|Intencional|12-10-2023 17:31:00|12-10-2023 17:46:00|15|0.03|12-10-2023|17:46|12-10-2023|17:34|0|39.7203430000941|-8.54952800008986|Incendiarismo - Imputáveis|28.2875915527344|29.7771512052642|14.6945076889288|4.08180769136911|248|0.0|93.5389259973594|61.0511645596936|573.310280464277|13.6873427917848|96.4304142382676|38.1101871588134|17.1006106285726|||156.247|8.38638|10.8328|267.419|21.01||||||||||||
20231264694|Leiria|Florestal|2023|0.0|0.08|0.0|0.08|0|0|0|1|0|0|20231264694|12|12-10-2023|18:04|Óbidos (Olho Marinho) (Vale dos Arneiros)|Óbidos|Olho Marinho|Populares|101203|103306|261631|12|10|18|2050221|||449.0|Intencional|12-10-2023 18:04:00|12-10-2023 20:15:00|131|0.04|12-10-2023|20:15|12-10-2023|18:56|0|39.3172599999772|-9.25431799994575|Incendiarismo - Imputáveis|22.3365112304688|68.9622890350984|18.3530417336492|4.85893068930979|196|0.0|88.1693995198204|40.1975674273376|845.422858345558|8.2924937911237|71.8539795093438|23.4600732060382|7.24522499164412||234.0|47.55|9.55068|11.4413|369.743|20.56|4.61457|||||||||||
20231264717|Vila Real|Agrícola|2023|0.0|0.0|0.215|0.215|0|0|0|0|0|1|20231264717|12|12-10-2023|18:20|VILARELHO DA RAIA (Cerdeira)|Chaves|Vilarelho da Raia|Populares|170345|256163|542227|12|10|18|1980865|||121.0|Negligente|12-10-2023 18:20:00|12-10-2023 18:43:00|23|0.215|12-10-2023|18:43|12-10-2023|18:34|0|41.8475180000729|-7.45687299993303|Queimadas de sobrantes florestais ou agrícolas|22.39638671875|34.4878153401035|7.63163215518371|2.11989782088436|221|0.0|92.1079272533359|49.8876699294563|452.725999434113|9.35315202177135|78.2254185682078|26.6503378593459|9.07951639016089||227.0|367.748|2.65439|11.8178|81.8316|13.05|354.593|||||||||||
20231264797|Vila Real|Florestal|2023|0.0|0.03|0.0|0.03|0|0|0|1|0|0|20231264797|12|12-10-2023|18:37|Peireses (Penas Covas)|Montalegre|Chã|PV|170604|230259|537176|12|10|18|1875311|||125.0|Negligente|12-10-2023 18:37:00|12-10-2023 19:08:00|31|0.03|12-10-2023|19:08|12-10-2023|18:39|0|41.8034469999207|-7.76903500000636|Queimadas para gestão de pasto para gado|20.3925109863281|42.3636487817886|8.48387132537797|2.26662532733812|209|0.0|90.8961728985068|43.3322704177082|304.864622059179|7.65709542017095|63.9430134103478|20.8598760532245|5.88505674499524|||916.085|4.31319|10.5903|154.628|18.48||||||||||||
20231264859|Braga|Florestal|2023|0.0|0.06|0.0|0.06|0|0|0|1|0|0|20231264859|12|12-10-2023|18:56|Sins|Póvoa de Lanhoso|Frades|112|30910|190928|515659|12|10|18|1980851|||125.0|Negligente|12-10-2023 18:56:00|12-10-2023 20:40:00|104|0.06|12-10-2023|20:40|12-10-2023|19:13|0|41.6102777777778|-8.24194444444444|Queimadas para gestão de pasto para gado|23.9555908203125|39.9743331966907|7.28213552740443|1.78753083897835|161|0.0|90.9607710176103|44.3833342860922|321.04907945267|8.59065320356068|65.9675186827617|23.0125140951443|7.00237401006118|||349.652|19.8032|10.0016|112.971|19.04||http://fogos.icnf.pt/sgif2010/ficheiroskml/20231264859.kmz||||||||||
20231264899|Guarda|Florestal|2023|0.0|0.1|0.0|0.1|0|0|0|1|0|0|20231264899|12|12-10-2023|19:02|Malhadinha|Sabugal|Soito|CCO|91134|299696|375817|12|10|19|2000180|||122.0|Negligente|12-10-2023 19:02:00|12-10-2023 19:10:00|8|0.1|12-10-2023|19:10|12-10-2023|19:10|0|40.345|-6.95972222222222|Queimadas de sobrantes florestais ou agrícolas|21.8273864746094|43.8073593322701|7.63342198020778|2.12039499450216|184|0.0|93.810464409621|64.7321501405671|523.476440613706|12.7078009652891|98.8922180823036|36.7310550181177|16.0205723189125||234.0|550.943|12.1505|10.8737|61.0166|16.89|16.8081|||||||||||
20231264926|Aveiro|Agrícola|2023|0.0|0.0|0.0035|0.0035|0|0|0|0|0|1|20231264926|12|12-10-2023|19:12|Lugar de Angeja (Amiais)|Estarreja|Fermelã|112|10804|164074|413791|12|10|19|2045033|||6.0|Desconhecida|12-10-2023 19:12:00|12-10-2023 20:30:00|78|0.0035|12-10-2023|20:30|12-10-2023|19:30|0|40.6922600004408|-8.5581430000729|Indeterminadas|22.9464050292969|52.3589546244542|10.8145976244624|2.99869331816998|190|0.0|92.0694199312032|42.0298337244492|378.408511966052|12.414146940452|65.7911184912723|29.6459088254792|10.9634324350838||237.0|-0.729375|1.18868|11.0547|520.718|9.02|2.20892|||||||||||
20231264972|Porto|Florestal|2023|0.0|0.0005|0.0|0.0005|0|0|0|1|0|0|20231264972|12|12-10-2023|19:21|Espaço Natureza - Estação do Metro (Outeiro)|Vila do Conde|Mindelo|Populares|131616|151209|483820|12|10|19|2045026|||||12-10-2023 19:21:00|12-10-2023 19:42:00|21|0.0005|12-10-2023|19:42|12-10-2023|19:35|0|41.3221400001314|-8.71587699996101||23.0479064941406|56.2661943751719|11.405665967244|3.16824054645666|172|0.0|89.6143082961839|33.7479301132305|416.348129956143|8.64448837803357|56.1229628197426|21.2647046531726|6.08871943771127||232.0|23.3619|1.76841|11.4206|430.498|9.04|117.068|||||||||||
20231264990|Viana do Castelo|Florestal|2023|0.714584485626221|8.39919788942337|0.0|9.11378237504959|0|0|0|0|1|0|20231264990|12|12-10-2023|19:29|Chã (Bouças dos Pinheiros)|Viana do Castelo|Afife|PV|160901|142518|533642|12|10|19|2100694|||125.0|Negligente|12-10-2023 19:29:00|12-10-2023 21:45:00|136|4.5568911875248|12-10-2023|21:45|12-10-2023|20:00|0|41.7701200000445|-8.8244529999627|Queimadas para gestão de pasto para gado|21.1744018554688|64.0927727039399|18.5342651395892|5.47816024642463|168|0.0|87.0191662527921|23.7081123433449|294.442787341901|9.11474810041173|39.4708780001146|18.4396072403969|4.730960844261|||23.0088|7.33862|10.6878|145.639|14.69||||||||||||
20231265014|Porto|Agrícola|2023|0.0|0.0|0.005|0.005|0|0|0|0|0|1|20231265014|12|12-10-2023|19:32|rua ze telhado (Espiúca)|Felgueiras|Vila Cova da Lixa|Populares|130331|197524|484619|12|10|19|2195394|||610.0|Desconhecida|12-10-2023 19:32:00|12-10-2023 20:46:00|74|0.005|12-10-2023|20:46|12-10-2023|19:50|0|41.3308149994744|-8.16270199987623|Indeterminadas|23.2213989257813|40.2440277116047|3.10805146269222|0.841005754032842|191|0.0|90.6673265797139|44.1343441396059|376.694617262359|6.50324784334317|68.2715790409328|19.1853777239395|5.07488763387837||227.0|327.229|33.24|10.8122|223.561|14.71|3.82659|||||||||||
20231265066|Braga|Florestal|2023|0.0|0.07|0.0|0.07|0|0|0|1|0|0|20231265066|12|12-10-2023|19:45|Bustelo (Castanheira)|Póvoa de Lanhoso|Travassos|CCO|30927|193611|511218|12|10|19|1980851|||122.0|Negligente|12-10-2023 19:45:00|12-10-2023 21:40:00|115|0.07|12-10-2023|21:40|12-10-2023|20:00|0|41.5702880001068|-8.20973299980164|Queimadas de sobrantes florestais ou agrícolas|21.3091979980469|42.4280248064085|4.7504922992286|1.31907822847285|178|0.0002316712937044|91.0075961959114|44.6154711492594|329.845069784693|7.40203211960991|66.6820800393962|20.8108400322301|5.86059237027086||227.0|283.811|21.0335|10.035|134.077|19.89|39.8472|||||||||||
20231265181|Leiria|Agrícola|2023|0.0|0.0|0.005|0.005|0|0|0|0|0|1|20231265181|12|12-10-2023|20:15|Rua do Val (Fonte do Vale)|Leiria|Amor|Populares|100901|135828|315441|12|10|20|2050221|||445.0|Intencional|12-10-2023 20:15:00|12-10-2023 20:25:00|10|0.005|12-10-2023|20:25|12-10-2023|20:26|0|39.8049069997999|-8.88244199964735|Incendiarismo - Imputáveis|21.9638000488281|57.3214717439161|11.5343463627411|3.20398510076142|210|0.0|91.8294235755943|46.2750226162136|599.175591993724|11.1637285471625|77.5725091647076|29.9455659507998|11.1603412422519|||48.1694|2.5127|11.0553|292.295|20.85||||||||||||
20231265200|Vila Real|Florestal|2023|0.0|18.1839922876358|0.0|18.1839922876358|0|0|0|0|1|0|20231265200|12|12-10-2023|20:22|Montenegrelo. Vila Pouca de Aguiar. Portugal (NEGRELO)|Vila Pouca de Aguiar|Soutelo de Aguiar|112|171310|241709|500185|12|10|20|1875076|||125.0|Negligente|12-10-2023 20:22:00|13-10-2023 01:19:00|297|4.54599807190895|13-10-2023|01:19|12-10-2023|20:45|0|41.4698949999279|-7.63384000000026|Queimadas para gestão de pasto para gado|19.4931884765625|46.5040506048565|7.50541158180335|1.89451016929201|236|0.0|91.0845578617724|46.0611378489762|424.95645804686|6.79059300259317|72.4815436326372|20.438311492666|5.67618548042014||227.0|808.666|9.7824|9.69719|79.4978|19.5|117.244|http://fogos.icnf.pt/sgif2010/ficheiroskml/20231265200.kml||||||||||
20231265214|Viana do Castelo|Florestal|2023|18.0969149226189|152.356593067074|0.0|170.453507989693|0|0|0|0|1|0|20231265214|12|12-10-2023|20:20|Furnas (Vale de Brialho)|Valença|Boivão|Populares|160802|165177|557135|12|10|20|1960909|Perimetro Florestal da Boalhosa||125.0|Negligente|12-10-2023 20:20:00|13-10-2023 09:45:00|805|16.8967122309025|13-10-2023|09:45|12-10-2023|21:38|0|41.9829429997338|-8.55333699994617|Queimadas para gestão de pasto para gado|20.8713012695313|47.7529055215432|13.0915380314048|4.53455391450502|181|0.0|89.8362966151639|34.7152878183309|292.987765284261|10.1043259858302|53.5639693154545|23.1999632145031|7.10364775971965||233.0|293.216|20.4483|9.90531|277.587|16.95|41.2939|http://fogos.icnf.pt/sgif2010/ficheiroskml/20231265214.kml||||||||||
20231265228|Braga|Florestal|2023|0.0|0.02|0.0|0.02|0|0|0|1|0|0|20231265228|12|12-10-2023|20:30|M532-2. 4730 Vila Verde. Portugal (Bouças)|Vila Verde|Dossãos|112|31313|173010|522843|12|10|20|sigo|||60.0|Desconhecida|12-10-2023 20:30:00|12-10-2023 21:51:00|81|0.02|12-10-2023|21:51|12-10-2023|20:51|0|41.674519999822|-8.45725000010596|Indeterminadas|19.6765075683594|54.9572576099209|7.2195343828816|2.12584544956958|137|0.0|90.9607710176103|44.3833342860922|321.04907945267|8.59065320356068|65.9675186827617|23.0125140951443|7.00237401006118|||173.731|11.9844|10.5559|177.98|11.49||||||||||||
20231265261|Porto|Florestal|2023|0.0|0.02|0.0|0.02|0|0|0|1|0|0|20231265261|12|12-10-2023|20:37|Parada Raimonda (Groute)|Paços de Ferreira|Raimonda|Populares|130914|183789|483031|12|10|20|2195345|||610.0|Desconhecida|12-10-2023 20:37:00|12-10-2023 21:30:00|53|0.02|12-10-2023|21:30|12-10-2023|20:45|0|41.3163549995422|-8.32673499955071|Indeterminadas|20.714501953125|57.1479978444952|7.70080812353357|2.33298492153464|152|0.0|90.7191915822338|41.3900053265194|378.499703131361|7.89579672534178|65.0079939634938|21.5090929883363|6.21312392400204||231.0|395.177|11.3242|10.6184|323.881|17.5|2.07091|||||||||||
20231265271|Lisboa|Florestal|2023|0.0|0.45|0.0|0.45|0|0|0|1|0|0|20231265271|12|12-10-2023|20:44|Rua do Casal Novo (Casal da Semineira)|Torres Vedras|Turcifal|112|111317|103369|231633|12|10|20|2195451|||630.0|Desconhecida|12-10-2023 20:44:00|12-10-2023 23:09:00|145|0.225|12-10-2023|23:09|12-10-2023|20:58|0|39.0471199999915|-9.24930100017124|Indeterminadas|20.7849060058594|79.8321430968293|14.2741497830916|4.14713754490563|203|0.0|87.6788394683|52.203715267391|912.289942080474|7.37481056013515|91.3405437905895|24.4619967794075|7.80188555273867|||105.783|13.2457|10.6006|270.266|20.96||||||||||||
20231265286|Bragança|Florestal|2023|0.0|0.12|0.0|0.12|0|0|0|1|0|0|20231265286|12|12-10-2023|20:47|Carvalhas (Vale do Pau)|Vinhais|Moimenta|CCO|41211|294627|553141|12|10|20|1980610||Montesinho|121.0|Negligente|12-10-2023 20:47:00|12-10-2023 21:16:00|29|0.12|12-10-2023|21:16|12-10-2023|20:49|0|41.942103000217|-6.99205199983385|Queimadas de sobrantes florestais ou agrícolas|18.1787048339844|45.2837434434254|7.1417244982422|1.84040462483639|193|0.0458709109807387|91.8586867773187|46.6216035980628|342.724041102593|9.94524875658656|69.5802657427697|26.19677451973|8.80780212134053||233.0|945.4|15.5148|10.9122|43.6774|12.29|143.645|http://fogos.icnf.pt/sgif2010/ficheiroskml/20231265286.kmz||||||||||
20231265288|Porto|Agrícola|2023|0.0|0.0|0.17|0.17|0|0|0|0|0|1|20231265288|12|12-10-2023|20:49|LG Cabrelo (Bovieiro)|Penafiel|Abragão|Populares|131101|193005|464640|12|10|20|2195418|||630.0|Desconhecida|12-10-2023 20:49:00|12-10-2023 22:30:00|101|0.17|12-10-2023|22:30|12-10-2023|21:05|0|41.1508919999997|-8.21646199968126|Indeterminadas|21.0371948242188|46.7756581395094|5.40491964152138|1.80514359452115|180|0.0|91.1712613739301|44.2278371006203|283.744847961523|7.45587020319939|63.6518454210719|20.4145010872704|5.66448626414374||223.0|198.517|11.1608|8.9625|77.3353|21.48|2816.51|||||||||||
20231265299|Lisboa|Agrícola|2023|0.0|0.0223489148139954|0.0595967451095581|0.0819456599235535|0|0|0|0|0|1|20231265299|12|12-10-2023|20:51|Rua de São João (Casal do Mosqueiro)|Sintra|Almargem do Bispo|112|111103|99766|214046|12|10|20|2101004|||630.0|Desconhecida|12-10-2023 20:51:00|12-10-2023 22:17:00|86|0.0819456599235535|12-10-2023|22:17|12-10-2023|21:19|0|38.8883300002416|-9.2883300002416|Indeterminadas|20.6704956054688|82.0720938715301|12.1673562527524|3.39206273422593|206|0.0|86.5074238485553|53.8411236835393|982.566079726021|5.96297571342351|94.7080828149758|21.4421233573685|6.17892455775783|||169.421|22.0937|10.0306|362.291|14.47||||||||||||
20231265422|Viana do Castelo|Florestal|2023|157.507213835001|176.315014864945|0.902822921276093|334.725051621222|0|0|0|0|1|0|20231265422|12|12-10-2023|21:30|Quintela (Concagado)|Monção|Riba de Mouro|Populares|160424|183468|565414|12|10|21|1960909|Perimetro Florestal das Serras do Soajo e Peneda||125.0|Negligente|12-10-2023 21:30:00|13-10-2023 09:33:00|723|27.8937543017685|13-10-2023|09:33|12-10-2023|22:02|0|42.0580779997508|-8.33286000039842|Queimadas para gestão de pasto para gado|18.9023071289063|48.6798440210385|11.6468001508635|3.19815597277937|188|0.0|90.7233243720396|41.1866279859353|296.306439759626|8.74529922580832|61.1304185706841|22.4076652253196|6.67991442991748|||323.288|19.6867|10.1541|174.238|14.5||http://fogos.icnf.pt/sgif2010/ficheiroskml/20231265422.kml||||||||||
20231265466|Porto|Florestal|2023|0.0|0.01|0.0|0.01|1|0|0|1|0|0|20231265466|12|12-10-2023|21:40|Lug Telheira (Telheira)|Marco de Canaveses|Soalhães|Populares|130722|203575|468134|12|10|21|1970547|||711.0|Reacendimento|12-10-2023 21:40:00|12-10-2023 22:10:00|30|0.01|12-10-2023|22:10|12-10-2023|21:55|0|41.1823800002204|-8.0905170000924|Reacendimentos|20.097802734375|51.3127805314269|5.33120522890598|1.61782187594461|167|0.0|90.6673265797139|44.1343441396059|376.694617262359|6.50324784334317|68.2715790409328|19.1853777239395|5.07488763387837|||402.091|16.8314|10.0978|219.753|19.2||||||||||||
20231265477|Bragança|Florestal|2023|0.0|0.1|0.0|0.1|0|0|0|1|0|0|20231265477|12|12-10-2023|21:48|VILAR SECO DA LOMBA (Cavalhão)|Vinhais|Vilar Seco de Lomba|CCO|41234|278299|546100|12|10|21|1980610|Perimetro Florestal de Chaves|Montesinho|127.0|Negligente|12-10-2023 21:48:00|12-10-2023 22:33:00|45|0.1|12-10-2023|22:33|12-10-2023|22:00|0|41.8804999997881|-7.18985399987962|Queimadas extensivas - Limpeza de caminhos. acessos e instalações_|20.1340881347656|38.4747943026252|3.46511511313855|1.16036073680783|238|0.0|92.4459631762718|51.6342757424462|446.004542359878|9.78666351452472|80.0887243515773|27.8083853999864|9.78948901921133||227.0|629.766|46.474|8.92488|99.3205|9.94|1450.08|http://fogos.icnf.pt/sgif2010/ficheiroskml/20231265477.kmz||||||||||
20231265492|Viseu|Florestal|2023|0.0|0.0001|0.0|0.0001|0|0|0|1|0|0|20231265492|12|12-10-2023|21:50|Mosteiro|Castro Daire|Castro Daire|Populares|180304|217899|436000|12|10|21|2000464|||449.0|Intencional|12-10-2023 21:50:00|12-10-2023 22:27:00|37|0.0001|12-10-2023|22:27|12-10-2023|22:05|0|40.8928369998932|-7.9207210000356|Incendiarismo - Imputáveis|20.2719970703125|43.285660699148|6.96858435501013|1.9467842753526|200|0.0|93.0274551075246|55.6801039654047|474.644694485315|11.0576783476031|86.1073003734398|31.3377170731009|12.0950626676625|||544.769|27.0624|9.65062|363.091|22.2||||||||||||
20231265581|Vila Real|Florestal|2023|0.9|0.0|0.0|0.9|0|0|0|1|0|0|20231265581|12|12-10-2023|22:30|Moinho do Corgo|Montalegre|Morgade|PV|170616|233422|529902|12|10|22|1875311|Perimetro Florestal do Barroso||448.0|Intencional|12-10-2023 22:30:00|12-10-2023 23:43:00|73|0.9|12-10-2023|23:43|12-10-2023|22:50|0|41.7377777777778|-7.73138888888889|Incendiarismo - Imputáveis|17.8362976074219|42.8932391667494|8.27317054999098|2.19492794864212|204|0.0|90.8961728985068|43.3322704177082|304.864622059179|7.65709542017095|63.9430134103478|20.8598760532245|5.88505674499524||232.0|946.839|14.0101|10.4744|95.1518|14.37|191.797|||||||||||
20231265584|Porto|Florestal|2023|0.1|0.06|0.0|0.16|0|0|0|1|0|0|20231265584|12|12-10-2023|22:31|R Agua Nova (Lameiros)|Amarante|Freixo de Cima|112|130114|199680|481424|12|10|22|1970547|||610.0|Desconhecida|12-10-2023 22:31:00|12-10-2023 23:47:00|76|0.16|12-10-2023|23:47|12-10-2023|22:55|0|41.3020500000318|-8.1369529999627|Indeterminadas|20.1098876953125|46.8369224178028|6.51120616393256|1.79968727654366|168|0.0|90.6673265797139|44.1343441396059|376.694617262359|6.50324784334317|68.2715790409328|19.1853777239395|5.07488763387837|||375.915|38.315|9.45844|214.123|17.15||||||||||||
20231265593|Porto|Florestal|2023|0.0|0.04|0.0|0.04|0|0|0|1|0|0|20231265593|12|12-10-2023|22:29|Ubeiras (Paço)|Felgueiras|Borba de Godim|Populares|130303|199966|483703|12|10|22|2195394|||610.0|Desconhecida|12-10-2023 22:29:00|12-10-2023 23:05:00|36|0.04|12-10-2023|23:05|12-10-2023|22:38|0|41.3225669998593|-8.13353200000193|Indeterminadas|20.1098876953125|46.8369224178028|6.51120616393256|1.79968727654366|168|0.0|90.6673265797139|44.1343441396059|376.694617262359|6.50324784334317|68.2715790409328|19.1853777239395|5.07488763387837||233.0|384.921|17.1124|9.89|236.768|16.51|8.33199|||||||||||
20231265611|Braga|Florestal|2023|0.0|0.2|0.0|0.2|0|0|0|1|0|0|20231265611|12|12-10-2023|22:42|Codeçosa/Regadas (Deães)|Braga|Pedralva|Outros|30334|185862|509189|12|10|22|sigo|||60.0|Desconhecida|12-10-2023 22:42:00|13-10-2023 00:33:00|111|0.2|13-10-2023|00:33|12-10-2023|23:05|0|41.5519179999828|-8.30259000009961|Indeterminadas|19.9674926757813|49.2355207006555|8.12715550489526|2.2411530393084|157|0.0|90.9607710176103|44.3833342860922|321.04907945267|8.59065320356068|65.9675186827617|23.0125140951443|7.00237401006118||232.0|395.834|6.08077|10.855|208.974|16.25|196.472|||||||||||
20231265617|Braga|Florestal|2023|0.0|0.1|0.0|0.1|0|0|0|1|0|0|20231265617|12|12-10-2023|22:46|Monte São Pedro (São Vicente)|Amares|Caires|CCO|30105|181938|520288|12|10|22|2030333|||610.0|Desconhecida|12-10-2023 22:46:00|12-10-2023 23:27:00|41|0.1|12-10-2023|23:27|12-10-2023|23:00|0|41.6517730000284|-8.34995699988471|Indeterminadas|19.9674926757813|49.2355207006555|8.12715550489526|2.26065970637947|157|0.0|90.9607710176103|44.3833342860922|321.04907945267|8.59065320356068|65.9675186827617|23.0125140951443|7.00237401006118||223.0|188.941|21.6557|9.4325|241.027|30.99|746.275|http://fogos.icnf.pt/sgif2010/ficheiroskml/Incendio Caires 2165617.kmz||||||||||
20231265634|Porto|Florestal|2023|0.0|0.01|0.0|0.01|0|0|0|1|0|0|20231265634|12|12-10-2023|22:49|R Fura Casas (Eiras)|Baião|Gestaçô|Populares|130205|215443|467540|12|10|22|1970547|||610.0|Desconhecida|12-10-2023 22:49:00|12-10-2023 23:40:00|51|0.01|12-10-2023|23:40|12-10-2023|23:00|0|41.1768930000729|-7.94908200052049|Indeterminadas|19.7492919921875|45.1672958521442|6.04079063224157|1.55496671386442|206|0.0|90.4572277235214|43.7229952273311|414.350769019144|5.77748589927483|69.1926707965145|17.7135201012429|4.40624388774186|||630.212|17.8949|10.2459|205.035|20.25||||||||||||
20231265641|Viseu|Florestal|2023|0.0|0.0246|0.0|0.0246|0|0|0|1|0|0|20231265641|12|12-10-2023|22:56|Quinta do Juncal|Penalva do Castelo|Antas|112|181101|245513|408961|12|10|22|2000464|||449.0|Intencional|12-10-2023 22:56:00|13-10-2023 00:14:00|78|0.0246|13-10-2023|00:14|12-10-2023|23:20|0|40.6483333333333|-7.595|Incendiarismo - Imputáveis|19.3575988769531|43.554607432445|5.73637984906011|1.55221649974922|221|0.0|93.3020462236597|59.3118420657198|459.271572984033|11.6441729751527|89.6722580149553|33.095551377598|13.3217455136027||232.0|635.271|20.9684|10.8409|314.64|21.13|13.8941|http://fogos.icnf.pt/sgif2010/ficheiroskml/Penalva do Castelo - Incêndio nº  20231265641 - Miuzela.kml||||||||||
20231265672|Vila Real|Florestal|2023|0.584953094387054|11.7974222821951|0.0045834197282791|12.3869587963104|1|0|0|0|1|0|20231265672|12|12-10-2023|23:01|VINHÓS|Peso da Régua|Vinhós|Populares|170811|224870|473272|12|10|23|2195382|||711.0|Reacendimento|12-10-2023 23:01:00|13-10-2023 04:00:00|299|3.1449548555851|13-10-2023|04:00|12-10-2023|23:07|0|41.228269999822|-7.83650700012843|Reacendimentos|18.6976867675781|50.8969371719109|5.30451372397698|1.55901669772663|190|0.0|90.4572277235214|43.7229952273311|414.350769019144|5.77748589927483|69.1926707965145|17.7135201012429|4.40624388774186||227.0|532.624|37.0028|8.96656|174.872|15.73|286.166|http://fogos.icnf.pt/sgif2010/ficheiroskml/20231265672(1).kml||||||||||
20231265683|Viseu|Florestal|2023|2.16621575527191|0.0635008273124695|0.0|2.22971658258438|0|0|0|0|1|0|20231265683|12|12-10-2023|23:14|Quinta do Azibal|Castro Daire|Mões|112|180312|221641|434809|12|10|23|1960893|||448.0|Intencional|12-10-2023 23:14:00|13-10-2023 03:01:00|227|0.743238860861461|13-10-2023|03:01|12-10-2023|23:31|0|40.8819444444444|-7.87638888888889|Incendiarismo - Imputáveis|18.5931030273438|48.8007526089398|6.51806787175342|1.95024998590782|183|0.0|93.0274551075246|55.6801039654047|474.644694485315|11.0576783476031|86.1073003734398|31.3377170731009|12.0950626676625||227.0|542.398|22.4912|9.89937|253.322|23.9|75.4531|http://fogos.icnf.pt/sgif2010/ficheiroskml/265683 - Mões 2.22 ha.kml||||||||||
20231265695|Vila Real|Agrícola|2023|0.0|0.0|0.01|0.01|0|0|0|0|0|1|20231265695|12|12-10-2023|23:15|Quinteirão|Valpaços|Valpaços|Populares|171228|267500|516399|12|10|23|1875216|||124.0|Negligente|12-10-2023 23:15:00|12-10-2023 23:38:00|23|0.01|12-10-2023|23:38|12-10-2023|23:19|0|41.6141666666667|-7.32333333333333|Queimas amontoados de sobrantes florestais ou agrícolas|20.0879150390625|40.0397278444811|6.30591098852394|1.75164194125665|204|0.0|91.3556126238566|49.4761200735192|513.57064663173|7.30917040707815|79.7459285900406|22.6565141611814|6.8117809970454|||466.433|11.1617|10.5134|213.973|15.41||||||||||||
20231265717|Braga|Florestal|2023|9.44163470755815|25.1244681981385|0.0|34.5661029056966|0|0|0|0|1|0|20231265717|12|12-10-2023|23:30|Vale do Abade|Celorico de Basto|Basto (São Clemente)|CCO|30520|205697|498706|12|10|23|1875258|||311.0|Intencional|12-10-2023 23:30:00|13-10-2023 07:00:00|450|4.9380147008138|13-10-2023|07:00|12-10-2023|23:40|0|41.4577777777778|-8.065|Estruturais - Caça e vida selvagem|19.4060913085938|42.8076136628764|6.35762237731272|2.01505589386173|181|0.0|91.0075961959114|44.6154711492594|329.845069784693|7.40203211960991|66.6820800393962|20.8108400322301|5.86059237027086|||571.448|24.2849|10.1188|130.353|15.65||http://fogos.icnf.pt/sgif2010/ficheiroskml/20231265717.kml||||||||||
20231265738|Braga|Florestal|2023|10.9874795841217|66.8504455870271|0.0|77.8379251711488|0|0|0|0|1|0|20231265738|12|12-10-2023|23:40|Alto da Penica|Cabeceiras de Basto|Bucos|CCO|30405|206122|510146|12|10|23|1875258|||311.0|Intencional|12-10-2023 23:40:00|13-10-2023 07:42:00|482|9.7297406463936|13-10-2023|07:42|13-10-2023|00:02|0|41.5605555555556|-8.05972222222222|Estruturais - Caça e vida selvagem|19.4060913085938|42.8076136628764|6.35762237731272|2.01505589386173|181|0.0|91.0075961959114|44.6154711492594|329.845069784693|7.40203211960991|66.6820800393962|20.8108400322301|5.86059237027086||237.0|648.828|22.2172|9.88406|235.977|26.31|18.6032|http://fogos.icnf.pt/sgif2010/ficheiroskml/20231265738.kml||||||||||
20231265840|Porto|Florestal|2023|0.0|0.01|0.0|0.01|0|0|0|1|0|0|20231265840|12|13-10-2023|00:35|Fernal|Paredes|Lordelo|CCO|131013|175158|474103|13|10|0|2195409|||630.0|Desconhecida|13-10-2023 00:35:00|13-10-2023 01:07:00|32|0.01|13-10-2023|01:07|13-10-2023|00:40|0|41.2358333333333|-8.42944444444444|Indeterminadas|20.4613891601563|51.1914868604495|9.43575240696169|2.79671472521936|166|0.0|65.0998428504769|32.9544403177291|376.302422914954|0.790013699798746|54.0708349844284|2.20267279166753|0.110050084778462||223.0|180.768|22.8303|10.0028|411.32|17.63|55.0681|||||||||||
20231265862|Viana do Castelo|Florestal|2023|0.0|0.22|0.0|0.22|0|0|0|1|0|0|20231265862|12|13-10-2023|00:43|Lg Granhão (Mouta)|Ponte da Barca|Vade (São Tomé)|CCO|160624|177502|535340|13|10|0|sigo|||122.0|Negligente|13-10-2023 00:43:00|13-10-2023 05:05:00|262|0.055|13-10-2023|05:05|13-10-2023|01:16|0|41.7871700000763|-8.40378699991438|Queimadas de sobrantes florestais ou agrícolas|18.0158020019531|50.88499866809|9.13047322280685|2.5383432540751|164|0.0|38.2116408253846|21.8531232460875|217.933122102151|0.0369962297995508|34.9458156630571|0.0484516413960696|0.0001281046631475||227.0|245.566|28.1767|9.59844|193.548|13.95|240.395|||||||||||
20231265873|Porto|Florestal|2023|0.0|0.075|0.0|0.075|0|0|0|1|0|0|20231265873|12|13-10-2023|00:58|Casal do Monte (Travessa do Património)|Maia|Avioso (São Pedro)|112|130612|159397|479862|13|10|0|2045026|||||13-10-2023 00:58:00|13-10-2023 02:52:00|114|0.075|13-10-2023|02:52|13-10-2023|01:25|0|41.2869650000996|-8.61782299995422||21.7054077148438|59.2335619340712|13.9497299252353|4.2297163583108|167|0.0|61.6990403929151|24.2285284613062|409.441579252775|0.782227827925744|42.2123177793549|1.60738191882855|0.0630085772663041|||120.255|5.2388|11.3944|619.774|20.79||||||||||||
20231265964|Porto|Florestal|2023|0.0345|0.0|0.0|0.0345|0|0|0|1|0|0|20231265964|12|13-10-2023|02:19|Rua das Escolas (Vermoim)|Santo Tirso|Carreira|112|131407|170916|482463|13|10|2|2195473|||124.0|Negligente|13-10-2023 02:19:00|13-10-2023 03:30:00|71|0.0345|13-10-2023|03:30|13-10-2023|02:30|0|41.3108750004239|-8.48044500033061|Queimas amontoados de sobrantes florestais ou agrícolas|21.052392578125|64.3440821145959|16.604298869714|4.66437978808173|160|0.0|61.6990403929151|24.2285284613062|409.441579252775|0.782227827925744|42.2123177793549|1.60738191882855|0.0630085772663041|||113.527|8.92562|10.3166|442.452|24.36||http://fogos.icnf.pt/sgif2010/ficheiroskml/20231265964 - Carreira - Santo Tirso.kmz||||||||||
20231266103|Porto|Florestal|2023|2.82318040393591|55.3877792269587|0.0|58.2109596308947|0|0|0|0|1|0|20231266103|12|13-10-2023|04:12|Lg. Outoreça (Outoreca)|Baião|Ovil|Populares|130211|210678|467006|13|10|4|1970547|||610.0|Desconhecida|13-10-2023 04:12:00|13-10-2023 14:14:00|602|5.82109596308947|13-10-2023|14:14|13-10-2023|04:41|0|41.1721630001068|-8.00588599999746|Indeterminadas|16.4967895507813|65.3974397151967|6.15213036892707|1.44637275904721|176|0.0224721097765723|71.5037461047864|39.3040669188028|288.083354919531|0.930549806736119|58.6154383797549|2.98142972636219|0.188061720871228|||656.578|17.4419|9.64531|119.847|21.88||http://fogos.icnf.pt/sgif2010/ficheiroskml/20231266103.kml||||||||||
20231266104|Santarém|Agrícola|2023|0.0|0.0|0.005|0.005|0|0|0|0|0|1|20231266104|12|13-10-2023|04:26|MONSANTO|Alcanena|Monsanto|Populares|140208|150594|277498|13|10|4|2045011||Serras de Aire e Candeeiros|610.0|Desconhecida|13-10-2023 04:26:00|13-10-2023 05:01:00|35|0.005|13-10-2023|05:01|13-10-2023|04:40|0|39.4641679996914|-8.70719300005171|Indeterminadas|18.5794921875|73.2683649308668|5.03551070420827|1.47071692903408|136|0.0|89.604304457195|70.477870144427|717.152387214829|7.37946431184763|113.155065790791|27.1035641313326|9.35460900736307|||149.182|11.2949|10.7597|293.339|24.41||||||||||||
20231266245|Porto|Florestal|2023|0.0|0.095|0.0|0.095|0|0|0|1|0|0|20231266245|12|13-10-2023|06:57|Parque de São Pedro de Avioso. Rua Central da Carriça. 4475-717 Maia. Portugal (Estrada Nacional 318)|Maia|Avioso (São Pedro)|112|130612|160092|480242|13|10|6|sigo|||||13-10-2023 06:57:00|13-10-2023 08:47:00|110|0.095|13-10-2023|08:47|13-10-2023|07:25|0|41.2904199997584|-8.6095500002967||19.9114013671875|75.3951622253552|16.5816751926669|3.92164947463705|182|0.463574193418026|61.6990403929151|24.2285284613062|409.441579252775|0.782227827925744|42.2123177793549|1.60738191882855|0.0630085772663041|||121.754|9.72024|10.8019|569.118|22.54||||||||||||
20231266332|Viana do Castelo|Agrícola|2023|0.0|0.0|0.21|0.21|0|0|0|0|0|1|20231266332|12|13-10-2023|07:41|Lg Cruzeiro (Cruzeiro)|Monção|Riba de Mouro|CCO|160424|182874|562901|13|10|7|1960909|||121.0|Negligente|13-10-2023 07:41:00|13-10-2023 07:59:00|18|0.21|13-10-2023|07:59|13-10-2023|07:56|0|42.0354429999987|-8.33996799998813|Queimadas de sobrantes florestais ou agrícolas|16.7824035644531|83.5692193884864|15.365393894462|4.26816497068388|200|2.18187994323671|35.4796490262066|19.4700672585458|264.761421034957|0.0247083463765541|32.8929222238102|0.031048484942823|5.82747521400663e-05||221.0|501.137|28.2756|9.87406|164.08|12.16|416.706|||||||||||
20231266470|Porto|Florestal|2023|0.0|0.3|0.0|0.3|0|0|0|1|0|0|20231266470|12|13-10-2023|08:23|Lugar de Quintinha (Estrada)|Baião|Gestaçô|Populares|130205|217565|466408|13|10|8|1970547|||610.0|Desconhecida|13-10-2023 08:23:00|13-10-2023 09:37:00|74|0.3|13-10-2023|09:37|13-10-2023|08:32|0|41.166656999588|-7.92383200009664|Indeterminadas|15.8438049316406|70.7192517144196|4.24292311354092|0.996862157042733|198|0.284723995719105|75.2293894675206|45.695152201287|405.707774599521|1.11942107551083|71.3108315364511|4.34998575263101|0.36702223128016|||630.212|17.8949|9.955|205.035|20.25||||||||||||
20231266726|Porto|Florestal|2023|0.0|0.04|0.0|0.04|0|0|0|1|0|0|20231266726|12|13-10-2023|09:10|Lugar da Trofa (Trofa)|Felgueiras|Pombeiro de Ribavizela|Populares|130315|193689|489750|13|10|9|2195394|||610.0|Desconhecida|13-10-2023 09:10:00|13-10-2023 10:28:00|78|0.04|13-10-2023|10:28|13-10-2023|09:18|0|41.3769900004069|-8.20857500023312|Indeterminadas|15.7112060546875|88.0240433918879|3.06329169504016|0.669155306401117|153|0.771697086747736|62.3038706098922|35.0014101914588|374.244813959016|0.608587545684172|56.7369500943235|1.47666204282983|0.0542246143031265|||199.439|12.2616|10.4466|409.341|21.15||||||||||||
20231266917|Lisboa|Florestal|2023|0.0|0.2|0.0|0.2|0|0|0|1|0|0|20231266917|12|13-10-2023|09:53|Carvalhal|Torres Vedras|Turcifal|112|111317|102200|232500|13|10|9|sigo|||||13-10-2023 09:53:00|13-10-2023 11:58:00|125|0.1|13-10-2023|11:58|13-10-2023|10:15|0|39.0547930002213|-9.26291899998983||20.6083923339844|88.6565191550384|16.0524835406843|4.70371793938899|166|0.0|84.8587673970617|53.0385709825726|917.005384463287|6.65847233505197|92.6763933196743|22.93568846225|6.96105004836418||232.0|97.8056|14.6014|10.8188|308.089|20.59|71.2839|||||||||||
20231266975|Setúbal|Florestal|2023|0.0|0.0001|0.0|0.0001|0|0|0|1|0|0|20231266975|12|13-10-2023|10:02|Rua do Outeiro - Zambujal de Baixo|Sesimbra|Castelo (Sesimbra)|112|151101|113220|166643|13|10|10|2010707|||124.0|Negligente|13-10-2023 10:02:00|13-10-2023 10:19:00|17|0.0001|13-10-2023|10:19|13-10-2023|10:18|0|38.4627777777778|-9.12722222222222|Queimas amontoados de sobrantes florestais ou agrícolas|21.2629943847656|84.8221618504918|10.4427490715116|2.90076363097546|172|0.0|84.1020780673055|71.1036995436628|1125.02150555927|4.48974308135702|122.803765468819|19.7645978735258|5.34922213961449|||113.911|11.2459|11.0219|376.933|21.25||||||||||||
20231267831|Lisboa|Florestal|2023|0.0|0.490942620706558|0.0|0.490942620706558|0|0|0|1|0|0|20231267831|12|13-10-2023|12:44|Barqueira|Sobral de Monte Agraço|Sobral de Monte Agraço|Populares|111203|111079|227927|13|10|12|sigo|||||13-10-2023 12:44:00|13-10-2023 13:12:00|28|0.511767515897751|13-10-2023|13:12|13-10-2023|12:53|0|39.0145659997728|-9.15977199978299||23.6851135253906|64.4909227672496|16.9153614969256|5.23331069030868|176|0.0|87.7317585367552|73.883890135663|960.495381892212|7.26200380463968|123.934367430652|27.8366584007189|9.80711281172074||231.0|304.681|22.0023|10.6572|272.084|11.36|56.1818|||||||||||
20231268103|Porto|Florestal|2023|0.0|0.009|0.0|0.009|0|0|0|1|0|0|20231268103|12|13-10-2023|13:42|Rua antonio ferreira gomes (Escola Secundária de Penafiel)|Penafiel|Milhundos|Populares|131119|188342|471070|13|10|13|2195347|||630.0|Desconhecida|13-10-2023 13:42:00|13-10-2023 14:30:00|48|0.009|13-10-2023|14:30|13-10-2023|13:48|0|41.2087369998296|-8.2721280002594|Indeterminadas|21.9782043457031|72.5216851778852|5.96061808775305|1.62198373496547|178|0.0004633425874089|65.0998428504769|32.9544403177291|376.302422914954|0.790013699798746|54.0708349844284|2.20267279166753|0.110050084778462||223.0|275.113|17.8503|10.2056|288.588|23.22|44.4613|||||||||||
20231268523|Vila Real|Florestal|2023|0.0|0.01|0.0|0.01|0|0|0|1|0|0|20231268523|12|13-10-2023|15:13|Nicho|Boticas|Sapiãos|CCO|170215|245219|528059|13|10|15|2045023|||122.0|Negligente|13-10-2023 15:13:00|13-10-2023 15:39:00|26|0.01|13-10-2023|15:39|13-10-2023|15:29|0|41.7205555555556|-7.58972222222222|Queimadas de sobrantes florestais ou agrícolas|18.5302978515625|79.5294017191134|9.29397354900495|2.58165931916804|197|0.0062551248447562|55.3005369068226|33.1048461195809|382.871869856141|0.472303340687579|54.4415345064729|0.844636399159261|0.0201731834527709|||534.428|8.64979|10.645|95.7175|21.35||||||||||||
20231268539|Guarda|Florestal|2023|0.004|0.008|0.0|0.012|0|0|0|1|0|0|20231268539|12|13-10-2023|15:18|Sitio dos Cales|Sabugal|Alfaiates|112|91107|302876|380115|13|10|15|2000180|||448.0|Intencional|13-10-2023 15:18:00|13-10-2023 15:43:00|25|0.012|13-10-2023|15:43|13-10-2023|15:30|0|40.3833333333333|-6.92166666666667|Incendiarismo - Imputáveis|21.1046081542969|45.5887474147384|13.8662192007667|3.85172755576852|179|0.0|91.4295529840168|66.6604732145217|527.912594056088|7.79546513057836|101.332388749099|26.7606833902617|9.14616322773398||234.0|795.343|5.58988|10.9328|86.2258|18.91|2.54283|||||||||||
20231268566|Vila Real|Florestal|2023|0.0|0.15|0.0|0.15|0|0|0|1|0|0|20231268566|12|13-10-2023|15:22|Justos (SENHORA DO VISO)|Santa Marta de Penaguião|Fontes|CCO|171103|224657|473579|13|10|15|1980896|||449.0|Intencional|13-10-2023 15:22:00|13-10-2023 16:37:00|75|0.15|13-10-2023|16:37|13-10-2023|15:35|0|41.2310429996914|-7.83904200024075|Incendiarismo - Imputáveis|20.9380126953125|62.8171420685084|4.91689786277239|0.868652239213162|185|0.0002316712937044|65.2989707882414|36.8938613635967|418.460584570902|0.720171587426693|60.4612130489312|2.16331037017605|0.106593135379044|||663.912|35.0358|8.96656|166.506|15.89||||||||||||
20231268577|Setúbal|Agrícola|2023|0.0|0.0|0.0299|0.0299|0|0|0|0|0|1|20231268577|12|13-10-2023|15:25|Junto à Escola Básica da Jardia|Montijo|Alto Estanqueiro-Jardia|112|150705|131196|188854|13|10|15|2010707|||151.0|Negligente|13-10-2023 15:25:00|13-10-2023 16:50:00|85|0.0299|13-10-2023|16:50|13-10-2023|15:38|0|38.6644444444444|-8.92361111111111|Uso do fogo - Fumar|24.2290893554688|67.3098056083936|17.4718534918428|4.7814332240174|198|0.0243254798988346|86.4239364324342|79.8910687017793|1101.37927262301|4.78683695446927|135.254626863807|21.4951278655556|6.20598558177538|||12.1206|2.36169|11.695|421.668|17.89||||||||||||
20231268593|Lisboa|Florestal|2023|0.0|0.793742306351662|0.0|0.793742306351662|0|0|0|1|0|0|20231268593|12|13-10-2023|15:28|Maçussa (Rico Lugar)|Azambuja|Vila Nova de São Pedro|Populares|110308|137654|248985|13|10|15|1980222|||630.0|Desconhecida|13-10-2023 15:28:00|13-10-2023 16:48:00|80|0.793742306351662|13-10-2023|16:48|13-10-2023|15:53|0|39.2065229998694|-8.8548920000924|Indeterminadas|25.8155151367188|51.4003141576321|18.8846136164093|5.30211200422272|189|0.182093601324596|89.0606199274374|72.7898969173222|849.857827985008|7.54072137920741|119.905235549451|28.188114049841|10.0273404267515|||75.6419|14.6443|10.2672|373.815|15.82||||||||||||
20231268810|Vila Real|Florestal|2023|0.01|0.0|0.0|0.01|0|0|0|1|0|0|20231268810|12|13-10-2023|16:14|Fraga do Porto|Valpaços|Vales|Outros|171227|266259|501669|13|10|16|2045023|||182.0|Negligente|13-10-2023 16:14:00|13-10-2023 17:21:00|67|0.01|13-10-2023|17:21|13-10-2023|16:53|0|41.4816666666667|-7.33972222222222|Uso do fogo - Outros|20.4251037597656|60.5376993094675|3.91699728496898|0.844498844731683|144|0.0018533700085754|78.0850531319894|50.2815436615358|517.667503809465|1.35346604951234|80.9147646083168|5.79530850015553|0.609837904594888||227.0|580.688|24.1967|9.17688|66.2636|18.16|1808.34|||||||||||
20231269030|Guarda|Florestal|2023|0.0|0.1|0.0|0.1|0|0|0|1|0|0|20231269030|12|13-10-2023|17:04|A Cruzeirinha|Figueira de Castelo Rodrigo|Vilar de Amargo|PV|90416|294653|440610|13|10|17|2000180|||125.0|Negligente|13-10-2023 17:04:00|13-10-2023 17:59:00|55|0.1|13-10-2023|17:59|13-10-2023|17:15|0|40.9291666666667|-7.00944444444444|Queimadas para gestão de pasto para gado|21.7524047851563|44.1505024853454|7.53986694559764|2.09440748488823|181|0.0|87.943866112564|64.2637461246836|662.571467890737|4.72359150064891|103.444435958142|18.9454268553841|4.96308465148781|||644.57|2.26076|11.2509|94.9994|15.24||||||||||||
20231269044|Viseu|Agrícola|2023|0.0|0.0|0.01|0.01|0|0|0|0|0|1|20231269044|12|13-10-2023|17:05|Gouviães (Ponte de Ucanha)|Tarouca|Gouviães|CCO|182002|232034|453607|13|10|17|2000464|||124.0|Negligente|13-10-2023 17:05:00|13-10-2023 17:37:00|32|0.01|13-10-2023|17:37|13-10-2023|17:16|0|41.0509529999892|-7.75209700001611|Queimas amontoados de sobrantes florestais ou agrícolas|20.2758117675781|56.7945965597088|6.65223972822273|1.84784436895076|174|0.0076451524364529|75.2293894675206|45.695152201287|405.707774599521|1.11942107551083|71.3108315364511|4.34998575263101|0.36702223128016|||468.116|23.4826|10.0159|192.362|20.34||||||||||||
20231269053|Leiria|Florestal|2023|0.0|1.2|0.0|1.2|0|0|0|0|1|0|20231269053|12|13-10-2023|17:09|Estorninho. Bombarral. Portugal (Ribeira dos Estorninhos)|Bombarral|Bombarral|112|100501|112910|253116|13|10|17|2050221|||129.0|Negligente|13-10-2023 17:09:00|13-10-2023 18:48:00|99|1.2|13-10-2023|18:48|13-10-2023|17:25|0|39.2416000000636|-9.14186800003052|Queimadas extensivas - Outras_|22.9236999511719|71.342164706028|21.8916323351941|6.09757914657564|192|0.0034750689792417|88.3354130095789|61.3961793620669|876.106500804294|8.29217297098091|104.486696284315|28.3232761329701|10.1126010670995|||87.8112|10.964|10.9081|293.202|17.7||http://fogos.icnf.pt/sgif2010/ficheiroskml/226 - Ocorrência 1269053.kmz||||||||||
20231269109|Porto|Florestal|2023|0.0|0.02|0.0|0.02|1|0|0|1|0|0|20231269109|12|13-10-2023|17:20|Casal (Pinheiro da India)|Penafiel|Recezinhos (São Mamede)|PV|131132|194912|474623|13|10|17|2195347|||711.0|Reacendimento|13-10-2023 17:20:00|13-10-2023 17:52:00|32|0.02|13-10-2023|17:52|13-10-2023|17:35|0|41.2407999997669|-8.19382299953037|Reacendimentos|20.3651977539063|67.2690774223022|4.70158418469127|1.30599560685869|119|0.0792315768194385|62.3038706098922|35.0014101914588|374.244813959016|0.608587545684172|56.7369500943235|1.47666204282983|0.0542246143031265||227.0|250.63|12.1651|10.5303|252.398|19.09|78.7203|||||||||||
20231269221|Porto|Florestal|2023|0.0|0.5|0.0|0.5|0|0|0|1|0|0|20231269221|12|13-10-2023|17:50|Matos|Baião|Ovil|Populares|130211|211708|467415|13|10|17|1970547|||610.0|Desconhecida|13-10-2023 17:50:00|13-10-2023 19:10:00|80|0.5|13-10-2023|19:10|13-10-2023|18:30|0|41.1758299997118|-7.99359699991014|Indeterminadas|20.3651977539063|67.2690774223022|4.70158418469127|1.78863617396698|128|0.0792315768194385|62.3038706098922|35.0014101914588|374.244813959016|0.608587545684172|56.7369500943235|1.47666204282983|0.0542246143031265|||548.906|22.5341|9.63281|112.996|15.73||||||||||||
20231269466|Lisboa|Agrícola|2023|0.0|0.0|0.005|0.005|0|0|0|0|0|1|20231269466|12|13-10-2023|18:45|Casal da Murta|Lourinhã|Lourinhã|Populares|110801|97401|257199|13|10|18|ICNF|||||13-10-2023 18:45:00|13-10-2023 19:47:00|62|0.005|13-10-2023|19:47|13-10-2023|19:00|0|39.2766779994965|-9.32210199991862||21.7796875|83.3419845681533|28.4781803545974|7.53577997034704|191|0.0310439500026405|85.7472619965554|41.197054329224|850.209618477394|7.78561954575134|73.4915002259356|22.7021093384233|6.83606364626962||232.0|27.64|8.88815|11.2972|300.911|13.65|2504.18|||||||||||
20231269572|Évora|Agrícola|2023|0.0|0.0|0.0049|0.0049|0|0|0|0|0|1|20231269572|12|13-10-2023|19:10|EM 1133 (Estrada das Ferrarias)|Mourão|Mourão|CCO|70803|270712|160146|13|10|19|2010557|||610.0|Desconhecida|13-10-2023 19:10:00|13-10-2023 19:39:00|29|0.0049|13-10-2023|19:39|13-10-2023|19:15|0|38.4058333333333|-7.32361111111111|Indeterminadas|24.7556091308594|53.2914897278995|9.18511102320953|2.55141972866931|216|0.0|92.0454835824699|108.502032153623|1030.91315016897|7.98230133940945|171.799878299475|32.7018713077464|13.0425471404496|||144.208|8.47237|11.3522|89.67|19.31||http://fogos.icnf.pt/sgif2010/ficheiroskml/20231269572.kml||||||||||
20231269662|Aveiro|Agrícola|2023|0.0|0.0|0.045|0.045|0|0|0|0|0|1|20231269662|12|13-10-2023|19:28|A25 KM 19.4 Sentido O/E (IP5 (IP5) Km 19)|Albergaria-a-velha|Angeja|Outros|10203|163236|412528|13|10|19|1985058|||121.0|Negligente|13-10-2023 19:28:00|13-10-2023 21:34:00|126|0.0225|13-10-2023|21:34|13-10-2023|19:45|0|40.6808479997847|-8.56798300001356|Queimadas de sobrantes florestais ou agrícolas|20.0848937988281|80.6219040808271|19.8394294311351|5.26338224938786|201|0.211979204323143|81.2829574997195|43.3228199044795|383.306964602771|2.46227403410915|67.556815348735|8.86340751152777|1.29366602787894||232.0|-0.729375|1.18868|11.4338|520.718|9.02|135.56|||||||||||
20231269685|Viseu|Florestal|2023|2.48905745795965|13.0240969760776|0.226215278065205|15.7393697121024|0|0|0|0|1|0|20231269685|12|13-10-2023|19:42|Vila|Castro Daire|Parada de Ester|112|180316|205158|442683|13|10|19|1960893|Perimetro Florestal da Serra de Montemuro||125.0|Negligente|13-10-2023 19:42:00|14-10-2023 00:27:00|285|3.9348424280256|14-10-2023|00:27|13-10-2023|20:04|0|40.9533333333333|-8.07194444444444|Queimadas para gestão de pasto para gado|17.8142944335938|77.004837730461|7.784872586165|1.9661142023602|193|0.278237188467756|71.5037461047864|39.3040669188028|288.083354919531|0.930549806736119|58.6154383797549|2.98142972636219|0.188061720871228||232.0|768.112|33.3432|9.38438|145.435|9.96|16.2686|http://fogos.icnf.pt/sgif2010/ficheiroskml/1269685-Laboncinho (Vila) 15.7 Ha.kml||||||||||
20231269694|Lisboa|Florestal|2023|0.0|0.0003|0.0|0.0003|0|0|0|1|0|0|20231269694|12|13-10-2023|19:45|Arroeiras. estrada Principal (Alto do Timóteo)|Mafra|Igreja Nova|112|110908|94801|216899|13|10|19|2225052|||124.0|Negligente|13-10-2023 19:45:00|13-10-2023 20:19:00|34|0.0003|13-10-2023|20:19|13-10-2023|20:01|0|38.9134450001187|-9.34598500039842|Queimas amontoados de sobrantes florestais ou agrícolas|21.2485900878906|89.0890251460418|24.4719954032045|6.65759723497094|199|0.038689100620104|84.0566961944175|54.5586623281846|987.227381483834|5.71682981370826|95.871579032316|20.9345442281685|5.92239428186734|||125.367|18.0292|10.7259|542.895|16.01||||||||||||
20231269718|Lisboa|Florestal|2023|0.0|0.2|0.0|0.2|0|0|0|1|0|0|20231269718|12|13-10-2023|19:49|Rua Francisco Lázaro. 2590-081 Sobral de Monte Agraço. Portugal (Casal das Poças)|Sobral de Monte Agraço|Sobral de Monte Agraço|112|111203|111528|228522|13|10|19|sigo|||||13-10-2023 19:49:00|13-10-2023 20:31:00|42|0.2|13-10-2023|20:31|13-10-2023|20:10|0|39.0199700000551|-9.15465999974145||21.8622985839844|83.7592038781558|19.5432448136428|5.28901008050055|202|0.0641729493509047|87.7317585367552|73.883890135663|960.495381892212|7.26200380463968|123.934367430652|27.8366584007189|9.80711281172074|||236.94|14.2736|10.7784|231.954|20.74||||||||||||
20231269728|Leiria|Florestal|2023|0.0002|0.0|0.0|0.0002|0|0|0|1|0|0|20231269728|12|13-10-2023|19:51|Travessa do Alambique (Currais Velhos)|Pombal|Carnide|112|101504|148395|325134|13|10|19|2050221|||448.0|Intencional|13-10-2023 19:51:00|13-10-2023 20:15:00|24|0.0002|13-10-2023|20:15|13-10-2023|20:10|0|39.8930569998423|-8.73646999994914|Incendiarismo - Imputáveis|22.197900390625|71.2287393122417|20.2764523226326|5.6675719733577|200|0.682735291775316|88.7865638382441|47.8855489335296|604.235774366771|7.53413287457481|79.9341829164412|23.1760940267749|7.09071673462524|||113.927|11.3708|10.6881|151.309|14.45||||||||||||
20231269759|Porto|Florestal|2023|0.0|0.001|0.0|0.001|0|0|0|1|0|0|20231269759|12|13-10-2023|20:00|Lamelas (Prado)|Santo Tirso|Lamelas|112|131412|171678|480033|13|10|20|2195473|||610.0|Desconhecida|13-10-2023 20:00:00|13-10-2023 20:58:00|58|0.001|13-10-2023|20:58|13-10-2023|20:30|0|41.2890299998389|-8.47122999986013|Indeterminadas|18.7007080078125|84.4429687005931|10.6629759017165|2.9619377504768|204|0.113982299808413|65.0998428504769|32.9544403177291|376.302422914954|0.790013699798746|54.0708349844284|2.20267279166753|0.110050084778462|||160.446|8.56465|10.3747|342.349|19.4||||||||||||
20231269990|Viseu|Florestal|2023|0.7|15.0|0.0|15.7|0|0|0|0|1|0|20231269990|12|13-10-2023|20:06|Vila|Castro Daire|Parada de Ester|CCO|180316|205583|443090|13|10|20|2000464|||125.0|Negligente|13-10-2023 20:06:00|13-10-2023 22:46:00|160|7.85|13-10-2023|22:46|13-10-2023|22:45|0|40.9569444444444|-8.06666666666667|Queimadas para gestão de pasto para gado|16.9172912597656|84.4071051808528|7.78567216718853|2.17684928158517|210|0.0372990798496176|71.5037461047864|39.3040669188028|288.083354919531|0.930549806736119|58.6154383797549|2.98142972636219|0.188061720871228||232.0|768.112|33.3432|9.05406|145.435|9.96|16.2686|http://fogos.icnf.pt/sgif2010/ficheiroskml/1269990- Laboncinho 17.4 Ha(1).kml||||||||||
20231272264|Viseu|Florestal|2023|0.0|0.0075|0.0|0.0075|0|0|0|1|0|0|20231272264|12|14-10-2023|11:30|SÃO MACÁRIO (São Macário de Baixo)|São Pedro do Sul|Sul|CCO|181616|205767|433954|14|10|11|2000464|Perimetro Florestal de São Pedro do Sul||51.0|Natural|14-10-2023 11:30:00|14-10-2023 15:36:00|246|0.001875|14-10-2023|15:36|14-10-2023|11:31|0|40.8745879999797|-8.06470300038656|Naturais|20.5848937988281|71.6140191160821|1.82497311865746|0.863114620921677|256|0.0435541987826582|60.8006518296242|37.9739313495523|320.86862932079|0.497264104245245|58.6077055232183|0.937824909489271|0.0242786439401254||233.0|872.162|49.4336|9.53125|95.3885|16.53|2850.52|||||||||||
20231273045|Porto|Florestal|2023|0.0|0.001|0.0|0.001|0|0|0|1|0|0|20231273045|12|14-10-2023|14:45|Lugar da Vessada (Rua dos Bairros)|Vila Nova de Gaia|Sandim|112|131715|169892|451866|14|10|14|2225074|||610.0|Desconhecida|14-10-2023 14:45:00|14-10-2023 15:29:00|44|0.001|14-10-2023|15:29|14-10-2023|15:21|0|41.0353429999616|-8.49116700013479|Indeterminadas|22.3668151855469|72.7862677766334|10.9354137295666|2.86211035309667|337|0.0055601108215341|48.8345416066077|18.3773709399897|379.864288488354|0.189737730121422|32.7890109866223|0.237911742611699|0.0021420273324678|||92.4987|14.4137|10.6103|696.963|18.03||||||||||||
20231273107|Aveiro|Florestal|2023|0.05|0.0|0.0|0.05|0|0|0|1|0|0|20231273107|12|14-10-2023|15:00|Ermidão|Sever do Vouga|Sever do Vouga|Populares|11706|181605|417869|14|10|15|1985058|||124.0|Negligente|14-10-2023 15:00:00|14-10-2023 15:53:00|53|0.063|14-10-2023|15:53|14-10-2023|15:20|0|40.7294444444444|-8.35083333333333|Queimas amontoados de sobrantes florestais ou agrícolas|23.3419128417969|59.1866288431415|4.6516205292842|1.29211681369006|326|0.0|52.7412318668744|31.3820319494157|275.420633599585|0.248224949626169|48.8491229777877|0.410809354013064|0.0056326436598426||232.0|94.6637|31.1465|9.11219|213.1|23.72|2.20743|||||||||||
20231273367|Faro|Agrícola|2023|0.0|0.0|0.0625|0.0625|0|0|0|0|0|1|20231273367|12|14-10-2023|16:10|Encherim|Silves|Silves|112|81307|173917|26182|14|10|16|2000333|||124.0|Negligente|14-10-2023 16:10:00|14-10-2023 16:42:00|32|0.0625|14-10-2023|16:42|14-10-2023|16:22|0|37.2011111111111|-8.42694444444444|Queimas amontoados de sobrantes florestais ou agrícolas|26.1116882324219|42.7225298333706|14.7674221847069|4.10206171797415|307|0.0|87.35678769904|139.486215567634|1424.45408176631|4.56266492160271|224.109083302081|23.1483028562885|7.07567390858054|||21.4194|16.9888|10.3284|365.747|13.52||||||||||||
20231273782|Porto|Florestal|2023|0.0|0.001|0.0|0.001|0|0|0|1|0|0|20231273782|12|14-10-2023|18:00|Quinta da Serveira (Quinta de Linhares)|Santo Tirso|Monte Córdova|Outros|131413|173867|483416|14|10|18|2195473|||124.0|Negligente|14-10-2023 18:00:00|14-10-2023 18:55:00|55|0.001|14-10-2023|18:55|14-10-2023|18:19|0|41.3195600001017|-8.44524200015598|Queimas amontoados de sobrantes florestais ou agrícolas|19.443994140625|80.9626319196686|7.45469850718942|2.07074958533039|278|0.0|48.5173544290423|21.0869676871145|364.384721698793|0.156095910992243|36.8435838533728|0.212000110165741|0.0017465610765013|||377.856|7.91094|10.1741|359.97|18.45||||||||||||
20231273944|Lisboa|Agrícola|2023|0.0|0.0|0.002|0.002|0|0|0|0|0|1|20231273944|12|14-10-2023|18:55|Casal Vale de Adares (Casal de Vale de Adares)|Lourinhã|Lourinhã|Populares|110801|97201|256800|14|10|18|sigo|||||14-10-2023 18:55:00|14-10-2023 19:10:00|15|0.002|14-10-2023|19:10|14-10-2023|19:12|0|39.2730519999398|-9.32435800022549||19.5667053222656|87.2059155998524|13.0680736342657|3.2670186510013|353|0.0|66.9245901011582|34.7725545716072|854.707405220558|1.36581984581378|63.1247568692961|4.87951711242723|0.449775629854918|||-5.91875|7.14717|11.2781|298.572|19.69||||||||||||
20231273956|Viseu|Florestal|2023|0.0|0.01|0.0|0.01|0|0|0|1|0|0|20231273956|12|14-10-2023|19:01|Quinta da Arreda|Moimenta da Beira|Sarzedo|Populares|180717|240872|449744|14|10|19|2000464|||122.0|Negligente|14-10-2023 19:01:00|14-10-2023 19:27:00|26|0.01|14-10-2023|19:27|14-10-2023|19:20|0|41.0158333333333|-7.64722222222222|Queimadas de sobrantes florestais ou agrícolas|18.7279907226563|60.6016914881607|4.05044664725912|1.12512406868309|25|0.0|79.269936151331|55.5991608055932|509.983718753394|1.09804561605568|87.382033265216|4.9844872414157|0.467043324471392||227.0|711.41|9.40654|10.5841|90.7394|19.81|131.764|http://fogos.icnf.pt/sgif2010/ficheiroskml/1273956_14OUT23_Sarzedo_MBR.kml||||||||||
20231273985|Braga|Agrícola|2023|0.0|0.0|0.06|0.06|0|0|0|0|0|1|20231273985|12|14-10-2023|19:11|S. Claudio (Nespereira)|Vila Nova de Famalicão|Lagoa|112|31220|169447|490696|14|10|19|sigo|||44.0|Intencional|14-10-2023 19:11:00|14-10-2023 22:55:00|224|0.02|14-10-2023|22:55|14-10-2023|19:30|0|41.3849530000157|-8.49840200000339|Incendiarismo - Imputáveis|19.1393981933594|89.1878707307409|6.60752458518421|0.541482347052184|311|0.0|43.2025637809389|13.5038669083008|384.869947961314|0.0810407757334652|24.8297414476669|0.0844122469509|0.0003422209319686|||183.201|18.2752|10.8719|321.565|18.21||||||||||||
20231275215|Lisboa|Agrícola|2023|0.0|0.0|0.005|0.005|0|0|0|0|0|1|20231275215|12|15-10-2023|05:55|Casal da Murta|Lourinhã|Lourinhã|117|110801|97401|257199|15|10|5|sigo|||||15-10-2023 05:55:00|15-10-2023 07:06:00|71|0.005|15-10-2023|07:06|15-10-2023|06:29|0|39.2766779994965|-9.32210199991862||18.2174011230469|96.4383447384791|8.87494398308372|3.09981798625027|157|0.0027800549560197|70.101315249373|35.1582055944892|859.109737251808|2.10833339725155|63.7900512822703|7.45115318493708|0.951490561987536||232.0|27.64|8.88815|11.2972|300.911|13.65|2504.18|||||||||||
20231275745|Aveiro|Florestal|2023|0.0|0.0451|0.0|0.0451|0|0|0|1|0|0|20231275745|12|15-10-2023|09:22|Arões (Ribeira de Paraduca)|Vale de Cambra|Arões|Outros|11901|187838|427139|15|10|9|2040889|||6.0|Desconhecida|15-10-2023 09:22:00|15-10-2023 10:37:00|75|0.0451|15-10-2023|10:37|15-10-2023|10:15|0|40.8131519995795|-8.27726399951511|Indeterminadas|17.2612854003906|90.7907138225188|6.51260709067995|2.02282196469648|140|0.0261788591160439|36.5165417601064|23.2309664252107|272.80090207292|0.0275668217769318|38.3067021890468|0.038461459910817|8.51264471890998e-05||227.0|524.478|30.5175|9.51344|147.818|12.65|2045.94|||||||||||
20231276751|Lisboa|Agrícola|2023|0.0|0.0|0.05|0.05|0|0|0|0|0|1|20231276751|12|15-10-2023|13:43|Rua do Mar (Casal da Murta)|Lourinhã|Lourinhã|Populares|110801|97401|257199|15|10|13|sigo|||||15-10-2023 13:43:00|15-10-2023 14:01:00|18|0.05|15-10-2023|14:01|15-10-2023|13:55|0|39.2766779994965|-9.32210199991862||20.8365112304688|87.9033538521315|20.8125122468121|5.47196565261249|190|0.278932187939063|70.101315249373|35.1582055944892|859.109737251808|2.10833339725155|63.7900512822703|7.45115318493708|0.951490561987536||232.0|27.64|8.88815|11.2972|300.911|13.65|2504.18|||||||||||
20231277431|Leiria|Agrícola|2023|0.0|0.0|0.02|0.02|0|0|0|0|0|1|20231277431|12|15-10-2023|17:03|Quinta do Pinheiro (Brancas)|Batalha|Batalha|Outros|100401|141500|297499|15|10|17|2050221|||121.0|Negligente|15-10-2023 17:03:00|15-10-2023 17:56:00|53|0.02|15-10-2023|17:56|15-10-2023|17:10|0|39.6437349997626|-8.81462699996101|Queimadas de sobrantes florestais ou agrícolas|20.0136962890625|93.3049517858639|11.196558257739|3.11015507159417|243|0.185568700544536|67.6108388223375|39.3644996216996|671.719973717327|1.39067755612241|68.6686109313258|5.28813526949932|0.518578405195667|||115.099|12.3563|10.5128|314.478|17.28||||||||||||
20231277602|Beja|Agrícola|2023|0.0|0.0|0.0105|0.0105|0|0|0|0|0|1|20231277602|12|15-10-2023|18:03|CANHESTROS|Ferreira do Alentejo|Canhestros|Populares|20806|186877|118591|15|10|18|2020979|||129.0|Negligente|15-10-2023 18:03:00|15-10-2023 18:23:00|20|0.0105|15-10-2023|18:23|15-10-2023|18:13|0|38.0341666666667|-8.2825|Queimadas extensivas - Outras_|22.3593078613281|80.0650789628377|13.1531386599008|3.65364962775023|249|0.0076451524364529|83.4080304497255|76.9611405810735|1006.11129857181|3.39726765343756|129.212447075421|16.4276053479463|3.85598508964654||231.0|50.6512|2.26902|11.5522|89.4444|12.81|3523.65|||||||||||
20231281655|Setúbal|Agrícola|2023|0.0|0.0|0.028|0.028|0|0|0|0|0|1|20231281655|12|16-10-2023|16:27|Urbanização Vale de Touros - Euro Montagens Lda|Palmela|Palmela|112|150802|131443|180020|16|10|16|2010707|||122.0|Negligente|16-10-2023 16:27:00|16-10-2023 17:02:00|35|0.028|16-10-2023|17:02|16-10-2023|16:47|0|38.5848870000574|-8.91990299993091|Queimadas de sobrantes florestais ou agrícolas|23.3251892089844|75.5522403007947|24.1357602739878|6.68040551357998|184|0.001390028046444|71.3321792597373|62.9165498505147|1076.65305443725|1.75259456636814|109.793105711606|8.94000174936935|1.31351931303972|||56.2906|1.62039|11.2816|524.217|26.79||||||||||||
20231282811|Viseu|Agrícola|2023|0.0|0.0|0.0001|0.0001|0|0|0|0|0|1|20231282811|12|16-10-2023|22:05|Rua Comendador José Nunes Martins (ER230 (ER230) Km 98)|Carregal do Sal|Oliveira do Conde|Populares|180204|214495|385284|16|10|22|2000464|||124.0|Negligente|16-10-2023 22:05:00|16-10-2023 22:33:00|28|0.0001|16-10-2023|22:33|16-10-2023|22:16|0|40.4362050000827|-7.96228000005086|Queimas amontoados de sobrantes florestais ou agrícolas|18.5212036132813|85.0154137659803|14.0133157093832|3.89258769705089|144|0.0002316712937044|43.4482630855828|30.4387732357173|439.838649910045|0.11510250260441|51.8985290647538|0.19890174674878|0.0015601243702881|||280.016|6.8134|10.8884|131.537|21.56||||||||||||
20231282953|Porto|Florestal|2023|0.0|0.004|0.0|0.004|0|0|0|1|0|0|20231282953|12|16-10-2023|23:07|Rua de Santo António (Salga)|Penafiel|Oldrões|112|131121|187960|465867|16|10|23|2195347|||630.0|Desconhecida|16-10-2023 23:07:00|17-10-2023 01:20:00|133|0.002|17-10-2023|01:20|16-10-2023|23:25|0|41.1618819999695|-8.27658500035604|Indeterminadas|20.47890625|76.682815261376|20.6450899046467|6.12805535718223|144|0.0308122798742261|18.3624937415629|7.59115346306835|242.033481552555|0.0001420728437087|14.0784160887887|0.0001039699546335|2.4237945602571804e-09||223.0|254.931|12.8649|10.0072|239.323|20.62|264.031|||||||||||
20231293364|Faro|Florestal|2023|0.0|0.1641|0.0|0.1641|0|0|0|1|0|0|20231293364|12|18-10-2023|23:17|Carapinhas|Silves|Silves|CCO|81307|174563|27010|18|10|23|2000333|||610.0|Desconhecida|18-10-2023 23:17:00|19-10-2023 00:56:00|99|0.1641|19-10-2023|00:56|18-10-2023|23:25|0|37.2086111111111|-8.41972222222222|Indeterminadas|20.0796142578125|85.3471474626887|21.86426584641|6.4996165667269|229|0.0060234528973524|74.5838601354338|60.5428384219227|1177.66753558515|2.50257458918296|107.295731959001|11.8685507489618|2.16896636529302|||46.155|16.6977|9.87906|353.349|12.11||||||||||||
20231308099|Santarém|Agrícola|2023|0.0|0.0|0.01|0.01|0|0|0|0|0|1|20231308099|13|21-10-2023|17:49|Frade de Cima (Canto Negro)|Alpiarça|Alpiarça|CCO|140401|163496|247009|21|10|17|2045011|||121.0|Negligente|21-10-2023 17:49:00|21-10-2023 18:17:00|28|0.01|21-10-2023|18:17|21-10-2023|18:14|0|39.1902030001746|-8.55562299993303|Queimadas de sobrantes florestais ou agrícolas|17.4734130859375|79.2187599203606|2.80060955850931|0.960905196477154|155|0.163328295457177|67.7928670574893|5.32951035241643|487.822772831082|0.90772668373678|10.3756337328034|0.558670293265025|0.0097058657182584|||58.5419|3.76894|11.2931|454.018|21.49||||||||||||
20231333657|Setúbal|Agrícola|2023|0.0|0.0|0.4814|0.4814|0|0|0|0|0|1|20231333657|13|27-10-2023|13:53|Rua Joaquim Adriano|Palmela|Poceirão|Populares|150805|143545|188729|27|10|13|2010707|||114.0|Negligente|27-10-2023 13:53:00|27-10-2023 14:12:00|19|0.4814|27-10-2023|14:12|27-10-2023|14:10|0|38.6641666666667|-8.78166666666667|Uso do fogo - Queima de lixo|19.7856079101563|73.886547209178|22.7288766063393|6.38174264221886|266|0.0229354591283482|71.0934984194553|1.6063178358184|422.432522088501|1.96422072317854|3.18238280289801|0.706527394536605|0.0147071067256021|||7.74125|0.893007|11.725|65.6726|9.02||||||||||||
20231352273|Lisboa|Agrícola|2023|0.0|0.0|0.0005|0.0005|0|0|0|0|0|1|20231352273|13|31-10-2023|21:45|Estrada da Capa Negra (LOURINHÃ)|Lourinhã|Lourinhã|Populares|110801|98300|253600|31|10|21|sigo|||||31-10-2023 21:45:00|31-10-2023 21:58:00|13|0.0005|31-10-2023|21:58|31-10-2023|21:52|0|39.244365000195|-9.3111310005188||17.9938903808594|77.3100124541434|25.4887975262083|7.08022153505787|220|0.166803292813711|75.3906637177661|2.40056529076233|385.030658471611|2.28927307446827|4.72744463435693|0.961407087235201|0.0253696724010739|||-5.91875|7.14717|9.74531|298.572|19.69||||||||||||
20231372701|Portalegre|Florestal|2023|0.0|0.0258|0.0|0.0258|0|0|0|1|0|0|20231372701|13|05-11-2023|14:55|Monte dos Surdos (Ferrão)|Campo Maior|São João Baptista|Outros|120403|292852|231083|5|11|14|1910166|||127.0|Negligente|05-11-2023 14:55:00|05-11-2023 15:38:00|43|0.0258|05-11-2023|15:38|05-11-2023|15:38|0|39.0426019997067|-7.06059999995761|Queimadas extensivas - Limpeza de caminhos. acessos e instalações_|16.823388671875|53.7283002913671|16.6605561322206|4.68763664008525|272|0.0159853207151173|67.452376223254|1.47250867877479|249.547787112621|1.26220289253835|2.90220469972784|0.439530541687575|0.00634833062851367||231.0|191.131|4.68425|9.97969|201.155|8.26|15.0818|||||||||||
20231377760|Lisboa|Florestal|2023|0.0|0.02|0.0|0.02|0|0|0|1|0|0|20231377760|13|06-11-2023|18:29|Serra de Olelas (OLELAS)|Sintra|Almargem do Bispo|112|111103|100100|208699|6|11|18|2101004|||630.0|Desconhecida|06-11-2023 18:29:00|06-11-2023 19:34:00|65|0.02|06-11-2023|19:34|06-11-2023|18:56|0|38.8402139997482|-9.28370000001457|Indeterminadas|14.4906860351563|71.5466025881141|21.1749499328371|5.60720997829634|343|0.0106568795672501|77.5442091531651|2.17295832989785|420.611309883617|2.53378316484623|4.29050276868302|1.14264038381248|0.0344404518997696||232.0|286.179|15.4922|9.31344|294.657|15.97|1599.86|||||||||||
20231394943|Lisboa|Florestal|2023|0.0|0.022|0.0|0.022|0|0|0|1|0|0|20231394943|13|10-11-2023|16:12|Casal da Cavaleira|Sintra|Algueirão-mem Martins|112|111102|94101|205199|10|11|16|2101004|||610.0|Desconhecida|10-11-2023 16:12:00|10-11-2023 16:46:00|34|0.022|10-11-2023|16:46|10-11-2023|16:25|0|38.80799200005|-9.35225099987454|Indeterminadas|18.1802001953125|92.6009579284095|16.2032423286277|4.50090064684102|212|0.0750614999560639|72.1567912371226|2.88704127674237|420.34616181986|1.46275928190554|5.67661162615551|0.66563475673571|0.0132341669207602|||169.906|9.01451|9.61187|731.939|17.31||||||||||||
20231411687|Faro|Florestal|2023|0.0|0.18|0.0|0.18|0|0|0|1|0|0|20231411687|14|14-11-2023|13:49|Alto de Baixo|Monchique|Alferce|Populares|80901|167832|40438|14|11|13|2000333|||122.0|Negligente|14-11-2023 13:49:00|14-11-2023 14:36:00|47|0.18|14-11-2023|14:36|14-11-2023|14:00|0|37.3294500001272|-8.49601799964905|Queimadas de sobrantes florestais ou agrícolas|22.0432983398438|59.1719013241567|6.48263857290382|2.27556093723735|340|0.0|84.8542280038629|11.2556991578726|409.018291875116|2.46261913814375|21.0623696246326|4.10151612158044|0.330735286439729|||407.015|33.8046|7.81562|161.315|8.7||||||||||||
20231429880|Castelo Branco|Florestal|2023|0.001|0.009|0.0|0.01|0|0|0|1|0|0|20231429880|14|18-11-2023|15:37|Covões|Covilhã|Cortes do Meio|112|50308|247669|366170|18|11|15|sigo||Serra da Estrela|124.0|Negligente|18-11-2023 15:37:00|18-11-2023 16:20:00|43|0.01|18-11-2023|16:20|18-11-2023|16:18|0|40.2628499995338|-7.5727350001865|Queimas amontoados de sobrantes florestais ou agrícolas|17.8939147949219|66.2942383794946|5.0757594580489|1.29865606421796|149|0.0|80.3803337113472|2.85892224045813|18.8551401367188|1.6164691098673|4.14617763476952|0.643049965856572|0.0124497909070339|||704.973|43.5735|6.93|66.1161|9.41||||||||||||
20231430645|Portalegre|Florestal|2023|0.0|0.0005|0.0|0.0005|0|0|0|1|0|0|20231430645|14|18-11-2023|19:07|N18 (Montinho)|Portalegre|São Lourenço|112|121408|258300|259528|18|11|19|1910166|||124.0|Negligente|18-11-2023 19:07:00|18-11-2023 19:22:00|15|0.0005|18-11-2023|19:22|18-11-2023|19:22|0|39.3017820000648|-7.45722299999661|Queimas amontoados de sobrantes florestais ou agrícolas|15.3550964355469|84.7011636336692|6.17758628388344|1.71599618996762|73|0.0|79.7728876774186|6.31250201819154|209.506632262119|1.73257429622085|11.7406315517837|1.53615499150454|0.0581512317627712|||478.339|21.0444|9.27688|194.734|26.36||||||||||||
20231433328|Beja|Florestal|2023|0.0|0.02|0.0|0.02|0|0|0|1|0|0|20231433328|14|19-11-2023|13:45|Califórnia|Almodôvar|Santa Cruz|Populares|20205|216070|48905|19|11|13|2010021|||125.0|Negligente|19-11-2023 13:45:00|19-11-2023 14:47:00|62|0.02|19-11-2023|14:47|||0|37.4061111111111|-7.95166666666667|Queimadas para gestão de pasto para gado|20.8659912109375|56.4977037853415|9.21105531476321|2.59234438939472|118|0.0|85.4546396067275|21.1340214667578|473.933566225205|3.3388750371238|38.0285453012451|8.08645391054865|1.09976721444953||222.0|238.129|11.165|8.8325|110.63|14.29|422.906|||||||||||
20231434018|Beja|Agrícola|2023|0.0|0.0|0.0022|0.0022|0|0|0|0|0|1|20231434018|14|19-11-2023|16:43|IC1 (EN264) Km 39|Ourique|Santana da Serra|117|21206|186484|60728|19|11|16|2020979|||215.0|Negligente|19-11-2023 16:43:00|19-11-2023 17:10:00|27|0.0022|19-11-2023|17:10|19-11-2023|17:05|0|37.5127777777778|-8.28583333333333|Acidentais - Transportes e Comunicações|20.876611328125|58.2970032279722|2.53540755270571|0.952361284189916|248|0.0|84.0099536754202|14.527145868421|442.867905752523|2.44812102894883|26.8522442209503|4.81729910517458|0.439674519869896||231.0|202.489|15.5348|9.23906|80.8524|16.22|10.0872|||||||||||
20231434096|Setúbal|Agrícola|2023|0.0|0.0|0.0033|0.0033|0|0|0|0|0|1|20231434096|14|19-11-2023|17:10|Vala da Alhos Vedros|Moita|Vale da Amoreira|112|150606|121802|186109|19|11|17|2010707|||610.0|Desconhecida|19-11-2023 17:10:00|19-11-2023 17:42:00|32|0.0033|19-11-2023|17:42|19-11-2023|17:20|0|38.6388888888889|-9.03111111111111|Indeterminadas|16.9044128417969|91.078291959082|7.72187444289737|2.14496512302705|291|0.0|77.3121915264521|6.38890013077845|455.050376305276|1.15719590586938|12.3445084983469|0.784768303597156|0.0177117419940574|||26.6444|4.05246|9.91156|731.083|24.12||http://fogos.icnf.pt/sgif2010/ficheiroskml/20231434096.kml||||||||||
20231437662|Faro|Agrícola|2023|0.0|0.0|0.0762|0.0762|0|0|0|0|0|1|20231437662|14|20-11-2023|14:29|Urzais|Lagoa|Lagoa|112|80603|173699|19607|20|11|14|2000333|||124.0|Negligente|20-11-2023 14:29:00|20-11-2023 14:46:00|17|0.0762|20-11-2023|14:46|20-11-2023|14:39|0|37.1419444444444|-8.42916666666667|Queimas amontoados de sobrantes florestais ou agrícolas|20.8221069335938|66.3254718556108|8.39984640963902|2.33329066934417|327|0.0|84.8822963229785|19.3282100428815|500.815206993202|2.62127588572179|35.2548958211442|6.17891704182405|0.683099219389961|||8.8475|1.62581|10.4672|679.447|16.64||||||||||||
20231442126|Castelo Branco|Florestal|2023|0.0|0.0042|0.0|0.0042|0|0|0|1|0|0|20231442126|14|21-11-2023|14:37|Colmeias|Castelo Branco|Escalos de Baixo|Outros|50207|264574|323593|21|11|14|1980346|||125.0|Negligente|21-11-2023 14:37:00|21-11-2023 15:10:00|33|0.0042|21-11-2023|15:10|21-11-2023|14:57|0|39.8783019998339|-7.37826699998644|Queimadas para gestão de pasto para gado|16.14150390625|46.2370058131356|15.3378058384567|4.27708937934404|19|0.0|84.8704483378639|8.67080146161983|254.775235531971|4.83097611608029|15.9818237764294|6.77961783002742|0.805011586842749|||329.586|6.65484|9.91563|40.8222|10.67||||||||||||
20231447028|Guarda|Florestal|2023|0.0|15.0330476861715|0.0|15.0330476861715|0|0|0|0|1|0|20231447028|14|22-11-2023|16:58|Alto Cabeça|Seia|Loriga|112|91207|238367|375548|22|11|16|1980321|Perimetro Florestal Serra da Estrela - Nucleo de Seia|Serra da Estrela|124.0|Negligente|22-11-2023 16:58:00|22-11-2023 19:41:00|163|7.51652384308577|22-11-2023|19:41|22-11-2023|17:10|0|40.3477777777778|-7.68166666666667|Queimas amontoados de sobrantes florestais ou agrícolas|13.1762023925781|52.7418442013588|13.1291928808525|3.405616292928|45|0.0|83.8076671900209|5.35213417000111|27.6741545410157|4.46841248539156|7.21557073379597|4.04453441200495|0.322645944599097|||515.288|10.0464|6.99531|242.985|18.16||http://fogos.icnf.pt/sgif2010/ficheiroskml/20231447028.kmz||||||||||
20231450665|Portalegre|Florestal|2023|0.0|0.0272750766277313|0.0111090800285339|0.0383841566562653|0|0|0|1|0|0|20231450665|14|23-11-2023|14:03|Monte dos Chões (Monte dos Trinta Alferes)|Elvas|São Brás e São Lourenço|Populares|120707|278023|214607|23|11|14|1910166|||127.0|Negligente|23-11-2023 14:03:00|23-11-2023 14:37:00|34|0.0383841566562653|23-11-2023|14:37|23-11-2023|14:27|0|38.8956529998779|-7.23373499999444|Queimadas extensivas - Limpeza de caminhos. acessos e instalações_|16.2794128417969|40.6592137200458|13.3149051981204|3.69858477725566|77|0.0|87.0473661026399|15.5234577585199|324.866927735868|6.04610303547417|27.7338288094595|11.1518937129242|1.94256680982396||231.0|325.332|3.00019|9.93625|124.887|14.36|8.98854|||||||||||
20231451151|Santarém|Agrícola|2023|0.0|0.0|0.03|0.03|0|0|0|0|0|1|20231451151|14|23-11-2023|15:55|Arrifana|Abrantes|São Miguel do Rio Torto|Populares|140112|194909|274109|23|11|15|1980072|||124.0|Negligente|23-11-2023 15:55:00|23-11-2023 16:20:00|25|0.03|23-11-2023|16:20|23-11-2023|16:12|0|39.4350530000528|-8.19223299980164|Queimas amontoados de sobrantes florestais ou agrícolas|16.3142028808594|38.9882878775879|14.7175073561646|3.43610996500129|80|0.0|86.7625028918167|7.69354961502489|188.374459419838|6.20605179103373|13.9615614230379|7.90796524775243|1.05716679869476|||129.799|13.617|9.55937|377.224|14.78||||||||||||
20231451429|Viana do Castelo|Florestal|2023|0.06|2.0|0.0|2.06|0|0|0|0|1|0|20231451429|14|23-11-2023|16:56|Escusa|Ponte de Lima|Cabração|112|160712|155865|540729|23|11|16|1930632|||122.0|Negligente|23-11-2023 16:56:00|23-11-2023 18:48:00|112|2.06|23-11-2023|18:48|23-11-2023|17:40|0|41.8347222222222|-8.66444444444445|Queimadas de sobrantes florestais ou agrícolas|16.4673095703125|56.1733367675297|0.709568238273048|0.582896278058409|300|0.0|86.0139374495335|4.87081739363017|20.894837890625|3.13181593863608|6.1547717035896|2.37257395816078|0.12551853965214|||373.304|30.0981|7.68813|172.12|9.96||||||||||||
20231451516|Santarém|Agrícola|2023|0.0|0.0|0.0025|0.0025|0|0|0|0|0|1|20231451516|14|23-11-2023|17:11|Sesmarias (Casas do Freitas)|Cartaxo|Cartaxo|Populares|140601|143779|242176|23|11|17|2045011|||121.0|Negligente|23-11-2023 17:11:00|23-11-2023 17:16:00|5|0.0025|23-11-2023|17:16|23-11-2023|17:13|0|39.1456180000305|-8.78342500000364|Queimadas de sobrantes florestais ou agrícolas|14.498193359375|56.5014705335134|6.27791613312886|1.74386559253579|44|0.0|86.6893381480876|11.7415433816538|516.22153190253|6.03468308525691|22.2196148085597|9.87719513290258|1.56700519312106|||13.3|4.66695|9.88687|380.597|22.08||||||||||||
20231451970|Porto|Florestal|2023|0.0|0.001|0.0|0.001|0|0|0|1|0|0|20231451970|14|23-11-2023|18:53|Lg. de Souto Rei (Ribeiro)|Lousada|Meinedo|Populares|130513|189732|474627|23|11|18|2195394|||124.0|Negligente|23-11-2023 18:53:00|23-11-2023 19:32:00|39|0.001|23-11-2023|19:32|23-11-2023|19:04|0|41.2407829999924|-8.25561500019497|Queimas amontoados de sobrantes florestais ou agrícolas|13.4435974121094|49.6189308067822|5.77393809820839|1.54555921539278|61|0.0|86.2477097796377|4.24744750862524|20.4101979980469|6.05343524723156|5.58778926576785|4.9100776722441|0.454773662464818|||235.594|15.0328|8.8575|335.119|20.87||||||||||||
20231453891|Santarém|Florestal|2023|0.0|0.006|0.0|0.006|0|0|0|1|0|0|20231453891|14|24-11-2023|10:07|Estrada do campo (Herdade de Montalvo Sul)|Benavente|Benavente|Populares|140501|137669|225663|24|11|10|1980072|||336.0|Intencional|24-11-2023 10:07:00|24-11-2023 10:18:00|11|0.006|24-11-2023|10:18|24-11-2023|10:17|0|38.9964670001136|-8.85258300013012|Estruturais - Uso do solo|11.8768859863281|69.5367753457479|1.40793327257248|0.391092575714579|283|0.0|86.7376026085693|12.7329159134007|518.781503704288|3.43979811268557|23.9935916688609|6.26385395126378|0.699807474747447|||-3.25187|3.65406|10.0|173.413|16.81||http://fogos.icnf.pt/sgif2010/ficheiroskml/20231453891_Estrada_do_Campo_Benavente.kmz||||||||||
20231454174|Lisboa|Florestal|2023|0.0|0.01|0.0|0.01|0|0|0|1|0|0|20231454174|14|24-11-2023|11:04|Rua do Convento 27. 2580-442 Alenquer. Portugal (VILA VERDE DOS FRANCOS)|Alenquer|Vila Verde Dos Francos|112|110114|115310|244076|24|11|11|2225085||Serra de Montejunto|630.0|Desconhecida|24-11-2023 11:04:00|24-11-2023 11:46:00|42|0.01|24-11-2023|11:46|24-11-2023|11:28|0|39.1604200002882|-9.11293999989828|Indeterminadas|15.0292907714844|64.5304974223463|4.72193112698136|1.3116475352726|328|0.0|86.2225253729252|10.9395751975262|469.568942442525|3.573093344393|20.674984573959|5.92877056849411|0.634916077504319|||275.796|18.2359|9.10406|201.165|15.83||||||||||||
20231454550|Setúbal|Agrícola|2023|0.0|0.0|0.1074|0.1074|0|0|0|0|0|1|20231454550|14|24-11-2023|12:09|EN 11 (Bairro da Esperança)|Moita|Moita|Populares|150603|126617|186438|24|11|12|2010707|||610.0|Desconhecida|24-11-2023 12:09:00|24-11-2023 12:30:00|21|0.1074|24-11-2023|12:30|24-11-2023|12:20|0|38.6423109997643|-8.97596199989319|Indeterminadas|15.635400390625|60.4205793915685|3.86619408829656|1.0739428023046|320|0.0|85.6129945872124|10.2549396822073|467.64117098301|2.78732012844752|19.4439117256299|4.43836000955458|0.380323162468699||232.0|13.8425|2.90853|9.98781|445.731|22.39|117.571|||||||||||
20231455274|Viseu|Florestal|2023|0.0|1.17|0.0|1.17|0|0|0|0|1|0|20231455274|14|24-11-2023|14:35|Devesa|Cinfães|Fornelos|Populares|180406|195107|450780|24|11|14|2000464|||122.0|Negligente|24-11-2023 14:35:00|24-11-2023 16:38:00|123|0.585|24-11-2023|16:38|24-11-2023|15:02|0|41.0261111111111|-8.19138888888889|Queimadas de sobrantes florestais ou agrícolas|14.3239990234375|54.9653330954835|5.20393201747374|1.27146303659808|0|0.0|85.8972035863034|5.93034922543244|29.3781247441633|3.5100694083816|7.88265984805035|3.22290318654643|0.215857207291149|||533.438|23.5129|8.27531|560.508|23.01||http://fogos.icnf.pt/sgif2010/ficheiroskml/20231455274.kml||||||||||
20231455552|Viseu|Florestal|2023|0.0|0.07|0.0|0.07|0|0|0|1|0|0|20231455552|14|24-11-2023|15:40|Sobreda|Castro Daire|Cabril|CCO|180303|206200|444599|24|11|15|2000464|Perimetro Florestal da Serra de Montemuro||125.0|Negligente|24-11-2023 15:40:00|24-11-2023 17:51:00|131|0.035|24-11-2023|17:51|24-11-2023|15:50|0|40.9704479999012|-8.059472000334|Queimadas para gestão de pasto para gado|14.2943969726563|56.0296774524255|5.45426996680549|1.29762312105083|339|0.0|85.8972035863034|5.93034922543244|29.3781247441633|3.5100694083816|7.88265984805035|3.22290318654643|0.215857207291149|||544.769|27.0624|7.94469|363.091|23.19||||||||||||
20231456040|Porto|Florestal|2023|0.0|0.0005|0.0|0.0005|0|0|0|1|0|0|20231456040|14|24-11-2023|17:37|Travessa das Borralhinhas 44. 4510-207 Gondomar. Portugal (Tapada do Januário)|Gondomar|São Pedro da Cova|112|130410|168415|467183|24|11|17|2225141|||610.0|Desconhecida|24-11-2023 17:37:00|24-11-2023 18:44:00|67|0.0005|24-11-2023|18:44|24-11-2023|17:47|0|41.1732020001941|-8.50952200041877|Indeterminadas|14.0928894042969|70.863976548308|7.24636845802231|2.16710719366702|355|0.0|86.4210482263482|4.84720362163505|31.9245926513672|2.78606824216537|7.02705994318065|2.19287572649089|0.109185186410678|||82.4019|18.1294|8.77437|751.315|23.96||||||||||||
20231456768|Lisboa|Florestal|2023|0.0|0.05|0.0|0.05|0|0|0|1|0|0|20231456768|14|24-11-2023|20:30|Casal de Vale Vagão|Mafra|Milharado|Populares|110911|106588|219188|24|11|20|1970584|||630.0|Desconhecida|24-11-2023 20:30:00|24-11-2023 22:24:00|114|0.05|24-11-2023|22:24|24-11-2023|20:45|0|38.9352777777778|-9.21055555555555|Indeterminadas|11.6722961425781|78.7753148475045|8.65039579764246|2.39275545796895|342|0.0|86.2225253729252|10.9395751975262|469.568942442525|3.573093344393|20.674984573959|5.92877056849411|0.634916077504319|||184.51|9.97355|9.82875|474.112|21.8||||||||||||
20231459032|Faro|Agrícola|2023|0.0|0.0|0.03|0.03|0|0|0|0|0|1|20231459032|14|25-11-2023|12:31|Porto do Moinho das Canas|Albufeira|Paderne|112|80103|195778|24373|25|11|12|2000333|||142.0|Negligente|25-11-2023 12:31:00|25-11-2023 13:10:00|39|0.03|25-11-2023|13:10|25-11-2023|12:59|0|37.1852777777778|-8.18055555555556|Uso do fogo - Fogueiras|15.1451965332031|61.6899317668881|11.963372889871|2.96448831836412|359|0.0|86.5674956329976|25.5359496811306|507.10552796387|4.79358252821085|45.3613294580057|12.1439716230247|2.25885014610308|||52.3706|1.49663|10.0|371.3|12.05||||||||||||
20231460462|Viana do Castelo|Florestal|2023|0.03|0.03|0.0|0.06|0|0|0|1|0|0|20231460462|14|25-11-2023|18:23|Naceiros|Ponte de Lima|Refóios do Lima|CCO|160737|164827|534647|25|11|18|1930632|||124.0|Negligente|25-11-2023 18:23:00|25-11-2023 18:59:00|36|0.06|25-11-2023|18:59|25-11-2023|18:45|0|41.7805555555556|-8.55611111111111|Queimas amontoados de sobrantes florestais ou agrícolas|10.1010070800781|88.2593643725573|6.39507235019211|1.77640898616447|341|0.0|85.1049573877065|6.22236580058576|25.3291082763672|2.27242501603767|7.70976589420699|1.68575201984132|0.0685478334813544||232.0|102.779|17.0341|9.21875|221.237|18.7|241.01|||||||||||
20231460756|Viana do Castelo|Agrícola|2023|0.0|0.0|0.0001|0.0001|0|0|0|0|0|1|20231460756|14|25-11-2023|19:47|Rua|Ponte de Lima|Vilar das Almas|CCO|160748|165123|521126|25|11|19|1930632|||448.0|Intencional|25-11-2023 19:47:00|25-11-2023 20:10:00|23|0.0001|25-11-2023|20:10|25-11-2023|20:00|0|41.6588888888889|-8.55194444444444|Incendiarismo - Imputáveis|9.3911071777344|91.9107452948385|7.25775564642937|1.88873197668582|6|0.0|84.761126516432|5.91364053938647|25.5830297851563|2.16744730909728|7.49564498686015|1.48970394773171|0.0550751702780142||232.0|154.554|8.18335|9.68437|124.065|24.61|3.79756|||||||||||
20231461457|Beja|Florestal|2023|0.011|0.0|0.0|0.011|0|0|0|1|0|0|20231461457|14|26-11-2023|00:50|ER390 (ER390) Km 38|Odemira|Vila Nova de Milfontes|Populares|21111|144599|87723|26|11|0|2020979|||630.0|Desconhecida|26-11-2023 00:50:00|26-11-2023 05:11:00|261|0.00275|26-11-2023|05:11|26-11-2023|01:03|0|37.7544444444444|-8.76166666666667|Indeterminadas|9.63741455078127|93.4327070623405|8.23754466285958|1.41392962399501|7|0.000231671293704494|81.4223067667944|14.431526491771|386.143424910007|1.5813197675269|26.3967101835909|2.8946114480202|0.178477589370906|||12.7406|4.10418|10.0|125.729|18.03||||||||||||
20231463296|Viana do Castelo|Florestal|2023|0.0|0.01|0.0|0.01|0|0|0|1|0|0|20231463296|14|26-11-2023|13:58|Branda da Cova (Ribeiro da Escura)|Arcos de Valdevez|Soajo|112|160146|186766|548753|26|11|13|sigo|PNPG Baldios cogeridos|Peneda-Geres|125.0|Negligente|26-11-2023 13:58:00|26-11-2023 15:33:00|95|0.01|26-11-2023|15:33|26-11-2023|14:15|0|41.9081380001704|-8.29264600012037|Queimadas para gestão de pasto para gado|13.1209045410156|71.3567982586282|4.95937766204932|1.38595349690182|262|0.0|84.6576930034716|7.15912815659012|26.2564732666016|2.45939380091929|8.51439085454822|2.10015322650647|0.101147031615063|||315.141|33.897|8.31906|150.937|14.04||||||||||||
20231463548|Porto|Florestal|2023|0.0|0.9|0.0|0.9|0|0|0|1|0|0|20231463548|14|26-11-2023|15:07|Aboadela (Pena Suar)|Amarante|Aboadela|112|130101|217677|480126|26|11|15|1970547|Perimetro Florestal das Serras do Marão e Meia Via||610.0|Desconhecida|26-11-2023 15:07:00|26-11-2023 16:24:00|77|0.9|26-11-2023|16:24|26-11-2023|15:41|0|41.2901719999313|-7.92209999985165|Indeterminadas|12.6989074707031|73.542311215445|4.18352907196103|1.15795745382646|272|0.0|82.5807851925208|5.0628421862783|34.1501806640626|1.63674683992435|7.38760947839358|0.843974493191196|0.0201452101883761|||735.396|8.85763|8.0425|200.518|17.33||||||||||||
20231463933|Viana do Castelo|Agrícola|2023|0.0|0.0|0.0501211653709412|0.0501211653709412|0|0|0|0|0|1|20231463933|14|26-11-2023|16:54|Travessa Snr dos Paços (Santa Martinha)|Viana do Castelo|Santa Marta de Portuzelo|112|160928|145882|527364|26|11|16|1985040|||121.0|Negligente|26-11-2023 16:54:00|26-11-2023 18:15:00|81|0.0501211653709412|26-11-2023|18:15|26-11-2023|17:35|0|41.7138349999322|-8.78342000000179|Queimadas de sobrantes florestais ou agrícolas|13.6610961914063|81.1932212432418|7.62490318657654|2.00487845092871|340|0.000231671293704494|81.6121347820806|5.14663963214818|26.5271599121094|1.61030597007692|6.93133816237527|0.804790605435334|0.0185194307687893|||22.6569|4.09095|9.98281|372.294|12.52||||||||||||
20231464888|Viana do Castelo|Florestal|2023|0.0|0.084835283946991|0.0|0.084835283946991|0|0|0|1|0|0|20231464888|14|26-11-2023|22:15|Senhora do Minho (Cirbarelha)|Viana do Castelo|Vilar de Murteda|CCO|160939|152076|535457|26|11|22|1985040|Perimetro Florestal da Serra de Arga||125.0|Negligente|26-11-2023 22:15:00|27-11-2023 00:35:00|140|0.0424176419734955|27-11-2023|00:35|26-11-2023|23:00|0|41.7870929998822|-8.70964699957106|Queimadas para gestão de pasto para gado|8.83278808593752|94.8639048968299|1.55280043790913|0.417674245731751|96|0.0|83.6009072585974|6.64237421204317|27.3335069580079|2.09249326379578|8.26407307246467|1.53518560254476|0.0580862951417629||227.0|116.749|18.7521|8.64188|299.003|15.47|456.545|||||||||||
20231467371|Faro|Florestal|2023|0.0|0.001|0.0|0.001|0|0|0|1|0|0|20231467371|14|27-11-2023|13:46|Barrabés|São Brás de Alportel|São Brás de Alportel|112|81201|223135|19616|27|11|13|2000333|||610.0|Desconhecida|27-11-2023 13:46:00|27-11-2023 14:47:00|61|0.001|27-11-2023|14:47|27-11-2023|13:53|0|37.1422222222222|-7.87277777777778|Indeterminadas|16.47109375|65.3060470362966|10.4115000764363|2.92088114361127|265|0.0|83.611309745289|22.8841225812803|549.546135213278|2.82614154426497|41.4528145354316|7.35136988647421|0.929053557637385|||203.501|6.68484|9.34688|311.549|10.57||||||||||||
20231468452|Guarda|Florestal|2023|0.0|0.0532|0.0|0.0532|0|0|0|1|0|0|20231468452|14|27-11-2023|17:31|Santo Estevão|Sabugal|Santo Estevão|Outros|91131|283300|370719|27|11|17|1980321|||124.0|Negligente|27-11-2023 17:31:00|27-11-2023 18:05:00|34|0.0532|27-11-2023|18:05|27-11-2023|17:50|0|40.3011111111111|-7.15333333333333|Queimas amontoados de sobrantes florestais ou agrícolas|11.3231140136719|86.4498729812518|4.95550349269207|1.25857449383895|279|0.000926685117974557|82.3591871873816|10.5371567578119|90.2381921391944|2.01841312461087|16.3123200301892|2.67298362190365|0.155007371186764||233.0|737.799|18.2022|7.9025|95.4903|17.59|135.158|||||||||||
20231468738|Viseu|Florestal|2023|0.0007|0.0|0.0|0.0007|0|0|0|1|0|0|20231468738|14|27-11-2023|18:50|Reta Sequeiro (Rio Ardena)|Cinfães|Nespereira|Populares|180409|193983|447995|27|11|18|2000464|||122.0|Negligente|27-11-2023 18:50:00|27-11-2023 19:17:00|27|0.0007|27-11-2023|19:17|27-11-2023|19:10|0|41.0010170000129|-8.20464500003391|Queimadas de sobrantes florestais ou agrícolas|11.7541137695313|98.1316155940193|4.11592043690107|1.07084996553139|213|0.0732081316527911|80.2465534174858|7.01975959517006|35.0195709111555|1.4624692090948|9.3526264408168|0.851152247082536|0.020449454930645||232.0|326.142|29.7134|5.22156|570.994|22.74|8.21255|||||||||||
20231510908|Faro|Florestal|2023|0|0.001|0|0.001|0|0|0|1|0|0|20231510908|15|07-12-2023|13:14|Rua dos Serrenhos (ER396 (ER396) Km 23)|Loulé|Quarteira|112|80805|206401|13810|7|12|13|sigo|||211|Negligente|07-12-2023 13:14:00|07-12-2023 13:44:00|30|0.001|07-12-2023|13:44|07-12-2023|13:35|0|37.0900630002552|-8.06106300036113|Acidentais - Transportes e Comunicações|16.8793884277344|79.2589005050918|16.5396824567239|4.59435623797886|238|8.57183840707876E-03|55.9448076770029|2.3422944191289|428.619494118824|0.546961598657644|4.62145125566445|0.227515974654022|1.97915568770312E-03||237|7.77875|2.60906|9.57094|604.716|18.77|8.24453|||||||||||
20231558195|Lisboa|Florestal|2023|0|0.002|0|0.002|0|0|0|1|0|0|20231558195|15|18-12-2023|00:14|Autoestrada Radial de Sintra (IC19 (IC19) Km 14)|Sintra|Rio de Mouro|112|111108|94860|201672|18|12|0|2101004|||630|Desconhecida|18-12-2023 00:14:00|18-12-2023 00:48:00|34|0.002|18-12-2023|00:48|18-12-2023|00:36|0|38.7763099998898|-9.34297000037299|Indeterminadas|11.4161926269531|78.5413663499305|11.5304319501166|3.20289776392128|55|0|83.1119709637339|4.13169814488198|311.343562810901|2.67353638795063|7.99805011926585|2.26969079207054|0.116045941274034|||165.364|2.4596|9.36812|897.154|16.86||||||||||||
20231559339|Faro|Florestal|2023|0|0.001|0|0.001|0|0|0|1|0|0|20231559339|15|18-12-2023|09:47|Escanxinhas|Loulé|Almancil|Populares|80801|206918|13141|18|12|9|2000333|||60|Desconhecida|18-12-2023 09:47:00|18-12-2023 10:27:00|40|0.001|18-12-2023|10:27|18-12-2023|09:58|0|37.0838888888889|-8.05527777777778|Indeterminadas|11.9465881347656|85.9382291103649|13.9053864841965|3.70306871112679|55|0|84.6717490211453|8.24864387974957|456.804924904957|3.45632614021105|15.7847160764933|4.85953600232796|0.446520813286266||237|17.0575|2.97171|9.57094|549.829|16.6|1.76557|||||||||||
20231562816|Guarda|Florestal|2023|0|3.1|0|3.1|0|0|0|0|1|0|20231562816|15|18-12-2023|22:14|Serra dos Bouchais|Sabugal|Pena Lobo|CCO|91121|277645|377171|18|12|22|2000180|||630|Desconhecida|18-12-2023 22:14:00|19-12-2023 02:00:00|226|1.03333333333333|19-12-2023|02:00|18-12-2023|22:47|0|40.3597222222222|-7.21916666666667|Indeterminadas|0.439111328125023|88.8940661960187|8.24240210738725|2.16141276346547|16|0|82.506508624417|2.63698839167005|13.2654689821545|1.95930251838951|3.52311345327064|0.731594863609907|0.015643284742182||221|658.409|28.5242|6.95094|95.4116|14.45|123.924|http://fogos.icnf.pt/sgif2010/ficheiroskml/20231562816.kmz||||||||||
20231570012|Porto|Florestal|2023|0|2.8|0|2.8|0|0|0|0|1|0|20231570012|15|20-12-2023|13:41|TVª SANTO ANTONIO (Boavista)|Lousada|Nevogilde|112|130515|184042|477605|20|12|13|2195394|||610|Desconhecida|20-12-2023 13:41:00|20-12-2023 15:55:00|134|1.4|20-12-2023|15:55|20-12-2023|14:20|0|41.2675|-8.32357300016615|Indeterminadas|12.9753967285156|61.2141953330815|14.6040977953267|4.10296036803835|9|0|82.6133058623989|3.17960192314642|12.6142446289063|3.27704463947593|3.90096678099775|1.8797529538326|8.31241614985889E-02|||200.082|12.41|7.61156|338.53|20.37||http://fogos.icnf.pt/sgif2010/ficheiroskml/20231570012.kml||||||||||
20231570215|Aveiro|Florestal|2023|0.04|0|0|0.04|0|0|0|1|0|0|20231570215|15|20-12-2023|14:06|Rendo (Senhor dos Passos)|Albergaria-a-velha|Valmaior|Populares|10208|173369|415212|20|12|14|1985058|||124|Negligente|20-12-2023 14:06:00|20-12-2023 14:59:00|53|0.04|20-12-2023|14:59|20-12-2023|14:20|0|40.7054079998864|-8.44824799961514|Queimas amontoados de sobrantes florestais ou agrícolas|13.0617919921875|61.3263747269622|15.0630892110231|4.18419144750642|3|0|82.6481738458719|3.36684833753|12.964724975586|3.33704141682412|4.0829274609172|1.99563408407043|0.092408542331774||223|85.0431|21.5191|7.23406|458.623|13.8|5399.35|||||||||||
20231575712|Braga|Florestal|2023|0|0.3|0|0.3|0|0|0|1|0|0|20231575712|15|21-12-2023|17:23|LatLong(41.71606532.-8.30864078) - Avenida Dom Manuel I 598. 4840-100 Terras de Bouro. Portugal (Monte Redondo)|Vila Verde|Valdreu|112|31355|182142|529799|21|12|17|sigo|||125|Negligente|21-12-2023 17:23:00|21-12-2023 19:50:00|147|0.15|21-12-2023|19:50|21-12-2023|18:00|0|41.7374049999979|-8.34780300034417|Queimadas para gestão de pasto para gado|10.4669128417969|78.8530181081395|8.94153006764693|2.38704118121039|23|4.63342587408988E-04|79.8671807298814|3.61604930288747|14.2134840087891|2.10061935866224|4.42053212249059|0.857757421396869|2.07311808974319E-02|||177.766|22.8816|6.65531|112.035|15.12||||||||||||
20231576173|Aveiro|Florestal|2023|0|0.7072|0|0.7072|0|0|0|1|0|0|20231576173|15|21-12-2023|19:27|Serra da Freita (RADAR)|Arouca|Albergaria da Serra|112|10401|188804|434093|21|12|19|2040889|Perimetro Florestal da Serra da Freita||125|Negligente|21-12-2023 19:27:00|21-12-2023 20:09:00|42|0.7072|21-12-2023|20:09|21-12-2023|19:40|0|40.8757820002238|-8.26594200028314|Queimadas para gestão de pasto para gado|7.82290039062502|84.8016854018799|9.9118204420775|2.72061701443816|42|0|82.9956109940594|3.84523959961915|14.7276002197266|2.61288924971598|4.653206636609|1.38335250051204|4.83081120813239E-02||227|1029.8|17.5961|7.82062|234.748|8.49|25.0755|||||||||||
20231576446|Braga|Florestal|2023|0|1.6|0|1.6|0|0|0|0|1|0|20231576446|15|21-12-2023|20:40|Rua de Santo António da Serra. 4730-610 Vila Verde. Portugal (Monte Redondo)|Vila Verde|Valdreu|112|31355|182147|529825|21|12|20|sigo|||125|Negligente|21-12-2023 20:40:00|21-12-2023 22:50:00|130|0.8|21-12-2023|22:50|21-12-2023|21:50|0|41.7376419999864|-8.34774200015598|Queimadas para gestão de pasto para gado|7.86910400390627|86.9846371390736|8.94743105226247|2.49244112687988|31|0|79.8671807298814|3.61604930288747|14.2134840087891|2.10061935866224|4.42053212249059|0.857757421396869|2.07311808974319E-02||232|730.411|20.2638|6.65531|85.2075|11.61|13.3872|||||||||||
20231581743|Braga|Florestal|2023|0|0.001|0|0.001|0|0|0|1|0|0|20231581743|15|22-12-2023|23:04|Vale Escuro|Fafe|Medelo|112|30716|196832|500463|22|12|23|1875258|||124|Negligente|22-12-2023 23:04:00|22-12-2023 23:50:00|46|0.001|22-12-2023|23:50|22-12-2023|23:25|0|41.4733333333333|-8.17111111111111|Queimas amontoados de sobrantes florestais ou agrícolas|4.28548583984377|85.1178745383525|10.474767876538|2.90965774348278|65|0|82.6427514450911|3.57653800265379|13.9736285400391|2.55024216880102|4.36196999369195|1.19872276168395|0.037488761660456|||332.36|16.0674|8.02844|341.77|26.02||http://fogos.icnf.pt/sgif2010/ficheiroskml/20231581743.kml||||||||||
20231583173|Vila Real|Florestal|2023|0.4|0|0|0.4|0|0|0|1|0|0|20231583173|15|23-12-2023|10:32|Cova dos Vales|Montalegre|Reigoso|112|170625|215399|526869|23|12|10|1875311|Perimetro Florestal do Barroso||125|Negligente|23-12-2023 10:32:00|23-12-2023 12:45:00|133|0.2|23-12-2023|12:45|23-12-2023|11:30|0|41.7111111111111|-7.94805555555556|Queimadas para gestão de pasto para gado|4.9121032714844|86.9586077726141|7.03029625955846|2.03880847196206|110|4.63342587408988E-04|80.0321040679484|3.0722267436012|12.5993083496094|1.67987860862084|3.8173737919363|0.646789215601849|1.25782147980342E-02||234|903.34|24.3712|7.46563|95.9882|16.93|19.5276|http://fogos.icnf.pt/sgif2010/ficheiroskml/20231583173.kmz||||||||||
20231584357|Vila Real|Florestal|2023|0|1.7|0|1.7|0|0|0|0|1|0|20231584357|15|23-12-2023|14:46|Lama Lorga|Montalegre|Chã|117|170604|227819|536308|23|12|14|1875311|Perimetro Florestal do Barroso||125|Negligente|23-12-2023 14:46:00|23-12-2023 16:35:00|109|1.7|23-12-2023|16:35|23-12-2023|16:00|0|41.7958333333333|-7.79833333333333|Queimadas para gestão de pasto para gado|8.91079101562502|72.7093044797843|7.15053772159251|1.78275570554333|112|0|80.0321040679484|3.0722267436012|12.5993083496094|1.67987860862084|3.8173737919363|0.646789215601849|1.25782147980342E-02|||917.829|7.70025|7.33781|126.877|16.13||http://fogos.icnf.pt/sgif2010/ficheiroskml/20231584357.kmz||||||||||
20231584727|Lisboa|Agrícola|2023|0|0|0.001|0.001|0|0|0|0|0|1|20231584727|15|23-12-2023|16:07|Rua 21 de Agosto 25 (VIMEIRO)|Lourinhã|Vimeiro|112|110808|97554|246328|23|12|16|sigo|||||23-12-2023 16:07:00|23-12-2023 16:40:00|33|0.001|23-12-2023|16:40|23-12-2023|16:32|0|39.1787900002797|-9.31866999997033||14.9489990234375|62.3189886308763|6.49528040271405|1.80424455630946|30|0|83.5245701282171|5.98909623612003|254.586689534564|2.49239639019167|11.3128610143702|2.66437420156358|0.154124770586719|||15.9956|13.6601|8.31625|201.485|21.01||||||||||||
20231585194|Viseu|Florestal|2023|0|0.85|0|0.85|0|0|0|1|0|0|20231585194|15|23-12-2023|17:59|Moimenta (Cabeço de Coelho)|Castro Daire|Cabril|112|180303|207392|445693|23|12|17|2000464|Perimetro Florestal da Serra de Montemuro||125|Negligente|23-12-2023 17:59:00|23-12-2023 20:13:00|134|0.425|23-12-2023|20:13|23-12-2023|19:10|0|40.9802799998389|-8.04529799991184|Queimadas para gestão de pasto para gado|6.3463073730469|79.7605365131436|7.30511700840295|2.25574976183518|91|0|82.1045668750705|3.53268041276481|14.2221153564454|2.70071022867232|4.35868729944161|1.40304713637665|4.95321075515605E-02||231|1195.03|22.7889|7.71094|116.459|4.38|508.066|||||||||||
20231585303|Santarém|Florestal|2023|0|0.326|0|0.326|0|0|0|1|0|0|20231585303|15|23-12-2023|18:23|Pisões (Sobral)|Ourém|Rio de Couros|Populares|142112|166166|306600|23|12|18|1980072|||124|Negligente|23-12-2023 18:23:00|23-12-2023 18:52:00|29|0.326|23-12-2023|18:52|23-12-2023|18:37|0|39.7270269997915|-8.52773699972365|Queimas amontoados de sobrantes florestais ou agrícolas|12.1177917480469|70.8110009032914|7.55284294322628|2.09801192867397|21|0|84.7521707101951|6.39385367093683|28.8908484292098|2.36320773135553|8.23272961341313|1.91572108163303|8.59601247195812E-02||231|133.878|9.27373|8.30063|219.103|13.65|5.34769|||||||||||
20231585499|Viseu|Florestal|2023|0|9.39691647268534|0|9.39691647268534|0|0|0|0|1|0|20231585499|15|23-12-2023|19:11|Sobrado|Castro Daire|Parada de Ester|112|180316|206895|443906|23|12|19|2000464|||125|Negligente|23-12-2023 19:11:00|23-12-2023 22:58:00|227|3.13230549089511|23-12-2023|22:58|23-12-2023|20:11|0|40.9641666666667|-8.05111111111111|Queimadas para gestão de pasto para gado|4.4265075683594|89.0003445152196|8.53254903894712|2.38636847013183|88|0|82.1045668750705|3.53268041276481|14.2221153564454|2.70071022867232|4.35868729944161|1.40304713637665|4.95321075515605E-02||232|768.112|33.3432|7.5225|145.435|9.96|16.2686|http://fogos.icnf.pt/sgif2010/ficheiroskml/1585499- Laboncinho 9.4 Ha.kml||||||||||
20231585798|Viseu|Florestal|2023|0|0.02|0|0.02|0|0|0|1|0|0|20231585798|15|23-12-2023|20:36|Moimenta|Castro Daire|Cabril|CCO|180303|204399|444699|23|12|20|2000464|Perimetro Florestal da Serra de Montemuro||125|Negligente|23-12-2023 20:36:00|23-12-2023 22:24:00|108|0.02|23-12-2023|22:24|23-12-2023|21:17|0|40.971359000206|-8.08085600005256|Queimadas para gestão de pasto para gado|3.97188720703127|90.8554046553315|8.82811840529108|2.39227559134649|88|0|82.1045668750705|3.53268041276481|14.2221153564454|2.70071022867232|4.35868729944161|1.40304713637665|4.95321075515605E-02||231|695.661|26.9502|7.79844|128.668|18.5|2116.15|||||||||||
20231586106|Santarém|Florestal|2023|0|0.1061|0|0.1061|0|0|0|1|0|0|20231586106|15|23-12-2023|22:12|Junqueira|Ourém|Freixianda|112|142108|170444|315018|23|12|22|1980072|||124|Negligente|23-12-2023 22:12:00|23-12-2023 22:58:00|46|0.1061|23-12-2023|22:58|23-12-2023|22:31|0|39.8030080000559|-8.47822800000509|Queimas amontoados de sobrantes florestais ou agrícolas|5.28560791015627|89.9085255393397|6.07548125017228|1.68763368060341|105|0|84.7521707101951|6.39385367093683|28.8908484292098|2.36320773135553|8.23272961341313|1.91572108163303|8.59601247195812E-02||234|191.946|19.3218|7.66375|203.863|21.46|9.44059|||||||||||
20231588788|Porto|Agrícola|2023|0|0|0.1545|0.1545|0|0|0|0|0|1|20231588788|15|24-12-2023|15:24|Tourilhe|Paredes|Sobrosa|CCO|131021|180798|475641|24|12|15|2195439|||630|Desconhecida|24-12-2023 15:24:00|24-12-2023 16:55:00|91|0.1545|24-12-2023|16:55|24-12-2023|15:42|0|41.2497222222222|-8.36222222222222|Indeterminadas|11.5715881347656|71.5051751081524|4.18314498022994|1.03964215386498|108|0|82.609878068537|4.62608601771976|19.0032810058594|2.25520449242382|5.75172637919484|1.18591909434114|3.67829335975726E-02|||309.325|8.2555|8.60844|374.097|17.96||||||||||||
20231588984|Porto|Agrícola|2023|0|0|0.01|0.01|0|0|0|0|0|1|20231588984|15|24-12-2023|16:00|rua do barreiro (Barreiro)|Lousada|Ordem|CCO|130517|185990|480027|24|12|16|2195394|||111|Negligente|24-12-2023 16:00:00|24-12-2023 16:53:00|53|0.01|24-12-2023|16:53|24-12-2023|16:21|0|41.2893429999881|-8.30037700000736|Uso do fogo - Queima de lixo|11.4670043945313|68.1885721626022|3.32478854626249|0.923552373961802|103|3.24339794133266E-03|82.609878068537|4.62608601771976|19.0032810058594|2.25520449242382|5.75172637919484|1.18591909434114|3.67829335975726E-02|||210.473|7.79397|8.1325|315.354|23.53||||||||||||
20231589274|Viseu|Florestal|2023|0|7.03|0|7.03|0|0|0|0|1|0|20231589274|15|24-12-2023|17:35|Lameira Solta|Lamego|Penude|Populares|180517|222519|457202|24|12|17|1960893|||125|Negligente|24-12-2023 17:35:00|24-12-2023 19:23:00|108|7.03|24-12-2023|19:23|24-12-2023|18:18|0|41.0836111111111|-7.865|Queimadas para gestão de pasto para gado|3.97640380859377|88.3584217368734|6.56572305812238|1.73973157906688|85|1.34369302031701E-02|79.3117031993697|2.73560377383157|11.6866885986329|1.57920285777041|3.45143803776789|0.585151712646612|1.05349896793303E-02||234|893.029|22.493|7.645|164.899|14.88|4.69579|http://fogos.icnf.pt/sgif2010/ficheiroskml/20231589274.kml||||||||||
20231589317|Viseu|Florestal|2023|0|0.0001|0|0.0001|0|0|0|1|0|0|20231589317|15|24-12-2023|17:47|Fraga Gorda|Vila Nova de Paiva|Pendilhe|112|182203|227462|439203|24|12|17|2000464|||124|Negligente|24-12-2023 17:47:00|24-12-2023 18:59:00|72|0.0001|24-12-2023|18:59|24-12-2023|18:43|0|40.9213888888889|-7.80722222222222|Queimas amontoados de sobrantes florestais ou agrícolas|4.33400878906252|88.9105138247282|6.59547117106817|1.95959125234951|59|6.0234528973524E-03|80.3817213090014|3.18928810579617|13.3450968017579|1.89074124133777|3.99293793860765|0.740935578472525|1.59985380822627E-02||231|906.941|14.4802|8.28344|224.374|12|414.05|http://fogos.icnf.pt/sgif2010/ficheiroskml/1589317_24DEC23_Alto da Escaleira.kml||||||||||
20231589577|Braga|Florestal|2023|0|1.8|0|1.8|0|0|0|0|1|0|20231589577|15|24-12-2023|19:12|Zebral (Outeiro dos Coutos)|Vieira do Minho|Ruivães|CCO|31114|209360|520664|24|12|19|1980851|||125|Negligente|24-12-2023 19:12:00|24-12-2023 20:34:00|82|1.8|24-12-2023|20:34|24-12-2023|19:40|0|41.6553080002467|-8.02077199988895|Queimadas para gestão de pasto para gado|3.9059997558594|92.0055809744176|6.77511863918169|1.77532392448795|75|0|82.7366238955125|4.18299575062979|16.6143424072266|2.19981074499126|5.13432000050491|0.957259607812756|2.51762784450749E-02||221|739.121|23.6904|6.80375|226.965|16.25|46.2618|http://fogos.icnf.pt/sgif2010/ficheiroskml/20231589577.kml||||||||||
20231591415|Vila Real|Florestal|2023|0.001|0|0|0.001|0|0|0|1|0|0|20231591415|15|25-12-2023|09:00|LatLong(41.45145000.-7.69620000) - M1166-1. 5450 Vila Pouca de Aguiar. Portugal (Ponte da Poça)|Vila Pouca de Aguiar|Telões|112|171311|236532|497989|25|12|9|1875076|Perimetro Florestal do Alvão||448|Intencional|25-12-2023 09:00:00|25-12-2023 10:15:00|75|0.001|25-12-2023|10:15|25-12-2023|09:25|0|41.4503730000059|-7.69594299952189|Incendiarismo - Imputáveis|-1.77062988281023E-02|95.9204669595967|3.60937292599007|1.14364237597994|94|0|79.310496449271|2.69622644406641|11.4781990966797|1.32384084089756|3.39735691012674|0.487664703648415|7.63033571384593E-03||227|769.46|21.527|7.75469|176.98|19.58|73.3311|||||||||||
20231591867|Viana do Castelo|Florestal|2023|0|25.75|0|25.75|0|0|0|0|1|0|20231591867|15|25-12-2023|11:12|Vilarinho de Souto (Costa Grande)|Arcos de Valdevez|Ermelo|112|160111|183765|540844|25|12|11|sigo|Perimetro Florestal das Serras do Soajo e Peneda||125|Negligente|25-12-2023 11:12:00|25-12-2023 17:17:00|365|4.29166666666667|25-12-2023|17:17|25-12-2023|12:57|0|41.836883000003|-8.32859500037299|Queimadas para gestão de pasto para gado|7.58880004882815|74.4368289832869|5.87771458646879|1.08300778599892|154|0|83.3294314368005|5.63262040340792|21.2249178466797|2.13941163534416|6.77223801758124|1.277236529335|4.19439338610032E-02|||288.099|30.0243|7.54031|80.9491|10.62||http://fogos.icnf.pt/sgif2010/ficheiroskml/20231591867.kml||||||||||
20231592821|Braga|Florestal|2023|0|2.5|0|2.5|0|0|0|0|1|0|20231592821|15|25-12-2023|15:35|Senhora da Fé|Vieira do Minho|Cantelães|Populares|31105|200266|521229|25|12|15|1980851|||630|Desconhecida|25-12-2023 15:35:00|25-12-2023 17:49:00|134|1.25|25-12-2023|17:49|25-12-2023|16:10|0|41.6605555555556|-8.13|Indeterminadas|9.40249023437502|67.6106267914687|3.67092109307276|0.976397500979453|130|0|82.4402139997692|4.40238876071331|17.5604885253907|2.11825163732307|5.41250796638952|0.943492261517588|2.45389383864581E-02||221|753.796|26.2342|7.31375|131.376|5.44|202.482|http://fogos.icnf.pt/sgif2010/ficheiroskml/20231592821.kml||||||||||
20231593702|Braga|Florestal|2023|0|0.615|0|0.615|0|0|0|1|0|0|20231593702|15|25-12-2023|19:27|Almas (SALAMONDE)|Vieira do Minho|Salamonde|CCO|31115|203167|522971|25|12|19|1980851|||125|Negligente|25-12-2023 19:27:00|25-12-2023 20:52:00|85|0.615|25-12-2023|20:52|25-12-2023|20:05|0|41.6761249997881|-8.09510000016954|Queimadas para gestão de pasto para gado|5.34551391601565|81.0086544155641|4.18797865363095|1.25606798416398|108|0|82.422145392663|4.46483765380156|17.1990932617188|1.92843492804563|5.41522878667585|0.85913829411397|2.07902901585317E-02|||556.903|22.1675|6.27469|126.02|13.24||http://fogos.icnf.pt/sgif2010/ficheiroskml/20231593702.kml||||||||||
20231597617|Braga|Florestal|2023|0|0.02|0|0.02|0|0|0|1|0|0|20231597617|15|26-12-2023|15:11|Traz Serrinha|Fafe|São Gens|CCO|30728|204604|498736|26|12|15|1875258|||311|Intencional|26-12-2023 15:11:00|26-12-2023 16:46:00|95|0.02|26-12-2023|16:46|26-12-2023|15:30|0|41.4577777777778|-8.07805555555556|Estruturais - Caça e vida selvagem|9.20778808593752|71.4080938214769|6.15980675425525|1.41979158669033|116|0|81.7097880717986|4.58015814666395|18.4767683105469|1.98278764708772|5.65549891826383|0.900753667674952|2.26058891325457E-02||223|498.221|22.8748|7.96687|252.011|12.71|184.15|http://fogos.icnf.pt/sgif2010/ficheiroskml/20231597617.kml||||||||||
20231598065|Aveiro|Florestal|2023|0|0.0082|0|0.0082|0|0|0|1|0|0|20231598065|15|26-12-2023|16:36|Lagoa Rio Caima (RADAR)|Arouca|Albergaria da Serra|112|10401|188572|433900|26|12|16|2195462|Perimetro Florestal da Serra da Freita||125|Negligente|26-12-2023 16:36:00|26-12-2023 17:47:00|71|0.0082|26-12-2023|17:47|26-12-2023|17:30|0|40.8740479999118|-8.26869299994575|Queimadas para gestão de pasto para gado|10.7146850585938|80.4770538825393|4.39456500741576|1.37890253699295|164|0|83.0034291913891|5.64710946052066|22.1665595703126|2.53078273597636|6.89978164913006|1.85356860769708|8.10856947418673E-02||233|978.294|15.5876|8.07094|187.561|8.51|338.817|||||||||||
20231598459|Vila Real|Florestal|2023|0|0.03|0|0.03|0|0|0|1|0|0|20231598459|15|26-12-2023|18:01|Arnal|Vila Real|Vila Marim|117|171429|226799|485099|26|12|18|1875072|Perimetro Florestal das Serras do Marão Vila Real e Ordem|Alvao|125|Negligente|26-12-2023 18:01:00|26-12-2023 19:24:00|83|0.03|26-12-2023|19:24|26-12-2023|19:00|0|41.3347029999892|-7.81298000017802|Queimadas para gestão de pasto para gado|3.58480224609377|85.7509740012441|6.82836800673199|1.90262059506696|105|0|79.2720721773744|2.98458538537867|13.0095429687501|1.51525079535265|3.79347170287813|0.581983009257438|1.04342237465582E-02||233|1054.92|25.9854|6.77344|174.592|6.74|4432.6|||||||||||
20231598660|Viana do Castelo|Florestal|2023|0|14.16|0|14.16|0|0|0|0|1|0|20231598660|15|26-12-2023|18:46|Cubalhão (Coutadas de Soengas)|Melgaço|Cubalhão|112|160306|192102|563639|26|12|18|sigo|Perimetro Florestal das Serras do Soajo e Peneda||125|Negligente|26-12-2023 18:46:00|26-12-2023 20:58:00|132|7.08|26-12-2023|20:58|26-12-2023|19:20|0|42.0422280004289|-8.22853000005086|Queimadas para gestão de pasto para gado|7.12960205078127|82.2883453646174|7.8549628844947|2.1581993446332|155|0|82.0803138280152|5.02425985311704|21.1619147949219|1.92805722960909|6.30574576539792|0.921014750729844|2.35136885194196E-02||234|799.936|29.4231|6.68063|152.828|9.69|8.29139|http://fogos.icnf.pt/sgif2010/ficheiroskml/20231598660.kml||||||||||
20231598722|Braga|Florestal|2023|2|4.3|0|6.3|0|0|0|0|1|0|20231598722|15|26-12-2023|19:01|Igreja (Postimião)|Vieira do Minho|Tabuaças|CCO|31118|197201|519717|26|12|19|1980851|||630|Desconhecida|26-12-2023 19:01:00|26-12-2023 21:55:00|174|3.15|26-12-2023|21:55|26-12-2023|19:15|0|41.6468279997508|-8.16673300000115|Indeterminadas|3.43999633789065|88.992768918541|6.5416403455093|1.76731514752494|87|0|81.7097880717986|4.58015814666395|18.4767683105469|1.98278764708772|5.65549891826383|0.900753667674952|2.26058891325457E-02||233|549.041|27.3631|6.84312|108.037|17.5|98.6931|http://fogos.icnf.pt/sgif2010/ficheiroskml/20231598722.kml||||||||||
20231598783|Santarém|Florestal|2023|0|0.0002|0|0.0002|0|0|0|1|0|0|20231598783|15|26-12-2023|19:11|Rua Prof Raimunfo Anjos Beirão FÁTIMA (A1-A1 Km 114)|Ourém|Fátima|Populares|142106|151892|295853|26|12|19|2045011|||236|Negligente|26-12-2023 19:11:00|26-12-2023 19:23:00|12|0.0002|26-12-2023|19:23|26-12-2023|19:22|0|39.6295500002967|-8.69344799995422|Acidentais - Outros|7.21749267578127|97.4572664485301|6.96424650902382|1.93451291917328|107|4.63342587408988E-04|76.7023305160012|7.30638913385442|140.588100834755|1.31398877744067|12.9325153401616|0.915203141893872|2.32517092261402E-02||227|360.085|3.2409|8.94844|297.957|14.16|80.3775|||||||||||
20231599431|Braga|Florestal|2023|0|0.004|0|0.004|0|0|0|1|0|0|20231599431|15|26-12-2023|22:40|Srª da Lapa (SENHORA DA LAPA)|Vieira do Minho|Soutelo|CCO|31117|195961|516284|26|12|22|1980851|||122|Negligente|26-12-2023 22:40:00|26-12-2023 23:03:00|23|0.004|26-12-2023|23:03|26-12-2023|22:45|0|41.6159079996745|-8.18158999972873|Queimadas de sobrantes florestais ou agrícolas|3.55291137695315|90.0400056598066|6.465964419681|1.8626314118469|84|0|81.7097880717986|4.58015814666395|18.4767683105469|1.98278764708772|5.65549891826383|0.900753667674952|2.26058891325457E-02||221|502.087|16.8354|7.23906|101.266|15.53|67.1806|http://fogos.icnf.pt/sgif2010/ficheiroskml/20231599431.kml||||||||||
20231601408|Viseu|Florestal|2023|0|0.05|0|0.05|0|0|0|1|0|0|20231601408|16|27-12-2023|11:39|Moimenta (Sobreda)|Castro Daire|Cabril|112|180303|206269|444391|27|12|11|2000464|Perimetro Florestal da Serra de Montemuro||125|Negligente|27-12-2023 11:39:00|27-12-2023 12:46:00|67|0.05|27-12-2023|12:46|27-12-2023|11:52|0|40.9685679999987|-8.05865500026279|Queimadas para gestão de pasto para gado|6.07198486328127|86.9524406995497|8.72494728686172|2.37162303178983|128|0|80.8974099066081|4.25246657941834|17.8797692871094|1.91432506870026|5.33361107794562|0.847113276467855|0.02027801025535||237|912.054|42.5521|6.63312|140.137|9.1|4.80284|||||||||||
20231602048|Santarém|Florestal|2023|0|0.074|0|0.074|0|0|0|1|0|0|20231602048|16|27-12-2023|13:47|Estrada Praia Fluvial (Lameiras)|Tomar|Olalhas|112|141808|188809|294268|27|12|13|2045011|||124|Negligente|27-12-2023 13:47:00|27-12-2023 15:20:00|93|0.074|27-12-2023|15:20|27-12-2023|14:17|0|39.6165649996863|-8.26342500050863|Queimas amontoados de sobrantes florestais ou agrícolas|7.0205017089844|86.643869024063|12.9391445693744|3.27844665499867|116|0|76.4559788992915|7.31427460237992|139.05758238361|1.59726530401069|12.9284887783882|1.45064567949095|5.25451325035041E-02|||210.469|19.9805|7.48813|82.7314|24.55||||||||||||
20231604148|Braga|Florestal|2023|0|0.2|0|0.2|0|0|0|1|0|0|20231604148|16|27-12-2023|22:07|EM 595-2 (Monte de Baixo)|Póvoa de Lanhoso|Rendufinho|112|30921|188866|517262|27|12|22|1980851|||125|Negligente|27-12-2023 22:07:00|27-12-2023 23:16:00|69|0.2|27-12-2023|23:16|27-12-2023|22:30|0|41.6246499999364|-8.26673699999849|Queimadas para gestão de pasto para gado|9.9503112792969|88.7010108455111|8.77828177647446|2.49534309828985|158|0.193445506738499|82.3971787582468|6.01078767057797|24.2245385742188|2.43622822992479|7.41925934220413|1.84564320194979|8.04730416867707E-02||234|373.139|27.9774|7.20875|142.055|17.59|288.739|http://fogos.icnf.pt/sgif2010/ficheiroskml/1604148.kmz||||||||||
20231616975|Lisboa|Florestal|2023|0|0.01|0|0.01|0|0|0|1|0|0|20231616975|16|30-12-2023|16:58|Rua Padre Joaquim Alves Correia (ZIBREIRA)|Sintra|Almargem do Bispo|Outros|111103|103100|205300|30|12|16|2101004|||630|Desconhecida|30-12-2023 16:58:00|30-12-2023 18:30:00|92|0.01|30-12-2023|18:30|30-12-2023|17:20|0|38.8099290000068|-9.24867499987284|Indeterminadas|15.2535949707031|89.0970202680277|11.5791313708901|2.84959147210144|254|0.371600704966113|72.0722672320729|8.2554913169671|336.604244329456|1.33846947444739|15.5571061114049|1.21305681165533|3.82858702641598E-02||232|279.429|12.668|8.71125|542.36|14.06|3.13831|||||||||||
